[     381ms] [INFO] %cDownload the React DevTools for a better development experience: https://react.dev/link/react-devtools font-weight:bold @ http://localhost:3000/_next/static/chunks/node_modules_next_dist_1e8vcs8._.js:776
[     491ms] [LOG] [HMR] connected @ http://localhost:3000/_next/static/chunks/node_modules_next_dist_1e8vcs8._.js:776
[    1778ms] [INFO] %cDownload the React DevTools for a better development experience: https://react.dev/link/react-devtools font-weight:bold @ http://localhost:3000/_next/static/chunks/node_modules_next_dist_1e8vcs8._.js:776
[    1813ms] [LOG] [HMR] connected @ http://localhost:3000/_next/static/chunks/node_modules_next_dist_1e8vcs8._.js:776
[    2466ms] [INFO] %cDownload the React DevTools for a better development experience: https://react.dev/link/react-devtools font-weight:bold @ http://localhost:3000/_next/static/chunks/node_modules_next_dist_1e8vcs8._.js:776
[    2504ms] [LOG] [HMR] connected @ http://localhost:3000/_next/static/chunks/node_modules_next_dist_1e8vcs8._.js:776
[    3125ms] [INFO] %cDownload the React DevTools for a better development experience: https://react.dev/link/react-devtools font-weight:bold @ http://localhost:3000/_next/static/chunks/node_modules_next_dist_1e8vcs8._.js:776
[    3143ms] [LOG] [HMR] connected @ http://localhost:3000/_next/static/chunks/node_modules_next_dist_1e8vcs8._.js:776
[    3808ms] [INFO] %cDownload the React DevTools for a better development experience: https://react.dev/link/react-devtools font-weight:bold @ http://localhost:3000/_next/static/chunks/node_modules_next_dist_1e8vcs8._.js:776
[    3833ms] [LOG] [HMR] connected @ http://localhost:3000/_next/static/chunks/node_modules_next_dist_1e8vcs8._.js:776
[    4545ms] [INFO] %cDownload the React DevTools for a better development experience: https://react.dev/link/react-devtools font-weight:bold @ http://localhost:3000/_next/static/chunks/node_modules_next_dist_1e8vcs8._.js:776
[    4577ms] [LOG] [HMR] connected @ http://localhost:3000/_next/static/chunks/node_modules_next_dist_1e8vcs8._.js:776
[  124448ms] [LOG] [Fast Refresh] rebuilding @ http://localhost:3000/_next/static/chunks/node_modules_next_dist_1e8vcs8._.js:776
[  124498ms] [LOG] [Fast Refresh] done in 2ms @ http://localhost:3000/_next/static/chunks/node_modules_next_dist_1e8vcs8._.js:776
[  124541ms] [LOG] [Fast Refresh] done in 2ms @ http://localhost:3000/_next/static/chunks/node_modules_next_dist_1e8vcs8._.js:776
[  124586ms] [LOG] [Fast Refresh] done in 2ms @ http://localhost:3000/_next/static/chunks/node_modules_next_dist_1e8vcs8._.js:776
[  124629ms] [LOG] [Fast Refresh] done in 2ms @ http://localhost:3000/_next/static/chunks/node_modules_next_dist_1e8vcs8._.js:776
[  124672ms] [LOG] [Fast Refresh] done in 2ms @ http://localhost:3000/_next/static/chunks/node_modules_next_dist_1e8vcs8._.js:776
[  124725ms] [LOG] [Fast Refresh] done in 2ms @ http://localhost:3000/_next/static/chunks/node_modules_next_dist_1e8vcs8._.js:776
[  124765ms] [LOG] [Fast Refresh] done in 2ms @ http://localhost:3000/_next/static/chunks/node_modules_next_dist_1e8vcs8._.js:776
[  124815ms] [LOG] [Fast Refresh] done in 2ms @ http://localhost:3000/_next/static/chunks/node_modules_next_dist_1e8vcs8._.js:776
[  124862ms] [LOG] [Fast Refresh] done in 2ms @ http://localhost:3000/_next/static/chunks/node_modules_next_dist_1e8vcs8._.js:776
[  124917ms] [LOG] [Fast Refresh] done in 2ms @ http://localhost:3000/_next/static/chunks/node_modules_next_dist_1e8vcs8._.js:776
[  124964ms] [LOG] [Fast Refresh] done in 2ms @ http://localhost:3000/_next/static/chunks/node_modules_next_dist_1e8vcs8._.js:776
[  125011ms] [LOG] [Fast Refresh] done in 2ms @ http://localhost:3000/_next/static/chunks/node_modules_next_dist_1e8vcs8._.js:776
[  125061ms] [LOG] [Fast Refresh] done in 2ms @ http://localhost:3000/_next/static/chunks/node_modules_next_dist_1e8vcs8._.js:776
[  125110ms] [LOG] [Fast Refresh] done in 2ms @ http://localhost:3000/_next/static/chunks/node_modules_next_dist_1e8vcs8._.js:776
[  125159ms] [LOG] [Fast Refresh] done in 2ms @ http://localhost:3000/_next/static/chunks/node_modules_next_dist_1e8vcs8._.js:776
[  125215ms] [LOG] [Fast Refresh] done in 2ms @ http://localhost:3000/_next/static/chunks/node_modules_next_dist_1e8vcs8._.js:776
[  125258ms] [LOG] [Fast Refresh] done in 2ms @ http://localhost:3000/_next/static/chunks/node_modules_next_dist_1e8vcs8._.js:776
[  125301ms] [LOG] [Fast Refresh] done in 2ms @ http://localhost:3000/_next/static/chunks/node_modules_next_dist_1e8vcs8._.js:776
[  125350ms] [LOG] [Fast Refresh] done in 2ms @ http://localhost:3000/_next/static/chunks/node_modules_next_dist_1e8vcs8._.js:776
[  125400ms] [LOG] [Fast Refresh] done in 2ms @ http://localhost:3000/_next/static/chunks/node_modules_next_dist_1e8vcs8._.js:776
[  125465ms] [LOG] [Fast Refresh] done in 2ms @ http://localhost:3000/_next/static/chunks/node_modules_next_dist_1e8vcs8._.js:776
[  125517ms] [LOG] [Fast Refresh] done in 2ms @ http://localhost:3000/_next/static/chunks/node_modules_next_dist_1e8vcs8._.js:776
[  125567ms] [LOG] [Fast Refresh] done in 2ms @ http://localhost:3000/_next/static/chunks/node_modules_next_dist_1e8vcs8._.js:776
[  125620ms] [LOG] [Fast Refresh] done in 2ms @ http://localhost:3000/_next/static/chunks/node_modules_next_dist_1e8vcs8._.js:776
[  125671ms] [LOG] [Fast Refresh] done in 2ms @ http://localhost:3000/_next/static/chunks/node_modules_next_dist_1e8vcs8._.js:776
[  125727ms] [LOG] [Fast Refresh] done in 2ms @ http://localhost:3000/_next/static/chunks/node_modules_next_dist_1e8vcs8._.js:776
[  125791ms] [LOG] [Fast Refresh] done in 2ms @ http://localhost:3000/_next/static/chunks/node_modules_next_dist_1e8vcs8._.js:776
[  125856ms] [LOG] [Fast Refresh] done in 2ms @ http://localhost:3000/_next/static/chunks/node_modules_next_dist_1e8vcs8._.js:776
[  125912ms] [LOG] [Fast Refresh] done in 2ms @ http://localhost:3000/_next/static/chunks/node_modules_next_dist_1e8vcs8._.js:776
[  125961ms] [LOG] [Fast Refresh] done in 2ms @ http://localhost:3000/_next/static/chunks/node_modules_next_dist_1e8vcs8._.js:776
[  126024ms] [LOG] [Fast Refresh] done in 2ms @ http://localhost:3000/_next/static/chunks/node_modules_next_dist_1e8vcs8._.js:776
[  126096ms] [LOG] [Fast Refresh] done in 2ms @ http://localhost:3000/_next/static/chunks/node_modules_next_dist_1e8vcs8._.js:776
[  126196ms] [LOG] [Fast Refresh] done in 2ms @ http://localhost:3000/_next/static/chunks/node_modules_next_dist_1e8vcs8._.js:776
[  126250ms] [LOG] [Fast Refresh] done in 2ms @ http://localhost:3000/_next/static/chunks/node_modules_next_dist_1e8vcs8._.js:776
[  126302ms] [LOG] [Fast Refresh] done in 2ms @ http://localhost:3000/_next/static/chunks/node_modules_next_dist_1e8vcs8._.js:776
[  126357ms] [LOG] [Fast Refresh] done in 2ms @ http://localhost:3000/_next/static/chunks/node_modules_next_dist_1e8vcs8._.js:776
[  126416ms] [LOG] [Fast Refresh] done in 2ms @ http://localhost:3000/_next/static/chunks/node_modules_next_dist_1e8vcs8._.js:776
[  126465ms] [LOG] [Fast Refresh] done in 2ms @ http://localhost:3000/_next/static/chunks/node_modules_next_dist_1e8vcs8._.js:776
[  126532ms] [LOG] [Fast Refresh] done in 2ms @ http://localhost:3000/_next/static/chunks/node_modules_next_dist_1e8vcs8._.js:776
[  126577ms] [LOG] [Fast Refresh] done in 2ms @ http://localhost:3000/_next/static/chunks/node_modules_next_dist_1e8vcs8._.js:776
[  126621ms] [LOG] [Fast Refresh] done in 2ms @ http://localhost:3000/_next/static/chunks/node_modules_next_dist_1e8vcs8._.js:776
[  126667ms] [LOG] [Fast Refresh] done in 2ms @ http://localhost:3000/_next/static/chunks/node_modules_next_dist_1e8vcs8._.js:776
[  126721ms] [LOG] [Fast Refresh] done in 2ms @ http://localhost:3000/_next/static/chunks/node_modules_next_dist_1e8vcs8._.js:776
[  126774ms] [LOG] [Fast Refresh] done in 2ms @ http://localhost:3000/_next/static/chunks/node_modules_next_dist_1e8vcs8._.js:776
[  126826ms] [LOG] [Fast Refresh] done in 2ms @ http://localhost:3000/_next/static/chunks/node_modules_next_dist_1e8vcs8._.js:776
[  126877ms] [LOG] [Fast Refresh] done in 2ms @ http://localhost:3000/_next/static/chunks/node_modules_next_dist_1e8vcs8._.js:776
[  126937ms] [LOG] [Fast Refresh] done in 2ms @ http://localhost:3000/_next/static/chunks/node_modules_next_dist_1e8vcs8._.js:776
[  126983ms] [LOG] [Fast Refresh] done in 2ms @ http://localhost:3000/_next/static/chunks/node_modules_next_dist_1e8vcs8._.js:776
[  127041ms] [LOG] [Fast Refresh] done in 2ms @ http://localhost:3000/_next/static/chunks/node_modules_next_dist_1e8vcs8._.js:776
[  127103ms] [LOG] [Fast Refresh] done in 2ms @ http://localhost:3000/_next/static/chunks/node_modules_next_dist_1e8vcs8._.js:776
[  127166ms] [LOG] [Fast Refresh] done in 2ms @ http://localhost:3000/_next/static/chunks/node_modules_next_dist_1e8vcs8._.js:776
[  127216ms] [LOG] [Fast Refresh] done in 2ms @ http://localhost:3000/_next/static/chunks/node_modules_next_dist_1e8vcs8._.js:776
[  127262ms] [LOG] [Fast Refresh] done in 2ms @ http://localhost:3000/_next/static/chunks/node_modules_next_dist_1e8vcs8._.js:776
[  127318ms] [LOG] [Fast Refresh] done in 2ms @ http://localhost:3000/_next/static/chunks/node_modules_next_dist_1e8vcs8._.js:776
[  127368ms] [LOG] [Fast Refresh] done in 2ms @ http://localhost:3000/_next/static/chunks/node_modules_next_dist_1e8vcs8._.js:776
[  127431ms] [LOG] [Fast Refresh] done in 2ms @ http://localhost:3000/_next/static/chunks/node_modules_next_dist_1e8vcs8._.js:776
[  127477ms] [LOG] [Fast Refresh] done in 2ms @ http://localhost:3000/_next/static/chunks/node_modules_next_dist_1e8vcs8._.js:776
[  127523ms] [LOG] [Fast Refresh] done in 2ms @ http://localhost:3000/_next/static/chunks/node_modules_next_dist_1e8vcs8._.js:776
[  127578ms] [LOG] [Fast Refresh] done in 2ms @ http://localhost:3000/_next/static/chunks/node_modules_next_dist_1e8vcs8._.js:776
[  127628ms] [LOG] [Fast Refresh] done in 2ms @ http://localhost:3000/_next/static/chunks/node_modules_next_dist_1e8vcs8._.js:776
[  127684ms] [LOG] [Fast Refresh] done in 2ms @ http://localhost:3000/_next/static/chunks/node_modules_next_dist_1e8vcs8._.js:776
[  127735ms] [LOG] [Fast Refresh] done in 2ms @ http://localhost:3000/_next/static/chunks/node_modules_next_dist_1e8vcs8._.js:776
[  127788ms] [LOG] [Fast Refresh] done in 2ms @ http://localhost:3000/_next/static/chunks/node_modules_next_dist_1e8vcs8._.js:776
[  127843ms] [LOG] [Fast Refresh] done in 2ms @ http://localhost:3000/_next/static/chunks/node_modules_next_dist_1e8vcs8._.js:776
[  127895ms] [LOG] [Fast Refresh] done in 2ms @ http://localhost:3000/_next/static/chunks/node_modules_next_dist_1e8vcs8._.js:776
[  127946ms] [LOG] [Fast Refresh] done in 2ms @ http://localhost:3000/_next/static/chunks/node_modules_next_dist_1e8vcs8._.js:776
[  128009ms] [LOG] [Fast Refresh] done in 2ms @ http://localhost:3000/_next/static/chunks/node_modules_next_dist_1e8vcs8._.js:776
[  128068ms] [LOG] [Fast Refresh] done in 2ms @ http://localhost:3000/_next/static/chunks/node_modules_next_dist_1e8vcs8._.js:776
[  128124ms] [LOG] [Fast Refresh] done in 2ms @ http://localhost:3000/_next/static/chunks/node_modules_next_dist_1e8vcs8._.js:776
[  128170ms] [LOG] [Fast Refresh] done in 2ms @ http://localhost:3000/_next/static/chunks/node_modules_next_dist_1e8vcs8._.js:776
[  128215ms] [LOG] [Fast Refresh] done in 2ms @ http://localhost:3000/_next/static/chunks/node_modules_next_dist_1e8vcs8._.js:776
[  128275ms] [LOG] [Fast Refresh] done in 2ms @ http://localhost:3000/_next/static/chunks/node_modules_next_dist_1e8vcs8._.js:776
[  128322ms] [LOG] [Fast Refresh] done in 2ms @ http://localhost:3000/_next/static/chunks/node_modules_next_dist_1e8vcs8._.js:776
[  128368ms] [LOG] [Fast Refresh] done in 2ms @ http://localhost:3000/_next/static/chunks/node_modules_next_dist_1e8vcs8._.js:776
[  128421ms] [LOG] [Fast Refresh] done in 2ms @ http://localhost:3000/_next/static/chunks/node_modules_next_dist_1e8vcs8._.js:776
[  128476ms] [LOG] [Fast Refresh] done in 2ms @ http://localhost:3000/_next/static/chunks/node_modules_next_dist_1e8vcs8._.js:776
[  128521ms] [LOG] [Fast Refresh] done in 2ms @ http://localhost:3000/_next/static/chunks/node_modules_next_dist_1e8vcs8._.js:776
[  128569ms] [LOG] [Fast Refresh] done in 2ms @ http://localhost:3000/_next/static/chunks/node_modules_next_dist_1e8vcs8._.js:776
[  128622ms] [LOG] [Fast Refresh] done in 2ms @ http://localhost:3000/_next/static/chunks/node_modules_next_dist_1e8vcs8._.js:776
[  128679ms] [LOG] [Fast Refresh] done in 2ms @ http://localhost:3000/_next/static/chunks/node_modules_next_dist_1e8vcs8._.js:776
[  128726ms] [LOG] [Fast Refresh] done in 2ms @ http://localhost:3000/_next/static/chunks/node_modules_next_dist_1e8vcs8._.js:776
[  128771ms] [LOG] [Fast Refresh] done in 2ms @ http://localhost:3000/_next/static/chunks/node_modules_next_dist_1e8vcs8._.js:776
[  128818ms] [LOG] [Fast Refresh] done in 2ms @ http://localhost:3000/_next/static/chunks/node_modules_next_dist_1e8vcs8._.js:776
[  128860ms] [LOG] [Fast Refresh] done in 2ms @ http://localhost:3000/_next/static/chunks/node_modules_next_dist_1e8vcs8._.js:776
[  128915ms] [LOG] [Fast Refresh] done in 2ms @ http://localhost:3000/_next/static/chunks/node_modules_next_dist_1e8vcs8._.js:776
[  128976ms] [LOG] [Fast Refresh] done in 2ms @ http://localhost:3000/_next/static/chunks/node_modules_next_dist_1e8vcs8._.js:776
[  129026ms] [LOG] [Fast Refresh] done in 2ms @ http://localhost:3000/_next/static/chunks/node_modules_next_dist_1e8vcs8._.js:776
[  129083ms] [LOG] [Fast Refresh] done in 2ms @ http://localhost:3000/_next/static/chunks/node_modules_next_dist_1e8vcs8._.js:776
[  129137ms] [LOG] [Fast Refresh] done in 2ms @ http://localhost:3000/_next/static/chunks/node_modules_next_dist_1e8vcs8._.js:776
[  129187ms] [LOG] [Fast Refresh] done in 2ms @ http://localhost:3000/_next/static/chunks/node_modules_next_dist_1e8vcs8._.js:776
[  129257ms] [LOG] [Fast Refresh] done in 2ms @ http://localhost:3000/_next/static/chunks/node_modules_next_dist_1e8vcs8._.js:776
[  129311ms] [LOG] [Fast Refresh] done in 2ms @ http://localhost:3000/_next/static/chunks/node_modules_next_dist_1e8vcs8._.js:776
[  129364ms] [LOG] [Fast Refresh] done in 2ms @ http://localhost:3000/_next/static/chunks/node_modules_next_dist_1e8vcs8._.js:776
[  129419ms] [LOG] [Fast Refresh] done in 2ms @ http://localhost:3000/_next/static/chunks/node_modules_next_dist_1e8vcs8._.js:776
[  129475ms] [LOG] [Fast Refresh] done in 2ms @ http://localhost:3000/_next/static/chunks/node_modules_next_dist_1e8vcs8._.js:776
[  129532ms] [LOG] [Fast Refresh] done in 2ms @ http://localhost:3000/_next/static/chunks/node_modules_next_dist_1e8vcs8._.js:776
[  129589ms] [LOG] [Fast Refresh] done in 2ms @ http://localhost:3000/_next/static/chunks/node_modules_next_dist_1e8vcs8._.js:776
[  129642ms] [LOG] [Fast Refresh] done in 2ms @ http://localhost:3000/_next/static/chunks/node_modules_next_dist_1e8vcs8._.js:776
[  129692ms] [LOG] [Fast Refresh] done in 2ms @ http://localhost:3000/_next/static/chunks/node_modules_next_dist_1e8vcs8._.js:776
[  129750ms] [LOG] [Fast Refresh] done in 2ms @ http://localhost:3000/_next/static/chunks/node_modules_next_dist_1e8vcs8._.js:776
[  129800ms] [LOG] [Fast Refresh] done in 2ms @ http://localhost:3000/_next/static/chunks/node_modules_next_dist_1e8vcs8._.js:776
[  129852ms] [LOG] [Fast Refresh] done in 2ms @ http://localhost:3000/_next/static/chunks/node_modules_next_dist_1e8vcs8._.js:776
[  129906ms] [LOG] [Fast Refresh] done in 2ms @ http://localhost:3000/_next/static/chunks/node_modules_next_dist_1e8vcs8._.js:776
[  129966ms] [LOG] [Fast Refresh] done in 2ms @ http://localhost:3000/_next/static/chunks/node_modules_next_dist_1e8vcs8._.js:776
[  130017ms] [LOG] [Fast Refresh] done in 2ms @ http://localhost:3000/_next/static/chunks/node_modules_next_dist_1e8vcs8._.js:776
[  130077ms] [LOG] [Fast Refresh] done in 2ms @ http://localhost:3000/_next/static/chunks/node_modules_next_dist_1e8vcs8._.js:776
[  130139ms] [LOG] [Fast Refresh] done in 2ms @ http://localhost:3000/_next/static/chunks/node_modules_next_dist_1e8vcs8._.js:776
[  130203ms] [LOG] [Fast Refresh] done in 2ms @ http://localhost:3000/_next/static/chunks/node_modules_next_dist_1e8vcs8._.js:776
[  130263ms] [LOG] [Fast Refresh] done in 2ms @ http://localhost:3000/_next/static/chunks/node_modules_next_dist_1e8vcs8._.js:776
[  130318ms] [LOG] [Fast Refresh] done in 2ms @ http://localhost:3000/_next/static/chunks/node_modules_next_dist_1e8vcs8._.js:776
[  130384ms] [LOG] [Fast Refresh] done in 2ms @ http://localhost:3000/_next/static/chunks/node_modules_next_dist_1e8vcs8._.js:776
[  130440ms] [LOG] [Fast Refresh] done in 2ms @ http://localhost:3000/_next/static/chunks/node_modules_next_dist_1e8vcs8._.js:776
[  130491ms] [LOG] [Fast Refresh] done in 2ms @ http://localhost:3000/_next/static/chunks/node_modules_next_dist_1e8vcs8._.js:776
[  130552ms] [LOG] [Fast Refresh] done in 2ms @ http://localhost:3000/_next/static/chunks/node_modules_next_dist_1e8vcs8._.js:776
[  130611ms] [LOG] [Fast Refresh] done in 2ms @ http://localhost:3000/_next/static/chunks/node_modules_next_dist_1e8vcs8._.js:776
[  130674ms] [LOG] [Fast Refresh] done in 2ms @ http://localhost:3000/_next/static/chunks/node_modules_next_dist_1e8vcs8._.js:776
[  130738ms] [LOG] [Fast Refresh] done in 2ms @ http://localhost:3000/_next/static/chunks/node_modules_next_dist_1e8vcs8._.js:776
[  130805ms] [LOG] [Fast Refresh] done in 2ms @ http://localhost:3000/_next/static/chunks/node_modules_next_dist_1e8vcs8._.js:776
[  130866ms] [LOG] [Fast Refresh] done in 2ms @ http://localhost:3000/_next/static/chunks/node_modules_next_dist_1e8vcs8._.js:776
[  130923ms] [LOG] [Fast Refresh] done in 2ms @ http://localhost:3000/_next/static/chunks/node_modules_next_dist_1e8vcs8._.js:776
[  130980ms] [LOG] [Fast Refresh] done in 2ms @ http://localhost:3000/_next/static/chunks/node_modules_next_dist_1e8vcs8._.js:776
[  131036ms] [LOG] [Fast Refresh] done in 2ms @ http://localhost:3000/_next/static/chunks/node_modules_next_dist_1e8vcs8._.js:776
[  131090ms] [LOG] [Fast Refresh] done in 2ms @ http://localhost:3000/_next/static/chunks/node_modules_next_dist_1e8vcs8._.js:776
[  131137ms] [LOG] [Fast Refresh] done in 2ms @ http://localhost:3000/_next/static/chunks/node_modules_next_dist_1e8vcs8._.js:776
[  131194ms] [LOG] [Fast Refresh] done in 2ms @ http://localhost:3000/_next/static/chunks/node_modules_next_dist_1e8vcs8._.js:776
[  131240ms] [LOG] [Fast Refresh] done in 2ms @ http://localhost:3000/_next/static/chunks/node_modules_next_dist_1e8vcs8._.js:776
[  131295ms] [LOG] [Fast Refresh] done in 2ms @ http://localhost:3000/_next/static/chunks/node_modules_next_dist_1e8vcs8._.js:776
[  131341ms] [LOG] [Fast Refresh] done in 2ms @ http://localhost:3000/_next/static/chunks/node_modules_next_dist_1e8vcs8._.js:776
[  131397ms] [LOG] [Fast Refresh] done in 2ms @ http://localhost:3000/_next/static/chunks/node_modules_next_dist_1e8vcs8._.js:776
[  131454ms] [LOG] [Fast Refresh] done in 2ms @ http://localhost:3000/_next/static/chunks/node_modules_next_dist_1e8vcs8._.js:776
[  131525ms] [LOG] [Fast Refresh] done in 2ms @ http://localhost:3000/_next/static/chunks/node_modules_next_dist_1e8vcs8._.js:776
[  131575ms] [LOG] [Fast Refresh] done in 2ms @ http://localhost:3000/_next/static/chunks/node_modules_next_dist_1e8vcs8._.js:776
[  131631ms] [LOG] [Fast Refresh] done in 2ms @ http://localhost:3000/_next/static/chunks/node_modules_next_dist_1e8vcs8._.js:776
[  131689ms] [LOG] [Fast Refresh] done in 2ms @ http://localhost:3000/_next/static/chunks/node_modules_next_dist_1e8vcs8._.js:776
[  131748ms] [LOG] [Fast Refresh] done in 2ms @ http://localhost:3000/_next/static/chunks/node_modules_next_dist_1e8vcs8._.js:776
[  131796ms] [LOG] [Fast Refresh] done in 2ms @ http://localhost:3000/_next/static/chunks/node_modules_next_dist_1e8vcs8._.js:776
[  131850ms] [LOG] [Fast Refresh] done in 2ms @ http://localhost:3000/_next/static/chunks/node_modules_next_dist_1e8vcs8._.js:776
[  131906ms] [LOG] [Fast Refresh] done in 2ms @ http://localhost:3000/_next/static/chunks/node_modules_next_dist_1e8vcs8._.js:776
[  131958ms] [LOG] [Fast Refresh] done in 2ms @ http://localhost:3000/_next/static/chunks/node_modules_next_dist_1e8vcs8._.js:776
[  132008ms] [LOG] [Fast Refresh] done in 2ms @ http://localhost:3000/_next/static/chunks/node_modules_next_dist_1e8vcs8._.js:776
[  132057ms] [LOG] [Fast Refresh] done in 2ms @ http://localhost:3000/_next/static/chunks/node_modules_next_dist_1e8vcs8._.js:776
[  132112ms] [LOG] [Fast Refresh] done in 2ms @ http://localhost:3000/_next/static/chunks/node_modules_next_dist_1e8vcs8._.js:776
[  132172ms] [LOG] [Fast Refresh] done in 2ms @ http://localhost:3000/_next/static/chunks/node_modules_next_dist_1e8vcs8._.js:776
[  132246ms] [LOG] [Fast Refresh] done in 2ms @ http://localhost:3000/_next/static/chunks/node_modules_next_dist_1e8vcs8._.js:776
[  132310ms] [LOG] [Fast Refresh] done in 2ms @ http://localhost:3000/_next/static/chunks/node_modules_next_dist_1e8vcs8._.js:776
[  132365ms] [LOG] [Fast Refresh] done in 2ms @ http://localhost:3000/_next/static/chunks/node_modules_next_dist_1e8vcs8._.js:776
[  132435ms] [LOG] [Fast Refresh] done in 2ms @ http://localhost:3000/_next/static/chunks/node_modules_next_dist_1e8vcs8._.js:776
[  132497ms] [LOG] [Fast Refresh] done in 2ms @ http://localhost:3000/_next/static/chunks/node_modules_next_dist_1e8vcs8._.js:776
[  132561ms] [LOG] [Fast Refresh] done in 2ms @ http://localhost:3000/_next/static/chunks/node_modules_next_dist_1e8vcs8._.js:776
[  132614ms] [LOG] [Fast Refresh] done in 2ms @ http://localhost:3000/_next/static/chunks/node_modules_next_dist_1e8vcs8._.js:776
[  132665ms] [LOG] [Fast Refresh] done in 2ms @ http://localhost:3000/_next/static/chunks/node_modules_next_dist_1e8vcs8._.js:776
[  132721ms] [LOG] [Fast Refresh] done in 2ms @ http://localhost:3000/_next/static/chunks/node_modules_next_dist_1e8vcs8._.js:776
[  132780ms] [LOG] [Fast Refresh] done in 2ms @ http://localhost:3000/_next/static/chunks/node_modules_next_dist_1e8vcs8._.js:776
[  132844ms] [LOG] [Fast Refresh] done in 2ms @ http://localhost:3000/_next/static/chunks/node_modules_next_dist_1e8vcs8._.js:776
[  132902ms] [LOG] [Fast Refresh] done in 2ms @ http://localhost:3000/_next/static/chunks/node_modules_next_dist_1e8vcs8._.js:776
[  132963ms] [LOG] [Fast Refresh] done in 2ms @ http://localhost:3000/_next/static/chunks/node_modules_next_dist_1e8vcs8._.js:776
[  133019ms] [LOG] [Fast Refresh] done in 2ms @ http://localhost:3000/_next/static/chunks/node_modules_next_dist_1e8vcs8._.js:776
[  133075ms] [LOG] [Fast Refresh] done in 2ms @ http://localhost:3000/_next/static/chunks/node_modules_next_dist_1e8vcs8._.js:776
[  133130ms] [LOG] [Fast Refresh] done in 2ms @ http://localhost:3000/_next/static/chunks/node_modules_next_dist_1e8vcs8._.js:776
[  133191ms] [LOG] [Fast Refresh] done in 2ms @ http://localhost:3000/_next/static/chunks/node_modules_next_dist_1e8vcs8._.js:776
[  133252ms] [LOG] [Fast Refresh] done in 2ms @ http://localhost:3000/_next/static/chunks/node_modules_next_dist_1e8vcs8._.js:776
[  133315ms] [LOG] [Fast Refresh] done in 2ms @ http://localhost:3000/_next/static/chunks/node_modules_next_dist_1e8vcs8._.js:776
[  133387ms] [LOG] [Fast Refresh] done in 2ms @ http://localhost:3000/_next/static/chunks/node_modules_next_dist_1e8vcs8._.js:776
[  133434ms] [LOG] [Fast Refresh] done in 2ms @ http://localhost:3000/_next/static/chunks/node_modules_next_dist_1e8vcs8._.js:776
[  133482ms] [LOG] [Fast Refresh] done in 2ms @ http://localhost:3000/_next/static/chunks/node_modules_next_dist_1e8vcs8._.js:776
[  133531ms] [LOG] [Fast Refresh] done in 2ms @ http://localhost:3000/_next/static/chunks/node_modules_next_dist_1e8vcs8._.js:776
[  133580ms] [LOG] [Fast Refresh] done in 2ms @ http://localhost:3000/_next/static/chunks/node_modules_next_dist_1e8vcs8._.js:776
[  133644ms] [LOG] [Fast Refresh] done in 2ms @ http://localhost:3000/_next/static/chunks/node_modules_next_dist_1e8vcs8._.js:776
[  133691ms] [LOG] [Fast Refresh] done in 2ms @ http://localhost:3000/_next/static/chunks/node_modules_next_dist_1e8vcs8._.js:776
[  133742ms] [LOG] [Fast Refresh] done in 2ms @ http://localhost:3000/_next/static/chunks/node_modules_next_dist_1e8vcs8._.js:776
[  133785ms] [LOG] [Fast Refresh] done in 2ms @ http://localhost:3000/_next/static/chunks/node_modules_next_dist_1e8vcs8._.js:776
[  133848ms] [LOG] [Fast Refresh] done in 2ms @ http://localhost:3000/_next/static/chunks/node_modules_next_dist_1e8vcs8._.js:776
[  133907ms] [LOG] [Fast Refresh] done in 2ms @ http://localhost:3000/_next/static/chunks/node_modules_next_dist_1e8vcs8._.js:776
[  133970ms] [LOG] [Fast Refresh] done in 2ms @ http://localhost:3000/_next/static/chunks/node_modules_next_dist_1e8vcs8._.js:776
[  134032ms] [LOG] [Fast Refresh] done in 2ms @ http://localhost:3000/_next/static/chunks/node_modules_next_dist_1e8vcs8._.js:776
[  134092ms] [LOG] [Fast Refresh] done in 2ms @ http://localhost:3000/_next/static/chunks/node_modules_next_dist_1e8vcs8._.js:776
[  134154ms] [LOG] [Fast Refresh] done in 2ms @ http://localhost:3000/_next/static/chunks/node_modules_next_dist_1e8vcs8._.js:776
[  134208ms] [LOG] [Fast Refresh] done in 2ms @ http://localhost:3000/_next/static/chunks/node_modules_next_dist_1e8vcs8._.js:776
[  134273ms] [LOG] [Fast Refresh] done in 2ms @ http://localhost:3000/_next/static/chunks/node_modules_next_dist_1e8vcs8._.js:776
[  134339ms] [LOG] [Fast Refresh] done in 2ms @ http://localhost:3000/_next/static/chunks/node_modules_next_dist_1e8vcs8._.js:776
[  134388ms] [LOG] [Fast Refresh] done in 2ms @ http://localhost:3000/_next/static/chunks/node_modules_next_dist_1e8vcs8._.js:776
[  134436ms] [LOG] [Fast Refresh] done in 2ms @ http://localhost:3000/_next/static/chunks/node_modules_next_dist_1e8vcs8._.js:776
[  134492ms] [LOG] [Fast Refresh] done in 2ms @ http://localhost:3000/_next/static/chunks/node_modules_next_dist_1e8vcs8._.js:776
[  134554ms] [LOG] [Fast Refresh] done in 2ms @ http://localhost:3000/_next/static/chunks/node_modules_next_dist_1e8vcs8._.js:776
[  134610ms] [LOG] [Fast Refresh] done in 2ms @ http://localhost:3000/_next/static/chunks/node_modules_next_dist_1e8vcs8._.js:776
[  134673ms] [LOG] [Fast Refresh] done in 2ms @ http://localhost:3000/_next/static/chunks/node_modules_next_dist_1e8vcs8._.js:776
[  134734ms] [LOG] [Fast Refresh] done in 2ms @ http://localhost:3000/_next/static/chunks/node_modules_next_dist_1e8vcs8._.js:776
[  134804ms] [LOG] [Fast Refresh] done in 2ms @ http://localhost:3000/_next/static/chunks/node_modules_next_dist_1e8vcs8._.js:776
[  134866ms] [LOG] [Fast Refresh] done in 2ms @ http://localhost:3000/_next/static/chunks/node_modules_next_dist_1e8vcs8._.js:776
[  134934ms] [LOG] [Fast Refresh] done in 2ms @ http://localhost:3000/_next/static/chunks/node_modules_next_dist_1e8vcs8._.js:776
[  134986ms] [LOG] [Fast Refresh] done in 2ms @ http://localhost:3000/_next/static/chunks/node_modules_next_dist_1e8vcs8._.js:776
[  135039ms] [LOG] [Fast Refresh] done in 2ms @ http://localhost:3000/_next/static/chunks/node_modules_next_dist_1e8vcs8._.js:776
[  135098ms] [LOG] [Fast Refresh] done in 2ms @ http://localhost:3000/_next/static/chunks/node_modules_next_dist_1e8vcs8._.js:776
[  135155ms] [LOG] [Fast Refresh] done in 2ms @ http://localhost:3000/_next/static/chunks/node_modules_next_dist_1e8vcs8._.js:776
[  135212ms] [LOG] [Fast Refresh] done in 2ms @ http://localhost:3000/_next/static/chunks/node_modules_next_dist_1e8vcs8._.js:776
[  135281ms] [LOG] [Fast Refresh] done in 2ms @ http://localhost:3000/_next/static/chunks/node_modules_next_dist_1e8vcs8._.js:776
[  135337ms] [LOG] [Fast Refresh] done in 2ms @ http://localhost:3000/_next/static/chunks/node_modules_next_dist_1e8vcs8._.js:776
[  135394ms] [LOG] [Fast Refresh] done in 2ms @ http://localhost:3000/_next/static/chunks/node_modules_next_dist_1e8vcs8._.js:776
[  135445ms] [LOG] [Fast Refresh] done in 2ms @ http://localhost:3000/_next/static/chunks/node_modules_next_dist_1e8vcs8._.js:776
[  135504ms] [LOG] [Fast Refresh] done in 2ms @ http://localhost:3000/_next/static/chunks/node_modules_next_dist_1e8vcs8._.js:776
[  135562ms] [LOG] [Fast Refresh] done in 2ms @ http://localhost:3000/_next/static/chunks/node_modules_next_dist_1e8vcs8._.js:776
[  135628ms] [LOG] [Fast Refresh] done in 2ms @ http://localhost:3000/_next/static/chunks/node_modules_next_dist_1e8vcs8._.js:776
[  135693ms] [LOG] [Fast Refresh] done in 2ms @ http://localhost:3000/_next/static/chunks/node_modules_next_dist_1e8vcs8._.js:776
[  135761ms] [LOG] [Fast Refresh] done in 2ms @ http://localhost:3000/_next/static/chunks/node_modules_next_dist_1e8vcs8._.js:776
[  135821ms] [LOG] [Fast Refresh] done in 2ms @ http://localhost:3000/_next/static/chunks/node_modules_next_dist_1e8vcs8._.js:776
[  135884ms] [LOG] [Fast Refresh] done in 2ms @ http://localhost:3000/_next/static/chunks/node_modules_next_dist_1e8vcs8._.js:776
[  135952ms] [LOG] [Fast Refresh] done in 2ms @ http://localhost:3000/_next/static/chunks/node_modules_next_dist_1e8vcs8._.js:776
[  136012ms] [LOG] [Fast Refresh] done in 2ms @ http://localhost:3000/_next/static/chunks/node_modules_next_dist_1e8vcs8._.js:776
[  136074ms] [LOG] [Fast Refresh] done in 2ms @ http://localhost:3000/_next/static/chunks/node_modules_next_dist_1e8vcs8._.js:776
[  136130ms] [LOG] [Fast Refresh] done in 2ms @ http://localhost:3000/_next/static/chunks/node_modules_next_dist_1e8vcs8._.js:776
[  136184ms] [LOG] [Fast Refresh] done in 2ms @ http://localhost:3000/_next/static/chunks/node_modules_next_dist_1e8vcs8._.js:776
[  136242ms] [LOG] [Fast Refresh] done in 2ms @ http://localhost:3000/_next/static/chunks/node_modules_next_dist_1e8vcs8._.js:776
[  136295ms] [LOG] [Fast Refresh] done in 2ms @ http://localhost:3000/_next/static/chunks/node_modules_next_dist_1e8vcs8._.js:776
[  136351ms] [LOG] [Fast Refresh] done in 2ms @ http://localhost:3000/_next/static/chunks/node_modules_next_dist_1e8vcs8._.js:776
[  136402ms] [LOG] [Fast Refresh] done in 2ms @ http://localhost:3000/_next/static/chunks/node_modules_next_dist_1e8vcs8._.js:776
[  136458ms] [LOG] [Fast Refresh] done in 2ms @ http://localhost:3000/_next/static/chunks/node_modules_next_dist_1e8vcs8._.js:776
[  136520ms] [LOG] [Fast Refresh] done in 2ms @ http://localhost:3000/_next/static/chunks/node_modules_next_dist_1e8vcs8._.js:776
[  136589ms] [LOG] [Fast Refresh] done in 2ms @ http://localhost:3000/_next/static/chunks/node_modules_next_dist_1e8vcs8._.js:776
[  136656ms] [LOG] [Fast Refresh] done in 2ms @ http://localhost:3000/_next/static/chunks/node_modules_next_dist_1e8vcs8._.js:776
[  136717ms] [LOG] [Fast Refresh] done in 2ms @ http://localhost:3000/_next/static/chunks/node_modules_next_dist_1e8vcs8._.js:776
[  136767ms] [LOG] [Fast Refresh] done in 2ms @ http://localhost:3000/_next/static/chunks/node_modules_next_dist_1e8vcs8._.js:776
[  136824ms] [LOG] [Fast Refresh] done in 2ms @ http://localhost:3000/_next/static/chunks/node_modules_next_dist_1e8vcs8._.js:776
[  136869ms] [LOG] [Fast Refresh] done in 2ms @ http://localhost:3000/_next/static/chunks/node_modules_next_dist_1e8vcs8._.js:776
[  136928ms] [LOG] [Fast Refresh] done in 2ms @ http://localhost:3000/_next/static/chunks/node_modules_next_dist_1e8vcs8._.js:776
[  136981ms] [LOG] [Fast Refresh] done in 2ms @ http://localhost:3000/_next/static/chunks/node_modules_next_dist_1e8vcs8._.js:776
[  137046ms] [LOG] [Fast Refresh] done in 2ms @ http://localhost:3000/_next/static/chunks/node_modules_next_dist_1e8vcs8._.js:776
[  137097ms] [LOG] [Fast Refresh] done in 2ms @ http://localhost:3000/_next/static/chunks/node_modules_next_dist_1e8vcs8._.js:776
[  137149ms] [LOG] [Fast Refresh] done in 2ms @ http://localhost:3000/_next/static/chunks/node_modules_next_dist_1e8vcs8._.js:776
[  137206ms] [LOG] [Fast Refresh] done in 2ms @ http://localhost:3000/_next/static/chunks/node_modules_next_dist_1e8vcs8._.js:776
[  137253ms] [LOG] [Fast Refresh] done in 2ms @ http://localhost:3000/_next/static/chunks/node_modules_next_dist_1e8vcs8._.js:776
[  137301ms] [LOG] [Fast Refresh] done in 2ms @ http://localhost:3000/_next/static/chunks/node_modules_next_dist_1e8vcs8._.js:776
[  137360ms] [LOG] [Fast Refresh] done in 2ms @ http://localhost:3000/_next/static/chunks/node_modules_next_dist_1e8vcs8._.js:776
[  137403ms] [LOG] [Fast Refresh] done in 2ms @ http://localhost:3000/_next/static/chunks/node_modules_next_dist_1e8vcs8._.js:776
[  137468ms] [LOG] [Fast Refresh] done in 2ms @ http://localhost:3000/_next/static/chunks/node_modules_next_dist_1e8vcs8._.js:776
[  137515ms] [LOG] [Fast Refresh] done in 2ms @ http://localhost:3000/_next/static/chunks/node_modules_next_dist_1e8vcs8._.js:776
[  137565ms] [LOG] [Fast Refresh] done in 2ms @ http://localhost:3000/_next/static/chunks/node_modules_next_dist_1e8vcs8._.js:776
[  137615ms] [LOG] [Fast Refresh] done in 2ms @ http://localhost:3000/_next/static/chunks/node_modules_next_dist_1e8vcs8._.js:776
[  137658ms] [LOG] [Fast Refresh] done in 2ms @ http://localhost:3000/_next/static/chunks/node_modules_next_dist_1e8vcs8._.js:776
[  137710ms] [LOG] [Fast Refresh] done in 2ms @ http://localhost:3000/_next/static/chunks/node_modules_next_dist_1e8vcs8._.js:776
[  137762ms] [LOG] [Fast Refresh] done in 2ms @ http://localhost:3000/_next/static/chunks/node_modules_next_dist_1e8vcs8._.js:776
[  137814ms] [LOG] [Fast Refresh] done in 2ms @ http://localhost:3000/_next/static/chunks/node_modules_next_dist_1e8vcs8._.js:776
[  137876ms] [LOG] [Fast Refresh] done in 2ms @ http://localhost:3000/_next/static/chunks/node_modules_next_dist_1e8vcs8._.js:776
[  137938ms] [LOG] [Fast Refresh] done in 2ms @ http://localhost:3000/_next/static/chunks/node_modules_next_dist_1e8vcs8._.js:776
[  137996ms] [LOG] [Fast Refresh] done in 2ms @ http://localhost:3000/_next/static/chunks/node_modules_next_dist_1e8vcs8._.js:776
[  138052ms] [LOG] [Fast Refresh] done in 2ms @ http://localhost:3000/_next/static/chunks/node_modules_next_dist_1e8vcs8._.js:776
[  138112ms] [LOG] [Fast Refresh] done in 2ms @ http://localhost:3000/_next/static/chunks/node_modules_next_dist_1e8vcs8._.js:776
[  138173ms] [LOG] [Fast Refresh] done in 2ms @ http://localhost:3000/_next/static/chunks/node_modules_next_dist_1e8vcs8._.js:776
[  138237ms] [LOG] [Fast Refresh] done in 2ms @ http://localhost:3000/_next/static/chunks/node_modules_next_dist_1e8vcs8._.js:776
[  138299ms] [LOG] [Fast Refresh] done in 2ms @ http://localhost:3000/_next/static/chunks/node_modules_next_dist_1e8vcs8._.js:776
[  138362ms] [LOG] [Fast Refresh] done in 2ms @ http://localhost:3000/_next/static/chunks/node_modules_next_dist_1e8vcs8._.js:776
[  138429ms] [LOG] [Fast Refresh] done in 2ms @ http://localhost:3000/_next/static/chunks/node_modules_next_dist_1e8vcs8._.js:776
[  138483ms] [LOG] [Fast Refresh] done in 2ms @ http://localhost:3000/_next/static/chunks/node_modules_next_dist_1e8vcs8._.js:776
[  138543ms] [LOG] [Fast Refresh] done in 2ms @ http://localhost:3000/_next/static/chunks/node_modules_next_dist_1e8vcs8._.js:776
[  138606ms] [LOG] [Fast Refresh] done in 2ms @ http://localhost:3000/_next/static/chunks/node_modules_next_dist_1e8vcs8._.js:776
[  138666ms] [LOG] [Fast Refresh] done in 2ms @ http://localhost:3000/_next/static/chunks/node_modules_next_dist_1e8vcs8._.js:776
[  138734ms] [LOG] [Fast Refresh] done in 2ms @ http://localhost:3000/_next/static/chunks/node_modules_next_dist_1e8vcs8._.js:776
[  138790ms] [LOG] [Fast Refresh] done in 2ms @ http://localhost:3000/_next/static/chunks/node_modules_next_dist_1e8vcs8._.js:776
[  138845ms] [LOG] [Fast Refresh] done in 2ms @ http://localhost:3000/_next/static/chunks/node_modules_next_dist_1e8vcs8._.js:776
[  138891ms] [LOG] [Fast Refresh] done in 2ms @ http://localhost:3000/_next/static/chunks/node_modules_next_dist_1e8vcs8._.js:776
[  138943ms] [LOG] [Fast Refresh] done in 2ms @ http://localhost:3000/_next/static/chunks/node_modules_next_dist_1e8vcs8._.js:776
[  139001ms] [LOG] [Fast Refresh] done in 2ms @ http://localhost:3000/_next/static/chunks/node_modules_next_dist_1e8vcs8._.js:776
[  139063ms] [LOG] [Fast Refresh] done in 2ms @ http://localhost:3000/_next/static/chunks/node_modules_next_dist_1e8vcs8._.js:776
[  139115ms] [LOG] [Fast Refresh] done in 2ms @ http://localhost:3000/_next/static/chunks/node_modules_next_dist_1e8vcs8._.js:776
[  139173ms] [LOG] [Fast Refresh] done in 2ms @ http://localhost:3000/_next/static/chunks/node_modules_next_dist_1e8vcs8._.js:776
[  139230ms] [LOG] [Fast Refresh] done in 2ms @ http://localhost:3000/_next/static/chunks/node_modules_next_dist_1e8vcs8._.js:776
[  139276ms] [LOG] [Fast Refresh] done in 2ms @ http://localhost:3000/_next/static/chunks/node_modules_next_dist_1e8vcs8._.js:776
[  139342ms] [LOG] [Fast Refresh] done in 2ms @ http://localhost:3000/_next/static/chunks/node_modules_next_dist_1e8vcs8._.js:776
[  139406ms] [LOG] [Fast Refresh] done in 2ms @ http://localhost:3000/_next/static/chunks/node_modules_next_dist_1e8vcs8._.js:776
[  139455ms] [LOG] [Fast Refresh] done in 2ms @ http://localhost:3000/_next/static/chunks/node_modules_next_dist_1e8vcs8._.js:776
[  139505ms] [LOG] [Fast Refresh] done in 2ms @ http://localhost:3000/_next/static/chunks/node_modules_next_dist_1e8vcs8._.js:776
[  139572ms] [LOG] [Fast Refresh] done in 2ms @ http://localhost:3000/_next/static/chunks/node_modules_next_dist_1e8vcs8._.js:776
[  139644ms] [LOG] [Fast Refresh] done in 2ms @ http://localhost:3000/_next/static/chunks/node_modules_next_dist_1e8vcs8._.js:776
[  139705ms] [LOG] [Fast Refresh] done in 2ms @ http://localhost:3000/_next/static/chunks/node_modules_next_dist_1e8vcs8._.js:776
[  139769ms] [LOG] [Fast Refresh] done in 2ms @ http://localhost:3000/_next/static/chunks/node_modules_next_dist_1e8vcs8._.js:776
[  139820ms] [LOG] [Fast Refresh] done in 2ms @ http://localhost:3000/_next/static/chunks/node_modules_next_dist_1e8vcs8._.js:776
[  139879ms] [LOG] [Fast Refresh] done in 2ms @ http://localhost:3000/_next/static/chunks/node_modules_next_dist_1e8vcs8._.js:776
[  139932ms] [LOG] [Fast Refresh] done in 2ms @ http://localhost:3000/_next/static/chunks/node_modules_next_dist_1e8vcs8._.js:776
[  139992ms] [LOG] [Fast Refresh] done in 2ms @ http://localhost:3000/_next/static/chunks/node_modules_next_dist_1e8vcs8._.js:776
[  140041ms] [LOG] [Fast Refresh] done in 2ms @ http://localhost:3000/_next/static/chunks/node_modules_next_dist_1e8vcs8._.js:776
[  140093ms] [LOG] [Fast Refresh] done in 2ms @ http://localhost:3000/_next/static/chunks/node_modules_next_dist_1e8vcs8._.js:776
[  140147ms] [LOG] [Fast Refresh] done in 2ms @ http://localhost:3000/_next/static/chunks/node_modules_next_dist_1e8vcs8._.js:776
[  140204ms] [LOG] [Fast Refresh] done in 2ms @ http://localhost:3000/_next/static/chunks/node_modules_next_dist_1e8vcs8._.js:776
[  140264ms] [LOG] [Fast Refresh] done in 2ms @ http://localhost:3000/_next/static/chunks/node_modules_next_dist_1e8vcs8._.js:776
[  140327ms] [LOG] [Fast Refresh] done in 2ms @ http://localhost:3000/_next/static/chunks/node_modules_next_dist_1e8vcs8._.js:776
[  140383ms] [LOG] [Fast Refresh] done in 2ms @ http://localhost:3000/_next/static/chunks/node_modules_next_dist_1e8vcs8._.js:776
[  140446ms] [LOG] [Fast Refresh] done in 2ms @ http://localhost:3000/_next/static/chunks/node_modules_next_dist_1e8vcs8._.js:776
[  140503ms] [LOG] [Fast Refresh] done in 2ms @ http://localhost:3000/_next/static/chunks/node_modules_next_dist_1e8vcs8._.js:776
[  140552ms] [LOG] [Fast Refresh] done in 2ms @ http://localhost:3000/_next/static/chunks/node_modules_next_dist_1e8vcs8._.js:776
[  140614ms] [LOG] [Fast Refresh] done in 2ms @ http://localhost:3000/_next/static/chunks/node_modules_next_dist_1e8vcs8._.js:776
[  140671ms] [LOG] [Fast Refresh] done in 2ms @ http://localhost:3000/_next/static/chunks/node_modules_next_dist_1e8vcs8._.js:776
[  140718ms] [LOG] [Fast Refresh] done in 2ms @ http://localhost:3000/_next/static/chunks/node_modules_next_dist_1e8vcs8._.js:776
[  140767ms] [LOG] [Fast Refresh] done in 2ms @ http://localhost:3000/_next/static/chunks/node_modules_next_dist_1e8vcs8._.js:776
[  140818ms] [LOG] [Fast Refresh] done in 2ms @ http://localhost:3000/_next/static/chunks/node_modules_next_dist_1e8vcs8._.js:776
[  140877ms] [LOG] [Fast Refresh] done in 2ms @ http://localhost:3000/_next/static/chunks/node_modules_next_dist_1e8vcs8._.js:776
[  140946ms] [LOG] [Fast Refresh] done in 2ms @ http://localhost:3000/_next/static/chunks/node_modules_next_dist_1e8vcs8._.js:776
[  140996ms] [LOG] [Fast Refresh] done in 2ms @ http://localhost:3000/_next/static/chunks/node_modules_next_dist_1e8vcs8._.js:776
[  141045ms] [LOG] [Fast Refresh] done in 2ms @ http://localhost:3000/_next/static/chunks/node_modules_next_dist_1e8vcs8._.js:776
[  141093ms] [LOG] [Fast Refresh] done in 2ms @ http://localhost:3000/_next/static/chunks/node_modules_next_dist_1e8vcs8._.js:776
[  141151ms] [LOG] [Fast Refresh] done in 2ms @ http://localhost:3000/_next/static/chunks/node_modules_next_dist_1e8vcs8._.js:776
[  141206ms] [LOG] [Fast Refresh] done in 2ms @ http://localhost:3000/_next/static/chunks/node_modules_next_dist_1e8vcs8._.js:776
[  141264ms] [LOG] [Fast Refresh] done in 2ms @ http://localhost:3000/_next/static/chunks/node_modules_next_dist_1e8vcs8._.js:776
[  141326ms] [LOG] [Fast Refresh] done in 2ms @ http://localhost:3000/_next/static/chunks/node_modules_next_dist_1e8vcs8._.js:776
[  141385ms] [LOG] [Fast Refresh] done in 2ms @ http://localhost:3000/_next/static/chunks/node_modules_next_dist_1e8vcs8._.js:776
[  141437ms] [LOG] [Fast Refresh] done in 2ms @ http://localhost:3000/_next/static/chunks/node_modules_next_dist_1e8vcs8._.js:776
[  141489ms] [LOG] [Fast Refresh] done in 2ms @ http://localhost:3000/_next/static/chunks/node_modules_next_dist_1e8vcs8._.js:776
[  141536ms] [LOG] [Fast Refresh] done in 2ms @ http://localhost:3000/_next/static/chunks/node_modules_next_dist_1e8vcs8._.js:776
[  141587ms] [LOG] [Fast Refresh] done in 2ms @ http://localhost:3000/_next/static/chunks/node_modules_next_dist_1e8vcs8._.js:776
[  141635ms] [LOG] [Fast Refresh] done in 2ms @ http://localhost:3000/_next/static/chunks/node_modules_next_dist_1e8vcs8._.js:776
[  141681ms] [LOG] [Fast Refresh] done in 2ms @ http://localhost:3000/_next/static/chunks/node_modules_next_dist_1e8vcs8._.js:776
[  141737ms] [LOG] [Fast Refresh] done in 2ms @ http://localhost:3000/_next/static/chunks/node_modules_next_dist_1e8vcs8._.js:776
[  141795ms] [LOG] [Fast Refresh] done in 2ms @ http://localhost:3000/_next/static/chunks/node_modules_next_dist_1e8vcs8._.js:776
[  141842ms] [LOG] [Fast Refresh] done in 2ms @ http://localhost:3000/_next/static/chunks/node_modules_next_dist_1e8vcs8._.js:776
[  141907ms] [LOG] [Fast Refresh] done in 2ms @ http://localhost:3000/_next/static/chunks/node_modules_next_dist_1e8vcs8._.js:776
[  141955ms] [LOG] [Fast Refresh] done in 2ms @ http://localhost:3000/_next/static/chunks/node_modules_next_dist_1e8vcs8._.js:776
[  142005ms] [LOG] [Fast Refresh] done in 2ms @ http://localhost:3000/_next/static/chunks/node_modules_next_dist_1e8vcs8._.js:776
[  142051ms] [LOG] [Fast Refresh] done in 2ms @ http://localhost:3000/_next/static/chunks/node_modules_next_dist_1e8vcs8._.js:776
[  142109ms] [LOG] [Fast Refresh] done in 2ms @ http://localhost:3000/_next/static/chunks/node_modules_next_dist_1e8vcs8._.js:776
[  142157ms] [LOG] [Fast Refresh] done in 2ms @ http://localhost:3000/_next/static/chunks/node_modules_next_dist_1e8vcs8._.js:776
[  142216ms] [LOG] [Fast Refresh] done in 2ms @ http://localhost:3000/_next/static/chunks/node_modules_next_dist_1e8vcs8._.js:776
[  142266ms] [LOG] [Fast Refresh] done in 2ms @ http://localhost:3000/_next/static/chunks/node_modules_next_dist_1e8vcs8._.js:776
[  142323ms] [LOG] [Fast Refresh] done in 2ms @ http://localhost:3000/_next/static/chunks/node_modules_next_dist_1e8vcs8._.js:776
[  142367ms] [LOG] [Fast Refresh] done in 2ms @ http://localhost:3000/_next/static/chunks/node_modules_next_dist_1e8vcs8._.js:776
[  142423ms] [LOG] [Fast Refresh] done in 2ms @ http://localhost:3000/_next/static/chunks/node_modules_next_dist_1e8vcs8._.js:776
[  142484ms] [LOG] [Fast Refresh] done in 2ms @ http://localhost:3000/_next/static/chunks/node_modules_next_dist_1e8vcs8._.js:776
[  142538ms] [LOG] [Fast Refresh] done in 2ms @ http://localhost:3000/_next/static/chunks/node_modules_next_dist_1e8vcs8._.js:776
[  142594ms] [LOG] [Fast Refresh] done in 2ms @ http://localhost:3000/_next/static/chunks/node_modules_next_dist_1e8vcs8._.js:776
[  142642ms] [LOG] [Fast Refresh] done in 2ms @ http://localhost:3000/_next/static/chunks/node_modules_next_dist_1e8vcs8._.js:776
[  142700ms] [LOG] [Fast Refresh] done in 2ms @ http://localhost:3000/_next/static/chunks/node_modules_next_dist_1e8vcs8._.js:776
[  142748ms] [LOG] [Fast Refresh] done in 2ms @ http://localhost:3000/_next/static/chunks/node_modules_next_dist_1e8vcs8._.js:776
[  142795ms] [LOG] [Fast Refresh] done in 2ms @ http://localhost:3000/_next/static/chunks/node_modules_next_dist_1e8vcs8._.js:776
[  142852ms] [LOG] [Fast Refresh] done in 2ms @ http://localhost:3000/_next/static/chunks/node_modules_next_dist_1e8vcs8._.js:776
[  142913ms] [LOG] [Fast Refresh] done in 2ms @ http://localhost:3000/_next/static/chunks/node_modules_next_dist_1e8vcs8._.js:776
[  142965ms] [LOG] [Fast Refresh] done in 2ms @ http://localhost:3000/_next/static/chunks/node_modules_next_dist_1e8vcs8._.js:776
[  143020ms] [LOG] [Fast Refresh] done in 2ms @ http://localhost:3000/_next/static/chunks/node_modules_next_dist_1e8vcs8._.js:776
[  143084ms] [LOG] [Fast Refresh] done in 2ms @ http://localhost:3000/_next/static/chunks/node_modules_next_dist_1e8vcs8._.js:776
[  143152ms] [LOG] [Fast Refresh] done in 2ms @ http://localhost:3000/_next/static/chunks/node_modules_next_dist_1e8vcs8._.js:776
[  143213ms] [LOG] [Fast Refresh] done in 2ms @ http://localhost:3000/_next/static/chunks/node_modules_next_dist_1e8vcs8._.js:776
[  143261ms] [LOG] [Fast Refresh] done in 2ms @ http://localhost:3000/_next/static/chunks/node_modules_next_dist_1e8vcs8._.js:776
[  143318ms] [LOG] [Fast Refresh] done in 2ms @ http://localhost:3000/_next/static/chunks/node_modules_next_dist_1e8vcs8._.js:776
[  143373ms] [LOG] [Fast Refresh] done in 2ms @ http://localhost:3000/_next/static/chunks/node_modules_next_dist_1e8vcs8._.js:776
[  143436ms] [LOG] [Fast Refresh] done in 2ms @ http://localhost:3000/_next/static/chunks/node_modules_next_dist_1e8vcs8._.js:776
[  143483ms] [LOG] [Fast Refresh] done in 2ms @ http://localhost:3000/_next/static/chunks/node_modules_next_dist_1e8vcs8._.js:776
[  143548ms] [LOG] [Fast Refresh] done in 2ms @ http://localhost:3000/_next/static/chunks/node_modules_next_dist_1e8vcs8._.js:776
[  143608ms] [LOG] [Fast Refresh] done in 2ms @ http://localhost:3000/_next/static/chunks/node_modules_next_dist_1e8vcs8._.js:776
[  143663ms] [LOG] [Fast Refresh] done in 2ms @ http://localhost:3000/_next/static/chunks/node_modules_next_dist_1e8vcs8._.js:776
[  143721ms] [LOG] [Fast Refresh] done in 2ms @ http://localhost:3000/_next/static/chunks/node_modules_next_dist_1e8vcs8._.js:776
[  143767ms] [LOG] [Fast Refresh] done in 2ms @ http://localhost:3000/_next/static/chunks/node_modules_next_dist_1e8vcs8._.js:776
[  143820ms] [LOG] [Fast Refresh] done in 2ms @ http://localhost:3000/_next/static/chunks/node_modules_next_dist_1e8vcs8._.js:776
[  143873ms] [LOG] [Fast Refresh] done in 2ms @ http://localhost:3000/_next/static/chunks/node_modules_next_dist_1e8vcs8._.js:776
[  143936ms] [LOG] [Fast Refresh] done in 2ms @ http://localhost:3000/_next/static/chunks/node_modules_next_dist_1e8vcs8._.js:776
[  143992ms] [LOG] [Fast Refresh] done in 2ms @ http://localhost:3000/_next/static/chunks/node_modules_next_dist_1e8vcs8._.js:776
[  144045ms] [LOG] [Fast Refresh] done in 2ms @ http://localhost:3000/_next/static/chunks/node_modules_next_dist_1e8vcs8._.js:776
[  144097ms] [LOG] [Fast Refresh] done in 2ms @ http://localhost:3000/_next/static/chunks/node_modules_next_dist_1e8vcs8._.js:776
[  144159ms] [LOG] [Fast Refresh] done in 2ms @ http://localhost:3000/_next/static/chunks/node_modules_next_dist_1e8vcs8._.js:776
[  144221ms] [LOG] [Fast Refresh] done in 2ms @ http://localhost:3000/_next/static/chunks/node_modules_next_dist_1e8vcs8._.js:776
[  144275ms] [LOG] [Fast Refresh] done in 2ms @ http://localhost:3000/_next/static/chunks/node_modules_next_dist_1e8vcs8._.js:776
[  144332ms] [LOG] [Fast Refresh] done in 2ms @ http://localhost:3000/_next/static/chunks/node_modules_next_dist_1e8vcs8._.js:776
[  144387ms] [LOG] [Fast Refresh] done in 2ms @ http://localhost:3000/_next/static/chunks/node_modules_next_dist_1e8vcs8._.js:776
[  144442ms] [LOG] [Fast Refresh] done in 2ms @ http://localhost:3000/_next/static/chunks/node_modules_next_dist_1e8vcs8._.js:776
[  144498ms] [LOG] [Fast Refresh] done in 2ms @ http://localhost:3000/_next/static/chunks/node_modules_next_dist_1e8vcs8._.js:776
[  144545ms] [LOG] [Fast Refresh] done in 2ms @ http://localhost:3000/_next/static/chunks/node_modules_next_dist_1e8vcs8._.js:776
[  144607ms] [LOG] [Fast Refresh] done in 2ms @ http://localhost:3000/_next/static/chunks/node_modules_next_dist_1e8vcs8._.js:776
[  144665ms] [LOG] [Fast Refresh] done in 2ms @ http://localhost:3000/_next/static/chunks/node_modules_next_dist_1e8vcs8._.js:776
[  144713ms] [LOG] [Fast Refresh] done in 2ms @ http://localhost:3000/_next/static/chunks/node_modules_next_dist_1e8vcs8._.js:776
[  144766ms] [LOG] [Fast Refresh] done in 2ms @ http://localhost:3000/_next/static/chunks/node_modules_next_dist_1e8vcs8._.js:776
[  144822ms] [LOG] [Fast Refresh] done in 2ms @ http://localhost:3000/_next/static/chunks/node_modules_next_dist_1e8vcs8._.js:776
[  144869ms] [LOG] [Fast Refresh] done in 2ms @ http://localhost:3000/_next/static/chunks/node_modules_next_dist_1e8vcs8._.js:776
[  144929ms] [LOG] [Fast Refresh] done in 2ms @ http://localhost:3000/_next/static/chunks/node_modules_next_dist_1e8vcs8._.js:776
[  144990ms] [LOG] [Fast Refresh] done in 2ms @ http://localhost:3000/_next/static/chunks/node_modules_next_dist_1e8vcs8._.js:776
[  145043ms] [LOG] [Fast Refresh] done in 2ms @ http://localhost:3000/_next/static/chunks/node_modules_next_dist_1e8vcs8._.js:776
[  145093ms] [LOG] [Fast Refresh] done in 2ms @ http://localhost:3000/_next/static/chunks/node_modules_next_dist_1e8vcs8._.js:776
[  145143ms] [LOG] [Fast Refresh] done in 2ms @ http://localhost:3000/_next/static/chunks/node_modules_next_dist_1e8vcs8._.js:776
[  145193ms] [LOG] [Fast Refresh] done in 2ms @ http://localhost:3000/_next/static/chunks/node_modules_next_dist_1e8vcs8._.js:776
[  145248ms] [LOG] [Fast Refresh] done in 2ms @ http://localhost:3000/_next/static/chunks/node_modules_next_dist_1e8vcs8._.js:776
[  145293ms] [LOG] [Fast Refresh] done in 2ms @ http://localhost:3000/_next/static/chunks/node_modules_next_dist_1e8vcs8._.js:776
[  145352ms] [LOG] [Fast Refresh] done in 2ms @ http://localhost:3000/_next/static/chunks/node_modules_next_dist_1e8vcs8._.js:776
[  145411ms] [LOG] [Fast Refresh] done in 2ms @ http://localhost:3000/_next/static/chunks/node_modules_next_dist_1e8vcs8._.js:776
[  145470ms] [LOG] [Fast Refresh] done in 2ms @ http://localhost:3000/_next/static/chunks/node_modules_next_dist_1e8vcs8._.js:776
[  145517ms] [LOG] [Fast Refresh] done in 2ms @ http://localhost:3000/_next/static/chunks/node_modules_next_dist_1e8vcs8._.js:776
[  145568ms] [LOG] [Fast Refresh] done in 2ms @ http://localhost:3000/_next/static/chunks/node_modules_next_dist_1e8vcs8._.js:776
[  145619ms] [LOG] [Fast Refresh] done in 2ms @ http://localhost:3000/_next/static/chunks/node_modules_next_dist_1e8vcs8._.js:776
[  145670ms] [LOG] [Fast Refresh] done in 2ms @ http://localhost:3000/_next/static/chunks/node_modules_next_dist_1e8vcs8._.js:776
[  145717ms] [LOG] [Fast Refresh] done in 2ms @ http://localhost:3000/_next/static/chunks/node_modules_next_dist_1e8vcs8._.js:776
[  145767ms] [LOG] [Fast Refresh] done in 2ms @ http://localhost:3000/_next/static/chunks/node_modules_next_dist_1e8vcs8._.js:776
[  145820ms] [LOG] [Fast Refresh] done in 2ms @ http://localhost:3000/_next/static/chunks/node_modules_next_dist_1e8vcs8._.js:776
[  145873ms] [LOG] [Fast Refresh] done in 2ms @ http://localhost:3000/_next/static/chunks/node_modules_next_dist_1e8vcs8._.js:776
[  145943ms] [LOG] [Fast Refresh] done in 2ms @ http://localhost:3000/_next/static/chunks/node_modules_next_dist_1e8vcs8._.js:776
[  145989ms] [LOG] [Fast Refresh] done in 2ms @ http://localhost:3000/_next/static/chunks/node_modules_next_dist_1e8vcs8._.js:776
[  146046ms] [LOG] [Fast Refresh] done in 2ms @ http://localhost:3000/_next/static/chunks/node_modules_next_dist_1e8vcs8._.js:776
[  146103ms] [LOG] [Fast Refresh] done in 2ms @ http://localhost:3000/_next/static/chunks/node_modules_next_dist_1e8vcs8._.js:776
[  146148ms] [LOG] [Fast Refresh] done in 2ms @ http://localhost:3000/_next/static/chunks/node_modules_next_dist_1e8vcs8._.js:776
[  146198ms] [LOG] [Fast Refresh] done in 2ms @ http://localhost:3000/_next/static/chunks/node_modules_next_dist_1e8vcs8._.js:776
[  146246ms] [LOG] [Fast Refresh] done in 2ms @ http://localhost:3000/_next/static/chunks/node_modules_next_dist_1e8vcs8._.js:776
[  146296ms] [LOG] [Fast Refresh] done in 2ms @ http://localhost:3000/_next/static/chunks/node_modules_next_dist_1e8vcs8._.js:776
[  146359ms] [LOG] [Fast Refresh] done in 2ms @ http://localhost:3000/_next/static/chunks/node_modules_next_dist_1e8vcs8._.js:776
[  146406ms] [LOG] [Fast Refresh] done in 2ms @ http://localhost:3000/_next/static/chunks/node_modules_next_dist_1e8vcs8._.js:776
[  146461ms] [LOG] [Fast Refresh] done in 2ms @ http://localhost:3000/_next/static/chunks/node_modules_next_dist_1e8vcs8._.js:776
[  146527ms] [LOG] [Fast Refresh] done in 2ms @ http://localhost:3000/_next/static/chunks/node_modules_next_dist_1e8vcs8._.js:776
[  146582ms] [LOG] [Fast Refresh] done in 2ms @ http://localhost:3000/_next/static/chunks/node_modules_next_dist_1e8vcs8._.js:776
[  146629ms] [LOG] [Fast Refresh] done in 2ms @ http://localhost:3000/_next/static/chunks/node_modules_next_dist_1e8vcs8._.js:776
[  146686ms] [LOG] [Fast Refresh] done in 2ms @ http://localhost:3000/_next/static/chunks/node_modules_next_dist_1e8vcs8._.js:776
[  146747ms] [LOG] [Fast Refresh] done in 2ms @ http://localhost:3000/_next/static/chunks/node_modules_next_dist_1e8vcs8._.js:776
[  146811ms] [LOG] [Fast Refresh] done in 2ms @ http://localhost:3000/_next/static/chunks/node_modules_next_dist_1e8vcs8._.js:776
[  146860ms] [LOG] [Fast Refresh] done in 2ms @ http://localhost:3000/_next/static/chunks/node_modules_next_dist_1e8vcs8._.js:776
[  146911ms] [LOG] [Fast Refresh] done in 2ms @ http://localhost:3000/_next/static/chunks/node_modules_next_dist_1e8vcs8._.js:776
[  146961ms] [LOG] [Fast Refresh] done in 2ms @ http://localhost:3000/_next/static/chunks/node_modules_next_dist_1e8vcs8._.js:776
[  147023ms] [LOG] [Fast Refresh] done in 2ms @ http://localhost:3000/_next/static/chunks/node_modules_next_dist_1e8vcs8._.js:776
[  147068ms] [LOG] [Fast Refresh] done in 2ms @ http://localhost:3000/_next/static/chunks/node_modules_next_dist_1e8vcs8._.js:776
[  147123ms] [LOG] [Fast Refresh] done in 2ms @ http://localhost:3000/_next/static/chunks/node_modules_next_dist_1e8vcs8._.js:776
[  147170ms] [LOG] [Fast Refresh] done in 2ms @ http://localhost:3000/_next/static/chunks/node_modules_next_dist_1e8vcs8._.js:776
[  147218ms] [LOG] [Fast Refresh] done in 2ms @ http://localhost:3000/_next/static/chunks/node_modules_next_dist_1e8vcs8._.js:776
[  147274ms] [LOG] [Fast Refresh] done in 2ms @ http://localhost:3000/_next/static/chunks/node_modules_next_dist_1e8vcs8._.js:776
[  147325ms] [LOG] [Fast Refresh] done in 2ms @ http://localhost:3000/_next/static/chunks/node_modules_next_dist_1e8vcs8._.js:776
[  147378ms] [LOG] [Fast Refresh] done in 2ms @ http://localhost:3000/_next/static/chunks/node_modules_next_dist_1e8vcs8._.js:776
[  147434ms] [LOG] [Fast Refresh] done in 2ms @ http://localhost:3000/_next/static/chunks/node_modules_next_dist_1e8vcs8._.js:776
[  147487ms] [LOG] [Fast Refresh] done in 2ms @ http://localhost:3000/_next/static/chunks/node_modules_next_dist_1e8vcs8._.js:776
[  147552ms] [LOG] [Fast Refresh] done in 2ms @ http://localhost:3000/_next/static/chunks/node_modules_next_dist_1e8vcs8._.js:776
[  147610ms] [LOG] [Fast Refresh] done in 2ms @ http://localhost:3000/_next/static/chunks/node_modules_next_dist_1e8vcs8._.js:776
[  147657ms] [LOG] [Fast Refresh] done in 2ms @ http://localhost:3000/_next/static/chunks/node_modules_next_dist_1e8vcs8._.js:776
[  147706ms] [LOG] [Fast Refresh] done in 2ms @ http://localhost:3000/_next/static/chunks/node_modules_next_dist_1e8vcs8._.js:776
[  147754ms] [LOG] [Fast Refresh] done in 2ms @ http://localhost:3000/_next/static/chunks/node_modules_next_dist_1e8vcs8._.js:776
[  147803ms] [LOG] [Fast Refresh] done in 2ms @ http://localhost:3000/_next/static/chunks/node_modules_next_dist_1e8vcs8._.js:776
[  147854ms] [LOG] [Fast Refresh] done in 2ms @ http://localhost:3000/_next/static/chunks/node_modules_next_dist_1e8vcs8._.js:776
[  147914ms] [LOG] [Fast Refresh] done in 2ms @ http://localhost:3000/_next/static/chunks/node_modules_next_dist_1e8vcs8._.js:776
[  147960ms] [LOG] [Fast Refresh] done in 2ms @ http://localhost:3000/_next/static/chunks/node_modules_next_dist_1e8vcs8._.js:776
[  148010ms] [LOG] [Fast Refresh] done in 2ms @ http://localhost:3000/_next/static/chunks/node_modules_next_dist_1e8vcs8._.js:776
[  148055ms] [LOG] [Fast Refresh] done in 2ms @ http://localhost:3000/_next/static/chunks/node_modules_next_dist_1e8vcs8._.js:776
[  148111ms] [LOG] [Fast Refresh] done in 2ms @ http://localhost:3000/_next/static/chunks/node_modules_next_dist_1e8vcs8._.js:776
[  148181ms] [LOG] [Fast Refresh] done in 2ms @ http://localhost:3000/_next/static/chunks/node_modules_next_dist_1e8vcs8._.js:776
[  148236ms] [LOG] [Fast Refresh] done in 2ms @ http://localhost:3000/_next/static/chunks/node_modules_next_dist_1e8vcs8._.js:776
[  148296ms] [LOG] [Fast Refresh] done in 2ms @ http://localhost:3000/_next/static/chunks/node_modules_next_dist_1e8vcs8._.js:776
[  148347ms] [LOG] [Fast Refresh] done in 2ms @ http://localhost:3000/_next/static/chunks/node_modules_next_dist_1e8vcs8._.js:776
[  148401ms] [LOG] [Fast Refresh] done in 2ms @ http://localhost:3000/_next/static/chunks/node_modules_next_dist_1e8vcs8._.js:776
[  148469ms] [LOG] [Fast Refresh] done in 2ms @ http://localhost:3000/_next/static/chunks/node_modules_next_dist_1e8vcs8._.js:776
[  148515ms] [LOG] [Fast Refresh] done in 2ms @ http://localhost:3000/_next/static/chunks/node_modules_next_dist_1e8vcs8._.js:776
[  148574ms] [LOG] [Fast Refresh] done in 2ms @ http://localhost:3000/_next/static/chunks/node_modules_next_dist_1e8vcs8._.js:776
[  148637ms] [LOG] [Fast Refresh] done in 2ms @ http://localhost:3000/_next/static/chunks/node_modules_next_dist_1e8vcs8._.js:776
[  148697ms] [LOG] [Fast Refresh] done in 2ms @ http://localhost:3000/_next/static/chunks/node_modules_next_dist_1e8vcs8._.js:776
[  148753ms] [LOG] [Fast Refresh] done in 2ms @ http://localhost:3000/_next/static/chunks/node_modules_next_dist_1e8vcs8._.js:776
[  148821ms] [LOG] [Fast Refresh] done in 2ms @ http://localhost:3000/_next/static/chunks/node_modules_next_dist_1e8vcs8._.js:776
[  148875ms] [LOG] [Fast Refresh] done in 2ms @ http://localhost:3000/_next/static/chunks/node_modules_next_dist_1e8vcs8._.js:776
[  148927ms] [LOG] [Fast Refresh] done in 2ms @ http://localhost:3000/_next/static/chunks/node_modules_next_dist_1e8vcs8._.js:776
[  148975ms] [LOG] [Fast Refresh] done in 2ms @ http://localhost:3000/_next/static/chunks/node_modules_next_dist_1e8vcs8._.js:776
[  149038ms] [LOG] [Fast Refresh] done in 2ms @ http://localhost:3000/_next/static/chunks/node_modules_next_dist_1e8vcs8._.js:776
[  149087ms] [LOG] [Fast Refresh] done in 2ms @ http://localhost:3000/_next/static/chunks/node_modules_next_dist_1e8vcs8._.js:776
[  149141ms] [LOG] [Fast Refresh] done in 2ms @ http://localhost:3000/_next/static/chunks/node_modules_next_dist_1e8vcs8._.js:776
[  149200ms] [LOG] [Fast Refresh] done in 2ms @ http://localhost:3000/_next/static/chunks/node_modules_next_dist_1e8vcs8._.js:776
[  149251ms] [LOG] [Fast Refresh] done in 2ms @ http://localhost:3000/_next/static/chunks/node_modules_next_dist_1e8vcs8._.js:776
[  149308ms] [LOG] [Fast Refresh] done in 2ms @ http://localhost:3000/_next/static/chunks/node_modules_next_dist_1e8vcs8._.js:776
[  149358ms] [LOG] [Fast Refresh] done in 2ms @ http://localhost:3000/_next/static/chunks/node_modules_next_dist_1e8vcs8._.js:776
[  149422ms] [LOG] [Fast Refresh] done in 2ms @ http://localhost:3000/_next/static/chunks/node_modules_next_dist_1e8vcs8._.js:776
[  149485ms] [LOG] [Fast Refresh] done in 2ms @ http://localhost:3000/_next/static/chunks/node_modules_next_dist_1e8vcs8._.js:776
[  149531ms] [LOG] [Fast Refresh] done in 2ms @ http://localhost:3000/_next/static/chunks/node_modules_next_dist_1e8vcs8._.js:776
[  149580ms] [LOG] [Fast Refresh] done in 2ms @ http://localhost:3000/_next/static/chunks/node_modules_next_dist_1e8vcs8._.js:776
[  149625ms] [LOG] [Fast Refresh] done in 2ms @ http://localhost:3000/_next/static/chunks/node_modules_next_dist_1e8vcs8._.js:776
[  149677ms] [LOG] [Fast Refresh] done in 2ms @ http://localhost:3000/_next/static/chunks/node_modules_next_dist_1e8vcs8._.js:776
[  149732ms] [LOG] [Fast Refresh] done in 2ms @ http://localhost:3000/_next/static/chunks/node_modules_next_dist_1e8vcs8._.js:776
[  149795ms] [LOG] [Fast Refresh] done in 2ms @ http://localhost:3000/_next/static/chunks/node_modules_next_dist_1e8vcs8._.js:776
[  149851ms] [LOG] [Fast Refresh] done in 2ms @ http://localhost:3000/_next/static/chunks/node_modules_next_dist_1e8vcs8._.js:776
[  149912ms] [LOG] [Fast Refresh] done in 2ms @ http://localhost:3000/_next/static/chunks/node_modules_next_dist_1e8vcs8._.js:776
[  149959ms] [LOG] [Fast Refresh] done in 2ms @ http://localhost:3000/_next/static/chunks/node_modules_next_dist_1e8vcs8._.js:776
[  150022ms] [LOG] [Fast Refresh] done in 2ms @ http://localhost:3000/_next/static/chunks/node_modules_next_dist_1e8vcs8._.js:776
[  150080ms] [LOG] [Fast Refresh] done in 2ms @ http://localhost:3000/_next/static/chunks/node_modules_next_dist_1e8vcs8._.js:776
[  150129ms] [LOG] [Fast Refresh] done in 2ms @ http://localhost:3000/_next/static/chunks/node_modules_next_dist_1e8vcs8._.js:776
[  150185ms] [LOG] [Fast Refresh] done in 2ms @ http://localhost:3000/_next/static/chunks/node_modules_next_dist_1e8vcs8._.js:776
[  150240ms] [LOG] [Fast Refresh] done in 2ms @ http://localhost:3000/_next/static/chunks/node_modules_next_dist_1e8vcs8._.js:776
[  150293ms] [LOG] [Fast Refresh] done in 2ms @ http://localhost:3000/_next/static/chunks/node_modules_next_dist_1e8vcs8._.js:776
[  150354ms] [LOG] [Fast Refresh] done in 2ms @ http://localhost:3000/_next/static/chunks/node_modules_next_dist_1e8vcs8._.js:776
[  150407ms] [LOG] [Fast Refresh] done in 2ms @ http://localhost:3000/_next/static/chunks/node_modules_next_dist_1e8vcs8._.js:776
[  150455ms] [LOG] [Fast Refresh] done in 2ms @ http://localhost:3000/_next/static/chunks/node_modules_next_dist_1e8vcs8._.js:776
[  150504ms] [LOG] [Fast Refresh] done in 2ms @ http://localhost:3000/_next/static/chunks/node_modules_next_dist_1e8vcs8._.js:776
[  150558ms] [LOG] [Fast Refresh] done in 2ms @ http://localhost:3000/_next/static/chunks/node_modules_next_dist_1e8vcs8._.js:776
[  150608ms] [LOG] [Fast Refresh] done in 2ms @ http://localhost:3000/_next/static/chunks/node_modules_next_dist_1e8vcs8._.js:776
[  150688ms] [LOG] [Fast Refresh] done in 2ms @ http://localhost:3000/_next/static/chunks/node_modules_next_dist_1e8vcs8._.js:776
[  150785ms] [LOG] [Fast Refresh] done in 2ms @ http://localhost:3000/_next/static/chunks/node_modules_next_dist_1e8vcs8._.js:776
[  150875ms] [LOG] [Fast Refresh] done in 2ms @ http://localhost:3000/_next/static/chunks/node_modules_next_dist_1e8vcs8._.js:776
[  150936ms] [LOG] [Fast Refresh] done in 2ms @ http://localhost:3000/_next/static/chunks/node_modules_next_dist_1e8vcs8._.js:776
[  150993ms] [LOG] [Fast Refresh] done in 2ms @ http://localhost:3000/_next/static/chunks/node_modules_next_dist_1e8vcs8._.js:776
[  151062ms] [LOG] [Fast Refresh] done in 2ms @ http://localhost:3000/_next/static/chunks/node_modules_next_dist_1e8vcs8._.js:776
[  151117ms] [LOG] [Fast Refresh] done in 2ms @ http://localhost:3000/_next/static/chunks/node_modules_next_dist_1e8vcs8._.js:776
[  151192ms] [LOG] [Fast Refresh] done in 2ms @ http://localhost:3000/_next/static/chunks/node_modules_next_dist_1e8vcs8._.js:776
[  151322ms] [LOG] [Fast Refresh] done in 2ms @ http://localhost:3000/_next/static/chunks/node_modules_next_dist_1e8vcs8._.js:776
[  151375ms] [LOG] [Fast Refresh] done in 2ms @ http://localhost:3000/_next/static/chunks/node_modules_next_dist_1e8vcs8._.js:776
[  151431ms] [LOG] [Fast Refresh] done in 2ms @ http://localhost:3000/_next/static/chunks/node_modules_next_dist_1e8vcs8._.js:776
[  151497ms] [LOG] [Fast Refresh] done in 2ms @ http://localhost:3000/_next/static/chunks/node_modules_next_dist_1e8vcs8._.js:776
[  151551ms] [LOG] [Fast Refresh] done in 2ms @ http://localhost:3000/_next/static/chunks/node_modules_next_dist_1e8vcs8._.js:776
[  151602ms] [LOG] [Fast Refresh] done in 2ms @ http://localhost:3000/_next/static/chunks/node_modules_next_dist_1e8vcs8._.js:776
[  151666ms] [LOG] [Fast Refresh] done in 2ms @ http://localhost:3000/_next/static/chunks/node_modules_next_dist_1e8vcs8._.js:776
[  151731ms] [LOG] [Fast Refresh] done in 2ms @ http://localhost:3000/_next/static/chunks/node_modules_next_dist_1e8vcs8._.js:776
[  151798ms] [LOG] [Fast Refresh] done in 2ms @ http://localhost:3000/_next/static/chunks/node_modules_next_dist_1e8vcs8._.js:776
[  151865ms] [LOG] [Fast Refresh] done in 2ms @ http://localhost:3000/_next/static/chunks/node_modules_next_dist_1e8vcs8._.js:776
[  151922ms] [LOG] [Fast Refresh] done in 2ms @ http://localhost:3000/_next/static/chunks/node_modules_next_dist_1e8vcs8._.js:776
[  151978ms] [LOG] [Fast Refresh] done in 2ms @ http://localhost:3000/_next/static/chunks/node_modules_next_dist_1e8vcs8._.js:776
[  152035ms] [LOG] [Fast Refresh] done in 2ms @ http://localhost:3000/_next/static/chunks/node_modules_next_dist_1e8vcs8._.js:776
[  152102ms] [LOG] [Fast Refresh] done in 2ms @ http://localhost:3000/_next/static/chunks/node_modules_next_dist_1e8vcs8._.js:776
[  152165ms] [LOG] [Fast Refresh] done in 2ms @ http://localhost:3000/_next/static/chunks/node_modules_next_dist_1e8vcs8._.js:776
[  152232ms] [LOG] [Fast Refresh] done in 2ms @ http://localhost:3000/_next/static/chunks/node_modules_next_dist_1e8vcs8._.js:776
[  152292ms] [LOG] [Fast Refresh] done in 2ms @ http://localhost:3000/_next/static/chunks/node_modules_next_dist_1e8vcs8._.js:776
[  152350ms] [LOG] [Fast Refresh] done in 2ms @ http://localhost:3000/_next/static/chunks/node_modules_next_dist_1e8vcs8._.js:776
[  152416ms] [LOG] [Fast Refresh] done in 2ms @ http://localhost:3000/_next/static/chunks/node_modules_next_dist_1e8vcs8._.js:776
[  152482ms] [LOG] [Fast Refresh] done in 2ms @ http://localhost:3000/_next/static/chunks/node_modules_next_dist_1e8vcs8._.js:776
[  152538ms] [LOG] [Fast Refresh] done in 2ms @ http://localhost:3000/_next/static/chunks/node_modules_next_dist_1e8vcs8._.js:776
[  152594ms] [LOG] [Fast Refresh] done in 2ms @ http://localhost:3000/_next/static/chunks/node_modules_next_dist_1e8vcs8._.js:776
[  152643ms] [LOG] [Fast Refresh] done in 2ms @ http://localhost:3000/_next/static/chunks/node_modules_next_dist_1e8vcs8._.js:776
[  152691ms] [LOG] [Fast Refresh] done in 2ms @ http://localhost:3000/_next/static/chunks/node_modules_next_dist_1e8vcs8._.js:776
[  152746ms] [LOG] [Fast Refresh] done in 2ms @ http://localhost:3000/_next/static/chunks/node_modules_next_dist_1e8vcs8._.js:776
[  152794ms] [LOG] [Fast Refresh] done in 2ms @ http://localhost:3000/_next/static/chunks/node_modules_next_dist_1e8vcs8._.js:776
[  152850ms] [LOG] [Fast Refresh] done in 2ms @ http://localhost:3000/_next/static/chunks/node_modules_next_dist_1e8vcs8._.js:776
[  152907ms] [LOG] [Fast Refresh] done in 2ms @ http://localhost:3000/_next/static/chunks/node_modules_next_dist_1e8vcs8._.js:776
[  152963ms] [LOG] [Fast Refresh] done in 2ms @ http://localhost:3000/_next/static/chunks/node_modules_next_dist_1e8vcs8._.js:776
[  153010ms] [LOG] [Fast Refresh] done in 2ms @ http://localhost:3000/_next/static/chunks/node_modules_next_dist_1e8vcs8._.js:776
[  153066ms] [LOG] [Fast Refresh] done in 2ms @ http://localhost:3000/_next/static/chunks/node_modules_next_dist_1e8vcs8._.js:776
[  153127ms] [LOG] [Fast Refresh] done in 2ms @ http://localhost:3000/_next/static/chunks/node_modules_next_dist_1e8vcs8._.js:776
[  153195ms] [LOG] [Fast Refresh] done in 2ms @ http://localhost:3000/_next/static/chunks/node_modules_next_dist_1e8vcs8._.js:776
[  153254ms] [LOG] [Fast Refresh] done in 2ms @ http://localhost:3000/_next/static/chunks/node_modules_next_dist_1e8vcs8._.js:776
[  153323ms] [LOG] [Fast Refresh] done in 2ms @ http://localhost:3000/_next/static/chunks/node_modules_next_dist_1e8vcs8._.js:776
[  153392ms] [LOG] [Fast Refresh] done in 2ms @ http://localhost:3000/_next/static/chunks/node_modules_next_dist_1e8vcs8._.js:776
[  153450ms] [LOG] [Fast Refresh] done in 2ms @ http://localhost:3000/_next/static/chunks/node_modules_next_dist_1e8vcs8._.js:776
[  153505ms] [LOG] [Fast Refresh] done in 2ms @ http://localhost:3000/_next/static/chunks/node_modules_next_dist_1e8vcs8._.js:776
[  153554ms] [LOG] [Fast Refresh] done in 2ms @ http://localhost:3000/_next/static/chunks/node_modules_next_dist_1e8vcs8._.js:776
[  153608ms] [LOG] [Fast Refresh] done in 2ms @ http://localhost:3000/_next/static/chunks/node_modules_next_dist_1e8vcs8._.js:776
[  153670ms] [LOG] [Fast Refresh] done in 2ms @ http://localhost:3000/_next/static/chunks/node_modules_next_dist_1e8vcs8._.js:776
[  153726ms] [LOG] [Fast Refresh] done in 2ms @ http://localhost:3000/_next/static/chunks/node_modules_next_dist_1e8vcs8._.js:776
[  153780ms] [LOG] [Fast Refresh] done in 2ms @ http://localhost:3000/_next/static/chunks/node_modules_next_dist_1e8vcs8._.js:776
[  153834ms] [LOG] [Fast Refresh] done in 2ms @ http://localhost:3000/_next/static/chunks/node_modules_next_dist_1e8vcs8._.js:776
[  153881ms] [LOG] [Fast Refresh] done in 2ms @ http://localhost:3000/_next/static/chunks/node_modules_next_dist_1e8vcs8._.js:776
[  153934ms] [LOG] [Fast Refresh] done in 2ms @ http://localhost:3000/_next/static/chunks/node_modules_next_dist_1e8vcs8._.js:776
[  153993ms] [LOG] [Fast Refresh] done in 2ms @ http://localhost:3000/_next/static/chunks/node_modules_next_dist_1e8vcs8._.js:776
[  154051ms] [LOG] [Fast Refresh] done in 2ms @ http://localhost:3000/_next/static/chunks/node_modules_next_dist_1e8vcs8._.js:776
[  154115ms] [LOG] [Fast Refresh] done in 2ms @ http://localhost:3000/_next/static/chunks/node_modules_next_dist_1e8vcs8._.js:776
[  154170ms] [LOG] [Fast Refresh] done in 2ms @ http://localhost:3000/_next/static/chunks/node_modules_next_dist_1e8vcs8._.js:776
[  154215ms] [LOG] [Fast Refresh] done in 2ms @ http://localhost:3000/_next/static/chunks/node_modules_next_dist_1e8vcs8._.js:776
[  154263ms] [LOG] [Fast Refresh] done in 2ms @ http://localhost:3000/_next/static/chunks/node_modules_next_dist_1e8vcs8._.js:776
[  154315ms] [LOG] [Fast Refresh] done in 2ms @ http://localhost:3000/_next/static/chunks/node_modules_next_dist_1e8vcs8._.js:776
[  154371ms] [LOG] [Fast Refresh] done in 2ms @ http://localhost:3000/_next/static/chunks/node_modules_next_dist_1e8vcs8._.js:776
[  154428ms] [LOG] [Fast Refresh] done in 2ms @ http://localhost:3000/_next/static/chunks/node_modules_next_dist_1e8vcs8._.js:776
[  154479ms] [LOG] [Fast Refresh] done in 2ms @ http://localhost:3000/_next/static/chunks/node_modules_next_dist_1e8vcs8._.js:776
[  154542ms] [LOG] [Fast Refresh] done in 2ms @ http://localhost:3000/_next/static/chunks/node_modules_next_dist_1e8vcs8._.js:776
[  154605ms] [LOG] [Fast Refresh] done in 2ms @ http://localhost:3000/_next/static/chunks/node_modules_next_dist_1e8vcs8._.js:776
[  154666ms] [LOG] [Fast Refresh] done in 2ms @ http://localhost:3000/_next/static/chunks/node_modules_next_dist_1e8vcs8._.js:776
[  154714ms] [LOG] [Fast Refresh] done in 2ms @ http://localhost:3000/_next/static/chunks/node_modules_next_dist_1e8vcs8._.js:776
[  154765ms] [LOG] [Fast Refresh] done in 2ms @ http://localhost:3000/_next/static/chunks/node_modules_next_dist_1e8vcs8._.js:776
[  154823ms] [LOG] [Fast Refresh] done in 2ms @ http://localhost:3000/_next/static/chunks/node_modules_next_dist_1e8vcs8._.js:776
[  154888ms] [LOG] [Fast Refresh] done in 2ms @ http://localhost:3000/_next/static/chunks/node_modules_next_dist_1e8vcs8._.js:776
[  154983ms] [LOG] [Fast Refresh] done in 2ms @ http://localhost:3000/_next/static/chunks/node_modules_next_dist_1e8vcs8._.js:776
[  155038ms] [LOG] [Fast Refresh] done in 2ms @ http://localhost:3000/_next/static/chunks/node_modules_next_dist_1e8vcs8._.js:776
[  155092ms] [LOG] [Fast Refresh] done in 2ms @ http://localhost:3000/_next/static/chunks/node_modules_next_dist_1e8vcs8._.js:776
[  155161ms] [LOG] [Fast Refresh] done in 2ms @ http://localhost:3000/_next/static/chunks/node_modules_next_dist_1e8vcs8._.js:776
[  155226ms] [LOG] [Fast Refresh] done in 2ms @ http://localhost:3000/_next/static/chunks/node_modules_next_dist_1e8vcs8._.js:776
[  155288ms] [LOG] [Fast Refresh] done in 2ms @ http://localhost:3000/_next/static/chunks/node_modules_next_dist_1e8vcs8._.js:776
[  155344ms] [LOG] [Fast Refresh] done in 2ms @ http://localhost:3000/_next/static/chunks/node_modules_next_dist_1e8vcs8._.js:776
[  155426ms] [LOG] [Fast Refresh] done in 2ms @ http://localhost:3000/_next/static/chunks/node_modules_next_dist_1e8vcs8._.js:776
[  155498ms] [LOG] [Fast Refresh] done in 2ms @ http://localhost:3000/_next/static/chunks/node_modules_next_dist_1e8vcs8._.js:776
[  155561ms] [LOG] [Fast Refresh] done in 2ms @ http://localhost:3000/_next/static/chunks/node_modules_next_dist_1e8vcs8._.js:776
[  155618ms] [LOG] [Fast Refresh] done in 2ms @ http://localhost:3000/_next/static/chunks/node_modules_next_dist_1e8vcs8._.js:776
[  155739ms] [LOG] [Fast Refresh] done in 2ms @ http://localhost:3000/_next/static/chunks/node_modules_next_dist_1e8vcs8._.js:776
[  155802ms] [LOG] [Fast Refresh] done in 2ms @ http://localhost:3000/_next/static/chunks/node_modules_next_dist_1e8vcs8._.js:776
[  155868ms] [LOG] [Fast Refresh] done in 2ms @ http://localhost:3000/_next/static/chunks/node_modules_next_dist_1e8vcs8._.js:776
[  155942ms] [LOG] [Fast Refresh] done in 2ms @ http://localhost:3000/_next/static/chunks/node_modules_next_dist_1e8vcs8._.js:776
[  156011ms] [LOG] [Fast Refresh] done in 2ms @ http://localhost:3000/_next/static/chunks/node_modules_next_dist_1e8vcs8._.js:776
[  156080ms] [LOG] [Fast Refresh] done in 2ms @ http://localhost:3000/_next/static/chunks/node_modules_next_dist_1e8vcs8._.js:776
[  156142ms] [LOG] [Fast Refresh] done in 2ms @ http://localhost:3000/_next/static/chunks/node_modules_next_dist_1e8vcs8._.js:776
[  156205ms] [LOG] [Fast Refresh] done in 2ms @ http://localhost:3000/_next/static/chunks/node_modules_next_dist_1e8vcs8._.js:776
[  156267ms] [LOG] [Fast Refresh] done in 2ms @ http://localhost:3000/_next/static/chunks/node_modules_next_dist_1e8vcs8._.js:776
[  156323ms] [LOG] [Fast Refresh] done in 2ms @ http://localhost:3000/_next/static/chunks/node_modules_next_dist_1e8vcs8._.js:776
[  156384ms] [LOG] [Fast Refresh] done in 2ms @ http://localhost:3000/_next/static/chunks/node_modules_next_dist_1e8vcs8._.js:776
[  156441ms] [LOG] [Fast Refresh] done in 2ms @ http://localhost:3000/_next/static/chunks/node_modules_next_dist_1e8vcs8._.js:776
[  156498ms] [LOG] [Fast Refresh] done in 2ms @ http://localhost:3000/_next/static/chunks/node_modules_next_dist_1e8vcs8._.js:776
[  156551ms] [LOG] [Fast Refresh] done in 2ms @ http://localhost:3000/_next/static/chunks/node_modules_next_dist_1e8vcs8._.js:776
[  156610ms] [LOG] [Fast Refresh] done in 2ms @ http://localhost:3000/_next/static/chunks/node_modules_next_dist_1e8vcs8._.js:776
[  156672ms] [LOG] [Fast Refresh] done in 2ms @ http://localhost:3000/_next/static/chunks/node_modules_next_dist_1e8vcs8._.js:776
[  156719ms] [LOG] [Fast Refresh] done in 2ms @ http://localhost:3000/_next/static/chunks/node_modules_next_dist_1e8vcs8._.js:776
[  156767ms] [LOG] [Fast Refresh] done in 2ms @ http://localhost:3000/_next/static/chunks/node_modules_next_dist_1e8vcs8._.js:776
[  156814ms] [LOG] [Fast Refresh] done in 2ms @ http://localhost:3000/_next/static/chunks/node_modules_next_dist_1e8vcs8._.js:776
[  156866ms] [LOG] [Fast Refresh] done in 2ms @ http://localhost:3000/_next/static/chunks/node_modules_next_dist_1e8vcs8._.js:776
[  156930ms] [LOG] [Fast Refresh] done in 2ms @ http://localhost:3000/_next/static/chunks/node_modules_next_dist_1e8vcs8._.js:776
[  156984ms] [LOG] [Fast Refresh] done in 2ms @ http://localhost:3000/_next/static/chunks/node_modules_next_dist_1e8vcs8._.js:776
[  157040ms] [LOG] [Fast Refresh] done in 2ms @ http://localhost:3000/_next/static/chunks/node_modules_next_dist_1e8vcs8._.js:776
[  157095ms] [LOG] [Fast Refresh] done in 2ms @ http://localhost:3000/_next/static/chunks/node_modules_next_dist_1e8vcs8._.js:776
[  157142ms] [LOG] [Fast Refresh] done in 2ms @ http://localhost:3000/_next/static/chunks/node_modules_next_dist_1e8vcs8._.js:776
[  157198ms] [LOG] [Fast Refresh] done in 2ms @ http://localhost:3000/_next/static/chunks/node_modules_next_dist_1e8vcs8._.js:776
[  157254ms] [LOG] [Fast Refresh] done in 2ms @ http://localhost:3000/_next/static/chunks/node_modules_next_dist_1e8vcs8._.js:776
[  157306ms] [LOG] [Fast Refresh] done in 2ms @ http://localhost:3000/_next/static/chunks/node_modules_next_dist_1e8vcs8._.js:776
[  157363ms] [LOG] [Fast Refresh] done in 2ms @ http://localhost:3000/_next/static/chunks/node_modules_next_dist_1e8vcs8._.js:776
[  157412ms] [LOG] [Fast Refresh] done in 2ms @ http://localhost:3000/_next/static/chunks/node_modules_next_dist_1e8vcs8._.js:776
[  157470ms] [LOG] [Fast Refresh] done in 2ms @ http://localhost:3000/_next/static/chunks/node_modules_next_dist_1e8vcs8._.js:776
[  157521ms] [LOG] [Fast Refresh] done in 2ms @ http://localhost:3000/_next/static/chunks/node_modules_next_dist_1e8vcs8._.js:776
[  157587ms] [LOG] [Fast Refresh] done in 2ms @ http://localhost:3000/_next/static/chunks/node_modules_next_dist_1e8vcs8._.js:776
[  157645ms] [LOG] [Fast Refresh] done in 2ms @ http://localhost:3000/_next/static/chunks/node_modules_next_dist_1e8vcs8._.js:776
[  157705ms] [LOG] [Fast Refresh] done in 2ms @ http://localhost:3000/_next/static/chunks/node_modules_next_dist_1e8vcs8._.js:776
[  157771ms] [LOG] [Fast Refresh] done in 2ms @ http://localhost:3000/_next/static/chunks/node_modules_next_dist_1e8vcs8._.js:776
[  157835ms] [LOG] [Fast Refresh] done in 2ms @ http://localhost:3000/_next/static/chunks/node_modules_next_dist_1e8vcs8._.js:776
[  157895ms] [LOG] [Fast Refresh] done in 2ms @ http://localhost:3000/_next/static/chunks/node_modules_next_dist_1e8vcs8._.js:776
[  157964ms] [LOG] [Fast Refresh] done in 2ms @ http://localhost:3000/_next/static/chunks/node_modules_next_dist_1e8vcs8._.js:776
[  158025ms] [LOG] [Fast Refresh] done in 2ms @ http://localhost:3000/_next/static/chunks/node_modules_next_dist_1e8vcs8._.js:776
[  158086ms] [LOG] [Fast Refresh] done in 2ms @ http://localhost:3000/_next/static/chunks/node_modules_next_dist_1e8vcs8._.js:776
[  158136ms] [LOG] [Fast Refresh] done in 2ms @ http://localhost:3000/_next/static/chunks/node_modules_next_dist_1e8vcs8._.js:776
[  158186ms] [LOG] [Fast Refresh] done in 2ms @ http://localhost:3000/_next/static/chunks/node_modules_next_dist_1e8vcs8._.js:776
[  158249ms] [LOG] [Fast Refresh] done in 2ms @ http://localhost:3000/_next/static/chunks/node_modules_next_dist_1e8vcs8._.js:776
[  158307ms] [LOG] [Fast Refresh] done in 2ms @ http://localhost:3000/_next/static/chunks/node_modules_next_dist_1e8vcs8._.js:776
[  158366ms] [LOG] [Fast Refresh] done in 2ms @ http://localhost:3000/_next/static/chunks/node_modules_next_dist_1e8vcs8._.js:776
[  158413ms] [LOG] [Fast Refresh] done in 2ms @ http://localhost:3000/_next/static/chunks/node_modules_next_dist_1e8vcs8._.js:776
[  158460ms] [LOG] [Fast Refresh] done in 2ms @ http://localhost:3000/_next/static/chunks/node_modules_next_dist_1e8vcs8._.js:776
[  158514ms] [LOG] [Fast Refresh] done in 2ms @ http://localhost:3000/_next/static/chunks/node_modules_next_dist_1e8vcs8._.js:776
[  158570ms] [LOG] [Fast Refresh] done in 2ms @ http://localhost:3000/_next/static/chunks/node_modules_next_dist_1e8vcs8._.js:776
[  158623ms] [LOG] [Fast Refresh] done in 2ms @ http://localhost:3000/_next/static/chunks/node_modules_next_dist_1e8vcs8._.js:776
[  158672ms] [LOG] [Fast Refresh] done in 2ms @ http://localhost:3000/_next/static/chunks/node_modules_next_dist_1e8vcs8._.js:776
[  158725ms] [LOG] [Fast Refresh] done in 2ms @ http://localhost:3000/_next/static/chunks/node_modules_next_dist_1e8vcs8._.js:776
[  158794ms] [LOG] [Fast Refresh] done in 2ms @ http://localhost:3000/_next/static/chunks/node_modules_next_dist_1e8vcs8._.js:776
[  158857ms] [LOG] [Fast Refresh] done in 2ms @ http://localhost:3000/_next/static/chunks/node_modules_next_dist_1e8vcs8._.js:776
[  158908ms] [LOG] [Fast Refresh] done in 2ms @ http://localhost:3000/_next/static/chunks/node_modules_next_dist_1e8vcs8._.js:776
[  158955ms] [LOG] [Fast Refresh] done in 2ms @ http://localhost:3000/_next/static/chunks/node_modules_next_dist_1e8vcs8._.js:776
[  159004ms] [LOG] [Fast Refresh] done in 2ms @ http://localhost:3000/_next/static/chunks/node_modules_next_dist_1e8vcs8._.js:776
[  159075ms] [LOG] [Fast Refresh] done in 2ms @ http://localhost:3000/_next/static/chunks/node_modules_next_dist_1e8vcs8._.js:776
[  159124ms] [LOG] [Fast Refresh] done in 2ms @ http://localhost:3000/_next/static/chunks/node_modules_next_dist_1e8vcs8._.js:776
[  159170ms] [LOG] [Fast Refresh] done in 2ms @ http://localhost:3000/_next/static/chunks/node_modules_next_dist_1e8vcs8._.js:776
[  159223ms] [LOG] [Fast Refresh] done in 2ms @ http://localhost:3000/_next/static/chunks/node_modules_next_dist_1e8vcs8._.js:776
[  159278ms] [LOG] [Fast Refresh] done in 2ms @ http://localhost:3000/_next/static/chunks/node_modules_next_dist_1e8vcs8._.js:776
[  159325ms] [LOG] [Fast Refresh] done in 2ms @ http://localhost:3000/_next/static/chunks/node_modules_next_dist_1e8vcs8._.js:776
[  159375ms] [LOG] [Fast Refresh] done in 2ms @ http://localhost:3000/_next/static/chunks/node_modules_next_dist_1e8vcs8._.js:776
[  159429ms] [LOG] [Fast Refresh] done in 2ms @ http://localhost:3000/_next/static/chunks/node_modules_next_dist_1e8vcs8._.js:776
[  159478ms] [LOG] [Fast Refresh] done in 2ms @ http://localhost:3000/_next/static/chunks/node_modules_next_dist_1e8vcs8._.js:776
[  159537ms] [LOG] [Fast Refresh] done in 2ms @ http://localhost:3000/_next/static/chunks/node_modules_next_dist_1e8vcs8._.js:776
[  159589ms] [LOG] [Fast Refresh] done in 2ms @ http://localhost:3000/_next/static/chunks/node_modules_next_dist_1e8vcs8._.js:776
[  159637ms] [LOG] [Fast Refresh] done in 2ms @ http://localhost:3000/_next/static/chunks/node_modules_next_dist_1e8vcs8._.js:776
[  159701ms] [LOG] [Fast Refresh] done in 2ms @ http://localhost:3000/_next/static/chunks/node_modules_next_dist_1e8vcs8._.js:776
[  159750ms] [LOG] [Fast Refresh] done in 2ms @ http://localhost:3000/_next/static/chunks/node_modules_next_dist_1e8vcs8._.js:776
[  159799ms] [LOG] [Fast Refresh] done in 2ms @ http://localhost:3000/_next/static/chunks/node_modules_next_dist_1e8vcs8._.js:776
[  159859ms] [LOG] [Fast Refresh] done in 2ms @ http://localhost:3000/_next/static/chunks/node_modules_next_dist_1e8vcs8._.js:776
[  159919ms] [LOG] [Fast Refresh] done in 2ms @ http://localhost:3000/_next/static/chunks/node_modules_next_dist_1e8vcs8._.js:776
[  159969ms] [LOG] [Fast Refresh] done in 2ms @ http://localhost:3000/_next/static/chunks/node_modules_next_dist_1e8vcs8._.js:776
[  160030ms] [LOG] [Fast Refresh] done in 2ms @ http://localhost:3000/_next/static/chunks/node_modules_next_dist_1e8vcs8._.js:776
[  160088ms] [LOG] [Fast Refresh] done in 2ms @ http://localhost:3000/_next/static/chunks/node_modules_next_dist_1e8vcs8._.js:776
[  160146ms] [LOG] [Fast Refresh] done in 2ms @ http://localhost:3000/_next/static/chunks/node_modules_next_dist_1e8vcs8._.js:776
[  160203ms] [LOG] [Fast Refresh] done in 2ms @ http://localhost:3000/_next/static/chunks/node_modules_next_dist_1e8vcs8._.js:776
[  160257ms] [LOG] [Fast Refresh] done in 2ms @ http://localhost:3000/_next/static/chunks/node_modules_next_dist_1e8vcs8._.js:776
[  160312ms] [LOG] [Fast Refresh] done in 2ms @ http://localhost:3000/_next/static/chunks/node_modules_next_dist_1e8vcs8._.js:776
[  160363ms] [LOG] [Fast Refresh] done in 2ms @ http://localhost:3000/_next/static/chunks/node_modules_next_dist_1e8vcs8._.js:776
[  160413ms] [LOG] [Fast Refresh] done in 2ms @ http://localhost:3000/_next/static/chunks/node_modules_next_dist_1e8vcs8._.js:776
[  160462ms] [LOG] [Fast Refresh] done in 2ms @ http://localhost:3000/_next/static/chunks/node_modules_next_dist_1e8vcs8._.js:776
[  160518ms] [LOG] [Fast Refresh] done in 2ms @ http://localhost:3000/_next/static/chunks/node_modules_next_dist_1e8vcs8._.js:776
[  160570ms] [LOG] [Fast Refresh] done in 2ms @ http://localhost:3000/_next/static/chunks/node_modules_next_dist_1e8vcs8._.js:776
[  160623ms] [LOG] [Fast Refresh] done in 2ms @ http://localhost:3000/_next/static/chunks/node_modules_next_dist_1e8vcs8._.js:776
[  160674ms] [LOG] [Fast Refresh] done in 2ms @ http://localhost:3000/_next/static/chunks/node_modules_next_dist_1e8vcs8._.js:776
[  160723ms] [LOG] [Fast Refresh] done in 2ms @ http://localhost:3000/_next/static/chunks/node_modules_next_dist_1e8vcs8._.js:776
[  160769ms] [LOG] [Fast Refresh] done in 2ms @ http://localhost:3000/_next/static/chunks/node_modules_next_dist_1e8vcs8._.js:776
[  160815ms] [LOG] [Fast Refresh] done in 2ms @ http://localhost:3000/_next/static/chunks/node_modules_next_dist_1e8vcs8._.js:776
[  160867ms] [LOG] [Fast Refresh] done in 2ms @ http://localhost:3000/_next/static/chunks/node_modules_next_dist_1e8vcs8._.js:776
[  160918ms] [LOG] [Fast Refresh] done in 2ms @ http://localhost:3000/_next/static/chunks/node_modules_next_dist_1e8vcs8._.js:776
[  160981ms] [LOG] [Fast Refresh] done in 2ms @ http://localhost:3000/_next/static/chunks/node_modules_next_dist_1e8vcs8._.js:776
[  161040ms] [LOG] [Fast Refresh] done in 2ms @ http://localhost:3000/_next/static/chunks/node_modules_next_dist_1e8vcs8._.js:776
[  161101ms] [LOG] [Fast Refresh] done in 2ms @ http://localhost:3000/_next/static/chunks/node_modules_next_dist_1e8vcs8._.js:776
[  161164ms] [LOG] [Fast Refresh] done in 2ms @ http://localhost:3000/_next/static/chunks/node_modules_next_dist_1e8vcs8._.js:776
[  161226ms] [LOG] [Fast Refresh] done in 2ms @ http://localhost:3000/_next/static/chunks/node_modules_next_dist_1e8vcs8._.js:776
[  161274ms] [LOG] [Fast Refresh] done in 2ms @ http://localhost:3000/_next/static/chunks/node_modules_next_dist_1e8vcs8._.js:776
[  161323ms] [LOG] [Fast Refresh] done in 2ms @ http://localhost:3000/_next/static/chunks/node_modules_next_dist_1e8vcs8._.js:776
[  161382ms] [LOG] [Fast Refresh] done in 2ms @ http://localhost:3000/_next/static/chunks/node_modules_next_dist_1e8vcs8._.js:776
[  161441ms] [LOG] [Fast Refresh] done in 2ms @ http://localhost:3000/_next/static/chunks/node_modules_next_dist_1e8vcs8._.js:776
[  161493ms] [LOG] [Fast Refresh] done in 2ms @ http://localhost:3000/_next/static/chunks/node_modules_next_dist_1e8vcs8._.js:776
[  161551ms] [LOG] [Fast Refresh] done in 2ms @ http://localhost:3000/_next/static/chunks/node_modules_next_dist_1e8vcs8._.js:776
[  161606ms] [LOG] [Fast Refresh] done in 2ms @ http://localhost:3000/_next/static/chunks/node_modules_next_dist_1e8vcs8._.js:776
[  161673ms] [LOG] [Fast Refresh] done in 2ms @ http://localhost:3000/_next/static/chunks/node_modules_next_dist_1e8vcs8._.js:776
[  161724ms] [LOG] [Fast Refresh] done in 2ms @ http://localhost:3000/_next/static/chunks/node_modules_next_dist_1e8vcs8._.js:776
[  161768ms] [LOG] [Fast Refresh] done in 2ms @ http://localhost:3000/_next/static/chunks/node_modules_next_dist_1e8vcs8._.js:776
[  161816ms] [LOG] [Fast Refresh] done in 2ms @ http://localhost:3000/_next/static/chunks/node_modules_next_dist_1e8vcs8._.js:776
[  161871ms] [LOG] [Fast Refresh] done in 2ms @ http://localhost:3000/_next/static/chunks/node_modules_next_dist_1e8vcs8._.js:776
[  161922ms] [LOG] [Fast Refresh] done in 2ms @ http://localhost:3000/_next/static/chunks/node_modules_next_dist_1e8vcs8._.js:776
[  161976ms] [LOG] [Fast Refresh] done in 2ms @ http://localhost:3000/_next/static/chunks/node_modules_next_dist_1e8vcs8._.js:776
[  162038ms] [LOG] [Fast Refresh] done in 2ms @ http://localhost:3000/_next/static/chunks/node_modules_next_dist_1e8vcs8._.js:776
[  162087ms] [LOG] [Fast Refresh] done in 2ms @ http://localhost:3000/_next/static/chunks/node_modules_next_dist_1e8vcs8._.js:776
[  162142ms] [LOG] [Fast Refresh] done in 2ms @ http://localhost:3000/_next/static/chunks/node_modules_next_dist_1e8vcs8._.js:776
[  162198ms] [LOG] [Fast Refresh] done in 2ms @ http://localhost:3000/_next/static/chunks/node_modules_next_dist_1e8vcs8._.js:776
[  162251ms] [LOG] [Fast Refresh] done in 2ms @ http://localhost:3000/_next/static/chunks/node_modules_next_dist_1e8vcs8._.js:776
[  162302ms] [LOG] [Fast Refresh] done in 2ms @ http://localhost:3000/_next/static/chunks/node_modules_next_dist_1e8vcs8._.js:776
[  162351ms] [LOG] [Fast Refresh] done in 2ms @ http://localhost:3000/_next/static/chunks/node_modules_next_dist_1e8vcs8._.js:776
[  162410ms] [LOG] [Fast Refresh] done in 2ms @ http://localhost:3000/_next/static/chunks/node_modules_next_dist_1e8vcs8._.js:776
[  162461ms] [LOG] [Fast Refresh] done in 2ms @ http://localhost:3000/_next/static/chunks/node_modules_next_dist_1e8vcs8._.js:776
[  162510ms] [LOG] [Fast Refresh] done in 2ms @ http://localhost:3000/_next/static/chunks/node_modules_next_dist_1e8vcs8._.js:776
[  162566ms] [LOG] [Fast Refresh] done in 2ms @ http://localhost:3000/_next/static/chunks/node_modules_next_dist_1e8vcs8._.js:776
[  162618ms] [LOG] [Fast Refresh] done in 2ms @ http://localhost:3000/_next/static/chunks/node_modules_next_dist_1e8vcs8._.js:776
[  162663ms] [LOG] [Fast Refresh] done in 2ms @ http://localhost:3000/_next/static/chunks/node_modules_next_dist_1e8vcs8._.js:776
[  162719ms] [LOG] [Fast Refresh] done in 2ms @ http://localhost:3000/_next/static/chunks/node_modules_next_dist_1e8vcs8._.js:776
[  162766ms] [LOG] [Fast Refresh] done in 2ms @ http://localhost:3000/_next/static/chunks/node_modules_next_dist_1e8vcs8._.js:776
[  162823ms] [LOG] [Fast Refresh] done in 2ms @ http://localhost:3000/_next/static/chunks/node_modules_next_dist_1e8vcs8._.js:776
[  162873ms] [LOG] [Fast Refresh] done in 2ms @ http://localhost:3000/_next/static/chunks/node_modules_next_dist_1e8vcs8._.js:776
[  162920ms] [LOG] [Fast Refresh] done in 2ms @ http://localhost:3000/_next/static/chunks/node_modules_next_dist_1e8vcs8._.js:776
[  162968ms] [LOG] [Fast Refresh] done in 2ms @ http://localhost:3000/_next/static/chunks/node_modules_next_dist_1e8vcs8._.js:776
[  163024ms] [LOG] [Fast Refresh] done in 2ms @ http://localhost:3000/_next/static/chunks/node_modules_next_dist_1e8vcs8._.js:776
[  163075ms] [LOG] [Fast Refresh] done in 2ms @ http://localhost:3000/_next/static/chunks/node_modules_next_dist_1e8vcs8._.js:776
[  163179ms] [LOG] [Fast Refresh] done in 2ms @ http://localhost:3000/_next/static/chunks/node_modules_next_dist_1e8vcs8._.js:776
[  163242ms] [LOG] [Fast Refresh] done in 2ms @ http://localhost:3000/_next/static/chunks/node_modules_next_dist_1e8vcs8._.js:776
[  163296ms] [LOG] [Fast Refresh] done in 2ms @ http://localhost:3000/_next/static/chunks/node_modules_next_dist_1e8vcs8._.js:776
[  163351ms] [LOG] [Fast Refresh] done in 2ms @ http://localhost:3000/_next/static/chunks/node_modules_next_dist_1e8vcs8._.js:776
[  163413ms] [LOG] [Fast Refresh] done in 2ms @ http://localhost:3000/_next/static/chunks/node_modules_next_dist_1e8vcs8._.js:776
[  163469ms] [LOG] [Fast Refresh] done in 2ms @ http://localhost:3000/_next/static/chunks/node_modules_next_dist_1e8vcs8._.js:776
[  163521ms] [LOG] [Fast Refresh] done in 2ms @ http://localhost:3000/_next/static/chunks/node_modules_next_dist_1e8vcs8._.js:776
[  163577ms] [LOG] [Fast Refresh] done in 2ms @ http://localhost:3000/_next/static/chunks/node_modules_next_dist_1e8vcs8._.js:776
[  163633ms] [LOG] [Fast Refresh] done in 2ms @ http://localhost:3000/_next/static/chunks/node_modules_next_dist_1e8vcs8._.js:776
[  163689ms] [LOG] [Fast Refresh] done in 2ms @ http://localhost:3000/_next/static/chunks/node_modules_next_dist_1e8vcs8._.js:776
[  163756ms] [LOG] [Fast Refresh] done in 2ms @ http://localhost:3000/_next/static/chunks/node_modules_next_dist_1e8vcs8._.js:776
[  163819ms] [LOG] [Fast Refresh] done in 2ms @ http://localhost:3000/_next/static/chunks/node_modules_next_dist_1e8vcs8._.js:776
[  163879ms] [LOG] [Fast Refresh] done in 2ms @ http://localhost:3000/_next/static/chunks/node_modules_next_dist_1e8vcs8._.js:776
[  163937ms] [LOG] [Fast Refresh] done in 2ms @ http://localhost:3000/_next/static/chunks/node_modules_next_dist_1e8vcs8._.js:776
[  163994ms] [LOG] [Fast Refresh] done in 2ms @ http://localhost:3000/_next/static/chunks/node_modules_next_dist_1e8vcs8._.js:776
[  164045ms] [LOG] [Fast Refresh] done in 2ms @ http://localhost:3000/_next/static/chunks/node_modules_next_dist_1e8vcs8._.js:776
[  164103ms] [LOG] [Fast Refresh] done in 2ms @ http://localhost:3000/_next/static/chunks/node_modules_next_dist_1e8vcs8._.js:776
[  164149ms] [LOG] [Fast Refresh] done in 2ms @ http://localhost:3000/_next/static/chunks/node_modules_next_dist_1e8vcs8._.js:776
[  164214ms] [LOG] [Fast Refresh] done in 2ms @ http://localhost:3000/_next/static/chunks/node_modules_next_dist_1e8vcs8._.js:776
[  164268ms] [LOG] [Fast Refresh] done in 2ms @ http://localhost:3000/_next/static/chunks/node_modules_next_dist_1e8vcs8._.js:776
[  164320ms] [LOG] [Fast Refresh] done in 2ms @ http://localhost:3000/_next/static/chunks/node_modules_next_dist_1e8vcs8._.js:776
[  164374ms] [LOG] [Fast Refresh] done in 2ms @ http://localhost:3000/_next/static/chunks/node_modules_next_dist_1e8vcs8._.js:776
[  164420ms] [LOG] [Fast Refresh] done in 2ms @ http://localhost:3000/_next/static/chunks/node_modules_next_dist_1e8vcs8._.js:776
[  164476ms] [LOG] [Fast Refresh] done in 2ms @ http://localhost:3000/_next/static/chunks/node_modules_next_dist_1e8vcs8._.js:776
[  164527ms] [LOG] [Fast Refresh] done in 2ms @ http://localhost:3000/_next/static/chunks/node_modules_next_dist_1e8vcs8._.js:776
[  164583ms] [LOG] [Fast Refresh] done in 2ms @ http://localhost:3000/_next/static/chunks/node_modules_next_dist_1e8vcs8._.js:776
[  164633ms] [LOG] [Fast Refresh] done in 2ms @ http://localhost:3000/_next/static/chunks/node_modules_next_dist_1e8vcs8._.js:776
[  164684ms] [LOG] [Fast Refresh] done in 2ms @ http://localhost:3000/_next/static/chunks/node_modules_next_dist_1e8vcs8._.js:776
[  164733ms] [LOG] [Fast Refresh] done in 2ms @ http://localhost:3000/_next/static/chunks/node_modules_next_dist_1e8vcs8._.js:776
[  164790ms] [LOG] [Fast Refresh] done in 2ms @ http://localhost:3000/_next/static/chunks/node_modules_next_dist_1e8vcs8._.js:776
[  164838ms] [LOG] [Fast Refresh] done in 2ms @ http://localhost:3000/_next/static/chunks/node_modules_next_dist_1e8vcs8._.js:776
[  164893ms] [LOG] [Fast Refresh] done in 2ms @ http://localhost:3000/_next/static/chunks/node_modules_next_dist_1e8vcs8._.js:776
[  164942ms] [LOG] [Fast Refresh] done in 2ms @ http://localhost:3000/_next/static/chunks/node_modules_next_dist_1e8vcs8._.js:776
[  164989ms] [LOG] [Fast Refresh] done in 2ms @ http://localhost:3000/_next/static/chunks/node_modules_next_dist_1e8vcs8._.js:776
[  165048ms] [LOG] [Fast Refresh] done in 2ms @ http://localhost:3000/_next/static/chunks/node_modules_next_dist_1e8vcs8._.js:776
[  165099ms] [LOG] [Fast Refresh] done in 2ms @ http://localhost:3000/_next/static/chunks/node_modules_next_dist_1e8vcs8._.js:776
[  165145ms] [LOG] [Fast Refresh] done in 2ms @ http://localhost:3000/_next/static/chunks/node_modules_next_dist_1e8vcs8._.js:776
[  165207ms] [LOG] [Fast Refresh] done in 2ms @ http://localhost:3000/_next/static/chunks/node_modules_next_dist_1e8vcs8._.js:776
[  165263ms] [LOG] [Fast Refresh] done in 2ms @ http://localhost:3000/_next/static/chunks/node_modules_next_dist_1e8vcs8._.js:776
[  165314ms] [LOG] [Fast Refresh] done in 2ms @ http://localhost:3000/_next/static/chunks/node_modules_next_dist_1e8vcs8._.js:776
[  165372ms] [LOG] [Fast Refresh] done in 2ms @ http://localhost:3000/_next/static/chunks/node_modules_next_dist_1e8vcs8._.js:776
[  165421ms] [LOG] [Fast Refresh] done in 2ms @ http://localhost:3000/_next/static/chunks/node_modules_next_dist_1e8vcs8._.js:776
[  165469ms] [LOG] [Fast Refresh] done in 2ms @ http://localhost:3000/_next/static/chunks/node_modules_next_dist_1e8vcs8._.js:776
[  165525ms] [LOG] [Fast Refresh] done in 2ms @ http://localhost:3000/_next/static/chunks/node_modules_next_dist_1e8vcs8._.js:776
[  165573ms] [LOG] [Fast Refresh] done in 2ms @ http://localhost:3000/_next/static/chunks/node_modules_next_dist_1e8vcs8._.js:776
[  165630ms] [LOG] [Fast Refresh] done in 2ms @ http://localhost:3000/_next/static/chunks/node_modules_next_dist_1e8vcs8._.js:776
[  165680ms] [LOG] [Fast Refresh] done in 2ms @ http://localhost:3000/_next/static/chunks/node_modules_next_dist_1e8vcs8._.js:776
[  165737ms] [LOG] [Fast Refresh] done in 2ms @ http://localhost:3000/_next/static/chunks/node_modules_next_dist_1e8vcs8._.js:776
[  165803ms] [LOG] [Fast Refresh] done in 2ms @ http://localhost:3000/_next/static/chunks/node_modules_next_dist_1e8vcs8._.js:776
[  165858ms] [LOG] [Fast Refresh] done in 2ms @ http://localhost:3000/_next/static/chunks/node_modules_next_dist_1e8vcs8._.js:776
[  165928ms] [LOG] [Fast Refresh] done in 2ms @ http://localhost:3000/_next/static/chunks/node_modules_next_dist_1e8vcs8._.js:776
[  165986ms] [LOG] [Fast Refresh] done in 2ms @ http://localhost:3000/_next/static/chunks/node_modules_next_dist_1e8vcs8._.js:776
[  166044ms] [LOG] [Fast Refresh] done in 2ms @ http://localhost:3000/_next/static/chunks/node_modules_next_dist_1e8vcs8._.js:776
[  166117ms] [LOG] [Fast Refresh] done in 2ms @ http://localhost:3000/_next/static/chunks/node_modules_next_dist_1e8vcs8._.js:776
[  166179ms] [LOG] [Fast Refresh] done in 2ms @ http://localhost:3000/_next/static/chunks/node_modules_next_dist_1e8vcs8._.js:776
[  166229ms] [LOG] [Fast Refresh] done in 2ms @ http://localhost:3000/_next/static/chunks/node_modules_next_dist_1e8vcs8._.js:776
[  166297ms] [LOG] [Fast Refresh] done in 2ms @ http://localhost:3000/_next/static/chunks/node_modules_next_dist_1e8vcs8._.js:776
[  166358ms] [LOG] [Fast Refresh] done in 2ms @ http://localhost:3000/_next/static/chunks/node_modules_next_dist_1e8vcs8._.js:776
[  166422ms] [LOG] [Fast Refresh] done in 2ms @ http://localhost:3000/_next/static/chunks/node_modules_next_dist_1e8vcs8._.js:776
[  166491ms] [LOG] [Fast Refresh] done in 2ms @ http://localhost:3000/_next/static/chunks/node_modules_next_dist_1e8vcs8._.js:776
[  166554ms] [LOG] [Fast Refresh] done in 2ms @ http://localhost:3000/_next/static/chunks/node_modules_next_dist_1e8vcs8._.js:776
[  166618ms] [LOG] [Fast Refresh] done in 2ms @ http://localhost:3000/_next/static/chunks/node_modules_next_dist_1e8vcs8._.js:776
[  166678ms] [LOG] [Fast Refresh] done in 2ms @ http://localhost:3000/_next/static/chunks/node_modules_next_dist_1e8vcs8._.js:776
[  166742ms] [LOG] [Fast Refresh] done in 2ms @ http://localhost:3000/_next/static/chunks/node_modules_next_dist_1e8vcs8._.js:776
[  166798ms] [LOG] [Fast Refresh] done in 2ms @ http://localhost:3000/_next/static/chunks/node_modules_next_dist_1e8vcs8._.js:776
[  166856ms] [LOG] [Fast Refresh] done in 2ms @ http://localhost:3000/_next/static/chunks/node_modules_next_dist_1e8vcs8._.js:776
[  166917ms] [LOG] [Fast Refresh] done in 2ms @ http://localhost:3000/_next/static/chunks/node_modules_next_dist_1e8vcs8._.js:776
[  166978ms] [LOG] [Fast Refresh] done in 2ms @ http://localhost:3000/_next/static/chunks/node_modules_next_dist_1e8vcs8._.js:776
[  167047ms] [LOG] [Fast Refresh] done in 2ms @ http://localhost:3000/_next/static/chunks/node_modules_next_dist_1e8vcs8._.js:776
[  167108ms] [LOG] [Fast Refresh] done in 2ms @ http://localhost:3000/_next/static/chunks/node_modules_next_dist_1e8vcs8._.js:776
[  167163ms] [LOG] [Fast Refresh] done in 2ms @ http://localhost:3000/_next/static/chunks/node_modules_next_dist_1e8vcs8._.js:776
[  167217ms] [LOG] [Fast Refresh] done in 2ms @ http://localhost:3000/_next/static/chunks/node_modules_next_dist_1e8vcs8._.js:776
[  167274ms] [LOG] [Fast Refresh] done in 2ms @ http://localhost:3000/_next/static/chunks/node_modules_next_dist_1e8vcs8._.js:776
[  167330ms] [LOG] [Fast Refresh] done in 2ms @ http://localhost:3000/_next/static/chunks/node_modules_next_dist_1e8vcs8._.js:776
[  167385ms] [LOG] [Fast Refresh] done in 2ms @ http://localhost:3000/_next/static/chunks/node_modules_next_dist_1e8vcs8._.js:776
[  167436ms] [LOG] [Fast Refresh] done in 2ms @ http://localhost:3000/_next/static/chunks/node_modules_next_dist_1e8vcs8._.js:776
[  167491ms] [LOG] [Fast Refresh] done in 2ms @ http://localhost:3000/_next/static/chunks/node_modules_next_dist_1e8vcs8._.js:776
[  167554ms] [LOG] [Fast Refresh] done in 2ms @ http://localhost:3000/_next/static/chunks/node_modules_next_dist_1e8vcs8._.js:776
[  167617ms] [LOG] [Fast Refresh] done in 2ms @ http://localhost:3000/_next/static/chunks/node_modules_next_dist_1e8vcs8._.js:776
[  167670ms] [LOG] [Fast Refresh] done in 2ms @ http://localhost:3000/_next/static/chunks/node_modules_next_dist_1e8vcs8._.js:776
[  167724ms] [LOG] [Fast Refresh] done in 2ms @ http://localhost:3000/_next/static/chunks/node_modules_next_dist_1e8vcs8._.js:776
[  167771ms] [LOG] [Fast Refresh] done in 2ms @ http://localhost:3000/_next/static/chunks/node_modules_next_dist_1e8vcs8._.js:776
[  167879ms] [LOG] [Fast Refresh] done in 2ms @ http://localhost:3000/_next/static/chunks/node_modules_next_dist_1e8vcs8._.js:776
[  167929ms] [LOG] [Fast Refresh] done in 2ms @ http://localhost:3000/_next/static/chunks/node_modules_next_dist_1e8vcs8._.js:776
[  167983ms] [LOG] [Fast Refresh] done in 2ms @ http://localhost:3000/_next/static/chunks/node_modules_next_dist_1e8vcs8._.js:776
[  168050ms] [LOG] [Fast Refresh] done in 2ms @ http://localhost:3000/_next/static/chunks/node_modules_next_dist_1e8vcs8._.js:776
[  168107ms] [LOG] [Fast Refresh] done in 2ms @ http://localhost:3000/_next/static/chunks/node_modules_next_dist_1e8vcs8._.js:776
[  168174ms] [LOG] [Fast Refresh] done in 2ms @ http://localhost:3000/_next/static/chunks/node_modules_next_dist_1e8vcs8._.js:776
[  168234ms] [LOG] [Fast Refresh] done in 2ms @ http://localhost:3000/_next/static/chunks/node_modules_next_dist_1e8vcs8._.js:776
[  168289ms] [LOG] [Fast Refresh] done in 2ms @ http://localhost:3000/_next/static/chunks/node_modules_next_dist_1e8vcs8._.js:776
[  168344ms] [LOG] [Fast Refresh] done in 2ms @ http://localhost:3000/_next/static/chunks/node_modules_next_dist_1e8vcs8._.js:776
[  168396ms] [LOG] [Fast Refresh] done in 2ms @ http://localhost:3000/_next/static/chunks/node_modules_next_dist_1e8vcs8._.js:776
[  168498ms] [LOG] [Fast Refresh] done in 2ms @ http://localhost:3000/_next/static/chunks/node_modules_next_dist_1e8vcs8._.js:776
[  168608ms] [LOG] [Fast Refresh] done in 2ms @ http://localhost:3000/_next/static/chunks/node_modules_next_dist_1e8vcs8._.js:776
[  168693ms] [LOG] [Fast Refresh] done in 2ms @ http://localhost:3000/_next/static/chunks/node_modules_next_dist_1e8vcs8._.js:776
[  168752ms] [LOG] [Fast Refresh] done in 2ms @ http://localhost:3000/_next/static/chunks/node_modules_next_dist_1e8vcs8._.js:776
[  168819ms] [LOG] [Fast Refresh] done in 2ms @ http://localhost:3000/_next/static/chunks/node_modules_next_dist_1e8vcs8._.js:776
[  168883ms] [LOG] [Fast Refresh] done in 2ms @ http://localhost:3000/_next/static/chunks/node_modules_next_dist_1e8vcs8._.js:776
[  168941ms] [LOG] [Fast Refresh] done in 2ms @ http://localhost:3000/_next/static/chunks/node_modules_next_dist_1e8vcs8._.js:776
[  168990ms] [LOG] [Fast Refresh] done in 2ms @ http://localhost:3000/_next/static/chunks/node_modules_next_dist_1e8vcs8._.js:776
[  169052ms] [LOG] [Fast Refresh] done in 2ms @ http://localhost:3000/_next/static/chunks/node_modules_next_dist_1e8vcs8._.js:776
[  169118ms] [LOG] [Fast Refresh] done in 2ms @ http://localhost:3000/_next/static/chunks/node_modules_next_dist_1e8vcs8._.js:776
[  169170ms] [LOG] [Fast Refresh] done in 2ms @ http://localhost:3000/_next/static/chunks/node_modules_next_dist_1e8vcs8._.js:776
[  169223ms] [LOG] [Fast Refresh] done in 2ms @ http://localhost:3000/_next/static/chunks/node_modules_next_dist_1e8vcs8._.js:776
[  169294ms] [LOG] [Fast Refresh] done in 2ms @ http://localhost:3000/_next/static/chunks/node_modules_next_dist_1e8vcs8._.js:776
[  169358ms] [LOG] [Fast Refresh] done in 2ms @ http://localhost:3000/_next/static/chunks/node_modules_next_dist_1e8vcs8._.js:776
[  169413ms] [LOG] [Fast Refresh] done in 2ms @ http://localhost:3000/_next/static/chunks/node_modules_next_dist_1e8vcs8._.js:776
[  169475ms] [LOG] [Fast Refresh] done in 2ms @ http://localhost:3000/_next/static/chunks/node_modules_next_dist_1e8vcs8._.js:776
[  169542ms] [LOG] [Fast Refresh] done in 2ms @ http://localhost:3000/_next/static/chunks/node_modules_next_dist_1e8vcs8._.js:776
[  169601ms] [LOG] [Fast Refresh] done in 2ms @ http://localhost:3000/_next/static/chunks/node_modules_next_dist_1e8vcs8._.js:776
[  169653ms] [LOG] [Fast Refresh] done in 2ms @ http://localhost:3000/_next/static/chunks/node_modules_next_dist_1e8vcs8._.js:776
[  169702ms] [LOG] [Fast Refresh] done in 2ms @ http://localhost:3000/_next/static/chunks/node_modules_next_dist_1e8vcs8._.js:776
[  169774ms] [LOG] [Fast Refresh] done in 2ms @ http://localhost:3000/_next/static/chunks/node_modules_next_dist_1e8vcs8._.js:776
[  169830ms] [LOG] [Fast Refresh] done in 2ms @ http://localhost:3000/_next/static/chunks/node_modules_next_dist_1e8vcs8._.js:776
[  169885ms] [LOG] [Fast Refresh] done in 2ms @ http://localhost:3000/_next/static/chunks/node_modules_next_dist_1e8vcs8._.js:776
[  169938ms] [LOG] [Fast Refresh] done in 2ms @ http://localhost:3000/_next/static/chunks/node_modules_next_dist_1e8vcs8._.js:776
[  169997ms] [LOG] [Fast Refresh] done in 2ms @ http://localhost:3000/_next/static/chunks/node_modules_next_dist_1e8vcs8._.js:776
[  170060ms] [LOG] [Fast Refresh] done in 2ms @ http://localhost:3000/_next/static/chunks/node_modules_next_dist_1e8vcs8._.js:776
[  170131ms] [LOG] [Fast Refresh] done in 2ms @ http://localhost:3000/_next/static/chunks/node_modules_next_dist_1e8vcs8._.js:776
[  170194ms] [LOG] [Fast Refresh] done in 2ms @ http://localhost:3000/_next/static/chunks/node_modules_next_dist_1e8vcs8._.js:776
[  170251ms] [LOG] [Fast Refresh] done in 2ms @ http://localhost:3000/_next/static/chunks/node_modules_next_dist_1e8vcs8._.js:776
[  170313ms] [LOG] [Fast Refresh] done in 2ms @ http://localhost:3000/_next/static/chunks/node_modules_next_dist_1e8vcs8._.js:776
[  170374ms] [LOG] [Fast Refresh] done in 2ms @ http://localhost:3000/_next/static/chunks/node_modules_next_dist_1e8vcs8._.js:776
[  170439ms] [LOG] [Fast Refresh] done in 2ms @ http://localhost:3000/_next/static/chunks/node_modules_next_dist_1e8vcs8._.js:776
[  170498ms] [LOG] [Fast Refresh] done in 2ms @ http://localhost:3000/_next/static/chunks/node_modules_next_dist_1e8vcs8._.js:776
[  170556ms] [LOG] [Fast Refresh] done in 2ms @ http://localhost:3000/_next/static/chunks/node_modules_next_dist_1e8vcs8._.js:776
[  170617ms] [LOG] [Fast Refresh] done in 2ms @ http://localhost:3000/_next/static/chunks/node_modules_next_dist_1e8vcs8._.js:776
[  170671ms] [LOG] [Fast Refresh] done in 2ms @ http://localhost:3000/_next/static/chunks/node_modules_next_dist_1e8vcs8._.js:776
[  170735ms] [LOG] [Fast Refresh] done in 2ms @ http://localhost:3000/_next/static/chunks/node_modules_next_dist_1e8vcs8._.js:776
[  170790ms] [LOG] [Fast Refresh] done in 2ms @ http://localhost:3000/_next/static/chunks/node_modules_next_dist_1e8vcs8._.js:776
[  170840ms] [LOG] [Fast Refresh] done in 2ms @ http://localhost:3000/_next/static/chunks/node_modules_next_dist_1e8vcs8._.js:776
[  170894ms] [LOG] [Fast Refresh] done in 2ms @ http://localhost:3000/_next/static/chunks/node_modules_next_dist_1e8vcs8._.js:776
[  170955ms] [LOG] [Fast Refresh] done in 2ms @ http://localhost:3000/_next/static/chunks/node_modules_next_dist_1e8vcs8._.js:776
[  171019ms] [LOG] [Fast Refresh] done in 2ms @ http://localhost:3000/_next/static/chunks/node_modules_next_dist_1e8vcs8._.js:776
[  171074ms] [LOG] [Fast Refresh] done in 2ms @ http://localhost:3000/_next/static/chunks/node_modules_next_dist_1e8vcs8._.js:776
[  171140ms] [LOG] [Fast Refresh] done in 2ms @ http://localhost:3000/_next/static/chunks/node_modules_next_dist_1e8vcs8._.js:776
[  171206ms] [LOG] [Fast Refresh] done in 2ms @ http://localhost:3000/_next/static/chunks/node_modules_next_dist_1e8vcs8._.js:776
[  171272ms] [LOG] [Fast Refresh] done in 2ms @ http://localhost:3000/_next/static/chunks/node_modules_next_dist_1e8vcs8._.js:776
[  171322ms] [LOG] [Fast Refresh] done in 2ms @ http://localhost:3000/_next/static/chunks/node_modules_next_dist_1e8vcs8._.js:776
[  171384ms] [LOG] [Fast Refresh] done in 2ms @ http://localhost:3000/_next/static/chunks/node_modules_next_dist_1e8vcs8._.js:776
[  171437ms] [LOG] [Fast Refresh] done in 2ms @ http://localhost:3000/_next/static/chunks/node_modules_next_dist_1e8vcs8._.js:776
[  171492ms] [LOG] [Fast Refresh] done in 2ms @ http://localhost:3000/_next/static/chunks/node_modules_next_dist_1e8vcs8._.js:776
[  171560ms] [LOG] [Fast Refresh] done in 2ms @ http://localhost:3000/_next/static/chunks/node_modules_next_dist_1e8vcs8._.js:776
[  171608ms] [LOG] [Fast Refresh] done in 2ms @ http://localhost:3000/_next/static/chunks/node_modules_next_dist_1e8vcs8._.js:776
[  171663ms] [LOG] [Fast Refresh] done in 2ms @ http://localhost:3000/_next/static/chunks/node_modules_next_dist_1e8vcs8._.js:776
[  171712ms] [LOG] [Fast Refresh] done in 2ms @ http://localhost:3000/_next/static/chunks/node_modules_next_dist_1e8vcs8._.js:776
[  171766ms] [LOG] [Fast Refresh] done in 2ms @ http://localhost:3000/_next/static/chunks/node_modules_next_dist_1e8vcs8._.js:776
[  171810ms] [LOG] [Fast Refresh] done in 2ms @ http://localhost:3000/_next/static/chunks/node_modules_next_dist_1e8vcs8._.js:776
[  171858ms] [LOG] [Fast Refresh] done in 2ms @ http://localhost:3000/_next/static/chunks/node_modules_next_dist_1e8vcs8._.js:776
[  171910ms] [LOG] [Fast Refresh] done in 2ms @ http://localhost:3000/_next/static/chunks/node_modules_next_dist_1e8vcs8._.js:776
[  171960ms] [LOG] [Fast Refresh] done in 2ms @ http://localhost:3000/_next/static/chunks/node_modules_next_dist_1e8vcs8._.js:776
[  172030ms] [LOG] [Fast Refresh] done in 2ms @ http://localhost:3000/_next/static/chunks/node_modules_next_dist_1e8vcs8._.js:776
[  172101ms] [LOG] [Fast Refresh] done in 2ms @ http://localhost:3000/_next/static/chunks/node_modules_next_dist_1e8vcs8._.js:776
[  172153ms] [LOG] [Fast Refresh] done in 2ms @ http://localhost:3000/_next/static/chunks/node_modules_next_dist_1e8vcs8._.js:776
[  172199ms] [LOG] [Fast Refresh] done in 2ms @ http://localhost:3000/_next/static/chunks/node_modules_next_dist_1e8vcs8._.js:776
[  172253ms] [LOG] [Fast Refresh] done in 2ms @ http://localhost:3000/_next/static/chunks/node_modules_next_dist_1e8vcs8._.js:776
[  172302ms] [LOG] [Fast Refresh] done in 2ms @ http://localhost:3000/_next/static/chunks/node_modules_next_dist_1e8vcs8._.js:776
[  172351ms] [LOG] [Fast Refresh] done in 2ms @ http://localhost:3000/_next/static/chunks/node_modules_next_dist_1e8vcs8._.js:776
[  172399ms] [LOG] [Fast Refresh] done in 2ms @ http://localhost:3000/_next/static/chunks/node_modules_next_dist_1e8vcs8._.js:776
[  172456ms] [LOG] [Fast Refresh] done in 2ms @ http://localhost:3000/_next/static/chunks/node_modules_next_dist_1e8vcs8._.js:776
[  172508ms] [LOG] [Fast Refresh] done in 2ms @ http://localhost:3000/_next/static/chunks/node_modules_next_dist_1e8vcs8._.js:776
[  172571ms] [LOG] [Fast Refresh] done in 2ms @ http://localhost:3000/_next/static/chunks/node_modules_next_dist_1e8vcs8._.js:776
[  172636ms] [LOG] [Fast Refresh] done in 2ms @ http://localhost:3000/_next/static/chunks/node_modules_next_dist_1e8vcs8._.js:776
[  172693ms] [LOG] [Fast Refresh] done in 2ms @ http://localhost:3000/_next/static/chunks/node_modules_next_dist_1e8vcs8._.js:776
[  172753ms] [LOG] [Fast Refresh] done in 2ms @ http://localhost:3000/_next/static/chunks/node_modules_next_dist_1e8vcs8._.js:776
[  172812ms] [LOG] [Fast Refresh] done in 2ms @ http://localhost:3000/_next/static/chunks/node_modules_next_dist_1e8vcs8._.js:776
[  172869ms] [LOG] [Fast Refresh] done in 2ms @ http://localhost:3000/_next/static/chunks/node_modules_next_dist_1e8vcs8._.js:776
[  172921ms] [LOG] [Fast Refresh] done in 2ms @ http://localhost:3000/_next/static/chunks/node_modules_next_dist_1e8vcs8._.js:776
[  172974ms] [LOG] [Fast Refresh] done in 2ms @ http://localhost:3000/_next/static/chunks/node_modules_next_dist_1e8vcs8._.js:776
[  173023ms] [LOG] [Fast Refresh] done in 2ms @ http://localhost:3000/_next/static/chunks/node_modules_next_dist_1e8vcs8._.js:776
[  173087ms] [LOG] [Fast Refresh] done in 2ms @ http://localhost:3000/_next/static/chunks/node_modules_next_dist_1e8vcs8._.js:776
[  173148ms] [LOG] [Fast Refresh] done in 2ms @ http://localhost:3000/_next/static/chunks/node_modules_next_dist_1e8vcs8._.js:776
[  173206ms] [LOG] [Fast Refresh] done in 2ms @ http://localhost:3000/_next/static/chunks/node_modules_next_dist_1e8vcs8._.js:776
[  173261ms] [LOG] [Fast Refresh] done in 2ms @ http://localhost:3000/_next/static/chunks/node_modules_next_dist_1e8vcs8._.js:776
[  173313ms] [LOG] [Fast Refresh] done in 2ms @ http://localhost:3000/_next/static/chunks/node_modules_next_dist_1e8vcs8._.js:776
[  173362ms] [LOG] [Fast Refresh] done in 2ms @ http://localhost:3000/_next/static/chunks/node_modules_next_dist_1e8vcs8._.js:776
[  173406ms] [LOG] [Fast Refresh] done in 2ms @ http://localhost:3000/_next/static/chunks/node_modules_next_dist_1e8vcs8._.js:776
[  173448ms] [LOG] [Fast Refresh] done in 2ms @ http://localhost:3000/_next/static/chunks/node_modules_next_dist_1e8vcs8._.js:776
[  173504ms] [LOG] [Fast Refresh] done in 2ms @ http://localhost:3000/_next/static/chunks/node_modules_next_dist_1e8vcs8._.js:776
[  173555ms] [LOG] [Fast Refresh] done in 2ms @ http://localhost:3000/_next/static/chunks/node_modules_next_dist_1e8vcs8._.js:776
[  173610ms] [LOG] [Fast Refresh] done in 2ms @ http://localhost:3000/_next/static/chunks/node_modules_next_dist_1e8vcs8._.js:776
[  173657ms] [LOG] [Fast Refresh] done in 2ms @ http://localhost:3000/_next/static/chunks/node_modules_next_dist_1e8vcs8._.js:776
[  173708ms] [LOG] [Fast Refresh] done in 2ms @ http://localhost:3000/_next/static/chunks/node_modules_next_dist_1e8vcs8._.js:776
[  173754ms] [LOG] [Fast Refresh] done in 2ms @ http://localhost:3000/_next/static/chunks/node_modules_next_dist_1e8vcs8._.js:776
[  173803ms] [LOG] [Fast Refresh] done in 2ms @ http://localhost:3000/_next/static/chunks/node_modules_next_dist_1e8vcs8._.js:776
[  173859ms] [LOG] [Fast Refresh] done in 2ms @ http://localhost:3000/_next/static/chunks/node_modules_next_dist_1e8vcs8._.js:776
[  173904ms] [LOG] [Fast Refresh] done in 2ms @ http://localhost:3000/_next/static/chunks/node_modules_next_dist_1e8vcs8._.js:776
[  173948ms] [LOG] [Fast Refresh] done in 2ms @ http://localhost:3000/_next/static/chunks/node_modules_next_dist_1e8vcs8._.js:776
[  173999ms] [LOG] [Fast Refresh] done in 2ms @ http://localhost:3000/_next/static/chunks/node_modules_next_dist_1e8vcs8._.js:776
[  174055ms] [LOG] [Fast Refresh] done in 2ms @ http://localhost:3000/_next/static/chunks/node_modules_next_dist_1e8vcs8._.js:776
[  174117ms] [LOG] [Fast Refresh] done in 2ms @ http://localhost:3000/_next/static/chunks/node_modules_next_dist_1e8vcs8._.js:776
[  174172ms] [LOG] [Fast Refresh] done in 2ms @ http://localhost:3000/_next/static/chunks/node_modules_next_dist_1e8vcs8._.js:776
[  174229ms] [LOG] [Fast Refresh] done in 2ms @ http://localhost:3000/_next/static/chunks/node_modules_next_dist_1e8vcs8._.js:776
[  174274ms] [LOG] [Fast Refresh] done in 2ms @ http://localhost:3000/_next/static/chunks/node_modules_next_dist_1e8vcs8._.js:776
[  174324ms] [LOG] [Fast Refresh] done in 2ms @ http://localhost:3000/_next/static/chunks/node_modules_next_dist_1e8vcs8._.js:776
[  174375ms] [LOG] [Fast Refresh] done in 2ms @ http://localhost:3000/_next/static/chunks/node_modules_next_dist_1e8vcs8._.js:776
[  174415ms] [LOG] [Fast Refresh] done in 2ms @ http://localhost:3000/_next/static/chunks/node_modules_next_dist_1e8vcs8._.js:776
[  174470ms] [LOG] [Fast Refresh] done in 2ms @ http://localhost:3000/_next/static/chunks/node_modules_next_dist_1e8vcs8._.js:776
[  174519ms] [LOG] [Fast Refresh] done in 2ms @ http://localhost:3000/_next/static/chunks/node_modules_next_dist_1e8vcs8._.js:776
[  174573ms] [LOG] [Fast Refresh] done in 2ms @ http://localhost:3000/_next/static/chunks/node_modules_next_dist_1e8vcs8._.js:776
[  174616ms] [LOG] [Fast Refresh] done in 2ms @ http://localhost:3000/_next/static/chunks/node_modules_next_dist_1e8vcs8._.js:776
[  174663ms] [LOG] [Fast Refresh] done in 2ms @ http://localhost:3000/_next/static/chunks/node_modules_next_dist_1e8vcs8._.js:776
[  174719ms] [LOG] [Fast Refresh] done in 2ms @ http://localhost:3000/_next/static/chunks/node_modules_next_dist_1e8vcs8._.js:776
[  174770ms] [LOG] [Fast Refresh] done in 2ms @ http://localhost:3000/_next/static/chunks/node_modules_next_dist_1e8vcs8._.js:776
[  174834ms] [LOG] [Fast Refresh] done in 2ms @ http://localhost:3000/_next/static/chunks/node_modules_next_dist_1e8vcs8._.js:776
[  174901ms] [LOG] [Fast Refresh] done in 2ms @ http://localhost:3000/_next/static/chunks/node_modules_next_dist_1e8vcs8._.js:776
[  174964ms] [LOG] [Fast Refresh] done in 2ms @ http://localhost:3000/_next/static/chunks/node_modules_next_dist_1e8vcs8._.js:776
[  175019ms] [LOG] [Fast Refresh] done in 2ms @ http://localhost:3000/_next/static/chunks/node_modules_next_dist_1e8vcs8._.js:776
[  175073ms] [LOG] [Fast Refresh] done in 2ms @ http://localhost:3000/_next/static/chunks/node_modules_next_dist_1e8vcs8._.js:776
[  175122ms] [LOG] [Fast Refresh] done in 2ms @ http://localhost:3000/_next/static/chunks/node_modules_next_dist_1e8vcs8._.js:776
[  175176ms] [LOG] [Fast Refresh] done in 2ms @ http://localhost:3000/_next/static/chunks/node_modules_next_dist_1e8vcs8._.js:776
[  175231ms] [LOG] [Fast Refresh] done in 2ms @ http://localhost:3000/_next/static/chunks/node_modules_next_dist_1e8vcs8._.js:776
[  175285ms] [LOG] [Fast Refresh] done in 2ms @ http://localhost:3000/_next/static/chunks/node_modules_next_dist_1e8vcs8._.js:776
[  175353ms] [LOG] [Fast Refresh] done in 2ms @ http://localhost:3000/_next/static/chunks/node_modules_next_dist_1e8vcs8._.js:776
[  175409ms] [LOG] [Fast Refresh] done in 2ms @ http://localhost:3000/_next/static/chunks/node_modules_next_dist_1e8vcs8._.js:776
[  175462ms] [LOG] [Fast Refresh] done in 2ms @ http://localhost:3000/_next/static/chunks/node_modules_next_dist_1e8vcs8._.js:776
[  175513ms] [LOG] [Fast Refresh] done in 2ms @ http://localhost:3000/_next/static/chunks/node_modules_next_dist_1e8vcs8._.js:776
[  175559ms] [LOG] [Fast Refresh] done in 2ms @ http://localhost:3000/_next/static/chunks/node_modules_next_dist_1e8vcs8._.js:776
[  175609ms] [LOG] [Fast Refresh] done in 2ms @ http://localhost:3000/_next/static/chunks/node_modules_next_dist_1e8vcs8._.js:776
[  175664ms] [LOG] [Fast Refresh] done in 2ms @ http://localhost:3000/_next/static/chunks/node_modules_next_dist_1e8vcs8._.js:776
[  175716ms] [LOG] [Fast Refresh] done in 2ms @ http://localhost:3000/_next/static/chunks/node_modules_next_dist_1e8vcs8._.js:776
[  175778ms] [LOG] [Fast Refresh] done in 2ms @ http://localhost:3000/_next/static/chunks/node_modules_next_dist_1e8vcs8._.js:776
[  175832ms] [LOG] [Fast Refresh] done in 2ms @ http://localhost:3000/_next/static/chunks/node_modules_next_dist_1e8vcs8._.js:776
[  175878ms] [LOG] [Fast Refresh] done in 2ms @ http://localhost:3000/_next/static/chunks/node_modules_next_dist_1e8vcs8._.js:776
[  175927ms] [LOG] [Fast Refresh] done in 2ms @ http://localhost:3000/_next/static/chunks/node_modules_next_dist_1e8vcs8._.js:776
[  175984ms] [LOG] [Fast Refresh] done in 2ms @ http://localhost:3000/_next/static/chunks/node_modules_next_dist_1e8vcs8._.js:776
[  176030ms] [LOG] [Fast Refresh] done in 2ms @ http://localhost:3000/_next/static/chunks/node_modules_next_dist_1e8vcs8._.js:776
[  176087ms] [LOG] [Fast Refresh] done in 2ms @ http://localhost:3000/_next/static/chunks/node_modules_next_dist_1e8vcs8._.js:776
[  176142ms] [LOG] [Fast Refresh] done in 2ms @ http://localhost:3000/_next/static/chunks/node_modules_next_dist_1e8vcs8._.js:776
[  176191ms] [LOG] [Fast Refresh] done in 2ms @ http://localhost:3000/_next/static/chunks/node_modules_next_dist_1e8vcs8._.js:776
[  176247ms] [LOG] [Fast Refresh] done in 2ms @ http://localhost:3000/_next/static/chunks/node_modules_next_dist_1e8vcs8._.js:776
[  176296ms] [LOG] [Fast Refresh] done in 2ms @ http://localhost:3000/_next/static/chunks/node_modules_next_dist_1e8vcs8._.js:776
[  176351ms] [LOG] [Fast Refresh] done in 2ms @ http://localhost:3000/_next/static/chunks/node_modules_next_dist_1e8vcs8._.js:776
[  176408ms] [LOG] [Fast Refresh] done in 2ms @ http://localhost:3000/_next/static/chunks/node_modules_next_dist_1e8vcs8._.js:776
[  176457ms] [LOG] [Fast Refresh] done in 2ms @ http://localhost:3000/_next/static/chunks/node_modules_next_dist_1e8vcs8._.js:776
[  176508ms] [LOG] [Fast Refresh] done in 2ms @ http://localhost:3000/_next/static/chunks/node_modules_next_dist_1e8vcs8._.js:776
[  176561ms] [LOG] [Fast Refresh] done in 2ms @ http://localhost:3000/_next/static/chunks/node_modules_next_dist_1e8vcs8._.js:776
[  176616ms] [LOG] [Fast Refresh] done in 2ms @ http://localhost:3000/_next/static/chunks/node_modules_next_dist_1e8vcs8._.js:776
[  176682ms] [LOG] [Fast Refresh] done in 2ms @ http://localhost:3000/_next/static/chunks/node_modules_next_dist_1e8vcs8._.js:776
[  176728ms] [LOG] [Fast Refresh] done in 2ms @ http://localhost:3000/_next/static/chunks/node_modules_next_dist_1e8vcs8._.js:776
[  176775ms] [LOG] [Fast Refresh] done in 2ms @ http://localhost:3000/_next/static/chunks/node_modules_next_dist_1e8vcs8._.js:776
[  176820ms] [LOG] [Fast Refresh] done in 2ms @ http://localhost:3000/_next/static/chunks/node_modules_next_dist_1e8vcs8._.js:776
[  176865ms] [LOG] [Fast Refresh] done in 2ms @ http://localhost:3000/_next/static/chunks/node_modules_next_dist_1e8vcs8._.js:776
[  176912ms] [LOG] [Fast Refresh] done in 2ms @ http://localhost:3000/_next/static/chunks/node_modules_next_dist_1e8vcs8._.js:776
[  176958ms] [LOG] [Fast Refresh] done in 2ms @ http://localhost:3000/_next/static/chunks/node_modules_next_dist_1e8vcs8._.js:776
[  177006ms] [LOG] [Fast Refresh] done in 2ms @ http://localhost:3000/_next/static/chunks/node_modules_next_dist_1e8vcs8._.js:776
[  177059ms] [LOG] [Fast Refresh] done in 2ms @ http://localhost:3000/_next/static/chunks/node_modules_next_dist_1e8vcs8._.js:776
[  177114ms] [LOG] [Fast Refresh] done in 2ms @ http://localhost:3000/_next/static/chunks/node_modules_next_dist_1e8vcs8._.js:776
[  177164ms] [LOG] [Fast Refresh] done in 2ms @ http://localhost:3000/_next/static/chunks/node_modules_next_dist_1e8vcs8._.js:776
[  177210ms] [LOG] [Fast Refresh] done in 2ms @ http://localhost:3000/_next/static/chunks/node_modules_next_dist_1e8vcs8._.js:776
[  177260ms] [LOG] [Fast Refresh] done in 2ms @ http://localhost:3000/_next/static/chunks/node_modules_next_dist_1e8vcs8._.js:776
[  177307ms] [LOG] [Fast Refresh] done in 2ms @ http://localhost:3000/_next/static/chunks/node_modules_next_dist_1e8vcs8._.js:776
[  177365ms] [LOG] [Fast Refresh] done in 2ms @ http://localhost:3000/_next/static/chunks/node_modules_next_dist_1e8vcs8._.js:776
[  177414ms] [LOG] [Fast Refresh] done in 2ms @ http://localhost:3000/_next/static/chunks/node_modules_next_dist_1e8vcs8._.js:776
[  177455ms] [LOG] [Fast Refresh] done in 2ms @ http://localhost:3000/_next/static/chunks/node_modules_next_dist_1e8vcs8._.js:776
[  177508ms] [LOG] [Fast Refresh] done in 2ms @ http://localhost:3000/_next/static/chunks/node_modules_next_dist_1e8vcs8._.js:776
[  177563ms] [LOG] [Fast Refresh] done in 2ms @ http://localhost:3000/_next/static/chunks/node_modules_next_dist_1e8vcs8._.js:776
[  177606ms] [LOG] [Fast Refresh] done in 2ms @ http://localhost:3000/_next/static/chunks/node_modules_next_dist_1e8vcs8._.js:776
[  177657ms] [LOG] [Fast Refresh] done in 2ms @ http://localhost:3000/_next/static/chunks/node_modules_next_dist_1e8vcs8._.js:776
[  177702ms] [LOG] [Fast Refresh] done in 2ms @ http://localhost:3000/_next/static/chunks/node_modules_next_dist_1e8vcs8._.js:776
[  177747ms] [LOG] [Fast Refresh] done in 2ms @ http://localhost:3000/_next/static/chunks/node_modules_next_dist_1e8vcs8._.js:776
[  177795ms] [LOG] [Fast Refresh] done in 2ms @ http://localhost:3000/_next/static/chunks/node_modules_next_dist_1e8vcs8._.js:776
[  177850ms] [LOG] [Fast Refresh] done in 2ms @ http://localhost:3000/_next/static/chunks/node_modules_next_dist_1e8vcs8._.js:776
[  177902ms] [LOG] [Fast Refresh] done in 2ms @ http://localhost:3000/_next/static/chunks/node_modules_next_dist_1e8vcs8._.js:776
[  177948ms] [LOG] [Fast Refresh] done in 2ms @ http://localhost:3000/_next/static/chunks/node_modules_next_dist_1e8vcs8._.js:776
[  177999ms] [LOG] [Fast Refresh] done in 2ms @ http://localhost:3000/_next/static/chunks/node_modules_next_dist_1e8vcs8._.js:776
[  178045ms] [LOG] [Fast Refresh] done in 2ms @ http://localhost:3000/_next/static/chunks/node_modules_next_dist_1e8vcs8._.js:776
[  178101ms] [LOG] [Fast Refresh] done in 2ms @ http://localhost:3000/_next/static/chunks/node_modules_next_dist_1e8vcs8._.js:776
[  178149ms] [LOG] [Fast Refresh] done in 2ms @ http://localhost:3000/_next/static/chunks/node_modules_next_dist_1e8vcs8._.js:776
[  178198ms] [LOG] [Fast Refresh] done in 2ms @ http://localhost:3000/_next/static/chunks/node_modules_next_dist_1e8vcs8._.js:776
[  178249ms] [LOG] [Fast Refresh] done in 2ms @ http://localhost:3000/_next/static/chunks/node_modules_next_dist_1e8vcs8._.js:776
[  178295ms] [LOG] [Fast Refresh] done in 2ms @ http://localhost:3000/_next/static/chunks/node_modules_next_dist_1e8vcs8._.js:776
[  178351ms] [LOG] [Fast Refresh] done in 2ms @ http://localhost:3000/_next/static/chunks/node_modules_next_dist_1e8vcs8._.js:776
[  178401ms] [LOG] [Fast Refresh] done in 2ms @ http://localhost:3000/_next/static/chunks/node_modules_next_dist_1e8vcs8._.js:776
[  178448ms] [LOG] [Fast Refresh] done in 2ms @ http://localhost:3000/_next/static/chunks/node_modules_next_dist_1e8vcs8._.js:776
[  178494ms] [LOG] [Fast Refresh] done in 2ms @ http://localhost:3000/_next/static/chunks/node_modules_next_dist_1e8vcs8._.js:776
[  178551ms] [LOG] [Fast Refresh] done in 2ms @ http://localhost:3000/_next/static/chunks/node_modules_next_dist_1e8vcs8._.js:776
[  178595ms] [LOG] [Fast Refresh] done in 2ms @ http://localhost:3000/_next/static/chunks/node_modules_next_dist_1e8vcs8._.js:776
[  178645ms] [LOG] [Fast Refresh] done in 2ms @ http://localhost:3000/_next/static/chunks/node_modules_next_dist_1e8vcs8._.js:776
[  178700ms] [LOG] [Fast Refresh] done in 2ms @ http://localhost:3000/_next/static/chunks/node_modules_next_dist_1e8vcs8._.js:776
[  178754ms] [LOG] [Fast Refresh] done in 2ms @ http://localhost:3000/_next/static/chunks/node_modules_next_dist_1e8vcs8._.js:776
[  178812ms] [LOG] [Fast Refresh] done in 2ms @ http://localhost:3000/_next/static/chunks/node_modules_next_dist_1e8vcs8._.js:776
[  178858ms] [LOG] [Fast Refresh] done in 2ms @ http://localhost:3000/_next/static/chunks/node_modules_next_dist_1e8vcs8._.js:776
[  178907ms] [LOG] [Fast Refresh] done in 2ms @ http://localhost:3000/_next/static/chunks/node_modules_next_dist_1e8vcs8._.js:776
[  178960ms] [LOG] [Fast Refresh] done in 2ms @ http://localhost:3000/_next/static/chunks/node_modules_next_dist_1e8vcs8._.js:776
[  179008ms] [LOG] [Fast Refresh] done in 2ms @ http://localhost:3000/_next/static/chunks/node_modules_next_dist_1e8vcs8._.js:776
[  179065ms] [LOG] [Fast Refresh] done in 2ms @ http://localhost:3000/_next/static/chunks/node_modules_next_dist_1e8vcs8._.js:776
[  179129ms] [LOG] [Fast Refresh] done in 2ms @ http://localhost:3000/_next/static/chunks/node_modules_next_dist_1e8vcs8._.js:776
[  179172ms] [LOG] [Fast Refresh] done in 2ms @ http://localhost:3000/_next/static/chunks/node_modules_next_dist_1e8vcs8._.js:776
[  179219ms] [LOG] [Fast Refresh] done in 2ms @ http://localhost:3000/_next/static/chunks/node_modules_next_dist_1e8vcs8._.js:776
[  179274ms] [LOG] [Fast Refresh] done in 2ms @ http://localhost:3000/_next/static/chunks/node_modules_next_dist_1e8vcs8._.js:776
[  179322ms] [LOG] [Fast Refresh] done in 2ms @ http://localhost:3000/_next/static/chunks/node_modules_next_dist_1e8vcs8._.js:776
[  179378ms] [LOG] [Fast Refresh] done in 2ms @ http://localhost:3000/_next/static/chunks/node_modules_next_dist_1e8vcs8._.js:776
[  179428ms] [LOG] [Fast Refresh] done in 2ms @ http://localhost:3000/_next/static/chunks/node_modules_next_dist_1e8vcs8._.js:776
[  179476ms] [LOG] [Fast Refresh] done in 2ms @ http://localhost:3000/_next/static/chunks/node_modules_next_dist_1e8vcs8._.js:776
[  179523ms] [LOG] [Fast Refresh] done in 2ms @ http://localhost:3000/_next/static/chunks/node_modules_next_dist_1e8vcs8._.js:776
[  179576ms] [LOG] [Fast Refresh] done in 2ms @ http://localhost:3000/_next/static/chunks/node_modules_next_dist_1e8vcs8._.js:776
[  179631ms] [LOG] [Fast Refresh] done in 2ms @ http://localhost:3000/_next/static/chunks/node_modules_next_dist_1e8vcs8._.js:776
[  179676ms] [LOG] [Fast Refresh] done in 2ms @ http://localhost:3000/_next/static/chunks/node_modules_next_dist_1e8vcs8._.js:776
[  179739ms] [LOG] [Fast Refresh] done in 2ms @ http://localhost:3000/_next/static/chunks/node_modules_next_dist_1e8vcs8._.js:776
[  179790ms] [LOG] [Fast Refresh] done in 2ms @ http://localhost:3000/_next/static/chunks/node_modules_next_dist_1e8vcs8._.js:776
[  179841ms] [LOG] [Fast Refresh] done in 2ms @ http://localhost:3000/_next/static/chunks/node_modules_next_dist_1e8vcs8._.js:776
[  179896ms] [LOG] [Fast Refresh] done in 2ms @ http://localhost:3000/_next/static/chunks/node_modules_next_dist_1e8vcs8._.js:776
[  179943ms] [LOG] [Fast Refresh] done in 2ms @ http://localhost:3000/_next/static/chunks/node_modules_next_dist_1e8vcs8._.js:776
[  179991ms] [LOG] [Fast Refresh] done in 2ms @ http://localhost:3000/_next/static/chunks/node_modules_next_dist_1e8vcs8._.js:776
[  180039ms] [LOG] [Fast Refresh] done in 2ms @ http://localhost:3000/_next/static/chunks/node_modules_next_dist_1e8vcs8._.js:776
[  180088ms] [LOG] [Fast Refresh] done in 2ms @ http://localhost:3000/_next/static/chunks/node_modules_next_dist_1e8vcs8._.js:776
[  180136ms] [LOG] [Fast Refresh] done in 2ms @ http://localhost:3000/_next/static/chunks/node_modules_next_dist_1e8vcs8._.js:776
[  180195ms] [LOG] [Fast Refresh] done in 2ms @ http://localhost:3000/_next/static/chunks/node_modules_next_dist_1e8vcs8._.js:776
[  180249ms] [LOG] [Fast Refresh] done in 2ms @ http://localhost:3000/_next/static/chunks/node_modules_next_dist_1e8vcs8._.js:776
[  180296ms] [LOG] [Fast Refresh] done in 2ms @ http://localhost:3000/_next/static/chunks/node_modules_next_dist_1e8vcs8._.js:776
[  180354ms] [LOG] [Fast Refresh] done in 2ms @ http://localhost:3000/_next/static/chunks/node_modules_next_dist_1e8vcs8._.js:776
[  180409ms] [LOG] [Fast Refresh] done in 2ms @ http://localhost:3000/_next/static/chunks/node_modules_next_dist_1e8vcs8._.js:776
[  180456ms] [LOG] [Fast Refresh] done in 2ms @ http://localhost:3000/_next/static/chunks/node_modules_next_dist_1e8vcs8._.js:776
[  180504ms] [LOG] [Fast Refresh] done in 2ms @ http://localhost:3000/_next/static/chunks/node_modules_next_dist_1e8vcs8._.js:776
[  180552ms] [LOG] [Fast Refresh] done in 2ms @ http://localhost:3000/_next/static/chunks/node_modules_next_dist_1e8vcs8._.js:776
[  180610ms] [LOG] [Fast Refresh] done in 2ms @ http://localhost:3000/_next/static/chunks/node_modules_next_dist_1e8vcs8._.js:776
[  180658ms] [LOG] [Fast Refresh] done in 2ms @ http://localhost:3000/_next/static/chunks/node_modules_next_dist_1e8vcs8._.js:776
[  180709ms] [LOG] [Fast Refresh] done in 2ms @ http://localhost:3000/_next/static/chunks/node_modules_next_dist_1e8vcs8._.js:776
[  180761ms] [LOG] [Fast Refresh] done in 2ms @ http://localhost:3000/_next/static/chunks/node_modules_next_dist_1e8vcs8._.js:776
[  180818ms] [LOG] [Fast Refresh] done in 2ms @ http://localhost:3000/_next/static/chunks/node_modules_next_dist_1e8vcs8._.js:776
[  180865ms] [LOG] [Fast Refresh] done in 2ms @ http://localhost:3000/_next/static/chunks/node_modules_next_dist_1e8vcs8._.js:776
[  180915ms] [LOG] [Fast Refresh] done in 2ms @ http://localhost:3000/_next/static/chunks/node_modules_next_dist_1e8vcs8._.js:776
[  180966ms] [LOG] [Fast Refresh] done in 2ms @ http://localhost:3000/_next/static/chunks/node_modules_next_dist_1e8vcs8._.js:776
[  181010ms] [LOG] [Fast Refresh] done in 2ms @ http://localhost:3000/_next/static/chunks/node_modules_next_dist_1e8vcs8._.js:776
[  181069ms] [LOG] [Fast Refresh] done in 2ms @ http://localhost:3000/_next/static/chunks/node_modules_next_dist_1e8vcs8._.js:776
[  181117ms] [LOG] [Fast Refresh] done in 2ms @ http://localhost:3000/_next/static/chunks/node_modules_next_dist_1e8vcs8._.js:776
[  181161ms] [LOG] [Fast Refresh] done in 2ms @ http://localhost:3000/_next/static/chunks/node_modules_next_dist_1e8vcs8._.js:776
[  181205ms] [LOG] [Fast Refresh] done in 2ms @ http://localhost:3000/_next/static/chunks/node_modules_next_dist_1e8vcs8._.js:776
[  181256ms] [LOG] [Fast Refresh] done in 2ms @ http://localhost:3000/_next/static/chunks/node_modules_next_dist_1e8vcs8._.js:776
[  181301ms] [LOG] [Fast Refresh] done in 2ms @ http://localhost:3000/_next/static/chunks/node_modules_next_dist_1e8vcs8._.js:776
[  181350ms] [LOG] [Fast Refresh] done in 2ms @ http://localhost:3000/_next/static/chunks/node_modules_next_dist_1e8vcs8._.js:776
[  181394ms] [LOG] [Fast Refresh] done in 2ms @ http://localhost:3000/_next/static/chunks/node_modules_next_dist_1e8vcs8._.js:776
[  181443ms] [LOG] [Fast Refresh] done in 2ms @ http://localhost:3000/_next/static/chunks/node_modules_next_dist_1e8vcs8._.js:776
[  181490ms] [LOG] [Fast Refresh] done in 2ms @ http://localhost:3000/_next/static/chunks/node_modules_next_dist_1e8vcs8._.js:776
[  181544ms] [LOG] [Fast Refresh] done in 2ms @ http://localhost:3000/_next/static/chunks/node_modules_next_dist_1e8vcs8._.js:776
[  181595ms] [LOG] [Fast Refresh] done in 2ms @ http://localhost:3000/_next/static/chunks/node_modules_next_dist_1e8vcs8._.js:776
[  181659ms] [LOG] [Fast Refresh] done in 2ms @ http://localhost:3000/_next/static/chunks/node_modules_next_dist_1e8vcs8._.js:776
[  181715ms] [LOG] [Fast Refresh] done in 2ms @ http://localhost:3000/_next/static/chunks/node_modules_next_dist_1e8vcs8._.js:776
[  181762ms] [LOG] [Fast Refresh] done in 2ms @ http://localhost:3000/_next/static/chunks/node_modules_next_dist_1e8vcs8._.js:776
[  181817ms] [LOG] [Fast Refresh] done in 2ms @ http://localhost:3000/_next/static/chunks/node_modules_next_dist_1e8vcs8._.js:776
[  181872ms] [LOG] [Fast Refresh] done in 2ms @ http://localhost:3000/_next/static/chunks/node_modules_next_dist_1e8vcs8._.js:776
[  181919ms] [LOG] [Fast Refresh] done in 2ms @ http://localhost:3000/_next/static/chunks/node_modules_next_dist_1e8vcs8._.js:776
[  181972ms] [LOG] [Fast Refresh] done in 2ms @ http://localhost:3000/_next/static/chunks/node_modules_next_dist_1e8vcs8._.js:776
[  182021ms] [LOG] [Fast Refresh] done in 2ms @ http://localhost:3000/_next/static/chunks/node_modules_next_dist_1e8vcs8._.js:776
[  182073ms] [LOG] [Fast Refresh] done in 2ms @ http://localhost:3000/_next/static/chunks/node_modules_next_dist_1e8vcs8._.js:776
[  182127ms] [LOG] [Fast Refresh] done in 2ms @ http://localhost:3000/_next/static/chunks/node_modules_next_dist_1e8vcs8._.js:776
[  182195ms] [LOG] [Fast Refresh] done in 2ms @ http://localhost:3000/_next/static/chunks/node_modules_next_dist_1e8vcs8._.js:776
[  182254ms] [LOG] [Fast Refresh] done in 2ms @ http://localhost:3000/_next/static/chunks/node_modules_next_dist_1e8vcs8._.js:776
[  182307ms] [LOG] [Fast Refresh] done in 2ms @ http://localhost:3000/_next/static/chunks/node_modules_next_dist_1e8vcs8._.js:776
[  182360ms] [LOG] [Fast Refresh] done in 2ms @ http://localhost:3000/_next/static/chunks/node_modules_next_dist_1e8vcs8._.js:776
[  182417ms] [LOG] [Fast Refresh] done in 2ms @ http://localhost:3000/_next/static/chunks/node_modules_next_dist_1e8vcs8._.js:776
[  182462ms] [LOG] [Fast Refresh] done in 2ms @ http://localhost:3000/_next/static/chunks/node_modules_next_dist_1e8vcs8._.js:776
[  182512ms] [LOG] [Fast Refresh] done in 2ms @ http://localhost:3000/_next/static/chunks/node_modules_next_dist_1e8vcs8._.js:776
[  182568ms] [LOG] [Fast Refresh] done in 2ms @ http://localhost:3000/_next/static/chunks/node_modules_next_dist_1e8vcs8._.js:776
[  182618ms] [LOG] [Fast Refresh] done in 2ms @ http://localhost:3000/_next/static/chunks/node_modules_next_dist_1e8vcs8._.js:776
[  182672ms] [LOG] [Fast Refresh] done in 2ms @ http://localhost:3000/_next/static/chunks/node_modules_next_dist_1e8vcs8._.js:776
[  182721ms] [LOG] [Fast Refresh] done in 2ms @ http://localhost:3000/_next/static/chunks/node_modules_next_dist_1e8vcs8._.js:776
[  182771ms] [LOG] [Fast Refresh] done in 2ms @ http://localhost:3000/_next/static/chunks/node_modules_next_dist_1e8vcs8._.js:776
[  182831ms] [LOG] [Fast Refresh] done in 2ms @ http://localhost:3000/_next/static/chunks/node_modules_next_dist_1e8vcs8._.js:776
[  182878ms] [LOG] [Fast Refresh] done in 2ms @ http://localhost:3000/_next/static/chunks/node_modules_next_dist_1e8vcs8._.js:776
[  182936ms] [LOG] [Fast Refresh] done in 2ms @ http://localhost:3000/_next/static/chunks/node_modules_next_dist_1e8vcs8._.js:776
[  182982ms] [LOG] [Fast Refresh] done in 2ms @ http://localhost:3000/_next/static/chunks/node_modules_next_dist_1e8vcs8._.js:776
[  183039ms] [LOG] [Fast Refresh] done in 2ms @ http://localhost:3000/_next/static/chunks/node_modules_next_dist_1e8vcs8._.js:776
[  183089ms] [LOG] [Fast Refresh] done in 2ms @ http://localhost:3000/_next/static/chunks/node_modules_next_dist_1e8vcs8._.js:776
[  183144ms] [LOG] [Fast Refresh] done in 2ms @ http://localhost:3000/_next/static/chunks/node_modules_next_dist_1e8vcs8._.js:776
[  183193ms] [LOG] [Fast Refresh] done in 2ms @ http://localhost:3000/_next/static/chunks/node_modules_next_dist_1e8vcs8._.js:776
[  183241ms] [LOG] [Fast Refresh] done in 2ms @ http://localhost:3000/_next/static/chunks/node_modules_next_dist_1e8vcs8._.js:776
[  183287ms] [LOG] [Fast Refresh] done in 2ms @ http://localhost:3000/_next/static/chunks/node_modules_next_dist_1e8vcs8._.js:776
[  183337ms] [LOG] [Fast Refresh] done in 2ms @ http://localhost:3000/_next/static/chunks/node_modules_next_dist_1e8vcs8._.js:776
[  183389ms] [LOG] [Fast Refresh] done in 2ms @ http://localhost:3000/_next/static/chunks/node_modules_next_dist_1e8vcs8._.js:776
[  183436ms] [LOG] [Fast Refresh] done in 2ms @ http://localhost:3000/_next/static/chunks/node_modules_next_dist_1e8vcs8._.js:776
[  183483ms] [LOG] [Fast Refresh] done in 2ms @ http://localhost:3000/_next/static/chunks/node_modules_next_dist_1e8vcs8._.js:776
[  183539ms] [LOG] [Fast Refresh] done in 2ms @ http://localhost:3000/_next/static/chunks/node_modules_next_dist_1e8vcs8._.js:776
[  183598ms] [LOG] [Fast Refresh] done in 2ms @ http://localhost:3000/_next/static/chunks/node_modules_next_dist_1e8vcs8._.js:776
[  183655ms] [LOG] [Fast Refresh] done in 2ms @ http://localhost:3000/_next/static/chunks/node_modules_next_dist_1e8vcs8._.js:776
[  183712ms] [LOG] [Fast Refresh] done in 2ms @ http://localhost:3000/_next/static/chunks/node_modules_next_dist_1e8vcs8._.js:776
[  183761ms] [LOG] [Fast Refresh] done in 2ms @ http://localhost:3000/_next/static/chunks/node_modules_next_dist_1e8vcs8._.js:776
[  183809ms] [LOG] [Fast Refresh] done in 2ms @ http://localhost:3000/_next/static/chunks/node_modules_next_dist_1e8vcs8._.js:776
[  183858ms] [LOG] [Fast Refresh] done in 2ms @ http://localhost:3000/_next/static/chunks/node_modules_next_dist_1e8vcs8._.js:776
[  183907ms] [LOG] [Fast Refresh] done in 2ms @ http://localhost:3000/_next/static/chunks/node_modules_next_dist_1e8vcs8._.js:776
[  183957ms] [LOG] [Fast Refresh] done in 2ms @ http://localhost:3000/_next/static/chunks/node_modules_next_dist_1e8vcs8._.js:776
[  184005ms] [LOG] [Fast Refresh] done in 2ms @ http://localhost:3000/_next/static/chunks/node_modules_next_dist_1e8vcs8._.js:776
[  184053ms] [LOG] [Fast Refresh] done in 2ms @ http://localhost:3000/_next/static/chunks/node_modules_next_dist_1e8vcs8._.js:776
[  184101ms] [LOG] [Fast Refresh] done in 2ms @ http://localhost:3000/_next/static/chunks/node_modules_next_dist_1e8vcs8._.js:776
[  184150ms] [LOG] [Fast Refresh] done in 2ms @ http://localhost:3000/_next/static/chunks/node_modules_next_dist_1e8vcs8._.js:776
[  184203ms] [LOG] [Fast Refresh] done in 2ms @ http://localhost:3000/_next/static/chunks/node_modules_next_dist_1e8vcs8._.js:776
[  184254ms] [LOG] [Fast Refresh] done in 2ms @ http://localhost:3000/_next/static/chunks/node_modules_next_dist_1e8vcs8._.js:776
[  184303ms] [LOG] [Fast Refresh] done in 2ms @ http://localhost:3000/_next/static/chunks/node_modules_next_dist_1e8vcs8._.js:776
[  184351ms] [LOG] [Fast Refresh] done in 2ms @ http://localhost:3000/_next/static/chunks/node_modules_next_dist_1e8vcs8._.js:776
[  184400ms] [LOG] [Fast Refresh] done in 2ms @ http://localhost:3000/_next/static/chunks/node_modules_next_dist_1e8vcs8._.js:776
[  184448ms] [LOG] [Fast Refresh] done in 2ms @ http://localhost:3000/_next/static/chunks/node_modules_next_dist_1e8vcs8._.js:776
[  184499ms] [LOG] [Fast Refresh] done in 2ms @ http://localhost:3000/_next/static/chunks/node_modules_next_dist_1e8vcs8._.js:776
[  184581ms] [LOG] [Fast Refresh] done in 2ms @ http://localhost:3000/_next/static/chunks/node_modules_next_dist_1e8vcs8._.js:776
[  184633ms] [LOG] [Fast Refresh] done in 2ms @ http://localhost:3000/_next/static/chunks/node_modules_next_dist_1e8vcs8._.js:776
[  184694ms] [LOG] [Fast Refresh] done in 2ms @ http://localhost:3000/_next/static/chunks/node_modules_next_dist_1e8vcs8._.js:776
[  184742ms] [LOG] [Fast Refresh] done in 2ms @ http://localhost:3000/_next/static/chunks/node_modules_next_dist_1e8vcs8._.js:776
[  184796ms] [LOG] [Fast Refresh] done in 2ms @ http://localhost:3000/_next/static/chunks/node_modules_next_dist_1e8vcs8._.js:776
[  184842ms] [LOG] [Fast Refresh] done in 2ms @ http://localhost:3000/_next/static/chunks/node_modules_next_dist_1e8vcs8._.js:776
[  184899ms] [LOG] [Fast Refresh] done in 2ms @ http://localhost:3000/_next/static/chunks/node_modules_next_dist_1e8vcs8._.js:776
[  184948ms] [LOG] [Fast Refresh] done in 2ms @ http://localhost:3000/_next/static/chunks/node_modules_next_dist_1e8vcs8._.js:776
[  185001ms] [LOG] [Fast Refresh] done in 2ms @ http://localhost:3000/_next/static/chunks/node_modules_next_dist_1e8vcs8._.js:776
[  185056ms] [LOG] [Fast Refresh] done in 2ms @ http://localhost:3000/_next/static/chunks/node_modules_next_dist_1e8vcs8._.js:776
[  185114ms] [LOG] [Fast Refresh] done in 2ms @ http://localhost:3000/_next/static/chunks/node_modules_next_dist_1e8vcs8._.js:776
[  185173ms] [LOG] [Fast Refresh] done in 2ms @ http://localhost:3000/_next/static/chunks/node_modules_next_dist_1e8vcs8._.js:776
[  185236ms] [LOG] [Fast Refresh] done in 2ms @ http://localhost:3000/_next/static/chunks/node_modules_next_dist_1e8vcs8._.js:776
[  185304ms] [LOG] [Fast Refresh] done in 2ms @ http://localhost:3000/_next/static/chunks/node_modules_next_dist_1e8vcs8._.js:776
[  185376ms] [LOG] [Fast Refresh] done in 2ms @ http://localhost:3000/_next/static/chunks/node_modules_next_dist_1e8vcs8._.js:776
[  185445ms] [LOG] [Fast Refresh] done in 2ms @ http://localhost:3000/_next/static/chunks/node_modules_next_dist_1e8vcs8._.js:776
[  185523ms] [LOG] [Fast Refresh] done in 2ms @ http://localhost:3000/_next/static/chunks/node_modules_next_dist_1e8vcs8._.js:776
[  185621ms] [LOG] [Fast Refresh] done in 2ms @ http://localhost:3000/_next/static/chunks/node_modules_next_dist_1e8vcs8._.js:776
[  185692ms] [LOG] [Fast Refresh] done in 2ms @ http://localhost:3000/_next/static/chunks/node_modules_next_dist_1e8vcs8._.js:776
[  185753ms] [LOG] [Fast Refresh] done in 2ms @ http://localhost:3000/_next/static/chunks/node_modules_next_dist_1e8vcs8._.js:776
[  185805ms] [LOG] [Fast Refresh] done in 2ms @ http://localhost:3000/_next/static/chunks/node_modules_next_dist_1e8vcs8._.js:776
[  185869ms] [LOG] [Fast Refresh] done in 2ms @ http://localhost:3000/_next/static/chunks/node_modules_next_dist_1e8vcs8._.js:776
[  185930ms] [LOG] [Fast Refresh] done in 2ms @ http://localhost:3000/_next/static/chunks/node_modules_next_dist_1e8vcs8._.js:776
[  185987ms] [LOG] [Fast Refresh] done in 2ms @ http://localhost:3000/_next/static/chunks/node_modules_next_dist_1e8vcs8._.js:776
[  186048ms] [LOG] [Fast Refresh] done in 2ms @ http://localhost:3000/_next/static/chunks/node_modules_next_dist_1e8vcs8._.js:776
[  186104ms] [LOG] [Fast Refresh] done in 2ms @ http://localhost:3000/_next/static/chunks/node_modules_next_dist_1e8vcs8._.js:776
[  186165ms] [LOG] [Fast Refresh] done in 2ms @ http://localhost:3000/_next/static/chunks/node_modules_next_dist_1e8vcs8._.js:776
[  186216ms] [LOG] [Fast Refresh] done in 2ms @ http://localhost:3000/_next/static/chunks/node_modules_next_dist_1e8vcs8._.js:776
[  186267ms] [LOG] [Fast Refresh] done in 2ms @ http://localhost:3000/_next/static/chunks/node_modules_next_dist_1e8vcs8._.js:776
[  186315ms] [LOG] [Fast Refresh] done in 2ms @ http://localhost:3000/_next/static/chunks/node_modules_next_dist_1e8vcs8._.js:776
[  186372ms] [LOG] [Fast Refresh] done in 2ms @ http://localhost:3000/_next/static/chunks/node_modules_next_dist_1e8vcs8._.js:776
[  186421ms] [LOG] [Fast Refresh] done in 2ms @ http://localhost:3000/_next/static/chunks/node_modules_next_dist_1e8vcs8._.js:776
[  186469ms] [LOG] [Fast Refresh] done in 2ms @ http://localhost:3000/_next/static/chunks/node_modules_next_dist_1e8vcs8._.js:776
[  186535ms] [LOG] [Fast Refresh] done in 2ms @ http://localhost:3000/_next/static/chunks/node_modules_next_dist_1e8vcs8._.js:776
[  186604ms] [LOG] [Fast Refresh] done in 2ms @ http://localhost:3000/_next/static/chunks/node_modules_next_dist_1e8vcs8._.js:776
[  186659ms] [LOG] [Fast Refresh] done in 2ms @ http://localhost:3000/_next/static/chunks/node_modules_next_dist_1e8vcs8._.js:776
[  186705ms] [LOG] [Fast Refresh] done in 2ms @ http://localhost:3000/_next/static/chunks/node_modules_next_dist_1e8vcs8._.js:776
[  186755ms] [LOG] [Fast Refresh] done in 2ms @ http://localhost:3000/_next/static/chunks/node_modules_next_dist_1e8vcs8._.js:776
[  186804ms] [LOG] [Fast Refresh] done in 2ms @ http://localhost:3000/_next/static/chunks/node_modules_next_dist_1e8vcs8._.js:776
[  186866ms] [LOG] [Fast Refresh] done in 2ms @ http://localhost:3000/_next/static/chunks/node_modules_next_dist_1e8vcs8._.js:776
[  186932ms] [LOG] [Fast Refresh] done in 2ms @ http://localhost:3000/_next/static/chunks/node_modules_next_dist_1e8vcs8._.js:776
[  186982ms] [LOG] [Fast Refresh] done in 2ms @ http://localhost:3000/_next/static/chunks/node_modules_next_dist_1e8vcs8._.js:776
[  187036ms] [LOG] [Fast Refresh] done in 2ms @ http://localhost:3000/_next/static/chunks/node_modules_next_dist_1e8vcs8._.js:776
[  187095ms] [LOG] [Fast Refresh] done in 2ms @ http://localhost:3000/_next/static/chunks/node_modules_next_dist_1e8vcs8._.js:776
[  187157ms] [LOG] [Fast Refresh] done in 2ms @ http://localhost:3000/_next/static/chunks/node_modules_next_dist_1e8vcs8._.js:776
[  187216ms] [LOG] [Fast Refresh] done in 2ms @ http://localhost:3000/_next/static/chunks/node_modules_next_dist_1e8vcs8._.js:776
[  187274ms] [LOG] [Fast Refresh] done in 2ms @ http://localhost:3000/_next/static/chunks/node_modules_next_dist_1e8vcs8._.js:776
[  187325ms] [LOG] [Fast Refresh] done in 2ms @ http://localhost:3000/_next/static/chunks/node_modules_next_dist_1e8vcs8._.js:776
[  187381ms] [LOG] [Fast Refresh] done in 2ms @ http://localhost:3000/_next/static/chunks/node_modules_next_dist_1e8vcs8._.js:776
[  187435ms] [LOG] [Fast Refresh] done in 2ms @ http://localhost:3000/_next/static/chunks/node_modules_next_dist_1e8vcs8._.js:776
[  187486ms] [LOG] [Fast Refresh] done in 2ms @ http://localhost:3000/_next/static/chunks/node_modules_next_dist_1e8vcs8._.js:776
[  187532ms] [LOG] [Fast Refresh] done in 2ms @ http://localhost:3000/_next/static/chunks/node_modules_next_dist_1e8vcs8._.js:776
[  187629ms] [LOG] [Fast Refresh] done in 2ms @ http://localhost:3000/_next/static/chunks/node_modules_next_dist_1e8vcs8._.js:776
[  187678ms] [LOG] [Fast Refresh] done in 2ms @ http://localhost:3000/_next/static/chunks/node_modules_next_dist_1e8vcs8._.js:776
[  187734ms] [LOG] [Fast Refresh] done in 2ms @ http://localhost:3000/_next/static/chunks/node_modules_next_dist_1e8vcs8._.js:776
[  187796ms] [LOG] [Fast Refresh] done in 2ms @ http://localhost:3000/_next/static/chunks/node_modules_next_dist_1e8vcs8._.js:776
[  187855ms] [LOG] [Fast Refresh] done in 2ms @ http://localhost:3000/_next/static/chunks/node_modules_next_dist_1e8vcs8._.js:776
[  187907ms] [LOG] [Fast Refresh] done in 2ms @ http://localhost:3000/_next/static/chunks/node_modules_next_dist_1e8vcs8._.js:776
[  187963ms] [LOG] [Fast Refresh] done in 2ms @ http://localhost:3000/_next/static/chunks/node_modules_next_dist_1e8vcs8._.js:776
[  188013ms] [LOG] [Fast Refresh] done in 2ms @ http://localhost:3000/_next/static/chunks/node_modules_next_dist_1e8vcs8._.js:776
[  188068ms] [LOG] [Fast Refresh] done in 2ms @ http://localhost:3000/_next/static/chunks/node_modules_next_dist_1e8vcs8._.js:776
[  188132ms] [LOG] [Fast Refresh] done in 2ms @ http://localhost:3000/_next/static/chunks/node_modules_next_dist_1e8vcs8._.js:776
[  188200ms] [LOG] [Fast Refresh] done in 2ms @ http://localhost:3000/_next/static/chunks/node_modules_next_dist_1e8vcs8._.js:776
[  188262ms] [LOG] [Fast Refresh] done in 2ms @ http://localhost:3000/_next/static/chunks/node_modules_next_dist_1e8vcs8._.js:776
[  188327ms] [LOG] [Fast Refresh] done in 2ms @ http://localhost:3000/_next/static/chunks/node_modules_next_dist_1e8vcs8._.js:776
[  188386ms] [LOG] [Fast Refresh] done in 2ms @ http://localhost:3000/_next/static/chunks/node_modules_next_dist_1e8vcs8._.js:776
[  188451ms] [LOG] [Fast Refresh] done in 2ms @ http://localhost:3000/_next/static/chunks/node_modules_next_dist_1e8vcs8._.js:776
[  188506ms] [LOG] [Fast Refresh] done in 2ms @ http://localhost:3000/_next/static/chunks/node_modules_next_dist_1e8vcs8._.js:776
[  188555ms] [LOG] [Fast Refresh] done in 2ms @ http://localhost:3000/_next/static/chunks/node_modules_next_dist_1e8vcs8._.js:776
[  188599ms] [LOG] [Fast Refresh] done in 2ms @ http://localhost:3000/_next/static/chunks/node_modules_next_dist_1e8vcs8._.js:776
[  188661ms] [LOG] [Fast Refresh] done in 2ms @ http://localhost:3000/_next/static/chunks/node_modules_next_dist_1e8vcs8._.js:776
[  188724ms] [LOG] [Fast Refresh] done in 2ms @ http://localhost:3000/_next/static/chunks/node_modules_next_dist_1e8vcs8._.js:776
[  188785ms] [LOG] [Fast Refresh] done in 2ms @ http://localhost:3000/_next/static/chunks/node_modules_next_dist_1e8vcs8._.js:776
[  188850ms] [LOG] [Fast Refresh] done in 2ms @ http://localhost:3000/_next/static/chunks/node_modules_next_dist_1e8vcs8._.js:776
[  188916ms] [LOG] [Fast Refresh] done in 2ms @ http://localhost:3000/_next/static/chunks/node_modules_next_dist_1e8vcs8._.js:776
[  188962ms] [LOG] [Fast Refresh] done in 2ms @ http://localhost:3000/_next/static/chunks/node_modules_next_dist_1e8vcs8._.js:776
[  189011ms] [LOG] [Fast Refresh] done in 2ms @ http://localhost:3000/_next/static/chunks/node_modules_next_dist_1e8vcs8._.js:776
[  189070ms] [LOG] [Fast Refresh] done in 2ms @ http://localhost:3000/_next/static/chunks/node_modules_next_dist_1e8vcs8._.js:776
[  189115ms] [LOG] [Fast Refresh] done in 2ms @ http://localhost:3000/_next/static/chunks/node_modules_next_dist_1e8vcs8._.js:776
[  189174ms] [LOG] [Fast Refresh] done in 2ms @ http://localhost:3000/_next/static/chunks/node_modules_next_dist_1e8vcs8._.js:776
[  189227ms] [LOG] [Fast Refresh] done in 2ms @ http://localhost:3000/_next/static/chunks/node_modules_next_dist_1e8vcs8._.js:776
[  189288ms] [LOG] [Fast Refresh] done in 2ms @ http://localhost:3000/_next/static/chunks/node_modules_next_dist_1e8vcs8._.js:776
[  189345ms] [LOG] [Fast Refresh] done in 2ms @ http://localhost:3000/_next/static/chunks/node_modules_next_dist_1e8vcs8._.js:776
[  189400ms] [LOG] [Fast Refresh] done in 2ms @ http://localhost:3000/_next/static/chunks/node_modules_next_dist_1e8vcs8._.js:776
[  189447ms] [LOG] [Fast Refresh] done in 2ms @ http://localhost:3000/_next/static/chunks/node_modules_next_dist_1e8vcs8._.js:776
[  189497ms] [LOG] [Fast Refresh] done in 2ms @ http://localhost:3000/_next/static/chunks/node_modules_next_dist_1e8vcs8._.js:776
[  189546ms] [LOG] [Fast Refresh] done in 2ms @ http://localhost:3000/_next/static/chunks/node_modules_next_dist_1e8vcs8._.js:776
[  189603ms] [LOG] [Fast Refresh] done in 2ms @ http://localhost:3000/_next/static/chunks/node_modules_next_dist_1e8vcs8._.js:776
[  189660ms] [LOG] [Fast Refresh] done in 2ms @ http://localhost:3000/_next/static/chunks/node_modules_next_dist_1e8vcs8._.js:776
[  189706ms] [LOG] [Fast Refresh] done in 2ms @ http://localhost:3000/_next/static/chunks/node_modules_next_dist_1e8vcs8._.js:776
[  189754ms] [LOG] [Fast Refresh] done in 2ms @ http://localhost:3000/_next/static/chunks/node_modules_next_dist_1e8vcs8._.js:776
[  189797ms] [LOG] [Fast Refresh] done in 2ms @ http://localhost:3000/_next/static/chunks/node_modules_next_dist_1e8vcs8._.js:776
[  189857ms] [LOG] [Fast Refresh] done in 2ms @ http://localhost:3000/_next/static/chunks/node_modules_next_dist_1e8vcs8._.js:776
[  189914ms] [LOG] [Fast Refresh] done in 2ms @ http://localhost:3000/_next/static/chunks/node_modules_next_dist_1e8vcs8._.js:776
[  189971ms] [LOG] [Fast Refresh] done in 2ms @ http://localhost:3000/_next/static/chunks/node_modules_next_dist_1e8vcs8._.js:776
[  190018ms] [LOG] [Fast Refresh] done in 2ms @ http://localhost:3000/_next/static/chunks/node_modules_next_dist_1e8vcs8._.js:776
[  190075ms] [LOG] [Fast Refresh] done in 2ms @ http://localhost:3000/_next/static/chunks/node_modules_next_dist_1e8vcs8._.js:776
[  190126ms] [LOG] [Fast Refresh] done in 2ms @ http://localhost:3000/_next/static/chunks/node_modules_next_dist_1e8vcs8._.js:776
[  190182ms] [LOG] [Fast Refresh] done in 2ms @ http://localhost:3000/_next/static/chunks/node_modules_next_dist_1e8vcs8._.js:776
[  190239ms] [LOG] [Fast Refresh] done in 2ms @ http://localhost:3000/_next/static/chunks/node_modules_next_dist_1e8vcs8._.js:776
[  190297ms] [LOG] [Fast Refresh] done in 2ms @ http://localhost:3000/_next/static/chunks/node_modules_next_dist_1e8vcs8._.js:776
[  190352ms] [LOG] [Fast Refresh] done in 2ms @ http://localhost:3000/_next/static/chunks/node_modules_next_dist_1e8vcs8._.js:776
[  190402ms] [LOG] [Fast Refresh] done in 2ms @ http://localhost:3000/_next/static/chunks/node_modules_next_dist_1e8vcs8._.js:776
[  190448ms] [LOG] [Fast Refresh] done in 2ms @ http://localhost:3000/_next/static/chunks/node_modules_next_dist_1e8vcs8._.js:776
[  190507ms] [LOG] [Fast Refresh] done in 2ms @ http://localhost:3000/_next/static/chunks/node_modules_next_dist_1e8vcs8._.js:776
[  190560ms] [LOG] [Fast Refresh] done in 2ms @ http://localhost:3000/_next/static/chunks/node_modules_next_dist_1e8vcs8._.js:776
[  190608ms] [LOG] [Fast Refresh] done in 2ms @ http://localhost:3000/_next/static/chunks/node_modules_next_dist_1e8vcs8._.js:776
[  190661ms] [LOG] [Fast Refresh] done in 2ms @ http://localhost:3000/_next/static/chunks/node_modules_next_dist_1e8vcs8._.js:776
[  190715ms] [LOG] [Fast Refresh] done in 2ms @ http://localhost:3000/_next/static/chunks/node_modules_next_dist_1e8vcs8._.js:776
[  190769ms] [LOG] [Fast Refresh] done in 2ms @ http://localhost:3000/_next/static/chunks/node_modules_next_dist_1e8vcs8._.js:776
[  190819ms] [LOG] [Fast Refresh] done in 2ms @ http://localhost:3000/_next/static/chunks/node_modules_next_dist_1e8vcs8._.js:776
[  190866ms] [LOG] [Fast Refresh] done in 2ms @ http://localhost:3000/_next/static/chunks/node_modules_next_dist_1e8vcs8._.js:776
[  190921ms] [LOG] [Fast Refresh] done in 2ms @ http://localhost:3000/_next/static/chunks/node_modules_next_dist_1e8vcs8._.js:776
[  190969ms] [LOG] [Fast Refresh] done in 2ms @ http://localhost:3000/_next/static/chunks/node_modules_next_dist_1e8vcs8._.js:776
[  191018ms] [LOG] [Fast Refresh] done in 2ms @ http://localhost:3000/_next/static/chunks/node_modules_next_dist_1e8vcs8._.js:776
[  191075ms] [LOG] [Fast Refresh] done in 2ms @ http://localhost:3000/_next/static/chunks/node_modules_next_dist_1e8vcs8._.js:776
[  191122ms] [LOG] [Fast Refresh] done in 2ms @ http://localhost:3000/_next/static/chunks/node_modules_next_dist_1e8vcs8._.js:776
[  191169ms] [LOG] [Fast Refresh] done in 2ms @ http://localhost:3000/_next/static/chunks/node_modules_next_dist_1e8vcs8._.js:776
[  191229ms] [LOG] [Fast Refresh] done in 2ms @ http://localhost:3000/_next/static/chunks/node_modules_next_dist_1e8vcs8._.js:776
[  191291ms] [LOG] [Fast Refresh] done in 2ms @ http://localhost:3000/_next/static/chunks/node_modules_next_dist_1e8vcs8._.js:776
[  191348ms] [LOG] [Fast Refresh] done in 2ms @ http://localhost:3000/_next/static/chunks/node_modules_next_dist_1e8vcs8._.js:776
[  191400ms] [LOG] [Fast Refresh] done in 2ms @ http://localhost:3000/_next/static/chunks/node_modules_next_dist_1e8vcs8._.js:776
[  191456ms] [LOG] [Fast Refresh] done in 2ms @ http://localhost:3000/_next/static/chunks/node_modules_next_dist_1e8vcs8._.js:776
[  191499ms] [LOG] [Fast Refresh] done in 2ms @ http://localhost:3000/_next/static/chunks/node_modules_next_dist_1e8vcs8._.js:776
[  191546ms] [LOG] [Fast Refresh] done in 2ms @ http://localhost:3000/_next/static/chunks/node_modules_next_dist_1e8vcs8._.js:776
[  191596ms] [LOG] [Fast Refresh] done in 2ms @ http://localhost:3000/_next/static/chunks/node_modules_next_dist_1e8vcs8._.js:776
[  191644ms] [LOG] [Fast Refresh] done in 2ms @ http://localhost:3000/_next/static/chunks/node_modules_next_dist_1e8vcs8._.js:776
[  191692ms] [LOG] [Fast Refresh] done in 2ms @ http://localhost:3000/_next/static/chunks/node_modules_next_dist_1e8vcs8._.js:776
[  191749ms] [LOG] [Fast Refresh] done in 2ms @ http://localhost:3000/_next/static/chunks/node_modules_next_dist_1e8vcs8._.js:776
[  191797ms] [LOG] [Fast Refresh] done in 2ms @ http://localhost:3000/_next/static/chunks/node_modules_next_dist_1e8vcs8._.js:776
[  191844ms] [LOG] [Fast Refresh] done in 2ms @ http://localhost:3000/_next/static/chunks/node_modules_next_dist_1e8vcs8._.js:776
[  191894ms] [LOG] [Fast Refresh] done in 2ms @ http://localhost:3000/_next/static/chunks/node_modules_next_dist_1e8vcs8._.js:776
[  191941ms] [LOG] [Fast Refresh] done in 2ms @ http://localhost:3000/_next/static/chunks/node_modules_next_dist_1e8vcs8._.js:776
[  191989ms] [LOG] [Fast Refresh] done in 2ms @ http://localhost:3000/_next/static/chunks/node_modules_next_dist_1e8vcs8._.js:776
[  192055ms] [LOG] [Fast Refresh] done in 2ms @ http://localhost:3000/_next/static/chunks/node_modules_next_dist_1e8vcs8._.js:776
[  192112ms] [LOG] [Fast Refresh] done in 2ms @ http://localhost:3000/_next/static/chunks/node_modules_next_dist_1e8vcs8._.js:776
[  192167ms] [LOG] [Fast Refresh] done in 2ms @ http://localhost:3000/_next/static/chunks/node_modules_next_dist_1e8vcs8._.js:776
[  192220ms] [LOG] [Fast Refresh] done in 2ms @ http://localhost:3000/_next/static/chunks/node_modules_next_dist_1e8vcs8._.js:776
[  192273ms] [LOG] [Fast Refresh] done in 2ms @ http://localhost:3000/_next/static/chunks/node_modules_next_dist_1e8vcs8._.js:776
[  192331ms] [LOG] [Fast Refresh] done in 2ms @ http://localhost:3000/_next/static/chunks/node_modules_next_dist_1e8vcs8._.js:776
[  192387ms] [LOG] [Fast Refresh] done in 2ms @ http://localhost:3000/_next/static/chunks/node_modules_next_dist_1e8vcs8._.js:776
[  192435ms] [LOG] [Fast Refresh] done in 2ms @ http://localhost:3000/_next/static/chunks/node_modules_next_dist_1e8vcs8._.js:776
[  192495ms] [LOG] [Fast Refresh] done in 2ms @ http://localhost:3000/_next/static/chunks/node_modules_next_dist_1e8vcs8._.js:776
[  192553ms] [LOG] [Fast Refresh] done in 2ms @ http://localhost:3000/_next/static/chunks/node_modules_next_dist_1e8vcs8._.js:776
[  192617ms] [LOG] [Fast Refresh] done in 2ms @ http://localhost:3000/_next/static/chunks/node_modules_next_dist_1e8vcs8._.js:776
[  192678ms] [LOG] [Fast Refresh] done in 2ms @ http://localhost:3000/_next/static/chunks/node_modules_next_dist_1e8vcs8._.js:776
[  192740ms] [LOG] [Fast Refresh] done in 2ms @ http://localhost:3000/_next/static/chunks/node_modules_next_dist_1e8vcs8._.js:776
[  192795ms] [LOG] [Fast Refresh] done in 2ms @ http://localhost:3000/_next/static/chunks/node_modules_next_dist_1e8vcs8._.js:776
[  192861ms] [LOG] [Fast Refresh] done in 2ms @ http://localhost:3000/_next/static/chunks/node_modules_next_dist_1e8vcs8._.js:776
[  192931ms] [LOG] [Fast Refresh] done in 2ms @ http://localhost:3000/_next/static/chunks/node_modules_next_dist_1e8vcs8._.js:776
[  192983ms] [LOG] [Fast Refresh] done in 2ms @ http://localhost:3000/_next/static/chunks/node_modules_next_dist_1e8vcs8._.js:776
[  193032ms] [LOG] [Fast Refresh] done in 2ms @ http://localhost:3000/_next/static/chunks/node_modules_next_dist_1e8vcs8._.js:776
[  193086ms] [LOG] [Fast Refresh] done in 2ms @ http://localhost:3000/_next/static/chunks/node_modules_next_dist_1e8vcs8._.js:776
[  193147ms] [LOG] [Fast Refresh] done in 2ms @ http://localhost:3000/_next/static/chunks/node_modules_next_dist_1e8vcs8._.js:776
[  193207ms] [LOG] [Fast Refresh] done in 2ms @ http://localhost:3000/_next/static/chunks/node_modules_next_dist_1e8vcs8._.js:776
[  193271ms] [LOG] [Fast Refresh] done in 2ms @ http://localhost:3000/_next/static/chunks/node_modules_next_dist_1e8vcs8._.js:776
[  193333ms] [LOG] [Fast Refresh] done in 2ms @ http://localhost:3000/_next/static/chunks/node_modules_next_dist_1e8vcs8._.js:776
[  193396ms] [LOG] [Fast Refresh] done in 2ms @ http://localhost:3000/_next/static/chunks/node_modules_next_dist_1e8vcs8._.js:776
[  193456ms] [LOG] [Fast Refresh] done in 2ms @ http://localhost:3000/_next/static/chunks/node_modules_next_dist_1e8vcs8._.js:776
[  193518ms] [LOG] [Fast Refresh] done in 2ms @ http://localhost:3000/_next/static/chunks/node_modules_next_dist_1e8vcs8._.js:776
[  193568ms] [LOG] [Fast Refresh] done in 2ms @ http://localhost:3000/_next/static/chunks/node_modules_next_dist_1e8vcs8._.js:776
[  193620ms] [LOG] [Fast Refresh] done in 2ms @ http://localhost:3000/_next/static/chunks/node_modules_next_dist_1e8vcs8._.js:776
[  193677ms] [LOG] [Fast Refresh] done in 2ms @ http://localhost:3000/_next/static/chunks/node_modules_next_dist_1e8vcs8._.js:776
[  193729ms] [LOG] [Fast Refresh] done in 2ms @ http://localhost:3000/_next/static/chunks/node_modules_next_dist_1e8vcs8._.js:776
[  193777ms] [LOG] [Fast Refresh] done in 2ms @ http://localhost:3000/_next/static/chunks/node_modules_next_dist_1e8vcs8._.js:776
[  193826ms] [LOG] [Fast Refresh] done in 2ms @ http://localhost:3000/_next/static/chunks/node_modules_next_dist_1e8vcs8._.js:776
[  193880ms] [LOG] [Fast Refresh] done in 2ms @ http://localhost:3000/_next/static/chunks/node_modules_next_dist_1e8vcs8._.js:776
[  193941ms] [LOG] [Fast Refresh] done in 2ms @ http://localhost:3000/_next/static/chunks/node_modules_next_dist_1e8vcs8._.js:776
[  194000ms] [LOG] [Fast Refresh] done in 2ms @ http://localhost:3000/_next/static/chunks/node_modules_next_dist_1e8vcs8._.js:776
[  194078ms] [LOG] [Fast Refresh] done in 2ms @ http://localhost:3000/_next/static/chunks/node_modules_next_dist_1e8vcs8._.js:776
[  194130ms] [LOG] [Fast Refresh] done in 2ms @ http://localhost:3000/_next/static/chunks/node_modules_next_dist_1e8vcs8._.js:776
[  194178ms] [LOG] [Fast Refresh] done in 2ms @ http://localhost:3000/_next/static/chunks/node_modules_next_dist_1e8vcs8._.js:776
[  194234ms] [LOG] [Fast Refresh] done in 2ms @ http://localhost:3000/_next/static/chunks/node_modules_next_dist_1e8vcs8._.js:776
[  194282ms] [LOG] [Fast Refresh] done in 2ms @ http://localhost:3000/_next/static/chunks/node_modules_next_dist_1e8vcs8._.js:776
[  194335ms] [LOG] [Fast Refresh] done in 2ms @ http://localhost:3000/_next/static/chunks/node_modules_next_dist_1e8vcs8._.js:776
[  194393ms] [LOG] [Fast Refresh] done in 2ms @ http://localhost:3000/_next/static/chunks/node_modules_next_dist_1e8vcs8._.js:776
[  194441ms] [LOG] [Fast Refresh] done in 2ms @ http://localhost:3000/_next/static/chunks/node_modules_next_dist_1e8vcs8._.js:776
[  194499ms] [LOG] [Fast Refresh] done in 2ms @ http://localhost:3000/_next/static/chunks/node_modules_next_dist_1e8vcs8._.js:776
[  194557ms] [LOG] [Fast Refresh] done in 2ms @ http://localhost:3000/_next/static/chunks/node_modules_next_dist_1e8vcs8._.js:776
[  194626ms] [LOG] [Fast Refresh] done in 2ms @ http://localhost:3000/_next/static/chunks/node_modules_next_dist_1e8vcs8._.js:776
[  194688ms] [LOG] [Fast Refresh] done in 2ms @ http://localhost:3000/_next/static/chunks/node_modules_next_dist_1e8vcs8._.js:776
[  194751ms] [LOG] [Fast Refresh] done in 2ms @ http://localhost:3000/_next/static/chunks/node_modules_next_dist_1e8vcs8._.js:776
[  194811ms] [LOG] [Fast Refresh] done in 2ms @ http://localhost:3000/_next/static/chunks/node_modules_next_dist_1e8vcs8._.js:776
[  194867ms] [LOG] [Fast Refresh] done in 2ms @ http://localhost:3000/_next/static/chunks/node_modules_next_dist_1e8vcs8._.js:776
[  194928ms] [LOG] [Fast Refresh] done in 2ms @ http://localhost:3000/_next/static/chunks/node_modules_next_dist_1e8vcs8._.js:776
[  194981ms] [LOG] [Fast Refresh] done in 2ms @ http://localhost:3000/_next/static/chunks/node_modules_next_dist_1e8vcs8._.js:776
[  195039ms] [LOG] [Fast Refresh] done in 2ms @ http://localhost:3000/_next/static/chunks/node_modules_next_dist_1e8vcs8._.js:776
[  195097ms] [LOG] [Fast Refresh] done in 2ms @ http://localhost:3000/_next/static/chunks/node_modules_next_dist_1e8vcs8._.js:776
[  195162ms] [LOG] [Fast Refresh] done in 2ms @ http://localhost:3000/_next/static/chunks/node_modules_next_dist_1e8vcs8._.js:776
[  195225ms] [LOG] [Fast Refresh] done in 2ms @ http://localhost:3000/_next/static/chunks/node_modules_next_dist_1e8vcs8._.js:776
[  195290ms] [LOG] [Fast Refresh] done in 2ms @ http://localhost:3000/_next/static/chunks/node_modules_next_dist_1e8vcs8._.js:776
[  195351ms] [LOG] [Fast Refresh] done in 2ms @ http://localhost:3000/_next/static/chunks/node_modules_next_dist_1e8vcs8._.js:776
[  195401ms] [LOG] [Fast Refresh] done in 2ms @ http://localhost:3000/_next/static/chunks/node_modules_next_dist_1e8vcs8._.js:776
[  195456ms] [LOG] [Fast Refresh] done in 2ms @ http://localhost:3000/_next/static/chunks/node_modules_next_dist_1e8vcs8._.js:776
[  195504ms] [LOG] [Fast Refresh] done in 2ms @ http://localhost:3000/_next/static/chunks/node_modules_next_dist_1e8vcs8._.js:776
[  195557ms] [LOG] [Fast Refresh] done in 2ms @ http://localhost:3000/_next/static/chunks/node_modules_next_dist_1e8vcs8._.js:776
[  195608ms] [LOG] [Fast Refresh] done in 2ms @ http://localhost:3000/_next/static/chunks/node_modules_next_dist_1e8vcs8._.js:776
[  195657ms] [LOG] [Fast Refresh] done in 2ms @ http://localhost:3000/_next/static/chunks/node_modules_next_dist_1e8vcs8._.js:776
[  195715ms] [LOG] [Fast Refresh] done in 2ms @ http://localhost:3000/_next/static/chunks/node_modules_next_dist_1e8vcs8._.js:776
[  195761ms] [LOG] [Fast Refresh] done in 2ms @ http://localhost:3000/_next/static/chunks/node_modules_next_dist_1e8vcs8._.js:776
[  195812ms] [LOG] [Fast Refresh] done in 2ms @ http://localhost:3000/_next/static/chunks/node_modules_next_dist_1e8vcs8._.js:776
[  195858ms] [LOG] [Fast Refresh] done in 2ms @ http://localhost:3000/_next/static/chunks/node_modules_next_dist_1e8vcs8._.js:776
[  195907ms] [LOG] [Fast Refresh] done in 2ms @ http://localhost:3000/_next/static/chunks/node_modules_next_dist_1e8vcs8._.js:776
[  195951ms] [LOG] [Fast Refresh] done in 2ms @ http://localhost:3000/_next/static/chunks/node_modules_next_dist_1e8vcs8._.js:776
[  195998ms] [LOG] [Fast Refresh] done in 2ms @ http://localhost:3000/_next/static/chunks/node_modules_next_dist_1e8vcs8._.js:776
[  196046ms] [LOG] [Fast Refresh] done in 2ms @ http://localhost:3000/_next/static/chunks/node_modules_next_dist_1e8vcs8._.js:776
[  196088ms] [LOG] [Fast Refresh] done in 2ms @ http://localhost:3000/_next/static/chunks/node_modules_next_dist_1e8vcs8._.js:776
[  196143ms] [LOG] [Fast Refresh] done in 2ms @ http://localhost:3000/_next/static/chunks/node_modules_next_dist_1e8vcs8._.js:776
[  196200ms] [LOG] [Fast Refresh] done in 2ms @ http://localhost:3000/_next/static/chunks/node_modules_next_dist_1e8vcs8._.js:776
[  196247ms] [LOG] [Fast Refresh] done in 2ms @ http://localhost:3000/_next/static/chunks/node_modules_next_dist_1e8vcs8._.js:776
[  196306ms] [LOG] [Fast Refresh] done in 2ms @ http://localhost:3000/_next/static/chunks/node_modules_next_dist_1e8vcs8._.js:776
[  196366ms] [LOG] [Fast Refresh] done in 2ms @ http://localhost:3000/_next/static/chunks/node_modules_next_dist_1e8vcs8._.js:776
[  196421ms] [LOG] [Fast Refresh] done in 2ms @ http://localhost:3000/_next/static/chunks/node_modules_next_dist_1e8vcs8._.js:776
[  196469ms] [LOG] [Fast Refresh] done in 2ms @ http://localhost:3000/_next/static/chunks/node_modules_next_dist_1e8vcs8._.js:776
[  196525ms] [LOG] [Fast Refresh] done in 2ms @ http://localhost:3000/_next/static/chunks/node_modules_next_dist_1e8vcs8._.js:776
[  196572ms] [LOG] [Fast Refresh] done in 2ms @ http://localhost:3000/_next/static/chunks/node_modules_next_dist_1e8vcs8._.js:776
[  196625ms] [LOG] [Fast Refresh] done in 2ms @ http://localhost:3000/_next/static/chunks/node_modules_next_dist_1e8vcs8._.js:776
[  196678ms] [LOG] [Fast Refresh] done in 2ms @ http://localhost:3000/_next/static/chunks/node_modules_next_dist_1e8vcs8._.js:776
[  196728ms] [LOG] [Fast Refresh] done in 2ms @ http://localhost:3000/_next/static/chunks/node_modules_next_dist_1e8vcs8._.js:776
[  196780ms] [LOG] [Fast Refresh] done in 2ms @ http://localhost:3000/_next/static/chunks/node_modules_next_dist_1e8vcs8._.js:776
[  196829ms] [LOG] [Fast Refresh] done in 2ms @ http://localhost:3000/_next/static/chunks/node_modules_next_dist_1e8vcs8._.js:776
[  196889ms] [LOG] [Fast Refresh] done in 2ms @ http://localhost:3000/_next/static/chunks/node_modules_next_dist_1e8vcs8._.js:776
[  196939ms] [LOG] [Fast Refresh] done in 2ms @ http://localhost:3000/_next/static/chunks/node_modules_next_dist_1e8vcs8._.js:776
[  196997ms] [LOG] [Fast Refresh] done in 2ms @ http://localhost:3000/_next/static/chunks/node_modules_next_dist_1e8vcs8._.js:776
[  197048ms] [LOG] [Fast Refresh] done in 2ms @ http://localhost:3000/_next/static/chunks/node_modules_next_dist_1e8vcs8._.js:776
[  197097ms] [LOG] [Fast Refresh] done in 2ms @ http://localhost:3000/_next/static/chunks/node_modules_next_dist_1e8vcs8._.js:776
[  197150ms] [LOG] [Fast Refresh] done in 2ms @ http://localhost:3000/_next/static/chunks/node_modules_next_dist_1e8vcs8._.js:776
[  197199ms] [LOG] [Fast Refresh] done in 2ms @ http://localhost:3000/_next/static/chunks/node_modules_next_dist_1e8vcs8._.js:776
[  197248ms] [LOG] [Fast Refresh] done in 2ms @ http://localhost:3000/_next/static/chunks/node_modules_next_dist_1e8vcs8._.js:776
[  197296ms] [LOG] [Fast Refresh] done in 2ms @ http://localhost:3000/_next/static/chunks/node_modules_next_dist_1e8vcs8._.js:776
[  197348ms] [LOG] [Fast Refresh] done in 2ms @ http://localhost:3000/_next/static/chunks/node_modules_next_dist_1e8vcs8._.js:776
[  197406ms] [LOG] [Fast Refresh] done in 2ms @ http://localhost:3000/_next/static/chunks/node_modules_next_dist_1e8vcs8._.js:776
[  197458ms] [LOG] [Fast Refresh] done in 2ms @ http://localhost:3000/_next/static/chunks/node_modules_next_dist_1e8vcs8._.js:776
[  197501ms] [LOG] [Fast Refresh] done in 2ms @ http://localhost:3000/_next/static/chunks/node_modules_next_dist_1e8vcs8._.js:776
[  197546ms] [LOG] [Fast Refresh] done in 2ms @ http://localhost:3000/_next/static/chunks/node_modules_next_dist_1e8vcs8._.js:776
[  197595ms] [LOG] [Fast Refresh] done in 2ms @ http://localhost:3000/_next/static/chunks/node_modules_next_dist_1e8vcs8._.js:776
[  197640ms] [LOG] [Fast Refresh] done in 2ms @ http://localhost:3000/_next/static/chunks/node_modules_next_dist_1e8vcs8._.js:776
[  197694ms] [LOG] [Fast Refresh] done in 2ms @ http://localhost:3000/_next/static/chunks/node_modules_next_dist_1e8vcs8._.js:776
[  197742ms] [LOG] [Fast Refresh] done in 2ms @ http://localhost:3000/_next/static/chunks/node_modules_next_dist_1e8vcs8._.js:776
[  197797ms] [LOG] [Fast Refresh] done in 2ms @ http://localhost:3000/_next/static/chunks/node_modules_next_dist_1e8vcs8._.js:776
[  197844ms] [LOG] [Fast Refresh] done in 2ms @ http://localhost:3000/_next/static/chunks/node_modules_next_dist_1e8vcs8._.js:776
[  197893ms] [LOG] [Fast Refresh] done in 2ms @ http://localhost:3000/_next/static/chunks/node_modules_next_dist_1e8vcs8._.js:776
[  197940ms] [LOG] [Fast Refresh] done in 2ms @ http://localhost:3000/_next/static/chunks/node_modules_next_dist_1e8vcs8._.js:776
[  197991ms] [LOG] [Fast Refresh] done in 2ms @ http://localhost:3000/_next/static/chunks/node_modules_next_dist_1e8vcs8._.js:776
[  198040ms] [LOG] [Fast Refresh] done in 2ms @ http://localhost:3000/_next/static/chunks/node_modules_next_dist_1e8vcs8._.js:776
[  198089ms] [LOG] [Fast Refresh] done in 2ms @ http://localhost:3000/_next/static/chunks/node_modules_next_dist_1e8vcs8._.js:776
[  198136ms] [LOG] [Fast Refresh] done in 2ms @ http://localhost:3000/_next/static/chunks/node_modules_next_dist_1e8vcs8._.js:776
[  198182ms] [LOG] [Fast Refresh] done in 2ms @ http://localhost:3000/_next/static/chunks/node_modules_next_dist_1e8vcs8._.js:776
[  198226ms] [LOG] [Fast Refresh] done in 2ms @ http://localhost:3000/_next/static/chunks/node_modules_next_dist_1e8vcs8._.js:776
[  198272ms] [LOG] [Fast Refresh] done in 2ms @ http://localhost:3000/_next/static/chunks/node_modules_next_dist_1e8vcs8._.js:776
[  198316ms] [LOG] [Fast Refresh] done in 2ms @ http://localhost:3000/_next/static/chunks/node_modules_next_dist_1e8vcs8._.js:776
[  198366ms] [LOG] [Fast Refresh] done in 2ms @ http://localhost:3000/_next/static/chunks/node_modules_next_dist_1e8vcs8._.js:776
[  198417ms] [LOG] [Fast Refresh] done in 2ms @ http://localhost:3000/_next/static/chunks/node_modules_next_dist_1e8vcs8._.js:776
[  198463ms] [LOG] [Fast Refresh] done in 2ms @ http://localhost:3000/_next/static/chunks/node_modules_next_dist_1e8vcs8._.js:776
[  198515ms] [LOG] [Fast Refresh] done in 2ms @ http://localhost:3000/_next/static/chunks/node_modules_next_dist_1e8vcs8._.js:776
[  198567ms] [LOG] [Fast Refresh] done in 2ms @ http://localhost:3000/_next/static/chunks/node_modules_next_dist_1e8vcs8._.js:776
[  198622ms] [LOG] [Fast Refresh] done in 2ms @ http://localhost:3000/_next/static/chunks/node_modules_next_dist_1e8vcs8._.js:776
[  198671ms] [LOG] [Fast Refresh] done in 2ms @ http://localhost:3000/_next/static/chunks/node_modules_next_dist_1e8vcs8._.js:776
[  198722ms] [LOG] [Fast Refresh] done in 2ms @ http://localhost:3000/_next/static/chunks/node_modules_next_dist_1e8vcs8._.js:776
[  198775ms] [LOG] [Fast Refresh] done in 2ms @ http://localhost:3000/_next/static/chunks/node_modules_next_dist_1e8vcs8._.js:776
[  198824ms] [LOG] [Fast Refresh] done in 2ms @ http://localhost:3000/_next/static/chunks/node_modules_next_dist_1e8vcs8._.js:776
[  198873ms] [LOG] [Fast Refresh] done in 2ms @ http://localhost:3000/_next/static/chunks/node_modules_next_dist_1e8vcs8._.js:776
[  198925ms] [LOG] [Fast Refresh] done in 2ms @ http://localhost:3000/_next/static/chunks/node_modules_next_dist_1e8vcs8._.js:776
[  198975ms] [LOG] [Fast Refresh] done in 2ms @ http://localhost:3000/_next/static/chunks/node_modules_next_dist_1e8vcs8._.js:776
[  199033ms] [LOG] [Fast Refresh] done in 2ms @ http://localhost:3000/_next/static/chunks/node_modules_next_dist_1e8vcs8._.js:776
[  199081ms] [LOG] [Fast Refresh] done in 2ms @ http://localhost:3000/_next/static/chunks/node_modules_next_dist_1e8vcs8._.js:776
[  199131ms] [LOG] [Fast Refresh] done in 2ms @ http://localhost:3000/_next/static/chunks/node_modules_next_dist_1e8vcs8._.js:776
[  199178ms] [LOG] [Fast Refresh] done in 2ms @ http://localhost:3000/_next/static/chunks/node_modules_next_dist_1e8vcs8._.js:776
[  199232ms] [LOG] [Fast Refresh] done in 2ms @ http://localhost:3000/_next/static/chunks/node_modules_next_dist_1e8vcs8._.js:776
[  199300ms] [LOG] [Fast Refresh] done in 2ms @ http://localhost:3000/_next/static/chunks/node_modules_next_dist_1e8vcs8._.js:776
[  199352ms] [LOG] [Fast Refresh] done in 2ms @ http://localhost:3000/_next/static/chunks/node_modules_next_dist_1e8vcs8._.js:776
[  199400ms] [LOG] [Fast Refresh] done in 2ms @ http://localhost:3000/_next/static/chunks/node_modules_next_dist_1e8vcs8._.js:776
[  199479ms] [LOG] [Fast Refresh] done in 2ms @ http://localhost:3000/_next/static/chunks/node_modules_next_dist_1e8vcs8._.js:776
[  199524ms] [LOG] [Fast Refresh] done in 2ms @ http://localhost:3000/_next/static/chunks/node_modules_next_dist_1e8vcs8._.js:776
[  199576ms] [LOG] [Fast Refresh] done in 2ms @ http://localhost:3000/_next/static/chunks/node_modules_next_dist_1e8vcs8._.js:776
[  199630ms] [LOG] [Fast Refresh] done in 2ms @ http://localhost:3000/_next/static/chunks/node_modules_next_dist_1e8vcs8._.js:776
[  199678ms] [LOG] [Fast Refresh] done in 2ms @ http://localhost:3000/_next/static/chunks/node_modules_next_dist_1e8vcs8._.js:776
[  199743ms] [LOG] [Fast Refresh] done in 2ms @ http://localhost:3000/_next/static/chunks/node_modules_next_dist_1e8vcs8._.js:776
[  199790ms] [LOG] [Fast Refresh] done in 2ms @ http://localhost:3000/_next/static/chunks/node_modules_next_dist_1e8vcs8._.js:776
[  199845ms] [LOG] [Fast Refresh] done in 2ms @ http://localhost:3000/_next/static/chunks/node_modules_next_dist_1e8vcs8._.js:776
[  199891ms] [LOG] [Fast Refresh] done in 2ms @ http://localhost:3000/_next/static/chunks/node_modules_next_dist_1e8vcs8._.js:776
[  199949ms] [LOG] [Fast Refresh] done in 2ms @ http://localhost:3000/_next/static/chunks/node_modules_next_dist_1e8vcs8._.js:776
[  199997ms] [LOG] [Fast Refresh] done in 2ms @ http://localhost:3000/_next/static/chunks/node_modules_next_dist_1e8vcs8._.js:776
[  200046ms] [LOG] [Fast Refresh] done in 2ms @ http://localhost:3000/_next/static/chunks/node_modules_next_dist_1e8vcs8._.js:776
[  200090ms] [LOG] [Fast Refresh] done in 2ms @ http://localhost:3000/_next/static/chunks/node_modules_next_dist_1e8vcs8._.js:776
[  200134ms] [LOG] [Fast Refresh] done in 2ms @ http://localhost:3000/_next/static/chunks/node_modules_next_dist_1e8vcs8._.js:776
[  200181ms] [LOG] [Fast Refresh] done in 2ms @ http://localhost:3000/_next/static/chunks/node_modules_next_dist_1e8vcs8._.js:776
[  200234ms] [LOG] [Fast Refresh] done in 2ms @ http://localhost:3000/_next/static/chunks/node_modules_next_dist_1e8vcs8._.js:776
[  200283ms] [LOG] [Fast Refresh] done in 2ms @ http://localhost:3000/_next/static/chunks/node_modules_next_dist_1e8vcs8._.js:776
[  200338ms] [LOG] [Fast Refresh] done in 2ms @ http://localhost:3000/_next/static/chunks/node_modules_next_dist_1e8vcs8._.js:776
[  200386ms] [LOG] [Fast Refresh] done in 2ms @ http://localhost:3000/_next/static/chunks/node_modules_next_dist_1e8vcs8._.js:776
[  200439ms] [LOG] [Fast Refresh] done in 2ms @ http://localhost:3000/_next/static/chunks/node_modules_next_dist_1e8vcs8._.js:776
[  200492ms] [LOG] [Fast Refresh] done in 2ms @ http://localhost:3000/_next/static/chunks/node_modules_next_dist_1e8vcs8._.js:776
[  200546ms] [LOG] [Fast Refresh] done in 2ms @ http://localhost:3000/_next/static/chunks/node_modules_next_dist_1e8vcs8._.js:776
[  200594ms] [LOG] [Fast Refresh] done in 2ms @ http://localhost:3000/_next/static/chunks/node_modules_next_dist_1e8vcs8._.js:776
[  200650ms] [LOG] [Fast Refresh] done in 2ms @ http://localhost:3000/_next/static/chunks/node_modules_next_dist_1e8vcs8._.js:776
[  200708ms] [LOG] [Fast Refresh] done in 2ms @ http://localhost:3000/_next/static/chunks/node_modules_next_dist_1e8vcs8._.js:776
[  200771ms] [LOG] [Fast Refresh] done in 2ms @ http://localhost:3000/_next/static/chunks/node_modules_next_dist_1e8vcs8._.js:776
[  200817ms] [LOG] [Fast Refresh] done in 2ms @ http://localhost:3000/_next/static/chunks/node_modules_next_dist_1e8vcs8._.js:776
[  200866ms] [LOG] [Fast Refresh] done in 2ms @ http://localhost:3000/_next/static/chunks/node_modules_next_dist_1e8vcs8._.js:776
[  200923ms] [LOG] [Fast Refresh] done in 2ms @ http://localhost:3000/_next/static/chunks/node_modules_next_dist_1e8vcs8._.js:776
[  200977ms] [LOG] [Fast Refresh] done in 2ms @ http://localhost:3000/_next/static/chunks/node_modules_next_dist_1e8vcs8._.js:776
[  201038ms] [LOG] [Fast Refresh] done in 2ms @ http://localhost:3000/_next/static/chunks/node_modules_next_dist_1e8vcs8._.js:776
[  201086ms] [LOG] [Fast Refresh] done in 2ms @ http://localhost:3000/_next/static/chunks/node_modules_next_dist_1e8vcs8._.js:776
[  201139ms] [LOG] [Fast Refresh] done in 2ms @ http://localhost:3000/_next/static/chunks/node_modules_next_dist_1e8vcs8._.js:776
[  201183ms] [LOG] [Fast Refresh] done in 2ms @ http://localhost:3000/_next/static/chunks/node_modules_next_dist_1e8vcs8._.js:776
[  201233ms] [LOG] [Fast Refresh] done in 2ms @ http://localhost:3000/_next/static/chunks/node_modules_next_dist_1e8vcs8._.js:776
[  201289ms] [LOG] [Fast Refresh] done in 2ms @ http://localhost:3000/_next/static/chunks/node_modules_next_dist_1e8vcs8._.js:776
[  201343ms] [LOG] [Fast Refresh] done in 2ms @ http://localhost:3000/_next/static/chunks/node_modules_next_dist_1e8vcs8._.js:776
[  201393ms] [LOG] [Fast Refresh] done in 2ms @ http://localhost:3000/_next/static/chunks/node_modules_next_dist_1e8vcs8._.js:776
[  201451ms] [LOG] [Fast Refresh] done in 2ms @ http://localhost:3000/_next/static/chunks/node_modules_next_dist_1e8vcs8._.js:776
[  201506ms] [LOG] [Fast Refresh] done in 2ms @ http://localhost:3000/_next/static/chunks/node_modules_next_dist_1e8vcs8._.js:776
[  201562ms] [LOG] [Fast Refresh] done in 2ms @ http://localhost:3000/_next/static/chunks/node_modules_next_dist_1e8vcs8._.js:776
[  201615ms] [LOG] [Fast Refresh] done in 2ms @ http://localhost:3000/_next/static/chunks/node_modules_next_dist_1e8vcs8._.js:776
[  201665ms] [LOG] [Fast Refresh] done in 2ms @ http://localhost:3000/_next/static/chunks/node_modules_next_dist_1e8vcs8._.js:776
[  201722ms] [LOG] [Fast Refresh] done in 2ms @ http://localhost:3000/_next/static/chunks/node_modules_next_dist_1e8vcs8._.js:776
[  201769ms] [LOG] [Fast Refresh] done in 2ms @ http://localhost:3000/_next/static/chunks/node_modules_next_dist_1e8vcs8._.js:776
[  201819ms] [LOG] [Fast Refresh] done in 2ms @ http://localhost:3000/_next/static/chunks/node_modules_next_dist_1e8vcs8._.js:776
[  201872ms] [LOG] [Fast Refresh] done in 2ms @ http://localhost:3000/_next/static/chunks/node_modules_next_dist_1e8vcs8._.js:776
[  201974ms] [LOG] [Fast Refresh] done in 2ms @ http://localhost:3000/_next/static/chunks/node_modules_next_dist_1e8vcs8._.js:776
[  202029ms] [LOG] [Fast Refresh] done in 2ms @ http://localhost:3000/_next/static/chunks/node_modules_next_dist_1e8vcs8._.js:776
[  202081ms] [LOG] [Fast Refresh] done in 2ms @ http://localhost:3000/_next/static/chunks/node_modules_next_dist_1e8vcs8._.js:776
[  202129ms] [LOG] [Fast Refresh] done in 2ms @ http://localhost:3000/_next/static/chunks/node_modules_next_dist_1e8vcs8._.js:776
[  202175ms] [LOG] [Fast Refresh] done in 2ms @ http://localhost:3000/_next/static/chunks/node_modules_next_dist_1e8vcs8._.js:776
[  202228ms] [LOG] [Fast Refresh] done in 2ms @ http://localhost:3000/_next/static/chunks/node_modules_next_dist_1e8vcs8._.js:776
[  202294ms] [LOG] [Fast Refresh] done in 2ms @ http://localhost:3000/_next/static/chunks/node_modules_next_dist_1e8vcs8._.js:776
[  202345ms] [LOG] [Fast Refresh] done in 2ms @ http://localhost:3000/_next/static/chunks/node_modules_next_dist_1e8vcs8._.js:776
[  202400ms] [LOG] [Fast Refresh] done in 2ms @ http://localhost:3000/_next/static/chunks/node_modules_next_dist_1e8vcs8._.js:776
[  202457ms] [LOG] [Fast Refresh] done in 2ms @ http://localhost:3000/_next/static/chunks/node_modules_next_dist_1e8vcs8._.js:776
[  202513ms] [LOG] [Fast Refresh] done in 2ms @ http://localhost:3000/_next/static/chunks/node_modules_next_dist_1e8vcs8._.js:776
[  202555ms] [LOG] [Fast Refresh] done in 2ms @ http://localhost:3000/_next/static/chunks/node_modules_next_dist_1e8vcs8._.js:776
[  202608ms] [LOG] [Fast Refresh] done in 2ms @ http://localhost:3000/_next/static/chunks/node_modules_next_dist_1e8vcs8._.js:776
[  202665ms] [LOG] [Fast Refresh] done in 2ms @ http://localhost:3000/_next/static/chunks/node_modules_next_dist_1e8vcs8._.js:776
[  202708ms] [LOG] [Fast Refresh] done in 2ms @ http://localhost:3000/_next/static/chunks/node_modules_next_dist_1e8vcs8._.js:776
[  202754ms] [LOG] [Fast Refresh] done in 2ms @ http://localhost:3000/_next/static/chunks/node_modules_next_dist_1e8vcs8._.js:776
[  202810ms] [LOG] [Fast Refresh] done in 2ms @ http://localhost:3000/_next/static/chunks/node_modules_next_dist_1e8vcs8._.js:776
[  202858ms] [LOG] [Fast Refresh] done in 2ms @ http://localhost:3000/_next/static/chunks/node_modules_next_dist_1e8vcs8._.js:776
[  202908ms] [LOG] [Fast Refresh] done in 2ms @ http://localhost:3000/_next/static/chunks/node_modules_next_dist_1e8vcs8._.js:776
[  202956ms] [LOG] [Fast Refresh] done in 2ms @ http://localhost:3000/_next/static/chunks/node_modules_next_dist_1e8vcs8._.js:776
[  203004ms] [LOG] [Fast Refresh] done in 2ms @ http://localhost:3000/_next/static/chunks/node_modules_next_dist_1e8vcs8._.js:776
[  203055ms] [LOG] [Fast Refresh] done in 2ms @ http://localhost:3000/_next/static/chunks/node_modules_next_dist_1e8vcs8._.js:776
[  203111ms] [LOG] [Fast Refresh] done in 2ms @ http://localhost:3000/_next/static/chunks/node_modules_next_dist_1e8vcs8._.js:776
[  203166ms] [LOG] [Fast Refresh] done in 2ms @ http://localhost:3000/_next/static/chunks/node_modules_next_dist_1e8vcs8._.js:776
[  203224ms] [LOG] [Fast Refresh] done in 2ms @ http://localhost:3000/_next/static/chunks/node_modules_next_dist_1e8vcs8._.js:776
[  203275ms] [LOG] [Fast Refresh] done in 2ms @ http://localhost:3000/_next/static/chunks/node_modules_next_dist_1e8vcs8._.js:776
[  203333ms] [LOG] [Fast Refresh] done in 2ms @ http://localhost:3000/_next/static/chunks/node_modules_next_dist_1e8vcs8._.js:776
[  203380ms] [LOG] [Fast Refresh] done in 2ms @ http://localhost:3000/_next/static/chunks/node_modules_next_dist_1e8vcs8._.js:776
[  203435ms] [LOG] [Fast Refresh] done in 2ms @ http://localhost:3000/_next/static/chunks/node_modules_next_dist_1e8vcs8._.js:776
[  203484ms] [LOG] [Fast Refresh] done in 2ms @ http://localhost:3000/_next/static/chunks/node_modules_next_dist_1e8vcs8._.js:776
[  203541ms] [LOG] [Fast Refresh] done in 2ms @ http://localhost:3000/_next/static/chunks/node_modules_next_dist_1e8vcs8._.js:776
[  203585ms] [LOG] [Fast Refresh] done in 2ms @ http://localhost:3000/_next/static/chunks/node_modules_next_dist_1e8vcs8._.js:776
[  203633ms] [LOG] [Fast Refresh] done in 2ms @ http://localhost:3000/_next/static/chunks/node_modules_next_dist_1e8vcs8._.js:776
[  203679ms] [LOG] [Fast Refresh] done in 2ms @ http://localhost:3000/_next/static/chunks/node_modules_next_dist_1e8vcs8._.js:776
[  203728ms] [LOG] [Fast Refresh] done in 2ms @ http://localhost:3000/_next/static/chunks/node_modules_next_dist_1e8vcs8._.js:776
[  203781ms] [LOG] [Fast Refresh] done in 2ms @ http://localhost:3000/_next/static/chunks/node_modules_next_dist_1e8vcs8._.js:776
[  203825ms] [LOG] [Fast Refresh] done in 2ms @ http://localhost:3000/_next/static/chunks/node_modules_next_dist_1e8vcs8._.js:776
[  203879ms] [LOG] [Fast Refresh] done in 2ms @ http://localhost:3000/_next/static/chunks/node_modules_next_dist_1e8vcs8._.js:776
[  203932ms] [LOG] [Fast Refresh] done in 2ms @ http://localhost:3000/_next/static/chunks/node_modules_next_dist_1e8vcs8._.js:776
[  203986ms] [LOG] [Fast Refresh] done in 2ms @ http://localhost:3000/_next/static/chunks/node_modules_next_dist_1e8vcs8._.js:776
[  204036ms] [LOG] [Fast Refresh] done in 2ms @ http://localhost:3000/_next/static/chunks/node_modules_next_dist_1e8vcs8._.js:776
[  204087ms] [LOG] [Fast Refresh] done in 2ms @ http://localhost:3000/_next/static/chunks/node_modules_next_dist_1e8vcs8._.js:776
[  204135ms] [LOG] [Fast Refresh] done in 2ms @ http://localhost:3000/_next/static/chunks/node_modules_next_dist_1e8vcs8._.js:776
[  204189ms] [LOG] [Fast Refresh] done in 2ms @ http://localhost:3000/_next/static/chunks/node_modules_next_dist_1e8vcs8._.js:776
[  204243ms] [LOG] [Fast Refresh] done in 2ms @ http://localhost:3000/_next/static/chunks/node_modules_next_dist_1e8vcs8._.js:776
[  204338ms] [LOG] [Fast Refresh] done in 2ms @ http://localhost:3000/_next/static/chunks/node_modules_next_dist_1e8vcs8._.js:776
[  204387ms] [LOG] [Fast Refresh] done in 2ms @ http://localhost:3000/_next/static/chunks/node_modules_next_dist_1e8vcs8._.js:776
[  204434ms] [LOG] [Fast Refresh] done in 2ms @ http://localhost:3000/_next/static/chunks/node_modules_next_dist_1e8vcs8._.js:776
[  204484ms] [LOG] [Fast Refresh] done in 2ms @ http://localhost:3000/_next/static/chunks/node_modules_next_dist_1e8vcs8._.js:776
[  204535ms] [LOG] [Fast Refresh] done in 2ms @ http://localhost:3000/_next/static/chunks/node_modules_next_dist_1e8vcs8._.js:776
[  204579ms] [LOG] [Fast Refresh] done in 2ms @ http://localhost:3000/_next/static/chunks/node_modules_next_dist_1e8vcs8._.js:776
[  204634ms] [LOG] [Fast Refresh] done in 2ms @ http://localhost:3000/_next/static/chunks/node_modules_next_dist_1e8vcs8._.js:776
[  204692ms] [LOG] [Fast Refresh] done in 2ms @ http://localhost:3000/_next/static/chunks/node_modules_next_dist_1e8vcs8._.js:776
[  204745ms] [LOG] [Fast Refresh] done in 2ms @ http://localhost:3000/_next/static/chunks/node_modules_next_dist_1e8vcs8._.js:776
[  204795ms] [LOG] [Fast Refresh] done in 2ms @ http://localhost:3000/_next/static/chunks/node_modules_next_dist_1e8vcs8._.js:776
[  204848ms] [LOG] [Fast Refresh] done in 2ms @ http://localhost:3000/_next/static/chunks/node_modules_next_dist_1e8vcs8._.js:776
[  204910ms] [LOG] [Fast Refresh] done in 2ms @ http://localhost:3000/_next/static/chunks/node_modules_next_dist_1e8vcs8._.js:776
[  204957ms] [LOG] [Fast Refresh] done in 2ms @ http://localhost:3000/_next/static/chunks/node_modules_next_dist_1e8vcs8._.js:776
[  205011ms] [LOG] [Fast Refresh] done in 2ms @ http://localhost:3000/_next/static/chunks/node_modules_next_dist_1e8vcs8._.js:776
[  205060ms] [LOG] [Fast Refresh] done in 2ms @ http://localhost:3000/_next/static/chunks/node_modules_next_dist_1e8vcs8._.js:776
[  205116ms] [LOG] [Fast Refresh] done in 2ms @ http://localhost:3000/_next/static/chunks/node_modules_next_dist_1e8vcs8._.js:776
[  205171ms] [LOG] [Fast Refresh] done in 2ms @ http://localhost:3000/_next/static/chunks/node_modules_next_dist_1e8vcs8._.js:776
[  205224ms] [LOG] [Fast Refresh] done in 2ms @ http://localhost:3000/_next/static/chunks/node_modules_next_dist_1e8vcs8._.js:776
[  205269ms] [LOG] [Fast Refresh] done in 2ms @ http://localhost:3000/_next/static/chunks/node_modules_next_dist_1e8vcs8._.js:776
[  205317ms] [LOG] [Fast Refresh] done in 2ms @ http://localhost:3000/_next/static/chunks/node_modules_next_dist_1e8vcs8._.js:776
[  205368ms] [LOG] [Fast Refresh] done in 2ms @ http://localhost:3000/_next/static/chunks/node_modules_next_dist_1e8vcs8._.js:776
[  205414ms] [LOG] [Fast Refresh] done in 2ms @ http://localhost:3000/_next/static/chunks/node_modules_next_dist_1e8vcs8._.js:776
[  205463ms] [LOG] [Fast Refresh] done in 2ms @ http://localhost:3000/_next/static/chunks/node_modules_next_dist_1e8vcs8._.js:776
[  205508ms] [LOG] [Fast Refresh] done in 2ms @ http://localhost:3000/_next/static/chunks/node_modules_next_dist_1e8vcs8._.js:776
[  205555ms] [LOG] [Fast Refresh] done in 2ms @ http://localhost:3000/_next/static/chunks/node_modules_next_dist_1e8vcs8._.js:776
[  205609ms] [LOG] [Fast Refresh] done in 2ms @ http://localhost:3000/_next/static/chunks/node_modules_next_dist_1e8vcs8._.js:776
[  205657ms] [LOG] [Fast Refresh] done in 2ms @ http://localhost:3000/_next/static/chunks/node_modules_next_dist_1e8vcs8._.js:776
[  205708ms] [LOG] [Fast Refresh] done in 2ms @ http://localhost:3000/_next/static/chunks/node_modules_next_dist_1e8vcs8._.js:776
[  205756ms] [LOG] [Fast Refresh] done in 2ms @ http://localhost:3000/_next/static/chunks/node_modules_next_dist_1e8vcs8._.js:776
[  205817ms] [LOG] [Fast Refresh] done in 2ms @ http://localhost:3000/_next/static/chunks/node_modules_next_dist_1e8vcs8._.js:776
[  205871ms] [LOG] [Fast Refresh] done in 2ms @ http://localhost:3000/_next/static/chunks/node_modules_next_dist_1e8vcs8._.js:776
[  205914ms] [LOG] [Fast Refresh] done in 2ms @ http://localhost:3000/_next/static/chunks/node_modules_next_dist_1e8vcs8._.js:776
[  205967ms] [LOG] [Fast Refresh] done in 2ms @ http://localhost:3000/_next/static/chunks/node_modules_next_dist_1e8vcs8._.js:776
[  206021ms] [LOG] [Fast Refresh] done in 2ms @ http://localhost:3000/_next/static/chunks/node_modules_next_dist_1e8vcs8._.js:776
[  206067ms] [LOG] [Fast Refresh] done in 2ms @ http://localhost:3000/_next/static/chunks/node_modules_next_dist_1e8vcs8._.js:776
[  206129ms] [LOG] [Fast Refresh] done in 2ms @ http://localhost:3000/_next/static/chunks/node_modules_next_dist_1e8vcs8._.js:776
[  206181ms] [LOG] [Fast Refresh] done in 2ms @ http://localhost:3000/_next/static/chunks/node_modules_next_dist_1e8vcs8._.js:776
[  206229ms] [LOG] [Fast Refresh] done in 2ms @ http://localhost:3000/_next/static/chunks/node_modules_next_dist_1e8vcs8._.js:776
[  206275ms] [LOG] [Fast Refresh] done in 2ms @ http://localhost:3000/_next/static/chunks/node_modules_next_dist_1e8vcs8._.js:776
[  206321ms] [LOG] [Fast Refresh] done in 2ms @ http://localhost:3000/_next/static/chunks/node_modules_next_dist_1e8vcs8._.js:776
[  206371ms] [LOG] [Fast Refresh] done in 2ms @ http://localhost:3000/_next/static/chunks/node_modules_next_dist_1e8vcs8._.js:776
[  206418ms] [LOG] [Fast Refresh] done in 2ms @ http://localhost:3000/_next/static/chunks/node_modules_next_dist_1e8vcs8._.js:776
[  206472ms] [LOG] [Fast Refresh] done in 2ms @ http://localhost:3000/_next/static/chunks/node_modules_next_dist_1e8vcs8._.js:776
[  206518ms] [LOG] [Fast Refresh] done in 2ms @ http://localhost:3000/_next/static/chunks/node_modules_next_dist_1e8vcs8._.js:776
[  206564ms] [LOG] [Fast Refresh] done in 2ms @ http://localhost:3000/_next/static/chunks/node_modules_next_dist_1e8vcs8._.js:776
[  206616ms] [LOG] [Fast Refresh] done in 2ms @ http://localhost:3000/_next/static/chunks/node_modules_next_dist_1e8vcs8._.js:776
[  206664ms] [LOG] [Fast Refresh] done in 2ms @ http://localhost:3000/_next/static/chunks/node_modules_next_dist_1e8vcs8._.js:776
[  206721ms] [LOG] [Fast Refresh] done in 2ms @ http://localhost:3000/_next/static/chunks/node_modules_next_dist_1e8vcs8._.js:776
[  206768ms] [LOG] [Fast Refresh] done in 2ms @ http://localhost:3000/_next/static/chunks/node_modules_next_dist_1e8vcs8._.js:776
[  206817ms] [LOG] [Fast Refresh] done in 2ms @ http://localhost:3000/_next/static/chunks/node_modules_next_dist_1e8vcs8._.js:776
[  206866ms] [LOG] [Fast Refresh] done in 2ms @ http://localhost:3000/_next/static/chunks/node_modules_next_dist_1e8vcs8._.js:776
[  206923ms] [LOG] [Fast Refresh] done in 2ms @ http://localhost:3000/_next/static/chunks/node_modules_next_dist_1e8vcs8._.js:776
[  206982ms] [LOG] [Fast Refresh] done in 2ms @ http://localhost:3000/_next/static/chunks/node_modules_next_dist_1e8vcs8._.js:776
[  207030ms] [LOG] [Fast Refresh] done in 2ms @ http://localhost:3000/_next/static/chunks/node_modules_next_dist_1e8vcs8._.js:776
[  207079ms] [LOG] [Fast Refresh] done in 2ms @ http://localhost:3000/_next/static/chunks/node_modules_next_dist_1e8vcs8._.js:776
[  207130ms] [LOG] [Fast Refresh] done in 2ms @ http://localhost:3000/_next/static/chunks/node_modules_next_dist_1e8vcs8._.js:776
[  207178ms] [LOG] [Fast Refresh] done in 2ms @ http://localhost:3000/_next/static/chunks/node_modules_next_dist_1e8vcs8._.js:776
[  207227ms] [LOG] [Fast Refresh] done in 2ms @ http://localhost:3000/_next/static/chunks/node_modules_next_dist_1e8vcs8._.js:776
[  207284ms] [LOG] [Fast Refresh] done in 2ms @ http://localhost:3000/_next/static/chunks/node_modules_next_dist_1e8vcs8._.js:776
[  207331ms] [LOG] [Fast Refresh] done in 2ms @ http://localhost:3000/_next/static/chunks/node_modules_next_dist_1e8vcs8._.js:776
[  207388ms] [LOG] [Fast Refresh] done in 2ms @ http://localhost:3000/_next/static/chunks/node_modules_next_dist_1e8vcs8._.js:776
[  207435ms] [LOG] [Fast Refresh] done in 2ms @ http://localhost:3000/_next/static/chunks/node_modules_next_dist_1e8vcs8._.js:776
[  207490ms] [LOG] [Fast Refresh] done in 2ms @ http://localhost:3000/_next/static/chunks/node_modules_next_dist_1e8vcs8._.js:776
[  207546ms] [LOG] [Fast Refresh] done in 2ms @ http://localhost:3000/_next/static/chunks/node_modules_next_dist_1e8vcs8._.js:776
[  207595ms] [LOG] [Fast Refresh] done in 2ms @ http://localhost:3000/_next/static/chunks/node_modules_next_dist_1e8vcs8._.js:776
[  207650ms] [LOG] [Fast Refresh] done in 2ms @ http://localhost:3000/_next/static/chunks/node_modules_next_dist_1e8vcs8._.js:776
[  207698ms] [LOG] [Fast Refresh] done in 2ms @ http://localhost:3000/_next/static/chunks/node_modules_next_dist_1e8vcs8._.js:776
[  207748ms] [LOG] [Fast Refresh] done in 2ms @ http://localhost:3000/_next/static/chunks/node_modules_next_dist_1e8vcs8._.js:776
[  207792ms] [LOG] [Fast Refresh] done in 2ms @ http://localhost:3000/_next/static/chunks/node_modules_next_dist_1e8vcs8._.js:776
[  207838ms] [LOG] [Fast Refresh] done in 2ms @ http://localhost:3000/_next/static/chunks/node_modules_next_dist_1e8vcs8._.js:776
[  207893ms] [LOG] [Fast Refresh] done in 2ms @ http://localhost:3000/_next/static/chunks/node_modules_next_dist_1e8vcs8._.js:776
[  207941ms] [LOG] [Fast Refresh] done in 2ms @ http://localhost:3000/_next/static/chunks/node_modules_next_dist_1e8vcs8._.js:776
[  207992ms] [LOG] [Fast Refresh] done in 2ms @ http://localhost:3000/_next/static/chunks/node_modules_next_dist_1e8vcs8._.js:776
[  208038ms] [LOG] [Fast Refresh] done in 2ms @ http://localhost:3000/_next/static/chunks/node_modules_next_dist_1e8vcs8._.js:776
[  208088ms] [LOG] [Fast Refresh] done in 2ms @ http://localhost:3000/_next/static/chunks/node_modules_next_dist_1e8vcs8._.js:776
[  208139ms] [LOG] [Fast Refresh] done in 2ms @ http://localhost:3000/_next/static/chunks/node_modules_next_dist_1e8vcs8._.js:776
[  208200ms] [LOG] [Fast Refresh] done in 2ms @ http://localhost:3000/_next/static/chunks/node_modules_next_dist_1e8vcs8._.js:776
[  208248ms] [LOG] [Fast Refresh] done in 2ms @ http://localhost:3000/_next/static/chunks/node_modules_next_dist_1e8vcs8._.js:776
[  208297ms] [LOG] [Fast Refresh] done in 2ms @ http://localhost:3000/_next/static/chunks/node_modules_next_dist_1e8vcs8._.js:776
[  208345ms] [LOG] [Fast Refresh] done in 2ms @ http://localhost:3000/_next/static/chunks/node_modules_next_dist_1e8vcs8._.js:776
[  208393ms] [LOG] [Fast Refresh] done in 2ms @ http://localhost:3000/_next/static/chunks/node_modules_next_dist_1e8vcs8._.js:776
[  208443ms] [LOG] [Fast Refresh] done in 2ms @ http://localhost:3000/_next/static/chunks/node_modules_next_dist_1e8vcs8._.js:776
[  208500ms] [LOG] [Fast Refresh] done in 2ms @ http://localhost:3000/_next/static/chunks/node_modules_next_dist_1e8vcs8._.js:776
[  208546ms] [LOG] [Fast Refresh] done in 2ms @ http://localhost:3000/_next/static/chunks/node_modules_next_dist_1e8vcs8._.js:776
[  208598ms] [LOG] [Fast Refresh] done in 2ms @ http://localhost:3000/_next/static/chunks/node_modules_next_dist_1e8vcs8._.js:776
[  208652ms] [LOG] [Fast Refresh] done in 2ms @ http://localhost:3000/_next/static/chunks/node_modules_next_dist_1e8vcs8._.js:776
[  208700ms] [LOG] [Fast Refresh] done in 2ms @ http://localhost:3000/_next/static/chunks/node_modules_next_dist_1e8vcs8._.js:776
[  208750ms] [LOG] [Fast Refresh] done in 2ms @ http://localhost:3000/_next/static/chunks/node_modules_next_dist_1e8vcs8._.js:776
[  208810ms] [LOG] [Fast Refresh] done in 2ms @ http://localhost:3000/_next/static/chunks/node_modules_next_dist_1e8vcs8._.js:776
[  208862ms] [LOG] [Fast Refresh] done in 2ms @ http://localhost:3000/_next/static/chunks/node_modules_next_dist_1e8vcs8._.js:776
[  208911ms] [LOG] [Fast Refresh] done in 2ms @ http://localhost:3000/_next/static/chunks/node_modules_next_dist_1e8vcs8._.js:776
[  208959ms] [LOG] [Fast Refresh] done in 2ms @ http://localhost:3000/_next/static/chunks/node_modules_next_dist_1e8vcs8._.js:776
[  209005ms] [LOG] [Fast Refresh] done in 2ms @ http://localhost:3000/_next/static/chunks/node_modules_next_dist_1e8vcs8._.js:776
[  209062ms] [LOG] [Fast Refresh] done in 2ms @ http://localhost:3000/_next/static/chunks/node_modules_next_dist_1e8vcs8._.js:776
[  209109ms] [LOG] [Fast Refresh] done in 2ms @ http://localhost:3000/_next/static/chunks/node_modules_next_dist_1e8vcs8._.js:776
[  209155ms] [LOG] [Fast Refresh] done in 2ms @ http://localhost:3000/_next/static/chunks/node_modules_next_dist_1e8vcs8._.js:776
[  209208ms] [LOG] [Fast Refresh] done in 2ms @ http://localhost:3000/_next/static/chunks/node_modules_next_dist_1e8vcs8._.js:776
[  209253ms] [LOG] [Fast Refresh] done in 2ms @ http://localhost:3000/_next/static/chunks/node_modules_next_dist_1e8vcs8._.js:776
[  209310ms] [LOG] [Fast Refresh] done in 2ms @ http://localhost:3000/_next/static/chunks/node_modules_next_dist_1e8vcs8._.js:776
[  209374ms] [LOG] [Fast Refresh] done in 2ms @ http://localhost:3000/_next/static/chunks/node_modules_next_dist_1e8vcs8._.js:776
[  209423ms] [LOG] [Fast Refresh] done in 2ms @ http://localhost:3000/_next/static/chunks/node_modules_next_dist_1e8vcs8._.js:776
[  209470ms] [LOG] [Fast Refresh] done in 2ms @ http://localhost:3000/_next/static/chunks/node_modules_next_dist_1e8vcs8._.js:776
[  209519ms] [LOG] [Fast Refresh] done in 2ms @ http://localhost:3000/_next/static/chunks/node_modules_next_dist_1e8vcs8._.js:776
[  209567ms] [LOG] [Fast Refresh] done in 2ms @ http://localhost:3000/_next/static/chunks/node_modules_next_dist_1e8vcs8._.js:776
[  209622ms] [LOG] [Fast Refresh] done in 2ms @ http://localhost:3000/_next/static/chunks/node_modules_next_dist_1e8vcs8._.js:776
[  209678ms] [LOG] [Fast Refresh] done in 2ms @ http://localhost:3000/_next/static/chunks/node_modules_next_dist_1e8vcs8._.js:776
[  209734ms] [LOG] [Fast Refresh] done in 2ms @ http://localhost:3000/_next/static/chunks/node_modules_next_dist_1e8vcs8._.js:776
[  209792ms] [LOG] [Fast Refresh] done in 2ms @ http://localhost:3000/_next/static/chunks/node_modules_next_dist_1e8vcs8._.js:776
[  209845ms] [LOG] [Fast Refresh] done in 2ms @ http://localhost:3000/_next/static/chunks/node_modules_next_dist_1e8vcs8._.js:776
[  209890ms] [LOG] [Fast Refresh] done in 2ms @ http://localhost:3000/_next/static/chunks/node_modules_next_dist_1e8vcs8._.js:776
[  209947ms] [LOG] [Fast Refresh] done in 2ms @ http://localhost:3000/_next/static/chunks/node_modules_next_dist_1e8vcs8._.js:776
[  209998ms] [LOG] [Fast Refresh] done in 2ms @ http://localhost:3000/_next/static/chunks/node_modules_next_dist_1e8vcs8._.js:776
[  210048ms] [LOG] [Fast Refresh] done in 2ms @ http://localhost:3000/_next/static/chunks/node_modules_next_dist_1e8vcs8._.js:776
[  210101ms] [LOG] [Fast Refresh] done in 2ms @ http://localhost:3000/_next/static/chunks/node_modules_next_dist_1e8vcs8._.js:776
[  210160ms] [LOG] [Fast Refresh] done in 2ms @ http://localhost:3000/_next/static/chunks/node_modules_next_dist_1e8vcs8._.js:776
[  210206ms] [LOG] [Fast Refresh] done in 2ms @ http://localhost:3000/_next/static/chunks/node_modules_next_dist_1e8vcs8._.js:776
[  210254ms] [LOG] [Fast Refresh] done in 2ms @ http://localhost:3000/_next/static/chunks/node_modules_next_dist_1e8vcs8._.js:776
[  210304ms] [LOG] [Fast Refresh] done in 2ms @ http://localhost:3000/_next/static/chunks/node_modules_next_dist_1e8vcs8._.js:776
[  210360ms] [LOG] [Fast Refresh] done in 2ms @ http://localhost:3000/_next/static/chunks/node_modules_next_dist_1e8vcs8._.js:776
[  210424ms] [LOG] [Fast Refresh] done in 2ms @ http://localhost:3000/_next/static/chunks/node_modules_next_dist_1e8vcs8._.js:776
[  210472ms] [LOG] [Fast Refresh] done in 2ms @ http://localhost:3000/_next/static/chunks/node_modules_next_dist_1e8vcs8._.js:776
[  210518ms] [LOG] [Fast Refresh] done in 2ms @ http://localhost:3000/_next/static/chunks/node_modules_next_dist_1e8vcs8._.js:776
[  210574ms] [LOG] [Fast Refresh] done in 2ms @ http://localhost:3000/_next/static/chunks/node_modules_next_dist_1e8vcs8._.js:776
[  210632ms] [LOG] [Fast Refresh] done in 2ms @ http://localhost:3000/_next/static/chunks/node_modules_next_dist_1e8vcs8._.js:776
[  210685ms] [LOG] [Fast Refresh] done in 2ms @ http://localhost:3000/_next/static/chunks/node_modules_next_dist_1e8vcs8._.js:776
[  210730ms] [LOG] [Fast Refresh] done in 2ms @ http://localhost:3000/_next/static/chunks/node_modules_next_dist_1e8vcs8._.js:776
[  210776ms] [LOG] [Fast Refresh] done in 2ms @ http://localhost:3000/_next/static/chunks/node_modules_next_dist_1e8vcs8._.js:776
[  210824ms] [LOG] [Fast Refresh] done in 2ms @ http://localhost:3000/_next/static/chunks/node_modules_next_dist_1e8vcs8._.js:776
[  210880ms] [LOG] [Fast Refresh] done in 2ms @ http://localhost:3000/_next/static/chunks/node_modules_next_dist_1e8vcs8._.js:776
[  210929ms] [LOG] [Fast Refresh] done in 2ms @ http://localhost:3000/_next/static/chunks/node_modules_next_dist_1e8vcs8._.js:776
[  210984ms] [LOG] [Fast Refresh] done in 2ms @ http://localhost:3000/_next/static/chunks/node_modules_next_dist_1e8vcs8._.js:776
[  211027ms] [LOG] [Fast Refresh] done in 2ms @ http://localhost:3000/_next/static/chunks/node_modules_next_dist_1e8vcs8._.js:776
[  211077ms] [LOG] [Fast Refresh] done in 2ms @ http://localhost:3000/_next/static/chunks/node_modules_next_dist_1e8vcs8._.js:776
[  211123ms] [LOG] [Fast Refresh] done in 2ms @ http://localhost:3000/_next/static/chunks/node_modules_next_dist_1e8vcs8._.js:776
[  211173ms] [LOG] [Fast Refresh] done in 2ms @ http://localhost:3000/_next/static/chunks/node_modules_next_dist_1e8vcs8._.js:776
[  211217ms] [LOG] [Fast Refresh] done in 2ms @ http://localhost:3000/_next/static/chunks/node_modules_next_dist_1e8vcs8._.js:776
[  211269ms] [LOG] [Fast Refresh] done in 2ms @ http://localhost:3000/_next/static/chunks/node_modules_next_dist_1e8vcs8._.js:776
[  211319ms] [LOG] [Fast Refresh] done in 2ms @ http://localhost:3000/_next/static/chunks/node_modules_next_dist_1e8vcs8._.js:776
[  211363ms] [LOG] [Fast Refresh] done in 2ms @ http://localhost:3000/_next/static/chunks/node_modules_next_dist_1e8vcs8._.js:776
[  211409ms] [LOG] [Fast Refresh] done in 2ms @ http://localhost:3000/_next/static/chunks/node_modules_next_dist_1e8vcs8._.js:776
[  211456ms] [LOG] [Fast Refresh] done in 2ms @ http://localhost:3000/_next/static/chunks/node_modules_next_dist_1e8vcs8._.js:776
[  211505ms] [LOG] [Fast Refresh] done in 2ms @ http://localhost:3000/_next/static/chunks/node_modules_next_dist_1e8vcs8._.js:776
[  211553ms] [LOG] [Fast Refresh] done in 2ms @ http://localhost:3000/_next/static/chunks/node_modules_next_dist_1e8vcs8._.js:776
[  211596ms] [LOG] [Fast Refresh] done in 2ms @ http://localhost:3000/_next/static/chunks/node_modules_next_dist_1e8vcs8._.js:776
[  211651ms] [LOG] [Fast Refresh] done in 2ms @ http://localhost:3000/_next/static/chunks/node_modules_next_dist_1e8vcs8._.js:776
[  211701ms] [LOG] [Fast Refresh] done in 2ms @ http://localhost:3000/_next/static/chunks/node_modules_next_dist_1e8vcs8._.js:776
[  211756ms] [LOG] [Fast Refresh] done in 2ms @ http://localhost:3000/_next/static/chunks/node_modules_next_dist_1e8vcs8._.js:776
[  211800ms] [LOG] [Fast Refresh] done in 2ms @ http://localhost:3000/_next/static/chunks/node_modules_next_dist_1e8vcs8._.js:776
[  211852ms] [LOG] [Fast Refresh] done in 2ms @ http://localhost:3000/_next/static/chunks/node_modules_next_dist_1e8vcs8._.js:776
[  211907ms] [LOG] [Fast Refresh] done in 2ms @ http://localhost:3000/_next/static/chunks/node_modules_next_dist_1e8vcs8._.js:776
[  211956ms] [LOG] [Fast Refresh] done in 2ms @ http://localhost:3000/_next/static/chunks/node_modules_next_dist_1e8vcs8._.js:776
[  212014ms] [LOG] [Fast Refresh] done in 2ms @ http://localhost:3000/_next/static/chunks/node_modules_next_dist_1e8vcs8._.js:776
[  212060ms] [LOG] [Fast Refresh] done in 2ms @ http://localhost:3000/_next/static/chunks/node_modules_next_dist_1e8vcs8._.js:776
[  212109ms] [LOG] [Fast Refresh] done in 2ms @ http://localhost:3000/_next/static/chunks/node_modules_next_dist_1e8vcs8._.js:776
[  212160ms] [LOG] [Fast Refresh] done in 2ms @ http://localhost:3000/_next/static/chunks/node_modules_next_dist_1e8vcs8._.js:776
[  212209ms] [LOG] [Fast Refresh] done in 2ms @ http://localhost:3000/_next/static/chunks/node_modules_next_dist_1e8vcs8._.js:776
[  212253ms] [LOG] [Fast Refresh] done in 2ms @ http://localhost:3000/_next/static/chunks/node_modules_next_dist_1e8vcs8._.js:776
[  212303ms] [LOG] [Fast Refresh] done in 2ms @ http://localhost:3000/_next/static/chunks/node_modules_next_dist_1e8vcs8._.js:776
[  212359ms] [LOG] [Fast Refresh] done in 2ms @ http://localhost:3000/_next/static/chunks/node_modules_next_dist_1e8vcs8._.js:776
[  212405ms] [LOG] [Fast Refresh] done in 2ms @ http://localhost:3000/_next/static/chunks/node_modules_next_dist_1e8vcs8._.js:776
[  212457ms] [LOG] [Fast Refresh] done in 2ms @ http://localhost:3000/_next/static/chunks/node_modules_next_dist_1e8vcs8._.js:776
[  212506ms] [LOG] [Fast Refresh] done in 2ms @ http://localhost:3000/_next/static/chunks/node_modules_next_dist_1e8vcs8._.js:776
[  212555ms] [LOG] [Fast Refresh] done in 2ms @ http://localhost:3000/_next/static/chunks/node_modules_next_dist_1e8vcs8._.js:776
[  212602ms] [LOG] [Fast Refresh] done in 2ms @ http://localhost:3000/_next/static/chunks/node_modules_next_dist_1e8vcs8._.js:776
[  212657ms] [LOG] [Fast Refresh] done in 2ms @ http://localhost:3000/_next/static/chunks/node_modules_next_dist_1e8vcs8._.js:776
[  212702ms] [LOG] [Fast Refresh] done in 2ms @ http://localhost:3000/_next/static/chunks/node_modules_next_dist_1e8vcs8._.js:776
[  212762ms] [LOG] [Fast Refresh] done in 2ms @ http://localhost:3000/_next/static/chunks/node_modules_next_dist_1e8vcs8._.js:776
[  212819ms] [LOG] [Fast Refresh] done in 2ms @ http://localhost:3000/_next/static/chunks/node_modules_next_dist_1e8vcs8._.js:776
[  212864ms] [LOG] [Fast Refresh] done in 2ms @ http://localhost:3000/_next/static/chunks/node_modules_next_dist_1e8vcs8._.js:776
[  212917ms] [LOG] [Fast Refresh] done in 2ms @ http://localhost:3000/_next/static/chunks/node_modules_next_dist_1e8vcs8._.js:776
[  212970ms] [LOG] [Fast Refresh] done in 2ms @ http://localhost:3000/_next/static/chunks/node_modules_next_dist_1e8vcs8._.js:776
[  213026ms] [LOG] [Fast Refresh] done in 2ms @ http://localhost:3000/_next/static/chunks/node_modules_next_dist_1e8vcs8._.js:776
[  213074ms] [LOG] [Fast Refresh] done in 2ms @ http://localhost:3000/_next/static/chunks/node_modules_next_dist_1e8vcs8._.js:776
[  213123ms] [LOG] [Fast Refresh] done in 2ms @ http://localhost:3000/_next/static/chunks/node_modules_next_dist_1e8vcs8._.js:776
[  213175ms] [LOG] [Fast Refresh] done in 2ms @ http://localhost:3000/_next/static/chunks/node_modules_next_dist_1e8vcs8._.js:776
[  213232ms] [LOG] [Fast Refresh] done in 2ms @ http://localhost:3000/_next/static/chunks/node_modules_next_dist_1e8vcs8._.js:776
[  213282ms] [LOG] [Fast Refresh] done in 2ms @ http://localhost:3000/_next/static/chunks/node_modules_next_dist_1e8vcs8._.js:776
[  213331ms] [LOG] [Fast Refresh] done in 2ms @ http://localhost:3000/_next/static/chunks/node_modules_next_dist_1e8vcs8._.js:776
[  213383ms] [LOG] [Fast Refresh] done in 2ms @ http://localhost:3000/_next/static/chunks/node_modules_next_dist_1e8vcs8._.js:776
[  213428ms] [LOG] [Fast Refresh] done in 2ms @ http://localhost:3000/_next/static/chunks/node_modules_next_dist_1e8vcs8._.js:776
[  213477ms] [LOG] [Fast Refresh] done in 2ms @ http://localhost:3000/_next/static/chunks/node_modules_next_dist_1e8vcs8._.js:776
[  213532ms] [LOG] [Fast Refresh] done in 2ms @ http://localhost:3000/_next/static/chunks/node_modules_next_dist_1e8vcs8._.js:776
[  213588ms] [LOG] [Fast Refresh] done in 2ms @ http://localhost:3000/_next/static/chunks/node_modules_next_dist_1e8vcs8._.js:776
[  213643ms] [LOG] [Fast Refresh] done in 2ms @ http://localhost:3000/_next/static/chunks/node_modules_next_dist_1e8vcs8._.js:776
[  213692ms] [LOG] [Fast Refresh] done in 2ms @ http://localhost:3000/_next/static/chunks/node_modules_next_dist_1e8vcs8._.js:776
[  213747ms] [LOG] [Fast Refresh] done in 2ms @ http://localhost:3000/_next/static/chunks/node_modules_next_dist_1e8vcs8._.js:776
[  213798ms] [LOG] [Fast Refresh] done in 2ms @ http://localhost:3000/_next/static/chunks/node_modules_next_dist_1e8vcs8._.js:776
[  213849ms] [LOG] [Fast Refresh] done in 2ms @ http://localhost:3000/_next/static/chunks/node_modules_next_dist_1e8vcs8._.js:776
[  213895ms] [LOG] [Fast Refresh] done in 2ms @ http://localhost:3000/_next/static/chunks/node_modules_next_dist_1e8vcs8._.js:776
[  213949ms] [LOG] [Fast Refresh] done in 2ms @ http://localhost:3000/_next/static/chunks/node_modules_next_dist_1e8vcs8._.js:776
[  213998ms] [LOG] [Fast Refresh] done in 2ms @ http://localhost:3000/_next/static/chunks/node_modules_next_dist_1e8vcs8._.js:776
[  214055ms] [LOG] [Fast Refresh] done in 2ms @ http://localhost:3000/_next/static/chunks/node_modules_next_dist_1e8vcs8._.js:776
[  214099ms] [LOG] [Fast Refresh] done in 2ms @ http://localhost:3000/_next/static/chunks/node_modules_next_dist_1e8vcs8._.js:776
[  214161ms] [LOG] [Fast Refresh] done in 2ms @ http://localhost:3000/_next/static/chunks/node_modules_next_dist_1e8vcs8._.js:776
[  214210ms] [LOG] [Fast Refresh] done in 2ms @ http://localhost:3000/_next/static/chunks/node_modules_next_dist_1e8vcs8._.js:776
[  214259ms] [LOG] [Fast Refresh] done in 2ms @ http://localhost:3000/_next/static/chunks/node_modules_next_dist_1e8vcs8._.js:776
[  214315ms] [LOG] [Fast Refresh] done in 2ms @ http://localhost:3000/_next/static/chunks/node_modules_next_dist_1e8vcs8._.js:776
[  214362ms] [LOG] [Fast Refresh] done in 2ms @ http://localhost:3000/_next/static/chunks/node_modules_next_dist_1e8vcs8._.js:776
[  214411ms] [LOG] [Fast Refresh] done in 2ms @ http://localhost:3000/_next/static/chunks/node_modules_next_dist_1e8vcs8._.js:776
[  214465ms] [LOG] [Fast Refresh] done in 2ms @ http://localhost:3000/_next/static/chunks/node_modules_next_dist_1e8vcs8._.js:776
[  214516ms] [LOG] [Fast Refresh] done in 2ms @ http://localhost:3000/_next/static/chunks/node_modules_next_dist_1e8vcs8._.js:776
[  214574ms] [LOG] [Fast Refresh] done in 2ms @ http://localhost:3000/_next/static/chunks/node_modules_next_dist_1e8vcs8._.js:776
[  214623ms] [LOG] [Fast Refresh] done in 2ms @ http://localhost:3000/_next/static/chunks/node_modules_next_dist_1e8vcs8._.js:776
[  214671ms] [LOG] [Fast Refresh] done in 2ms @ http://localhost:3000/_next/static/chunks/node_modules_next_dist_1e8vcs8._.js:776
[  214719ms] [LOG] [Fast Refresh] done in 2ms @ http://localhost:3000/_next/static/chunks/node_modules_next_dist_1e8vcs8._.js:776
[  214764ms] [LOG] [Fast Refresh] done in 2ms @ http://localhost:3000/_next/static/chunks/node_modules_next_dist_1e8vcs8._.js:776
[  214812ms] [LOG] [Fast Refresh] done in 2ms @ http://localhost:3000/_next/static/chunks/node_modules_next_dist_1e8vcs8._.js:776
[  214859ms] [LOG] [Fast Refresh] done in 2ms @ http://localhost:3000/_next/static/chunks/node_modules_next_dist_1e8vcs8._.js:776
[  214907ms] [LOG] [Fast Refresh] done in 2ms @ http://localhost:3000/_next/static/chunks/node_modules_next_dist_1e8vcs8._.js:776
[  214954ms] [LOG] [Fast Refresh] done in 2ms @ http://localhost:3000/_next/static/chunks/node_modules_next_dist_1e8vcs8._.js:776
[  215004ms] [LOG] [Fast Refresh] done in 2ms @ http://localhost:3000/_next/static/chunks/node_modules_next_dist_1e8vcs8._.js:776
[  215054ms] [LOG] [Fast Refresh] done in 2ms @ http://localhost:3000/_next/static/chunks/node_modules_next_dist_1e8vcs8._.js:776
[  215100ms] [LOG] [Fast Refresh] done in 2ms @ http://localhost:3000/_next/static/chunks/node_modules_next_dist_1e8vcs8._.js:776
[  215156ms] [LOG] [Fast Refresh] done in 2ms @ http://localhost:3000/_next/static/chunks/node_modules_next_dist_1e8vcs8._.js:776
[  215213ms] [LOG] [Fast Refresh] done in 2ms @ http://localhost:3000/_next/static/chunks/node_modules_next_dist_1e8vcs8._.js:776
[  215259ms] [LOG] [Fast Refresh] done in 2ms @ http://localhost:3000/_next/static/chunks/node_modules_next_dist_1e8vcs8._.js:776
[  215313ms] [LOG] [Fast Refresh] done in 2ms @ http://localhost:3000/_next/static/chunks/node_modules_next_dist_1e8vcs8._.js:776
[  215355ms] [LOG] [Fast Refresh] done in 2ms @ http://localhost:3000/_next/static/chunks/node_modules_next_dist_1e8vcs8._.js:776
[  215398ms] [LOG] [Fast Refresh] done in 2ms @ http://localhost:3000/_next/static/chunks/node_modules_next_dist_1e8vcs8._.js:776
[  215442ms] [LOG] [Fast Refresh] done in 2ms @ http://localhost:3000/_next/static/chunks/node_modules_next_dist_1e8vcs8._.js:776
[  215488ms] [LOG] [Fast Refresh] done in 2ms @ http://localhost:3000/_next/static/chunks/node_modules_next_dist_1e8vcs8._.js:776
[  215548ms] [LOG] [Fast Refresh] done in 2ms @ http://localhost:3000/_next/static/chunks/node_modules_next_dist_1e8vcs8._.js:776
[  215592ms] [LOG] [Fast Refresh] done in 2ms @ http://localhost:3000/_next/static/chunks/node_modules_next_dist_1e8vcs8._.js:776
[  215634ms] [LOG] [Fast Refresh] done in 2ms @ http://localhost:3000/_next/static/chunks/node_modules_next_dist_1e8vcs8._.js:776
[  215687ms] [LOG] [Fast Refresh] done in 2ms @ http://localhost:3000/_next/static/chunks/node_modules_next_dist_1e8vcs8._.js:776
[  215734ms] [LOG] [Fast Refresh] done in 2ms @ http://localhost:3000/_next/static/chunks/node_modules_next_dist_1e8vcs8._.js:776
[  215782ms] [LOG] [Fast Refresh] done in 2ms @ http://localhost:3000/_next/static/chunks/node_modules_next_dist_1e8vcs8._.js:776
[  215839ms] [LOG] [Fast Refresh] done in 2ms @ http://localhost:3000/_next/static/chunks/node_modules_next_dist_1e8vcs8._.js:776
[  215896ms] [LOG] [Fast Refresh] done in 2ms @ http://localhost:3000/_next/static/chunks/node_modules_next_dist_1e8vcs8._.js:776
[  215943ms] [LOG] [Fast Refresh] done in 2ms @ http://localhost:3000/_next/static/chunks/node_modules_next_dist_1e8vcs8._.js:776
[  215984ms] [LOG] [Fast Refresh] done in 2ms @ http://localhost:3000/_next/static/chunks/node_modules_next_dist_1e8vcs8._.js:776
[  216034ms] [LOG] [Fast Refresh] done in 2ms @ http://localhost:3000/_next/static/chunks/node_modules_next_dist_1e8vcs8._.js:776
[  216089ms] [LOG] [Fast Refresh] done in 2ms @ http://localhost:3000/_next/static/chunks/node_modules_next_dist_1e8vcs8._.js:776
[  216144ms] [LOG] [Fast Refresh] done in 2ms @ http://localhost:3000/_next/static/chunks/node_modules_next_dist_1e8vcs8._.js:776
[  216196ms] [LOG] [Fast Refresh] done in 2ms @ http://localhost:3000/_next/static/chunks/node_modules_next_dist_1e8vcs8._.js:776
[  216249ms] [LOG] [Fast Refresh] done in 2ms @ http://localhost:3000/_next/static/chunks/node_modules_next_dist_1e8vcs8._.js:776
[  216305ms] [LOG] [Fast Refresh] done in 2ms @ http://localhost:3000/_next/static/chunks/node_modules_next_dist_1e8vcs8._.js:776
[  216361ms] [LOG] [Fast Refresh] done in 2ms @ http://localhost:3000/_next/static/chunks/node_modules_next_dist_1e8vcs8._.js:776
[  216427ms] [LOG] [Fast Refresh] done in 2ms @ http://localhost:3000/_next/static/chunks/node_modules_next_dist_1e8vcs8._.js:776
[  216480ms] [LOG] [Fast Refresh] done in 2ms @ http://localhost:3000/_next/static/chunks/node_modules_next_dist_1e8vcs8._.js:776
[  216530ms] [LOG] [Fast Refresh] done in 2ms @ http://localhost:3000/_next/static/chunks/node_modules_next_dist_1e8vcs8._.js:776
[  216592ms] [LOG] [Fast Refresh] done in 2ms @ http://localhost:3000/_next/static/chunks/node_modules_next_dist_1e8vcs8._.js:776
[  216646ms] [LOG] [Fast Refresh] done in 2ms @ http://localhost:3000/_next/static/chunks/node_modules_next_dist_1e8vcs8._.js:776
[  216735ms] [LOG] [Fast Refresh] done in 2ms @ http://localhost:3000/_next/static/chunks/node_modules_next_dist_1e8vcs8._.js:776
[  216786ms] [LOG] [Fast Refresh] done in 2ms @ http://localhost:3000/_next/static/chunks/node_modules_next_dist_1e8vcs8._.js:776
[  216838ms] [LOG] [Fast Refresh] done in 2ms @ http://localhost:3000/_next/static/chunks/node_modules_next_dist_1e8vcs8._.js:776
[  216914ms] [LOG] [Fast Refresh] done in 2ms @ http://localhost:3000/_next/static/chunks/node_modules_next_dist_1e8vcs8._.js:776
[  216970ms] [LOG] [Fast Refresh] done in 2ms @ http://localhost:3000/_next/static/chunks/node_modules_next_dist_1e8vcs8._.js:776
[  217022ms] [LOG] [Fast Refresh] done in 2ms @ http://localhost:3000/_next/static/chunks/node_modules_next_dist_1e8vcs8._.js:776
[  217074ms] [LOG] [Fast Refresh] done in 2ms @ http://localhost:3000/_next/static/chunks/node_modules_next_dist_1e8vcs8._.js:776
[  217125ms] [LOG] [Fast Refresh] done in 2ms @ http://localhost:3000/_next/static/chunks/node_modules_next_dist_1e8vcs8._.js:776
[  217171ms] [LOG] [Fast Refresh] done in 2ms @ http://localhost:3000/_next/static/chunks/node_modules_next_dist_1e8vcs8._.js:776
[  217216ms] [LOG] [Fast Refresh] done in 2ms @ http://localhost:3000/_next/static/chunks/node_modules_next_dist_1e8vcs8._.js:776
[  217261ms] [LOG] [Fast Refresh] done in 2ms @ http://localhost:3000/_next/static/chunks/node_modules_next_dist_1e8vcs8._.js:776
[  217309ms] [LOG] [Fast Refresh] done in 2ms @ http://localhost:3000/_next/static/chunks/node_modules_next_dist_1e8vcs8._.js:776
[  217355ms] [LOG] [Fast Refresh] done in 2ms @ http://localhost:3000/_next/static/chunks/node_modules_next_dist_1e8vcs8._.js:776
[  217407ms] [LOG] [Fast Refresh] done in 2ms @ http://localhost:3000/_next/static/chunks/node_modules_next_dist_1e8vcs8._.js:776
[  217459ms] [LOG] [Fast Refresh] done in 2ms @ http://localhost:3000/_next/static/chunks/node_modules_next_dist_1e8vcs8._.js:776
[  217505ms] [LOG] [Fast Refresh] done in 2ms @ http://localhost:3000/_next/static/chunks/node_modules_next_dist_1e8vcs8._.js:776
[  217553ms] [LOG] [Fast Refresh] done in 2ms @ http://localhost:3000/_next/static/chunks/node_modules_next_dist_1e8vcs8._.js:776
[  217609ms] [LOG] [Fast Refresh] done in 2ms @ http://localhost:3000/_next/static/chunks/node_modules_next_dist_1e8vcs8._.js:776
[  217662ms] [LOG] [Fast Refresh] done in 2ms @ http://localhost:3000/_next/static/chunks/node_modules_next_dist_1e8vcs8._.js:776
[  217722ms] [LOG] [Fast Refresh] done in 2ms @ http://localhost:3000/_next/static/chunks/node_modules_next_dist_1e8vcs8._.js:776
[  217784ms] [LOG] [Fast Refresh] done in 2ms @ http://localhost:3000/_next/static/chunks/node_modules_next_dist_1e8vcs8._.js:776
[  217837ms] [LOG] [Fast Refresh] done in 2ms @ http://localhost:3000/_next/static/chunks/node_modules_next_dist_1e8vcs8._.js:776
[  217903ms] [LOG] [Fast Refresh] done in 2ms @ http://localhost:3000/_next/static/chunks/node_modules_next_dist_1e8vcs8._.js:776
[  217957ms] [LOG] [Fast Refresh] done in 2ms @ http://localhost:3000/_next/static/chunks/node_modules_next_dist_1e8vcs8._.js:776
[  218011ms] [LOG] [Fast Refresh] done in 2ms @ http://localhost:3000/_next/static/chunks/node_modules_next_dist_1e8vcs8._.js:776
[  218066ms] [LOG] [Fast Refresh] done in 2ms @ http://localhost:3000/_next/static/chunks/node_modules_next_dist_1e8vcs8._.js:776
[  218130ms] [LOG] [Fast Refresh] done in 2ms @ http://localhost:3000/_next/static/chunks/node_modules_next_dist_1e8vcs8._.js:776
[  218185ms] [LOG] [Fast Refresh] done in 2ms @ http://localhost:3000/_next/static/chunks/node_modules_next_dist_1e8vcs8._.js:776
[  218241ms] [LOG] [Fast Refresh] done in 2ms @ http://localhost:3000/_next/static/chunks/node_modules_next_dist_1e8vcs8._.js:776
[  218290ms] [LOG] [Fast Refresh] done in 2ms @ http://localhost:3000/_next/static/chunks/node_modules_next_dist_1e8vcs8._.js:776
[  218346ms] [LOG] [Fast Refresh] done in 2ms @ http://localhost:3000/_next/static/chunks/node_modules_next_dist_1e8vcs8._.js:776
[  218390ms] [LOG] [Fast Refresh] done in 2ms @ http://localhost:3000/_next/static/chunks/node_modules_next_dist_1e8vcs8._.js:776
[  218447ms] [LOG] [Fast Refresh] done in 2ms @ http://localhost:3000/_next/static/chunks/node_modules_next_dist_1e8vcs8._.js:776
[  218496ms] [LOG] [Fast Refresh] done in 2ms @ http://localhost:3000/_next/static/chunks/node_modules_next_dist_1e8vcs8._.js:776
[  218548ms] [LOG] [Fast Refresh] done in 2ms @ http://localhost:3000/_next/static/chunks/node_modules_next_dist_1e8vcs8._.js:776
[  218599ms] [LOG] [Fast Refresh] done in 2ms @ http://localhost:3000/_next/static/chunks/node_modules_next_dist_1e8vcs8._.js:776
[  218653ms] [LOG] [Fast Refresh] done in 2ms @ http://localhost:3000/_next/static/chunks/node_modules_next_dist_1e8vcs8._.js:776
[  218706ms] [LOG] [Fast Refresh] done in 2ms @ http://localhost:3000/_next/static/chunks/node_modules_next_dist_1e8vcs8._.js:776
[  218757ms] [LOG] [Fast Refresh] done in 2ms @ http://localhost:3000/_next/static/chunks/node_modules_next_dist_1e8vcs8._.js:776
[  218804ms] [LOG] [Fast Refresh] done in 2ms @ http://localhost:3000/_next/static/chunks/node_modules_next_dist_1e8vcs8._.js:776
[  218852ms] [LOG] [Fast Refresh] done in 2ms @ http://localhost:3000/_next/static/chunks/node_modules_next_dist_1e8vcs8._.js:776
[  218901ms] [LOG] [Fast Refresh] done in 2ms @ http://localhost:3000/_next/static/chunks/node_modules_next_dist_1e8vcs8._.js:776
[  218951ms] [LOG] [Fast Refresh] done in 2ms @ http://localhost:3000/_next/static/chunks/node_modules_next_dist_1e8vcs8._.js:776
[  218997ms] [LOG] [Fast Refresh] done in 2ms @ http://localhost:3000/_next/static/chunks/node_modules_next_dist_1e8vcs8._.js:776
[  219096ms] [LOG] [Fast Refresh] done in 2ms @ http://localhost:3000/_next/static/chunks/node_modules_next_dist_1e8vcs8._.js:776
[  219144ms] [LOG] [Fast Refresh] done in 2ms @ http://localhost:3000/_next/static/chunks/node_modules_next_dist_1e8vcs8._.js:776
[  219209ms] [LOG] [Fast Refresh] done in 2ms @ http://localhost:3000/_next/static/chunks/node_modules_next_dist_1e8vcs8._.js:776
[  219257ms] [LOG] [Fast Refresh] done in 2ms @ http://localhost:3000/_next/static/chunks/node_modules_next_dist_1e8vcs8._.js:776
[  219304ms] [LOG] [Fast Refresh] done in 2ms @ http://localhost:3000/_next/static/chunks/node_modules_next_dist_1e8vcs8._.js:776
[  219357ms] [LOG] [Fast Refresh] done in 2ms @ http://localhost:3000/_next/static/chunks/node_modules_next_dist_1e8vcs8._.js:776
[  219401ms] [LOG] [Fast Refresh] done in 2ms @ http://localhost:3000/_next/static/chunks/node_modules_next_dist_1e8vcs8._.js:776
[  219452ms] [LOG] [Fast Refresh] done in 2ms @ http://localhost:3000/_next/static/chunks/node_modules_next_dist_1e8vcs8._.js:776
[  219507ms] [LOG] [Fast Refresh] done in 2ms @ http://localhost:3000/_next/static/chunks/node_modules_next_dist_1e8vcs8._.js:776
[  219554ms] [LOG] [Fast Refresh] done in 2ms @ http://localhost:3000/_next/static/chunks/node_modules_next_dist_1e8vcs8._.js:776
[  219610ms] [LOG] [Fast Refresh] done in 2ms @ http://localhost:3000/_next/static/chunks/node_modules_next_dist_1e8vcs8._.js:776
[  219671ms] [LOG] [Fast Refresh] done in 2ms @ http://localhost:3000/_next/static/chunks/node_modules_next_dist_1e8vcs8._.js:776
[  219728ms] [LOG] [Fast Refresh] done in 2ms @ http://localhost:3000/_next/static/chunks/node_modules_next_dist_1e8vcs8._.js:776
[  219774ms] [LOG] [Fast Refresh] done in 2ms @ http://localhost:3000/_next/static/chunks/node_modules_next_dist_1e8vcs8._.js:776
[  219824ms] [LOG] [Fast Refresh] done in 2ms @ http://localhost:3000/_next/static/chunks/node_modules_next_dist_1e8vcs8._.js:776
[  219873ms] [LOG] [Fast Refresh] done in 2ms @ http://localhost:3000/_next/static/chunks/node_modules_next_dist_1e8vcs8._.js:776
[  219930ms] [LOG] [Fast Refresh] done in 2ms @ http://localhost:3000/_next/static/chunks/node_modules_next_dist_1e8vcs8._.js:776
[  219987ms] [LOG] [Fast Refresh] done in 2ms @ http://localhost:3000/_next/static/chunks/node_modules_next_dist_1e8vcs8._.js:776
[  220030ms] [LOG] [Fast Refresh] done in 2ms @ http://localhost:3000/_next/static/chunks/node_modules_next_dist_1e8vcs8._.js:776
[  220095ms] [LOG] [Fast Refresh] done in 2ms @ http://localhost:3000/_next/static/chunks/node_modules_next_dist_1e8vcs8._.js:776
[  220139ms] [LOG] [Fast Refresh] done in 2ms @ http://localhost:3000/_next/static/chunks/node_modules_next_dist_1e8vcs8._.js:776
[  220199ms] [LOG] [Fast Refresh] done in 2ms @ http://localhost:3000/_next/static/chunks/node_modules_next_dist_1e8vcs8._.js:776
[  220248ms] [LOG] [Fast Refresh] done in 2ms @ http://localhost:3000/_next/static/chunks/node_modules_next_dist_1e8vcs8._.js:776
[  220296ms] [LOG] [Fast Refresh] done in 2ms @ http://localhost:3000/_next/static/chunks/node_modules_next_dist_1e8vcs8._.js:776
[  220353ms] [LOG] [Fast Refresh] done in 2ms @ http://localhost:3000/_next/static/chunks/node_modules_next_dist_1e8vcs8._.js:776
[  220397ms] [LOG] [Fast Refresh] done in 2ms @ http://localhost:3000/_next/static/chunks/node_modules_next_dist_1e8vcs8._.js:776
[  220448ms] [LOG] [Fast Refresh] done in 2ms @ http://localhost:3000/_next/static/chunks/node_modules_next_dist_1e8vcs8._.js:776
[  220499ms] [LOG] [Fast Refresh] done in 2ms @ http://localhost:3000/_next/static/chunks/node_modules_next_dist_1e8vcs8._.js:776
[  220555ms] [LOG] [Fast Refresh] done in 2ms @ http://localhost:3000/_next/static/chunks/node_modules_next_dist_1e8vcs8._.js:776
[  220603ms] [LOG] [Fast Refresh] done in 2ms @ http://localhost:3000/_next/static/chunks/node_modules_next_dist_1e8vcs8._.js:776
[  220651ms] [LOG] [Fast Refresh] done in 2ms @ http://localhost:3000/_next/static/chunks/node_modules_next_dist_1e8vcs8._.js:776
[  220707ms] [LOG] [Fast Refresh] done in 2ms @ http://localhost:3000/_next/static/chunks/node_modules_next_dist_1e8vcs8._.js:776
[  220770ms] [LOG] [Fast Refresh] done in 2ms @ http://localhost:3000/_next/static/chunks/node_modules_next_dist_1e8vcs8._.js:776
[  220820ms] [LOG] [Fast Refresh] done in 2ms @ http://localhost:3000/_next/static/chunks/node_modules_next_dist_1e8vcs8._.js:776
[  220876ms] [LOG] [Fast Refresh] done in 2ms @ http://localhost:3000/_next/static/chunks/node_modules_next_dist_1e8vcs8._.js:776
[  220923ms] [LOG] [Fast Refresh] done in 2ms @ http://localhost:3000/_next/static/chunks/node_modules_next_dist_1e8vcs8._.js:776
[  220970ms] [LOG] [Fast Refresh] done in 2ms @ http://localhost:3000/_next/static/chunks/node_modules_next_dist_1e8vcs8._.js:776
[  221035ms] [LOG] [Fast Refresh] done in 2ms @ http://localhost:3000/_next/static/chunks/node_modules_next_dist_1e8vcs8._.js:776
[  221097ms] [LOG] [Fast Refresh] done in 2ms @ http://localhost:3000/_next/static/chunks/node_modules_next_dist_1e8vcs8._.js:776
[  221153ms] [LOG] [Fast Refresh] done in 2ms @ http://localhost:3000/_next/static/chunks/node_modules_next_dist_1e8vcs8._.js:776
[  221204ms] [LOG] [Fast Refresh] done in 2ms @ http://localhost:3000/_next/static/chunks/node_modules_next_dist_1e8vcs8._.js:776
[  221247ms] [LOG] [Fast Refresh] done in 2ms @ http://localhost:3000/_next/static/chunks/node_modules_next_dist_1e8vcs8._.js:776
[  221296ms] [LOG] [Fast Refresh] done in 2ms @ http://localhost:3000/_next/static/chunks/node_modules_next_dist_1e8vcs8._.js:776
[  221346ms] [LOG] [Fast Refresh] done in 2ms @ http://localhost:3000/_next/static/chunks/node_modules_next_dist_1e8vcs8._.js:776
[  221393ms] [LOG] [Fast Refresh] done in 2ms @ http://localhost:3000/_next/static/chunks/node_modules_next_dist_1e8vcs8._.js:776
[  221445ms] [LOG] [Fast Refresh] done in 2ms @ http://localhost:3000/_next/static/chunks/node_modules_next_dist_1e8vcs8._.js:776
[  221499ms] [LOG] [Fast Refresh] done in 2ms @ http://localhost:3000/_next/static/chunks/node_modules_next_dist_1e8vcs8._.js:776
[  221543ms] [LOG] [Fast Refresh] done in 2ms @ http://localhost:3000/_next/static/chunks/node_modules_next_dist_1e8vcs8._.js:776
[  221588ms] [LOG] [Fast Refresh] done in 2ms @ http://localhost:3000/_next/static/chunks/node_modules_next_dist_1e8vcs8._.js:776
[  221641ms] [LOG] [Fast Refresh] done in 2ms @ http://localhost:3000/_next/static/chunks/node_modules_next_dist_1e8vcs8._.js:776
[  221683ms] [LOG] [Fast Refresh] done in 2ms @ http://localhost:3000/_next/static/chunks/node_modules_next_dist_1e8vcs8._.js:776
[  221735ms] [LOG] [Fast Refresh] done in 2ms @ http://localhost:3000/_next/static/chunks/node_modules_next_dist_1e8vcs8._.js:776
[  221828ms] [LOG] [Fast Refresh] done in 2ms @ http://localhost:3000/_next/static/chunks/node_modules_next_dist_1e8vcs8._.js:776
[  221888ms] [LOG] [Fast Refresh] done in 2ms @ http://localhost:3000/_next/static/chunks/node_modules_next_dist_1e8vcs8._.js:776
[  221936ms] [LOG] [Fast Refresh] done in 2ms @ http://localhost:3000/_next/static/chunks/node_modules_next_dist_1e8vcs8._.js:776
[  221977ms] [LOG] [Fast Refresh] done in 2ms @ http://localhost:3000/_next/static/chunks/node_modules_next_dist_1e8vcs8._.js:776
[  222022ms] [LOG] [Fast Refresh] done in 2ms @ http://localhost:3000/_next/static/chunks/node_modules_next_dist_1e8vcs8._.js:776
[  222074ms] [LOG] [Fast Refresh] done in 2ms @ http://localhost:3000/_next/static/chunks/node_modules_next_dist_1e8vcs8._.js:776
[  222132ms] [LOG] [Fast Refresh] done in 2ms @ http://localhost:3000/_next/static/chunks/node_modules_next_dist_1e8vcs8._.js:776
[  222177ms] [LOG] [Fast Refresh] done in 2ms @ http://localhost:3000/_next/static/chunks/node_modules_next_dist_1e8vcs8._.js:776
[  222222ms] [LOG] [Fast Refresh] done in 2ms @ http://localhost:3000/_next/static/chunks/node_modules_next_dist_1e8vcs8._.js:776
[  222267ms] [LOG] [Fast Refresh] done in 2ms @ http://localhost:3000/_next/static/chunks/node_modules_next_dist_1e8vcs8._.js:776
[  222314ms] [LOG] [Fast Refresh] done in 2ms @ http://localhost:3000/_next/static/chunks/node_modules_next_dist_1e8vcs8._.js:776
[  222359ms] [LOG] [Fast Refresh] done in 2ms @ http://localhost:3000/_next/static/chunks/node_modules_next_dist_1e8vcs8._.js:776
[  222407ms] [LOG] [Fast Refresh] done in 2ms @ http://localhost:3000/_next/static/chunks/node_modules_next_dist_1e8vcs8._.js:776
[  222457ms] [LOG] [Fast Refresh] done in 2ms @ http://localhost:3000/_next/static/chunks/node_modules_next_dist_1e8vcs8._.js:776
[  222503ms] [LOG] [Fast Refresh] done in 2ms @ http://localhost:3000/_next/static/chunks/node_modules_next_dist_1e8vcs8._.js:776
[  222548ms] [LOG] [Fast Refresh] done in 2ms @ http://localhost:3000/_next/static/chunks/node_modules_next_dist_1e8vcs8._.js:776
[  222608ms] [LOG] [Fast Refresh] done in 2ms @ http://localhost:3000/_next/static/chunks/node_modules_next_dist_1e8vcs8._.js:776
[  222656ms] [LOG] [Fast Refresh] done in 2ms @ http://localhost:3000/_next/static/chunks/node_modules_next_dist_1e8vcs8._.js:776
[  222705ms] [LOG] [Fast Refresh] done in 2ms @ http://localhost:3000/_next/static/chunks/node_modules_next_dist_1e8vcs8._.js:776
[  222755ms] [LOG] [Fast Refresh] done in 2ms @ http://localhost:3000/_next/static/chunks/node_modules_next_dist_1e8vcs8._.js:776
[  222810ms] [LOG] [Fast Refresh] done in 2ms @ http://localhost:3000/_next/static/chunks/node_modules_next_dist_1e8vcs8._.js:776
[  222864ms] [LOG] [Fast Refresh] done in 2ms @ http://localhost:3000/_next/static/chunks/node_modules_next_dist_1e8vcs8._.js:776
[  222921ms] [LOG] [Fast Refresh] done in 2ms @ http://localhost:3000/_next/static/chunks/node_modules_next_dist_1e8vcs8._.js:776
[  222970ms] [LOG] [Fast Refresh] done in 2ms @ http://localhost:3000/_next/static/chunks/node_modules_next_dist_1e8vcs8._.js:776
[  223020ms] [LOG] [Fast Refresh] done in 2ms @ http://localhost:3000/_next/static/chunks/node_modules_next_dist_1e8vcs8._.js:776
[  223061ms] [LOG] [Fast Refresh] done in 2ms @ http://localhost:3000/_next/static/chunks/node_modules_next_dist_1e8vcs8._.js:776
[  223106ms] [LOG] [Fast Refresh] done in 2ms @ http://localhost:3000/_next/static/chunks/node_modules_next_dist_1e8vcs8._.js:776
[  223157ms] [LOG] [Fast Refresh] done in 2ms @ http://localhost:3000/_next/static/chunks/node_modules_next_dist_1e8vcs8._.js:776
[  223213ms] [LOG] [Fast Refresh] done in 2ms @ http://localhost:3000/_next/static/chunks/node_modules_next_dist_1e8vcs8._.js:776
[  223266ms] [LOG] [Fast Refresh] done in 2ms @ http://localhost:3000/_next/static/chunks/node_modules_next_dist_1e8vcs8._.js:776
[  223319ms] [LOG] [Fast Refresh] done in 2ms @ http://localhost:3000/_next/static/chunks/node_modules_next_dist_1e8vcs8._.js:776
[  223368ms] [LOG] [Fast Refresh] done in 2ms @ http://localhost:3000/_next/static/chunks/node_modules_next_dist_1e8vcs8._.js:776
[  223423ms] [LOG] [Fast Refresh] done in 2ms @ http://localhost:3000/_next/static/chunks/node_modules_next_dist_1e8vcs8._.js:776
[  223484ms] [LOG] [Fast Refresh] done in 2ms @ http://localhost:3000/_next/static/chunks/node_modules_next_dist_1e8vcs8._.js:776
[  223548ms] [LOG] [Fast Refresh] done in 2ms @ http://localhost:3000/_next/static/chunks/node_modules_next_dist_1e8vcs8._.js:776
[  223590ms] [LOG] [Fast Refresh] done in 2ms @ http://localhost:3000/_next/static/chunks/node_modules_next_dist_1e8vcs8._.js:776
[  223643ms] [LOG] [Fast Refresh] done in 2ms @ http://localhost:3000/_next/static/chunks/node_modules_next_dist_1e8vcs8._.js:776
[  223694ms] [LOG] [Fast Refresh] done in 2ms @ http://localhost:3000/_next/static/chunks/node_modules_next_dist_1e8vcs8._.js:776
[  223737ms] [LOG] [Fast Refresh] done in 2ms @ http://localhost:3000/_next/static/chunks/node_modules_next_dist_1e8vcs8._.js:776
[  223800ms] [LOG] [Fast Refresh] done in 2ms @ http://localhost:3000/_next/static/chunks/node_modules_next_dist_1e8vcs8._.js:776
[  223845ms] [LOG] [Fast Refresh] done in 2ms @ http://localhost:3000/_next/static/chunks/node_modules_next_dist_1e8vcs8._.js:776
[  223900ms] [LOG] [Fast Refresh] done in 2ms @ http://localhost:3000/_next/static/chunks/node_modules_next_dist_1e8vcs8._.js:776
[  223956ms] [LOG] [Fast Refresh] done in 2ms @ http://localhost:3000/_next/static/chunks/node_modules_next_dist_1e8vcs8._.js:776
[  223998ms] [LOG] [Fast Refresh] done in 2ms @ http://localhost:3000/_next/static/chunks/node_modules_next_dist_1e8vcs8._.js:776
[  224045ms] [LOG] [Fast Refresh] done in 2ms @ http://localhost:3000/_next/static/chunks/node_modules_next_dist_1e8vcs8._.js:776
[  224092ms] [LOG] [Fast Refresh] done in 2ms @ http://localhost:3000/_next/static/chunks/node_modules_next_dist_1e8vcs8._.js:776
[  224144ms] [LOG] [Fast Refresh] done in 2ms @ http://localhost:3000/_next/static/chunks/node_modules_next_dist_1e8vcs8._.js:776
[  224188ms] [LOG] [Fast Refresh] done in 2ms @ http://localhost:3000/_next/static/chunks/node_modules_next_dist_1e8vcs8._.js:776
[  224231ms] [LOG] [Fast Refresh] done in 2ms @ http://localhost:3000/_next/static/chunks/node_modules_next_dist_1e8vcs8._.js:776
[  224281ms] [LOG] [Fast Refresh] done in 2ms @ http://localhost:3000/_next/static/chunks/node_modules_next_dist_1e8vcs8._.js:776
[  224332ms] [LOG] [Fast Refresh] done in 2ms @ http://localhost:3000/_next/static/chunks/node_modules_next_dist_1e8vcs8._.js:776
[  224384ms] [LOG] [Fast Refresh] done in 2ms @ http://localhost:3000/_next/static/chunks/node_modules_next_dist_1e8vcs8._.js:776
[  224429ms] [LOG] [Fast Refresh] done in 2ms @ http://localhost:3000/_next/static/chunks/node_modules_next_dist_1e8vcs8._.js:776
[  224473ms] [LOG] [Fast Refresh] done in 2ms @ http://localhost:3000/_next/static/chunks/node_modules_next_dist_1e8vcs8._.js:776
[  224532ms] [LOG] [Fast Refresh] done in 2ms @ http://localhost:3000/_next/static/chunks/node_modules_next_dist_1e8vcs8._.js:776
[  224586ms] [LOG] [Fast Refresh] done in 2ms @ http://localhost:3000/_next/static/chunks/node_modules_next_dist_1e8vcs8._.js:776
[  224637ms] [LOG] [Fast Refresh] done in 2ms @ http://localhost:3000/_next/static/chunks/node_modules_next_dist_1e8vcs8._.js:776
[  224702ms] [LOG] [Fast Refresh] done in 2ms @ http://localhost:3000/_next/static/chunks/node_modules_next_dist_1e8vcs8._.js:776
[  224749ms] [LOG] [Fast Refresh] done in 2ms @ http://localhost:3000/_next/static/chunks/node_modules_next_dist_1e8vcs8._.js:776
[  224804ms] [LOG] [Fast Refresh] done in 2ms @ http://localhost:3000/_next/static/chunks/node_modules_next_dist_1e8vcs8._.js:776
[  224855ms] [LOG] [Fast Refresh] done in 2ms @ http://localhost:3000/_next/static/chunks/node_modules_next_dist_1e8vcs8._.js:776
[  224910ms] [LOG] [Fast Refresh] done in 2ms @ http://localhost:3000/_next/static/chunks/node_modules_next_dist_1e8vcs8._.js:776
[  224973ms] [LOG] [Fast Refresh] done in 2ms @ http://localhost:3000/_next/static/chunks/node_modules_next_dist_1e8vcs8._.js:776
[  225017ms] [LOG] [Fast Refresh] done in 2ms @ http://localhost:3000/_next/static/chunks/node_modules_next_dist_1e8vcs8._.js:776
[  225080ms] [LOG] [Fast Refresh] done in 2ms @ http://localhost:3000/_next/static/chunks/node_modules_next_dist_1e8vcs8._.js:776
[  225132ms] [LOG] [Fast Refresh] done in 2ms @ http://localhost:3000/_next/static/chunks/node_modules_next_dist_1e8vcs8._.js:776
[  225190ms] [LOG] [Fast Refresh] done in 2ms @ http://localhost:3000/_next/static/chunks/node_modules_next_dist_1e8vcs8._.js:776
[  225237ms] [LOG] [Fast Refresh] done in 2ms @ http://localhost:3000/_next/static/chunks/node_modules_next_dist_1e8vcs8._.js:776
[  225283ms] [LOG] [Fast Refresh] done in 2ms @ http://localhost:3000/_next/static/chunks/node_modules_next_dist_1e8vcs8._.js:776
[  225332ms] [LOG] [Fast Refresh] done in 2ms @ http://localhost:3000/_next/static/chunks/node_modules_next_dist_1e8vcs8._.js:776
[  225373ms] [LOG] [Fast Refresh] done in 2ms @ http://localhost:3000/_next/static/chunks/node_modules_next_dist_1e8vcs8._.js:776
[  225430ms] [LOG] [Fast Refresh] done in 2ms @ http://localhost:3000/_next/static/chunks/node_modules_next_dist_1e8vcs8._.js:776
[  225483ms] [LOG] [Fast Refresh] done in 2ms @ http://localhost:3000/_next/static/chunks/node_modules_next_dist_1e8vcs8._.js:776
[  225539ms] [LOG] [Fast Refresh] done in 2ms @ http://localhost:3000/_next/static/chunks/node_modules_next_dist_1e8vcs8._.js:776
[  225585ms] [LOG] [Fast Refresh] done in 2ms @ http://localhost:3000/_next/static/chunks/node_modules_next_dist_1e8vcs8._.js:776
[  225629ms] [LOG] [Fast Refresh] done in 2ms @ http://localhost:3000/_next/static/chunks/node_modules_next_dist_1e8vcs8._.js:776
[  225677ms] [LOG] [Fast Refresh] done in 2ms @ http://localhost:3000/_next/static/chunks/node_modules_next_dist_1e8vcs8._.js:776
[  225720ms] [LOG] [Fast Refresh] done in 2ms @ http://localhost:3000/_next/static/chunks/node_modules_next_dist_1e8vcs8._.js:776
[  225765ms] [LOG] [Fast Refresh] done in 2ms @ http://localhost:3000/_next/static/chunks/node_modules_next_dist_1e8vcs8._.js:776
[  225813ms] [LOG] [Fast Refresh] done in 2ms @ http://localhost:3000/_next/static/chunks/node_modules_next_dist_1e8vcs8._.js:776
[  225862ms] [LOG] [Fast Refresh] done in 2ms @ http://localhost:3000/_next/static/chunks/node_modules_next_dist_1e8vcs8._.js:776
[  225915ms] [LOG] [Fast Refresh] done in 2ms @ http://localhost:3000/_next/static/chunks/node_modules_next_dist_1e8vcs8._.js:776
[  225961ms] [LOG] [Fast Refresh] done in 2ms @ http://localhost:3000/_next/static/chunks/node_modules_next_dist_1e8vcs8._.js:776
[  226010ms] [LOG] [Fast Refresh] done in 2ms @ http://localhost:3000/_next/static/chunks/node_modules_next_dist_1e8vcs8._.js:776
[  226060ms] [LOG] [Fast Refresh] done in 2ms @ http://localhost:3000/_next/static/chunks/node_modules_next_dist_1e8vcs8._.js:776
[  226101ms] [LOG] [Fast Refresh] done in 2ms @ http://localhost:3000/_next/static/chunks/node_modules_next_dist_1e8vcs8._.js:776
[  226154ms] [LOG] [Fast Refresh] done in 2ms @ http://localhost:3000/_next/static/chunks/node_modules_next_dist_1e8vcs8._.js:776
[  226199ms] [LOG] [Fast Refresh] done in 2ms @ http://localhost:3000/_next/static/chunks/node_modules_next_dist_1e8vcs8._.js:776
[  226277ms] [LOG] [Fast Refresh] done in 2ms @ http://localhost:3000/_next/static/chunks/node_modules_next_dist_1e8vcs8._.js:776
[  226324ms] [LOG] [Fast Refresh] done in 2ms @ http://localhost:3000/_next/static/chunks/node_modules_next_dist_1e8vcs8._.js:776
[  226389ms] [LOG] [Fast Refresh] done in 2ms @ http://localhost:3000/_next/static/chunks/node_modules_next_dist_1e8vcs8._.js:776
[  226446ms] [LOG] [Fast Refresh] done in 2ms @ http://localhost:3000/_next/static/chunks/node_modules_next_dist_1e8vcs8._.js:776
[  226488ms] [LOG] [Fast Refresh] done in 2ms @ http://localhost:3000/_next/static/chunks/node_modules_next_dist_1e8vcs8._.js:776
[  226542ms] [LOG] [Fast Refresh] done in 2ms @ http://localhost:3000/_next/static/chunks/node_modules_next_dist_1e8vcs8._.js:776
[  226589ms] [LOG] [Fast Refresh] done in 2ms @ http://localhost:3000/_next/static/chunks/node_modules_next_dist_1e8vcs8._.js:776
[  226637ms] [LOG] [Fast Refresh] done in 2ms @ http://localhost:3000/_next/static/chunks/node_modules_next_dist_1e8vcs8._.js:776
[  226691ms] [LOG] [Fast Refresh] done in 2ms @ http://localhost:3000/_next/static/chunks/node_modules_next_dist_1e8vcs8._.js:776
[  226748ms] [LOG] [Fast Refresh] done in 2ms @ http://localhost:3000/_next/static/chunks/node_modules_next_dist_1e8vcs8._.js:776
[  226802ms] [LOG] [Fast Refresh] done in 2ms @ http://localhost:3000/_next/static/chunks/node_modules_next_dist_1e8vcs8._.js:776
[  226865ms] [LOG] [Fast Refresh] done in 2ms @ http://localhost:3000/_next/static/chunks/node_modules_next_dist_1e8vcs8._.js:776
[  226917ms] [LOG] [Fast Refresh] done in 2ms @ http://localhost:3000/_next/static/chunks/node_modules_next_dist_1e8vcs8._.js:776
[  226971ms] [LOG] [Fast Refresh] done in 2ms @ http://localhost:3000/_next/static/chunks/node_modules_next_dist_1e8vcs8._.js:776
[  227020ms] [LOG] [Fast Refresh] done in 2ms @ http://localhost:3000/_next/static/chunks/node_modules_next_dist_1e8vcs8._.js:776
[  227072ms] [LOG] [Fast Refresh] done in 2ms @ http://localhost:3000/_next/static/chunks/node_modules_next_dist_1e8vcs8._.js:776
[  227131ms] [LOG] [Fast Refresh] done in 2ms @ http://localhost:3000/_next/static/chunks/node_modules_next_dist_1e8vcs8._.js:776
[  227180ms] [LOG] [Fast Refresh] done in 2ms @ http://localhost:3000/_next/static/chunks/node_modules_next_dist_1e8vcs8._.js:776
[  227228ms] [LOG] [Fast Refresh] done in 2ms @ http://localhost:3000/_next/static/chunks/node_modules_next_dist_1e8vcs8._.js:776
[  227276ms] [LOG] [Fast Refresh] done in 2ms @ http://localhost:3000/_next/static/chunks/node_modules_next_dist_1e8vcs8._.js:776
[  227322ms] [LOG] [Fast Refresh] done in 2ms @ http://localhost:3000/_next/static/chunks/node_modules_next_dist_1e8vcs8._.js:776
[  227378ms] [LOG] [Fast Refresh] done in 2ms @ http://localhost:3000/_next/static/chunks/node_modules_next_dist_1e8vcs8._.js:776
[  227438ms] [LOG] [Fast Refresh] done in 2ms @ http://localhost:3000/_next/static/chunks/node_modules_next_dist_1e8vcs8._.js:776
[  227484ms] [LOG] [Fast Refresh] done in 2ms @ http://localhost:3000/_next/static/chunks/node_modules_next_dist_1e8vcs8._.js:776
[  227533ms] [LOG] [Fast Refresh] done in 2ms @ http://localhost:3000/_next/static/chunks/node_modules_next_dist_1e8vcs8._.js:776
[  227584ms] [LOG] [Fast Refresh] done in 2ms @ http://localhost:3000/_next/static/chunks/node_modules_next_dist_1e8vcs8._.js:776
[  227637ms] [LOG] [Fast Refresh] done in 2ms @ http://localhost:3000/_next/static/chunks/node_modules_next_dist_1e8vcs8._.js:776
[  227684ms] [LOG] [Fast Refresh] done in 2ms @ http://localhost:3000/_next/static/chunks/node_modules_next_dist_1e8vcs8._.js:776
[  227738ms] [LOG] [Fast Refresh] done in 2ms @ http://localhost:3000/_next/static/chunks/node_modules_next_dist_1e8vcs8._.js:776
[  227799ms] [LOG] [Fast Refresh] done in 2ms @ http://localhost:3000/_next/static/chunks/node_modules_next_dist_1e8vcs8._.js:776
[  227845ms] [LOG] [Fast Refresh] done in 2ms @ http://localhost:3000/_next/static/chunks/node_modules_next_dist_1e8vcs8._.js:776
[  227894ms] [LOG] [Fast Refresh] done in 2ms @ http://localhost:3000/_next/static/chunks/node_modules_next_dist_1e8vcs8._.js:776
[  227949ms] [LOG] [Fast Refresh] done in 2ms @ http://localhost:3000/_next/static/chunks/node_modules_next_dist_1e8vcs8._.js:776
[  227999ms] [LOG] [Fast Refresh] done in 2ms @ http://localhost:3000/_next/static/chunks/node_modules_next_dist_1e8vcs8._.js:776
[  228048ms] [LOG] [Fast Refresh] done in 2ms @ http://localhost:3000/_next/static/chunks/node_modules_next_dist_1e8vcs8._.js:776
[  228102ms] [LOG] [Fast Refresh] done in 2ms @ http://localhost:3000/_next/static/chunks/node_modules_next_dist_1e8vcs8._.js:776
[  228152ms] [LOG] [Fast Refresh] done in 2ms @ http://localhost:3000/_next/static/chunks/node_modules_next_dist_1e8vcs8._.js:776
[  228199ms] [LOG] [Fast Refresh] done in 2ms @ http://localhost:3000/_next/static/chunks/node_modules_next_dist_1e8vcs8._.js:776
[  228256ms] [LOG] [Fast Refresh] done in 2ms @ http://localhost:3000/_next/static/chunks/node_modules_next_dist_1e8vcs8._.js:776
[  228302ms] [LOG] [Fast Refresh] done in 2ms @ http://localhost:3000/_next/static/chunks/node_modules_next_dist_1e8vcs8._.js:776
[  228359ms] [LOG] [Fast Refresh] done in 2ms @ http://localhost:3000/_next/static/chunks/node_modules_next_dist_1e8vcs8._.js:776
[  228408ms] [LOG] [Fast Refresh] done in 2ms @ http://localhost:3000/_next/static/chunks/node_modules_next_dist_1e8vcs8._.js:776
[  228464ms] [LOG] [Fast Refresh] done in 2ms @ http://localhost:3000/_next/static/chunks/node_modules_next_dist_1e8vcs8._.js:776
[  228509ms] [LOG] [Fast Refresh] done in 2ms @ http://localhost:3000/_next/static/chunks/node_modules_next_dist_1e8vcs8._.js:776
[  228561ms] [LOG] [Fast Refresh] done in 2ms @ http://localhost:3000/_next/static/chunks/node_modules_next_dist_1e8vcs8._.js:776
[  228611ms] [LOG] [Fast Refresh] done in 2ms @ http://localhost:3000/_next/static/chunks/node_modules_next_dist_1e8vcs8._.js:776
[  228657ms] [LOG] [Fast Refresh] done in 2ms @ http://localhost:3000/_next/static/chunks/node_modules_next_dist_1e8vcs8._.js:776
[  228711ms] [LOG] [Fast Refresh] done in 2ms @ http://localhost:3000/_next/static/chunks/node_modules_next_dist_1e8vcs8._.js:776
[  228759ms] [LOG] [Fast Refresh] done in 2ms @ http://localhost:3000/_next/static/chunks/node_modules_next_dist_1e8vcs8._.js:776
[  228814ms] [LOG] [Fast Refresh] done in 2ms @ http://localhost:3000/_next/static/chunks/node_modules_next_dist_1e8vcs8._.js:776
[  228864ms] [LOG] [Fast Refresh] done in 2ms @ http://localhost:3000/_next/static/chunks/node_modules_next_dist_1e8vcs8._.js:776
[  228907ms] [LOG] [Fast Refresh] done in 2ms @ http://localhost:3000/_next/static/chunks/node_modules_next_dist_1e8vcs8._.js:776
[  228964ms] [LOG] [Fast Refresh] done in 2ms @ http://localhost:3000/_next/static/chunks/node_modules_next_dist_1e8vcs8._.js:776
[  229019ms] [LOG] [Fast Refresh] done in 2ms @ http://localhost:3000/_next/static/chunks/node_modules_next_dist_1e8vcs8._.js:776
[  229061ms] [LOG] [Fast Refresh] done in 2ms @ http://localhost:3000/_next/static/chunks/node_modules_next_dist_1e8vcs8._.js:776
[  229113ms] [LOG] [Fast Refresh] done in 2ms @ http://localhost:3000/_next/static/chunks/node_modules_next_dist_1e8vcs8._.js:776
[  229166ms] [LOG] [Fast Refresh] done in 2ms @ http://localhost:3000/_next/static/chunks/node_modules_next_dist_1e8vcs8._.js:776
[  229223ms] [LOG] [Fast Refresh] done in 2ms @ http://localhost:3000/_next/static/chunks/node_modules_next_dist_1e8vcs8._.js:776
[  229276ms] [LOG] [Fast Refresh] done in 2ms @ http://localhost:3000/_next/static/chunks/node_modules_next_dist_1e8vcs8._.js:776
[  229324ms] [LOG] [Fast Refresh] done in 2ms @ http://localhost:3000/_next/static/chunks/node_modules_next_dist_1e8vcs8._.js:776
[  229383ms] [LOG] [Fast Refresh] done in 2ms @ http://localhost:3000/_next/static/chunks/node_modules_next_dist_1e8vcs8._.js:776
[  229451ms] [LOG] [Fast Refresh] done in 2ms @ http://localhost:3000/_next/static/chunks/node_modules_next_dist_1e8vcs8._.js:776
[  229506ms] [LOG] [Fast Refresh] done in 2ms @ http://localhost:3000/_next/static/chunks/node_modules_next_dist_1e8vcs8._.js:776
[  229554ms] [LOG] [Fast Refresh] done in 2ms @ http://localhost:3000/_next/static/chunks/node_modules_next_dist_1e8vcs8._.js:776
[  229602ms] [LOG] [Fast Refresh] done in 2ms @ http://localhost:3000/_next/static/chunks/node_modules_next_dist_1e8vcs8._.js:776
[  229658ms] [LOG] [Fast Refresh] done in 2ms @ http://localhost:3000/_next/static/chunks/node_modules_next_dist_1e8vcs8._.js:776
[  229700ms] [LOG] [Fast Refresh] done in 2ms @ http://localhost:3000/_next/static/chunks/node_modules_next_dist_1e8vcs8._.js:776
[  229762ms] [LOG] [Fast Refresh] done in 2ms @ http://localhost:3000/_next/static/chunks/node_modules_next_dist_1e8vcs8._.js:776
[  229811ms] [LOG] [Fast Refresh] done in 2ms @ http://localhost:3000/_next/static/chunks/node_modules_next_dist_1e8vcs8._.js:776
[  229861ms] [LOG] [Fast Refresh] done in 2ms @ http://localhost:3000/_next/static/chunks/node_modules_next_dist_1e8vcs8._.js:776
[  229916ms] [LOG] [Fast Refresh] done in 2ms @ http://localhost:3000/_next/static/chunks/node_modules_next_dist_1e8vcs8._.js:776
[  229970ms] [LOG] [Fast Refresh] done in 2ms @ http://localhost:3000/_next/static/chunks/node_modules_next_dist_1e8vcs8._.js:776
[  230019ms] [LOG] [Fast Refresh] done in 2ms @ http://localhost:3000/_next/static/chunks/node_modules_next_dist_1e8vcs8._.js:776
[  230071ms] [LOG] [Fast Refresh] done in 2ms @ http://localhost:3000/_next/static/chunks/node_modules_next_dist_1e8vcs8._.js:776
[  230133ms] [LOG] [Fast Refresh] done in 2ms @ http://localhost:3000/_next/static/chunks/node_modules_next_dist_1e8vcs8._.js:776
[  230223ms] [LOG] [Fast Refresh] done in 2ms @ http://localhost:3000/_next/static/chunks/node_modules_next_dist_1e8vcs8._.js:776
[  230278ms] [LOG] [Fast Refresh] done in 2ms @ http://localhost:3000/_next/static/chunks/node_modules_next_dist_1e8vcs8._.js:776
[  230333ms] [LOG] [Fast Refresh] done in 2ms @ http://localhost:3000/_next/static/chunks/node_modules_next_dist_1e8vcs8._.js:776
[  230392ms] [LOG] [Fast Refresh] done in 2ms @ http://localhost:3000/_next/static/chunks/node_modules_next_dist_1e8vcs8._.js:776
[  230443ms] [LOG] [Fast Refresh] done in 2ms @ http://localhost:3000/_next/static/chunks/node_modules_next_dist_1e8vcs8._.js:776
[  230489ms] [LOG] [Fast Refresh] done in 2ms @ http://localhost:3000/_next/static/chunks/node_modules_next_dist_1e8vcs8._.js:776
[  230542ms] [LOG] [Fast Refresh] done in 2ms @ http://localhost:3000/_next/static/chunks/node_modules_next_dist_1e8vcs8._.js:776
[  230595ms] [LOG] [Fast Refresh] done in 2ms @ http://localhost:3000/_next/static/chunks/node_modules_next_dist_1e8vcs8._.js:776
[  230654ms] [LOG] [Fast Refresh] done in 2ms @ http://localhost:3000/_next/static/chunks/node_modules_next_dist_1e8vcs8._.js:776
[  230703ms] [LOG] [Fast Refresh] done in 2ms @ http://localhost:3000/_next/static/chunks/node_modules_next_dist_1e8vcs8._.js:776
[  230753ms] [LOG] [Fast Refresh] done in 2ms @ http://localhost:3000/_next/static/chunks/node_modules_next_dist_1e8vcs8._.js:776
[  230802ms] [LOG] [Fast Refresh] done in 2ms @ http://localhost:3000/_next/static/chunks/node_modules_next_dist_1e8vcs8._.js:776
[  230859ms] [LOG] [Fast Refresh] done in 2ms @ http://localhost:3000/_next/static/chunks/node_modules_next_dist_1e8vcs8._.js:776
[  230919ms] [LOG] [Fast Refresh] done in 2ms @ http://localhost:3000/_next/static/chunks/node_modules_next_dist_1e8vcs8._.js:776
[  230981ms] [LOG] [Fast Refresh] done in 2ms @ http://localhost:3000/_next/static/chunks/node_modules_next_dist_1e8vcs8._.js:776
[  231033ms] [LOG] [Fast Refresh] done in 2ms @ http://localhost:3000/_next/static/chunks/node_modules_next_dist_1e8vcs8._.js:776
[  231086ms] [LOG] [Fast Refresh] done in 2ms @ http://localhost:3000/_next/static/chunks/node_modules_next_dist_1e8vcs8._.js:776
[  231151ms] [LOG] [Fast Refresh] done in 2ms @ http://localhost:3000/_next/static/chunks/node_modules_next_dist_1e8vcs8._.js:776
[  231200ms] [LOG] [Fast Refresh] done in 2ms @ http://localhost:3000/_next/static/chunks/node_modules_next_dist_1e8vcs8._.js:776
[  231257ms] [LOG] [Fast Refresh] done in 2ms @ http://localhost:3000/_next/static/chunks/node_modules_next_dist_1e8vcs8._.js:776
[  231308ms] [LOG] [Fast Refresh] done in 2ms @ http://localhost:3000/_next/static/chunks/node_modules_next_dist_1e8vcs8._.js:776
[  231362ms] [LOG] [Fast Refresh] done in 2ms @ http://localhost:3000/_next/static/chunks/node_modules_next_dist_1e8vcs8._.js:776
[  231410ms] [LOG] [Fast Refresh] done in 2ms @ http://localhost:3000/_next/static/chunks/node_modules_next_dist_1e8vcs8._.js:776
[  231460ms] [LOG] [Fast Refresh] done in 2ms @ http://localhost:3000/_next/static/chunks/node_modules_next_dist_1e8vcs8._.js:776
[  231510ms] [LOG] [Fast Refresh] done in 2ms @ http://localhost:3000/_next/static/chunks/node_modules_next_dist_1e8vcs8._.js:776
[  231562ms] [LOG] [Fast Refresh] done in 2ms @ http://localhost:3000/_next/static/chunks/node_modules_next_dist_1e8vcs8._.js:776
[  231604ms] [LOG] [Fast Refresh] done in 2ms @ http://localhost:3000/_next/static/chunks/node_modules_next_dist_1e8vcs8._.js:776
[  231659ms] [LOG] [Fast Refresh] done in 2ms @ http://localhost:3000/_next/static/chunks/node_modules_next_dist_1e8vcs8._.js:776
[  231711ms] [LOG] [Fast Refresh] done in 2ms @ http://localhost:3000/_next/static/chunks/node_modules_next_dist_1e8vcs8._.js:776
[  231762ms] [LOG] [Fast Refresh] done in 2ms @ http://localhost:3000/_next/static/chunks/node_modules_next_dist_1e8vcs8._.js:776
[  231810ms] [LOG] [Fast Refresh] done in 2ms @ http://localhost:3000/_next/static/chunks/node_modules_next_dist_1e8vcs8._.js:776
[  231853ms] [LOG] [Fast Refresh] done in 2ms @ http://localhost:3000/_next/static/chunks/node_modules_next_dist_1e8vcs8._.js:776
[  231908ms] [LOG] [Fast Refresh] done in 2ms @ http://localhost:3000/_next/static/chunks/node_modules_next_dist_1e8vcs8._.js:776
[  231973ms] [LOG] [Fast Refresh] done in 2ms @ http://localhost:3000/_next/static/chunks/node_modules_next_dist_1e8vcs8._.js:776
[  232016ms] [LOG] [Fast Refresh] done in 2ms @ http://localhost:3000/_next/static/chunks/node_modules_next_dist_1e8vcs8._.js:776
[  232074ms] [LOG] [Fast Refresh] done in 2ms @ http://localhost:3000/_next/static/chunks/node_modules_next_dist_1e8vcs8._.js:776
[  232118ms] [LOG] [Fast Refresh] done in 2ms @ http://localhost:3000/_next/static/chunks/node_modules_next_dist_1e8vcs8._.js:776
[  232163ms] [LOG] [Fast Refresh] done in 2ms @ http://localhost:3000/_next/static/chunks/node_modules_next_dist_1e8vcs8._.js:776
[  232220ms] [LOG] [Fast Refresh] done in 2ms @ http://localhost:3000/_next/static/chunks/node_modules_next_dist_1e8vcs8._.js:776
[  232270ms] [LOG] [Fast Refresh] done in 2ms @ http://localhost:3000/_next/static/chunks/node_modules_next_dist_1e8vcs8._.js:776
[  232332ms] [LOG] [Fast Refresh] done in 2ms @ http://localhost:3000/_next/static/chunks/node_modules_next_dist_1e8vcs8._.js:776
[  232381ms] [LOG] [Fast Refresh] done in 2ms @ http://localhost:3000/_next/static/chunks/node_modules_next_dist_1e8vcs8._.js:776
[  232429ms] [LOG] [Fast Refresh] done in 2ms @ http://localhost:3000/_next/static/chunks/node_modules_next_dist_1e8vcs8._.js:776
[  232486ms] [LOG] [Fast Refresh] done in 2ms @ http://localhost:3000/_next/static/chunks/node_modules_next_dist_1e8vcs8._.js:776
[  232540ms] [LOG] [Fast Refresh] done in 2ms @ http://localhost:3000/_next/static/chunks/node_modules_next_dist_1e8vcs8._.js:776
[  232592ms] [LOG] [Fast Refresh] done in 2ms @ http://localhost:3000/_next/static/chunks/node_modules_next_dist_1e8vcs8._.js:776
[  232656ms] [LOG] [Fast Refresh] done in 2ms @ http://localhost:3000/_next/static/chunks/node_modules_next_dist_1e8vcs8._.js:776
[  232709ms] [LOG] [Fast Refresh] done in 2ms @ http://localhost:3000/_next/static/chunks/node_modules_next_dist_1e8vcs8._.js:776
[  232762ms] [LOG] [Fast Refresh] done in 2ms @ http://localhost:3000/_next/static/chunks/node_modules_next_dist_1e8vcs8._.js:776
[  232813ms] [LOG] [Fast Refresh] done in 2ms @ http://localhost:3000/_next/static/chunks/node_modules_next_dist_1e8vcs8._.js:776
[  232866ms] [LOG] [Fast Refresh] done in 2ms @ http://localhost:3000/_next/static/chunks/node_modules_next_dist_1e8vcs8._.js:776
[  232914ms] [LOG] [Fast Refresh] done in 2ms @ http://localhost:3000/_next/static/chunks/node_modules_next_dist_1e8vcs8._.js:776
[  232970ms] [LOG] [Fast Refresh] done in 2ms @ http://localhost:3000/_next/static/chunks/node_modules_next_dist_1e8vcs8._.js:776
[  233025ms] [LOG] [Fast Refresh] done in 2ms @ http://localhost:3000/_next/static/chunks/node_modules_next_dist_1e8vcs8._.js:776
[  233083ms] [LOG] [Fast Refresh] done in 2ms @ http://localhost:3000/_next/static/chunks/node_modules_next_dist_1e8vcs8._.js:776
[  233136ms] [LOG] [Fast Refresh] done in 2ms @ http://localhost:3000/_next/static/chunks/node_modules_next_dist_1e8vcs8._.js:776
[  233192ms] [LOG] [Fast Refresh] done in 2ms @ http://localhost:3000/_next/static/chunks/node_modules_next_dist_1e8vcs8._.js:776
[  233248ms] [LOG] [Fast Refresh] done in 2ms @ http://localhost:3000/_next/static/chunks/node_modules_next_dist_1e8vcs8._.js:776
[  233293ms] [LOG] [Fast Refresh] done in 2ms @ http://localhost:3000/_next/static/chunks/node_modules_next_dist_1e8vcs8._.js:776
[  233361ms] [LOG] [Fast Refresh] done in 2ms @ http://localhost:3000/_next/static/chunks/node_modules_next_dist_1e8vcs8._.js:776
[  233408ms] [LOG] [Fast Refresh] done in 2ms @ http://localhost:3000/_next/static/chunks/node_modules_next_dist_1e8vcs8._.js:776
[  233456ms] [LOG] [Fast Refresh] done in 2ms @ http://localhost:3000/_next/static/chunks/node_modules_next_dist_1e8vcs8._.js:776
[  233513ms] [LOG] [Fast Refresh] done in 2ms @ http://localhost:3000/_next/static/chunks/node_modules_next_dist_1e8vcs8._.js:776
[  233559ms] [LOG] [Fast Refresh] done in 2ms @ http://localhost:3000/_next/static/chunks/node_modules_next_dist_1e8vcs8._.js:776
[  233604ms] [LOG] [Fast Refresh] done in 2ms @ http://localhost:3000/_next/static/chunks/node_modules_next_dist_1e8vcs8._.js:776
[  233654ms] [LOG] [Fast Refresh] done in 2ms @ http://localhost:3000/_next/static/chunks/node_modules_next_dist_1e8vcs8._.js:776
[  233707ms] [LOG] [Fast Refresh] done in 2ms @ http://localhost:3000/_next/static/chunks/node_modules_next_dist_1e8vcs8._.js:776
[  233774ms] [LOG] [Fast Refresh] done in 2ms @ http://localhost:3000/_next/static/chunks/node_modules_next_dist_1e8vcs8._.js:776
[  233825ms] [LOG] [Fast Refresh] done in 2ms @ http://localhost:3000/_next/static/chunks/node_modules_next_dist_1e8vcs8._.js:776
[  233880ms] [LOG] [Fast Refresh] done in 2ms @ http://localhost:3000/_next/static/chunks/node_modules_next_dist_1e8vcs8._.js:776
[  233925ms] [LOG] [Fast Refresh] done in 2ms @ http://localhost:3000/_next/static/chunks/node_modules_next_dist_1e8vcs8._.js:776
[  233968ms] [LOG] [Fast Refresh] done in 2ms @ http://localhost:3000/_next/static/chunks/node_modules_next_dist_1e8vcs8._.js:776
[  234016ms] [LOG] [Fast Refresh] done in 2ms @ http://localhost:3000/_next/static/chunks/node_modules_next_dist_1e8vcs8._.js:776
[  234060ms] [LOG] [Fast Refresh] done in 2ms @ http://localhost:3000/_next/static/chunks/node_modules_next_dist_1e8vcs8._.js:776
[  234104ms] [LOG] [Fast Refresh] done in 2ms @ http://localhost:3000/_next/static/chunks/node_modules_next_dist_1e8vcs8._.js:776
[  234149ms] [LOG] [Fast Refresh] done in 2ms @ http://localhost:3000/_next/static/chunks/node_modules_next_dist_1e8vcs8._.js:776
[  234206ms] [LOG] [Fast Refresh] done in 2ms @ http://localhost:3000/_next/static/chunks/node_modules_next_dist_1e8vcs8._.js:776
[  234259ms] [LOG] [Fast Refresh] done in 2ms @ http://localhost:3000/_next/static/chunks/node_modules_next_dist_1e8vcs8._.js:776
[  234315ms] [LOG] [Fast Refresh] done in 2ms @ http://localhost:3000/_next/static/chunks/node_modules_next_dist_1e8vcs8._.js:776
[  234371ms] [LOG] [Fast Refresh] done in 2ms @ http://localhost:3000/_next/static/chunks/node_modules_next_dist_1e8vcs8._.js:776
[  234417ms] [LOG] [Fast Refresh] done in 2ms @ http://localhost:3000/_next/static/chunks/node_modules_next_dist_1e8vcs8._.js:776
[  234463ms] [LOG] [Fast Refresh] done in 2ms @ http://localhost:3000/_next/static/chunks/node_modules_next_dist_1e8vcs8._.js:776
[  234505ms] [LOG] [Fast Refresh] done in 2ms @ http://localhost:3000/_next/static/chunks/node_modules_next_dist_1e8vcs8._.js:776
[  234562ms] [LOG] [Fast Refresh] done in 2ms @ http://localhost:3000/_next/static/chunks/node_modules_next_dist_1e8vcs8._.js:776
[  234609ms] [LOG] [Fast Refresh] done in 2ms @ http://localhost:3000/_next/static/chunks/node_modules_next_dist_1e8vcs8._.js:776
[  234658ms] [LOG] [Fast Refresh] done in 2ms @ http://localhost:3000/_next/static/chunks/node_modules_next_dist_1e8vcs8._.js:776
[  234702ms] [LOG] [Fast Refresh] done in 2ms @ http://localhost:3000/_next/static/chunks/node_modules_next_dist_1e8vcs8._.js:776
[  234753ms] [LOG] [Fast Refresh] done in 2ms @ http://localhost:3000/_next/static/chunks/node_modules_next_dist_1e8vcs8._.js:776
[  234807ms] [LOG] [Fast Refresh] done in 2ms @ http://localhost:3000/_next/static/chunks/node_modules_next_dist_1e8vcs8._.js:776
[  234859ms] [LOG] [Fast Refresh] done in 2ms @ http://localhost:3000/_next/static/chunks/node_modules_next_dist_1e8vcs8._.js:776
[  234902ms] [LOG] [Fast Refresh] done in 2ms @ http://localhost:3000/_next/static/chunks/node_modules_next_dist_1e8vcs8._.js:776
[  234949ms] [LOG] [Fast Refresh] done in 2ms @ http://localhost:3000/_next/static/chunks/node_modules_next_dist_1e8vcs8._.js:776
[  234998ms] [LOG] [Fast Refresh] done in 2ms @ http://localhost:3000/_next/static/chunks/node_modules_next_dist_1e8vcs8._.js:776
[  235047ms] [LOG] [Fast Refresh] done in 2ms @ http://localhost:3000/_next/static/chunks/node_modules_next_dist_1e8vcs8._.js:776
[  235095ms] [LOG] [Fast Refresh] done in 2ms @ http://localhost:3000/_next/static/chunks/node_modules_next_dist_1e8vcs8._.js:776
[  235140ms] [LOG] [Fast Refresh] done in 2ms @ http://localhost:3000/_next/static/chunks/node_modules_next_dist_1e8vcs8._.js:776
[  235183ms] [LOG] [Fast Refresh] done in 2ms @ http://localhost:3000/_next/static/chunks/node_modules_next_dist_1e8vcs8._.js:776
[  235243ms] [LOG] [Fast Refresh] done in 2ms @ http://localhost:3000/_next/static/chunks/node_modules_next_dist_1e8vcs8._.js:776
[  235290ms] [LOG] [Fast Refresh] done in 2ms @ http://localhost:3000/_next/static/chunks/node_modules_next_dist_1e8vcs8._.js:776
[  235349ms] [LOG] [Fast Refresh] done in 2ms @ http://localhost:3000/_next/static/chunks/node_modules_next_dist_1e8vcs8._.js:776
[  235393ms] [LOG] [Fast Refresh] done in 2ms @ http://localhost:3000/_next/static/chunks/node_modules_next_dist_1e8vcs8._.js:776
[  235438ms] [LOG] [Fast Refresh] done in 2ms @ http://localhost:3000/_next/static/chunks/node_modules_next_dist_1e8vcs8._.js:776
[  235485ms] [LOG] [Fast Refresh] done in 2ms @ http://localhost:3000/_next/static/chunks/node_modules_next_dist_1e8vcs8._.js:776
[  235532ms] [LOG] [Fast Refresh] done in 2ms @ http://localhost:3000/_next/static/chunks/node_modules_next_dist_1e8vcs8._.js:776
[  235587ms] [LOG] [Fast Refresh] done in 2ms @ http://localhost:3000/_next/static/chunks/node_modules_next_dist_1e8vcs8._.js:776
[  235640ms] [LOG] [Fast Refresh] done in 2ms @ http://localhost:3000/_next/static/chunks/node_modules_next_dist_1e8vcs8._.js:776
[  235688ms] [LOG] [Fast Refresh] done in 2ms @ http://localhost:3000/_next/static/chunks/node_modules_next_dist_1e8vcs8._.js:776
[  235733ms] [LOG] [Fast Refresh] done in 2ms @ http://localhost:3000/_next/static/chunks/node_modules_next_dist_1e8vcs8._.js:776
[  235778ms] [LOG] [Fast Refresh] done in 2ms @ http://localhost:3000/_next/static/chunks/node_modules_next_dist_1e8vcs8._.js:776
[  235830ms] [LOG] [Fast Refresh] done in 2ms @ http://localhost:3000/_next/static/chunks/node_modules_next_dist_1e8vcs8._.js:776
[  235876ms] [LOG] [Fast Refresh] done in 2ms @ http://localhost:3000/_next/static/chunks/node_modules_next_dist_1e8vcs8._.js:776
[  235924ms] [LOG] [Fast Refresh] done in 2ms @ http://localhost:3000/_next/static/chunks/node_modules_next_dist_1e8vcs8._.js:776
[  235969ms] [LOG] [Fast Refresh] done in 2ms @ http://localhost:3000/_next/static/chunks/node_modules_next_dist_1e8vcs8._.js:776
[  236020ms] [LOG] [Fast Refresh] done in 2ms @ http://localhost:3000/_next/static/chunks/node_modules_next_dist_1e8vcs8._.js:776
[  236066ms] [LOG] [Fast Refresh] done in 2ms @ http://localhost:3000/_next/static/chunks/node_modules_next_dist_1e8vcs8._.js:776
[  236113ms] [LOG] [Fast Refresh] done in 2ms @ http://localhost:3000/_next/static/chunks/node_modules_next_dist_1e8vcs8._.js:776
[  236161ms] [LOG] [Fast Refresh] done in 2ms @ http://localhost:3000/_next/static/chunks/node_modules_next_dist_1e8vcs8._.js:776
[  236204ms] [LOG] [Fast Refresh] done in 2ms @ http://localhost:3000/_next/static/chunks/node_modules_next_dist_1e8vcs8._.js:776
[  236259ms] [LOG] [Fast Refresh] done in 2ms @ http://localhost:3000/_next/static/chunks/node_modules_next_dist_1e8vcs8._.js:776
[  236307ms] [LOG] [Fast Refresh] done in 2ms @ http://localhost:3000/_next/static/chunks/node_modules_next_dist_1e8vcs8._.js:776
[  236353ms] [LOG] [Fast Refresh] done in 2ms @ http://localhost:3000/_next/static/chunks/node_modules_next_dist_1e8vcs8._.js:776
[  236401ms] [LOG] [Fast Refresh] done in 2ms @ http://localhost:3000/_next/static/chunks/node_modules_next_dist_1e8vcs8._.js:776
[  236449ms] [LOG] [Fast Refresh] done in 2ms @ http://localhost:3000/_next/static/chunks/node_modules_next_dist_1e8vcs8._.js:776
[  236498ms] [LOG] [Fast Refresh] done in 2ms @ http://localhost:3000/_next/static/chunks/node_modules_next_dist_1e8vcs8._.js:776
[  236542ms] [LOG] [Fast Refresh] done in 2ms @ http://localhost:3000/_next/static/chunks/node_modules_next_dist_1e8vcs8._.js:776
[  236585ms] [LOG] [Fast Refresh] done in 2ms @ http://localhost:3000/_next/static/chunks/node_modules_next_dist_1e8vcs8._.js:776
[  236637ms] [LOG] [Fast Refresh] done in 2ms @ http://localhost:3000/_next/static/chunks/node_modules_next_dist_1e8vcs8._.js:776
[  236679ms] [LOG] [Fast Refresh] done in 2ms @ http://localhost:3000/_next/static/chunks/node_modules_next_dist_1e8vcs8._.js:776
[  236730ms] [LOG] [Fast Refresh] done in 2ms @ http://localhost:3000/_next/static/chunks/node_modules_next_dist_1e8vcs8._.js:776
[  236776ms] [LOG] [Fast Refresh] done in 2ms @ http://localhost:3000/_next/static/chunks/node_modules_next_dist_1e8vcs8._.js:776
[  236827ms] [LOG] [Fast Refresh] done in 2ms @ http://localhost:3000/_next/static/chunks/node_modules_next_dist_1e8vcs8._.js:776
[  236869ms] [LOG] [Fast Refresh] done in 2ms @ http://localhost:3000/_next/static/chunks/node_modules_next_dist_1e8vcs8._.js:776
[  236917ms] [LOG] [Fast Refresh] done in 2ms @ http://localhost:3000/_next/static/chunks/node_modules_next_dist_1e8vcs8._.js:776
[  236962ms] [LOG] [Fast Refresh] done in 2ms @ http://localhost:3000/_next/static/chunks/node_modules_next_dist_1e8vcs8._.js:776
[  237005ms] [LOG] [Fast Refresh] done in 2ms @ http://localhost:3000/_next/static/chunks/node_modules_next_dist_1e8vcs8._.js:776
[  237051ms] [LOG] [Fast Refresh] done in 2ms @ http://localhost:3000/_next/static/chunks/node_modules_next_dist_1e8vcs8._.js:776
[  237096ms] [LOG] [Fast Refresh] done in 2ms @ http://localhost:3000/_next/static/chunks/node_modules_next_dist_1e8vcs8._.js:776
[  237144ms] [LOG] [Fast Refresh] done in 2ms @ http://localhost:3000/_next/static/chunks/node_modules_next_dist_1e8vcs8._.js:776
[  237193ms] [LOG] [Fast Refresh] done in 2ms @ http://localhost:3000/_next/static/chunks/node_modules_next_dist_1e8vcs8._.js:776
[  237240ms] [LOG] [Fast Refresh] done in 2ms @ http://localhost:3000/_next/static/chunks/node_modules_next_dist_1e8vcs8._.js:776
[  237288ms] [LOG] [Fast Refresh] done in 2ms @ http://localhost:3000/_next/static/chunks/node_modules_next_dist_1e8vcs8._.js:776
[  237335ms] [LOG] [Fast Refresh] done in 2ms @ http://localhost:3000/_next/static/chunks/node_modules_next_dist_1e8vcs8._.js:776
[  237379ms] [LOG] [Fast Refresh] done in 2ms @ http://localhost:3000/_next/static/chunks/node_modules_next_dist_1e8vcs8._.js:776
[  237421ms] [LOG] [Fast Refresh] done in 2ms @ http://localhost:3000/_next/static/chunks/node_modules_next_dist_1e8vcs8._.js:776
[  237474ms] [LOG] [Fast Refresh] done in 2ms @ http://localhost:3000/_next/static/chunks/node_modules_next_dist_1e8vcs8._.js:776
[  237522ms] [LOG] [Fast Refresh] done in 2ms @ http://localhost:3000/_next/static/chunks/node_modules_next_dist_1e8vcs8._.js:776
[  237574ms] [LOG] [Fast Refresh] done in 2ms @ http://localhost:3000/_next/static/chunks/node_modules_next_dist_1e8vcs8._.js:776
[  237616ms] [LOG] [Fast Refresh] done in 2ms @ http://localhost:3000/_next/static/chunks/node_modules_next_dist_1e8vcs8._.js:776
[  237665ms] [LOG] [Fast Refresh] done in 2ms @ http://localhost:3000/_next/static/chunks/node_modules_next_dist_1e8vcs8._.js:776
[  237720ms] [LOG] [Fast Refresh] done in 2ms @ http://localhost:3000/_next/static/chunks/node_modules_next_dist_1e8vcs8._.js:776
[  237761ms] [LOG] [Fast Refresh] done in 2ms @ http://localhost:3000/_next/static/chunks/node_modules_next_dist_1e8vcs8._.js:776
[  237810ms] [LOG] [Fast Refresh] done in 2ms @ http://localhost:3000/_next/static/chunks/node_modules_next_dist_1e8vcs8._.js:776
[  237861ms] [LOG] [Fast Refresh] done in 2ms @ http://localhost:3000/_next/static/chunks/node_modules_next_dist_1e8vcs8._.js:776
[  237908ms] [LOG] [Fast Refresh] done in 2ms @ http://localhost:3000/_next/static/chunks/node_modules_next_dist_1e8vcs8._.js:776
[  237958ms] [LOG] [Fast Refresh] done in 2ms @ http://localhost:3000/_next/static/chunks/node_modules_next_dist_1e8vcs8._.js:776
[  238005ms] [LOG] [Fast Refresh] done in 2ms @ http://localhost:3000/_next/static/chunks/node_modules_next_dist_1e8vcs8._.js:776
[  238049ms] [LOG] [Fast Refresh] done in 2ms @ http://localhost:3000/_next/static/chunks/node_modules_next_dist_1e8vcs8._.js:776
[  238095ms] [LOG] [Fast Refresh] done in 2ms @ http://localhost:3000/_next/static/chunks/node_modules_next_dist_1e8vcs8._.js:776
[  238142ms] [LOG] [Fast Refresh] done in 2ms @ http://localhost:3000/_next/static/chunks/node_modules_next_dist_1e8vcs8._.js:776
[  238187ms] [LOG] [Fast Refresh] done in 2ms @ http://localhost:3000/_next/static/chunks/node_modules_next_dist_1e8vcs8._.js:776
[  238230ms] [LOG] [Fast Refresh] done in 2ms @ http://localhost:3000/_next/static/chunks/node_modules_next_dist_1e8vcs8._.js:776
[  238278ms] [LOG] [Fast Refresh] done in 2ms @ http://localhost:3000/_next/static/chunks/node_modules_next_dist_1e8vcs8._.js:776
[  238321ms] [LOG] [Fast Refresh] done in 2ms @ http://localhost:3000/_next/static/chunks/node_modules_next_dist_1e8vcs8._.js:776
[  238366ms] [LOG] [Fast Refresh] done in 2ms @ http://localhost:3000/_next/static/chunks/node_modules_next_dist_1e8vcs8._.js:776
[  238415ms] [LOG] [Fast Refresh] done in 2ms @ http://localhost:3000/_next/static/chunks/node_modules_next_dist_1e8vcs8._.js:776
[  238462ms] [LOG] [Fast Refresh] done in 2ms @ http://localhost:3000/_next/static/chunks/node_modules_next_dist_1e8vcs8._.js:776
[  238509ms] [LOG] [Fast Refresh] done in 2ms @ http://localhost:3000/_next/static/chunks/node_modules_next_dist_1e8vcs8._.js:776
[  238559ms] [LOG] [Fast Refresh] done in 2ms @ http://localhost:3000/_next/static/chunks/node_modules_next_dist_1e8vcs8._.js:776
[  238605ms] [LOG] [Fast Refresh] done in 2ms @ http://localhost:3000/_next/static/chunks/node_modules_next_dist_1e8vcs8._.js:776
[  238653ms] [LOG] [Fast Refresh] done in 2ms @ http://localhost:3000/_next/static/chunks/node_modules_next_dist_1e8vcs8._.js:776
[  238700ms] [LOG] [Fast Refresh] done in 2ms @ http://localhost:3000/_next/static/chunks/node_modules_next_dist_1e8vcs8._.js:776
[  238744ms] [LOG] [Fast Refresh] done in 2ms @ http://localhost:3000/_next/static/chunks/node_modules_next_dist_1e8vcs8._.js:776
[  238790ms] [LOG] [Fast Refresh] done in 2ms @ http://localhost:3000/_next/static/chunks/node_modules_next_dist_1e8vcs8._.js:776
[  238835ms] [LOG] [Fast Refresh] done in 2ms @ http://localhost:3000/_next/static/chunks/node_modules_next_dist_1e8vcs8._.js:776
[  238874ms] [LOG] [Fast Refresh] done in 2ms @ http://localhost:3000/_next/static/chunks/node_modules_next_dist_1e8vcs8._.js:776
[  238921ms] [LOG] [Fast Refresh] done in 2ms @ http://localhost:3000/_next/static/chunks/node_modules_next_dist_1e8vcs8._.js:776
[  238970ms] [LOG] [Fast Refresh] done in 2ms @ http://localhost:3000/_next/static/chunks/node_modules_next_dist_1e8vcs8._.js:776
[  239012ms] [LOG] [Fast Refresh] done in 2ms @ http://localhost:3000/_next/static/chunks/node_modules_next_dist_1e8vcs8._.js:776
[  239070ms] [LOG] [Fast Refresh] done in 2ms @ http://localhost:3000/_next/static/chunks/node_modules_next_dist_1e8vcs8._.js:776
[  239116ms] [LOG] [Fast Refresh] done in 2ms @ http://localhost:3000/_next/static/chunks/node_modules_next_dist_1e8vcs8._.js:776
[  239163ms] [LOG] [Fast Refresh] done in 2ms @ http://localhost:3000/_next/static/chunks/node_modules_next_dist_1e8vcs8._.js:776
[  239217ms] [LOG] [Fast Refresh] done in 2ms @ http://localhost:3000/_next/static/chunks/node_modules_next_dist_1e8vcs8._.js:776
[  239262ms] [LOG] [Fast Refresh] done in 2ms @ http://localhost:3000/_next/static/chunks/node_modules_next_dist_1e8vcs8._.js:776
[  239310ms] [LOG] [Fast Refresh] done in 2ms @ http://localhost:3000/_next/static/chunks/node_modules_next_dist_1e8vcs8._.js:776
[  239355ms] [LOG] [Fast Refresh] done in 2ms @ http://localhost:3000/_next/static/chunks/node_modules_next_dist_1e8vcs8._.js:776
[  239402ms] [LOG] [Fast Refresh] done in 2ms @ http://localhost:3000/_next/static/chunks/node_modules_next_dist_1e8vcs8._.js:776
[  239451ms] [LOG] [Fast Refresh] done in 2ms @ http://localhost:3000/_next/static/chunks/node_modules_next_dist_1e8vcs8._.js:776
[  239498ms] [LOG] [Fast Refresh] done in 2ms @ http://localhost:3000/_next/static/chunks/node_modules_next_dist_1e8vcs8._.js:776
[  239553ms] [LOG] [Fast Refresh] done in 2ms @ http://localhost:3000/_next/static/chunks/node_modules_next_dist_1e8vcs8._.js:776
[  239595ms] [LOG] [Fast Refresh] done in 2ms @ http://localhost:3000/_next/static/chunks/node_modules_next_dist_1e8vcs8._.js:776
[  239636ms] [LOG] [Fast Refresh] done in 2ms @ http://localhost:3000/_next/static/chunks/node_modules_next_dist_1e8vcs8._.js:776
[  239681ms] [LOG] [Fast Refresh] done in 2ms @ http://localhost:3000/_next/static/chunks/node_modules_next_dist_1e8vcs8._.js:776
[  239725ms] [LOG] [Fast Refresh] done in 2ms @ http://localhost:3000/_next/static/chunks/node_modules_next_dist_1e8vcs8._.js:776
[  239776ms] [LOG] [Fast Refresh] done in 2ms @ http://localhost:3000/_next/static/chunks/node_modules_next_dist_1e8vcs8._.js:776
[  239822ms] [LOG] [Fast Refresh] done in 2ms @ http://localhost:3000/_next/static/chunks/node_modules_next_dist_1e8vcs8._.js:776
[  239873ms] [LOG] [Fast Refresh] done in 2ms @ http://localhost:3000/_next/static/chunks/node_modules_next_dist_1e8vcs8._.js:776
[  239922ms] [LOG] [Fast Refresh] done in 2ms @ http://localhost:3000/_next/static/chunks/node_modules_next_dist_1e8vcs8._.js:776
[  239964ms] [LOG] [Fast Refresh] done in 2ms @ http://localhost:3000/_next/static/chunks/node_modules_next_dist_1e8vcs8._.js:776
[  240010ms] [LOG] [Fast Refresh] done in 2ms @ http://localhost:3000/_next/static/chunks/node_modules_next_dist_1e8vcs8._.js:776
[  240059ms] [LOG] [Fast Refresh] done in 2ms @ http://localhost:3000/_next/static/chunks/node_modules_next_dist_1e8vcs8._.js:776
[  240112ms] [LOG] [Fast Refresh] done in 2ms @ http://localhost:3000/_next/static/chunks/node_modules_next_dist_1e8vcs8._.js:776
[  240162ms] [LOG] [Fast Refresh] done in 2ms @ http://localhost:3000/_next/static/chunks/node_modules_next_dist_1e8vcs8._.js:776
[  240215ms] [LOG] [Fast Refresh] done in 2ms @ http://localhost:3000/_next/static/chunks/node_modules_next_dist_1e8vcs8._.js:776
[  240262ms] [LOG] [Fast Refresh] done in 2ms @ http://localhost:3000/_next/static/chunks/node_modules_next_dist_1e8vcs8._.js:776
[  240309ms] [LOG] [Fast Refresh] done in 2ms @ http://localhost:3000/_next/static/chunks/node_modules_next_dist_1e8vcs8._.js:776
[  240354ms] [LOG] [Fast Refresh] done in 2ms @ http://localhost:3000/_next/static/chunks/node_modules_next_dist_1e8vcs8._.js:776
[  240415ms] [LOG] [Fast Refresh] done in 2ms @ http://localhost:3000/_next/static/chunks/node_modules_next_dist_1e8vcs8._.js:776
[  240464ms] [LOG] [Fast Refresh] done in 2ms @ http://localhost:3000/_next/static/chunks/node_modules_next_dist_1e8vcs8._.js:776
[  240509ms] [LOG] [Fast Refresh] done in 2ms @ http://localhost:3000/_next/static/chunks/node_modules_next_dist_1e8vcs8._.js:776
[  240554ms] [LOG] [Fast Refresh] done in 2ms @ http://localhost:3000/_next/static/chunks/node_modules_next_dist_1e8vcs8._.js:776
[  240619ms] [LOG] [Fast Refresh] done in 2ms @ http://localhost:3000/_next/static/chunks/node_modules_next_dist_1e8vcs8._.js:776
[  240672ms] [LOG] [Fast Refresh] done in 2ms @ http://localhost:3000/_next/static/chunks/node_modules_next_dist_1e8vcs8._.js:776
[  240720ms] [LOG] [Fast Refresh] done in 2ms @ http://localhost:3000/_next/static/chunks/node_modules_next_dist_1e8vcs8._.js:776
[  240771ms] [LOG] [Fast Refresh] done in 2ms @ http://localhost:3000/_next/static/chunks/node_modules_next_dist_1e8vcs8._.js:776
[  240825ms] [LOG] [Fast Refresh] done in 2ms @ http://localhost:3000/_next/static/chunks/node_modules_next_dist_1e8vcs8._.js:776
[  240866ms] [LOG] [Fast Refresh] done in 2ms @ http://localhost:3000/_next/static/chunks/node_modules_next_dist_1e8vcs8._.js:776
[  240922ms] [LOG] [Fast Refresh] done in 2ms @ http://localhost:3000/_next/static/chunks/node_modules_next_dist_1e8vcs8._.js:776
[  240964ms] [LOG] [Fast Refresh] done in 2ms @ http://localhost:3000/_next/static/chunks/node_modules_next_dist_1e8vcs8._.js:776
[  241010ms] [LOG] [Fast Refresh] done in 2ms @ http://localhost:3000/_next/static/chunks/node_modules_next_dist_1e8vcs8._.js:776
[  241068ms] [LOG] [Fast Refresh] done in 2ms @ http://localhost:3000/_next/static/chunks/node_modules_next_dist_1e8vcs8._.js:776
[  241117ms] [LOG] [Fast Refresh] done in 2ms @ http://localhost:3000/_next/static/chunks/node_modules_next_dist_1e8vcs8._.js:776
[  241165ms] [LOG] [Fast Refresh] done in 2ms @ http://localhost:3000/_next/static/chunks/node_modules_next_dist_1e8vcs8._.js:776
[  241215ms] [LOG] [Fast Refresh] done in 2ms @ http://localhost:3000/_next/static/chunks/node_modules_next_dist_1e8vcs8._.js:776
[  241264ms] [LOG] [Fast Refresh] done in 2ms @ http://localhost:3000/_next/static/chunks/node_modules_next_dist_1e8vcs8._.js:776
[  241308ms] [LOG] [Fast Refresh] done in 2ms @ http://localhost:3000/_next/static/chunks/node_modules_next_dist_1e8vcs8._.js:776
[  241362ms] [LOG] [Fast Refresh] done in 2ms @ http://localhost:3000/_next/static/chunks/node_modules_next_dist_1e8vcs8._.js:776
[  241408ms] [LOG] [Fast Refresh] done in 2ms @ http://localhost:3000/_next/static/chunks/node_modules_next_dist_1e8vcs8._.js:776
[  241465ms] [LOG] [Fast Refresh] done in 2ms @ http://localhost:3000/_next/static/chunks/node_modules_next_dist_1e8vcs8._.js:776
[  241519ms] [LOG] [Fast Refresh] done in 2ms @ http://localhost:3000/_next/static/chunks/node_modules_next_dist_1e8vcs8._.js:776
[  241568ms] [LOG] [Fast Refresh] done in 2ms @ http://localhost:3000/_next/static/chunks/node_modules_next_dist_1e8vcs8._.js:776
[  241618ms] [LOG] [Fast Refresh] done in 2ms @ http://localhost:3000/_next/static/chunks/node_modules_next_dist_1e8vcs8._.js:776
[  241668ms] [LOG] [Fast Refresh] done in 2ms @ http://localhost:3000/_next/static/chunks/node_modules_next_dist_1e8vcs8._.js:776
[  241712ms] [LOG] [Fast Refresh] done in 2ms @ http://localhost:3000/_next/static/chunks/node_modules_next_dist_1e8vcs8._.js:776
[  241764ms] [LOG] [Fast Refresh] done in 2ms @ http://localhost:3000/_next/static/chunks/node_modules_next_dist_1e8vcs8._.js:776
[  241809ms] [LOG] [Fast Refresh] done in 2ms @ http://localhost:3000/_next/static/chunks/node_modules_next_dist_1e8vcs8._.js:776
[  241860ms] [LOG] [Fast Refresh] done in 2ms @ http://localhost:3000/_next/static/chunks/node_modules_next_dist_1e8vcs8._.js:776
[  241915ms] [LOG] [Fast Refresh] done in 2ms @ http://localhost:3000/_next/static/chunks/node_modules_next_dist_1e8vcs8._.js:776
[  241963ms] [LOG] [Fast Refresh] done in 2ms @ http://localhost:3000/_next/static/chunks/node_modules_next_dist_1e8vcs8._.js:776
[  242011ms] [LOG] [Fast Refresh] done in 2ms @ http://localhost:3000/_next/static/chunks/node_modules_next_dist_1e8vcs8._.js:776
[  242057ms] [LOG] [Fast Refresh] done in 2ms @ http://localhost:3000/_next/static/chunks/node_modules_next_dist_1e8vcs8._.js:776
[  242105ms] [LOG] [Fast Refresh] done in 2ms @ http://localhost:3000/_next/static/chunks/node_modules_next_dist_1e8vcs8._.js:776
[  242153ms] [LOG] [Fast Refresh] done in 2ms @ http://localhost:3000/_next/static/chunks/node_modules_next_dist_1e8vcs8._.js:776
[  242200ms] [LOG] [Fast Refresh] done in 2ms @ http://localhost:3000/_next/static/chunks/node_modules_next_dist_1e8vcs8._.js:776
[  242257ms] [LOG] [Fast Refresh] done in 2ms @ http://localhost:3000/_next/static/chunks/node_modules_next_dist_1e8vcs8._.js:776
[  242300ms] [LOG] [Fast Refresh] done in 2ms @ http://localhost:3000/_next/static/chunks/node_modules_next_dist_1e8vcs8._.js:776
[  242347ms] [LOG] [Fast Refresh] done in 2ms @ http://localhost:3000/_next/static/chunks/node_modules_next_dist_1e8vcs8._.js:776
[  242393ms] [LOG] [Fast Refresh] done in 2ms @ http://localhost:3000/_next/static/chunks/node_modules_next_dist_1e8vcs8._.js:776
[  242453ms] [LOG] [Fast Refresh] done in 2ms @ http://localhost:3000/_next/static/chunks/node_modules_next_dist_1e8vcs8._.js:776
[  242503ms] [LOG] [Fast Refresh] done in 2ms @ http://localhost:3000/_next/static/chunks/node_modules_next_dist_1e8vcs8._.js:776
[  242547ms] [LOG] [Fast Refresh] done in 2ms @ http://localhost:3000/_next/static/chunks/node_modules_next_dist_1e8vcs8._.js:776
[  242595ms] [LOG] [Fast Refresh] done in 2ms @ http://localhost:3000/_next/static/chunks/node_modules_next_dist_1e8vcs8._.js:776
[  242651ms] [LOG] [Fast Refresh] done in 2ms @ http://localhost:3000/_next/static/chunks/node_modules_next_dist_1e8vcs8._.js:776
[  242700ms] [LOG] [Fast Refresh] done in 2ms @ http://localhost:3000/_next/static/chunks/node_modules_next_dist_1e8vcs8._.js:776
[  242757ms] [LOG] [Fast Refresh] done in 2ms @ http://localhost:3000/_next/static/chunks/node_modules_next_dist_1e8vcs8._.js:776
[  242804ms] [LOG] [Fast Refresh] done in 2ms @ http://localhost:3000/_next/static/chunks/node_modules_next_dist_1e8vcs8._.js:776
[  242846ms] [LOG] [Fast Refresh] done in 2ms @ http://localhost:3000/_next/static/chunks/node_modules_next_dist_1e8vcs8._.js:776
[  242890ms] [LOG] [Fast Refresh] done in 2ms @ http://localhost:3000/_next/static/chunks/node_modules_next_dist_1e8vcs8._.js:776
[  242941ms] [LOG] [Fast Refresh] done in 2ms @ http://localhost:3000/_next/static/chunks/node_modules_next_dist_1e8vcs8._.js:776
[  242986ms] [LOG] [Fast Refresh] done in 2ms @ http://localhost:3000/_next/static/chunks/node_modules_next_dist_1e8vcs8._.js:776
[  243035ms] [LOG] [Fast Refresh] done in 2ms @ http://localhost:3000/_next/static/chunks/node_modules_next_dist_1e8vcs8._.js:776
[  243080ms] [LOG] [Fast Refresh] done in 2ms @ http://localhost:3000/_next/static/chunks/node_modules_next_dist_1e8vcs8._.js:776
[  243132ms] [LOG] [Fast Refresh] done in 2ms @ http://localhost:3000/_next/static/chunks/node_modules_next_dist_1e8vcs8._.js:776
[  243188ms] [LOG] [Fast Refresh] done in 2ms @ http://localhost:3000/_next/static/chunks/node_modules_next_dist_1e8vcs8._.js:776
[  243236ms] [LOG] [Fast Refresh] done in 2ms @ http://localhost:3000/_next/static/chunks/node_modules_next_dist_1e8vcs8._.js:776
[  243276ms] [LOG] [Fast Refresh] done in 2ms @ http://localhost:3000/_next/static/chunks/node_modules_next_dist_1e8vcs8._.js:776
[  243326ms] [LOG] [Fast Refresh] done in 2ms @ http://localhost:3000/_next/static/chunks/node_modules_next_dist_1e8vcs8._.js:776
[  243375ms] [LOG] [Fast Refresh] done in 2ms @ http://localhost:3000/_next/static/chunks/node_modules_next_dist_1e8vcs8._.js:776
[  243417ms] [LOG] [Fast Refresh] done in 2ms @ http://localhost:3000/_next/static/chunks/node_modules_next_dist_1e8vcs8._.js:776
[  243463ms] [LOG] [Fast Refresh] done in 2ms @ http://localhost:3000/_next/static/chunks/node_modules_next_dist_1e8vcs8._.js:776
[  243508ms] [LOG] [Fast Refresh] done in 2ms @ http://localhost:3000/_next/static/chunks/node_modules_next_dist_1e8vcs8._.js:776
[  243561ms] [LOG] [Fast Refresh] done in 2ms @ http://localhost:3000/_next/static/chunks/node_modules_next_dist_1e8vcs8._.js:776
[  243618ms] [LOG] [Fast Refresh] done in 2ms @ http://localhost:3000/_next/static/chunks/node_modules_next_dist_1e8vcs8._.js:776
[  243667ms] [LOG] [Fast Refresh] done in 2ms @ http://localhost:3000/_next/static/chunks/node_modules_next_dist_1e8vcs8._.js:776
[  243711ms] [LOG] [Fast Refresh] done in 2ms @ http://localhost:3000/_next/static/chunks/node_modules_next_dist_1e8vcs8._.js:776
[  243760ms] [LOG] [Fast Refresh] done in 2ms @ http://localhost:3000/_next/static/chunks/node_modules_next_dist_1e8vcs8._.js:776
[  243806ms] [LOG] [Fast Refresh] done in 2ms @ http://localhost:3000/_next/static/chunks/node_modules_next_dist_1e8vcs8._.js:776
[  243858ms] [LOG] [Fast Refresh] done in 2ms @ http://localhost:3000/_next/static/chunks/node_modules_next_dist_1e8vcs8._.js:776
[  243908ms] [LOG] [Fast Refresh] done in 2ms @ http://localhost:3000/_next/static/chunks/node_modules_next_dist_1e8vcs8._.js:776
[  243957ms] [LOG] [Fast Refresh] done in 2ms @ http://localhost:3000/_next/static/chunks/node_modules_next_dist_1e8vcs8._.js:776
[  244025ms] [LOG] [Fast Refresh] done in 2ms @ http://localhost:3000/_next/static/chunks/node_modules_next_dist_1e8vcs8._.js:776
[  244077ms] [LOG] [Fast Refresh] done in 2ms @ http://localhost:3000/_next/static/chunks/node_modules_next_dist_1e8vcs8._.js:776
[  244125ms] [LOG] [Fast Refresh] done in 2ms @ http://localhost:3000/_next/static/chunks/node_modules_next_dist_1e8vcs8._.js:776
[  244170ms] [LOG] [Fast Refresh] done in 2ms @ http://localhost:3000/_next/static/chunks/node_modules_next_dist_1e8vcs8._.js:776
[  244223ms] [LOG] [Fast Refresh] done in 2ms @ http://localhost:3000/_next/static/chunks/node_modules_next_dist_1e8vcs8._.js:776
[  244274ms] [LOG] [Fast Refresh] done in 2ms @ http://localhost:3000/_next/static/chunks/node_modules_next_dist_1e8vcs8._.js:776
[  244323ms] [LOG] [Fast Refresh] done in 2ms @ http://localhost:3000/_next/static/chunks/node_modules_next_dist_1e8vcs8._.js:776
[  244375ms] [LOG] [Fast Refresh] done in 2ms @ http://localhost:3000/_next/static/chunks/node_modules_next_dist_1e8vcs8._.js:776
[  244424ms] [LOG] [Fast Refresh] done in 2ms @ http://localhost:3000/_next/static/chunks/node_modules_next_dist_1e8vcs8._.js:776
[  244475ms] [LOG] [Fast Refresh] done in 2ms @ http://localhost:3000/_next/static/chunks/node_modules_next_dist_1e8vcs8._.js:776
[  244528ms] [LOG] [Fast Refresh] done in 2ms @ http://localhost:3000/_next/static/chunks/node_modules_next_dist_1e8vcs8._.js:776
[  244576ms] [LOG] [Fast Refresh] done in 2ms @ http://localhost:3000/_next/static/chunks/node_modules_next_dist_1e8vcs8._.js:776
[  244628ms] [LOG] [Fast Refresh] done in 2ms @ http://localhost:3000/_next/static/chunks/node_modules_next_dist_1e8vcs8._.js:776
[  244674ms] [LOG] [Fast Refresh] done in 2ms @ http://localhost:3000/_next/static/chunks/node_modules_next_dist_1e8vcs8._.js:776
[  244723ms] [LOG] [Fast Refresh] done in 2ms @ http://localhost:3000/_next/static/chunks/node_modules_next_dist_1e8vcs8._.js:776
[  244771ms] [LOG] [Fast Refresh] done in 2ms @ http://localhost:3000/_next/static/chunks/node_modules_next_dist_1e8vcs8._.js:776
[  244827ms] [LOG] [Fast Refresh] done in 2ms @ http://localhost:3000/_next/static/chunks/node_modules_next_dist_1e8vcs8._.js:776
[  244875ms] [LOG] [Fast Refresh] done in 2ms @ http://localhost:3000/_next/static/chunks/node_modules_next_dist_1e8vcs8._.js:776
[  244924ms] [LOG] [Fast Refresh] done in 2ms @ http://localhost:3000/_next/static/chunks/node_modules_next_dist_1e8vcs8._.js:776
[  244972ms] [LOG] [Fast Refresh] done in 2ms @ http://localhost:3000/_next/static/chunks/node_modules_next_dist_1e8vcs8._.js:776
[  245018ms] [LOG] [Fast Refresh] done in 2ms @ http://localhost:3000/_next/static/chunks/node_modules_next_dist_1e8vcs8._.js:776
[  245070ms] [LOG] [Fast Refresh] done in 2ms @ http://localhost:3000/_next/static/chunks/node_modules_next_dist_1e8vcs8._.js:776
[  245119ms] [LOG] [Fast Refresh] done in 2ms @ http://localhost:3000/_next/static/chunks/node_modules_next_dist_1e8vcs8._.js:776
[  245167ms] [LOG] [Fast Refresh] done in 2ms @ http://localhost:3000/_next/static/chunks/node_modules_next_dist_1e8vcs8._.js:776
[  245222ms] [LOG] [Fast Refresh] done in 2ms @ http://localhost:3000/_next/static/chunks/node_modules_next_dist_1e8vcs8._.js:776
[  245265ms] [LOG] [Fast Refresh] done in 2ms @ http://localhost:3000/_next/static/chunks/node_modules_next_dist_1e8vcs8._.js:776
[  245306ms] [LOG] [Fast Refresh] done in 2ms @ http://localhost:3000/_next/static/chunks/node_modules_next_dist_1e8vcs8._.js:776
[  245368ms] [LOG] [Fast Refresh] done in 2ms @ http://localhost:3000/_next/static/chunks/node_modules_next_dist_1e8vcs8._.js:776
[  245413ms] [LOG] [Fast Refresh] done in 2ms @ http://localhost:3000/_next/static/chunks/node_modules_next_dist_1e8vcs8._.js:776
[  245458ms] [LOG] [Fast Refresh] done in 2ms @ http://localhost:3000/_next/static/chunks/node_modules_next_dist_1e8vcs8._.js:776
[  245501ms] [LOG] [Fast Refresh] done in 2ms @ http://localhost:3000/_next/static/chunks/node_modules_next_dist_1e8vcs8._.js:776
[  245546ms] [LOG] [Fast Refresh] done in 2ms @ http://localhost:3000/_next/static/chunks/node_modules_next_dist_1e8vcs8._.js:776
[  245595ms] [LOG] [Fast Refresh] done in 2ms @ http://localhost:3000/_next/static/chunks/node_modules_next_dist_1e8vcs8._.js:776
[  245640ms] [LOG] [Fast Refresh] done in 2ms @ http://localhost:3000/_next/static/chunks/node_modules_next_dist_1e8vcs8._.js:776
[  245682ms] [LOG] [Fast Refresh] done in 2ms @ http://localhost:3000/_next/static/chunks/node_modules_next_dist_1e8vcs8._.js:776
[  245725ms] [LOG] [Fast Refresh] done in 2ms @ http://localhost:3000/_next/static/chunks/node_modules_next_dist_1e8vcs8._.js:776
[  245771ms] [LOG] [Fast Refresh] done in 2ms @ http://localhost:3000/_next/static/chunks/node_modules_next_dist_1e8vcs8._.js:776
[  245819ms] [LOG] [Fast Refresh] done in 2ms @ http://localhost:3000/_next/static/chunks/node_modules_next_dist_1e8vcs8._.js:776
[  245866ms] [LOG] [Fast Refresh] done in 2ms @ http://localhost:3000/_next/static/chunks/node_modules_next_dist_1e8vcs8._.js:776
[  245910ms] [LOG] [Fast Refresh] done in 2ms @ http://localhost:3000/_next/static/chunks/node_modules_next_dist_1e8vcs8._.js:776
[  245952ms] [LOG] [Fast Refresh] done in 2ms @ http://localhost:3000/_next/static/chunks/node_modules_next_dist_1e8vcs8._.js:776
[  246000ms] [LOG] [Fast Refresh] done in 2ms @ http://localhost:3000/_next/static/chunks/node_modules_next_dist_1e8vcs8._.js:776
[  246049ms] [LOG] [Fast Refresh] done in 2ms @ http://localhost:3000/_next/static/chunks/node_modules_next_dist_1e8vcs8._.js:776
[  246097ms] [LOG] [Fast Refresh] done in 2ms @ http://localhost:3000/_next/static/chunks/node_modules_next_dist_1e8vcs8._.js:776
[  246140ms] [LOG] [Fast Refresh] done in 2ms @ http://localhost:3000/_next/static/chunks/node_modules_next_dist_1e8vcs8._.js:776
[  246202ms] [LOG] [Fast Refresh] done in 2ms @ http://localhost:3000/_next/static/chunks/node_modules_next_dist_1e8vcs8._.js:776
[  246250ms] [LOG] [Fast Refresh] done in 2ms @ http://localhost:3000/_next/static/chunks/node_modules_next_dist_1e8vcs8._.js:776
[  246299ms] [LOG] [Fast Refresh] done in 2ms @ http://localhost:3000/_next/static/chunks/node_modules_next_dist_1e8vcs8._.js:776
[  246347ms] [LOG] [Fast Refresh] done in 2ms @ http://localhost:3000/_next/static/chunks/node_modules_next_dist_1e8vcs8._.js:776
[  246390ms] [LOG] [Fast Refresh] done in 2ms @ http://localhost:3000/_next/static/chunks/node_modules_next_dist_1e8vcs8._.js:776
[  246445ms] [LOG] [Fast Refresh] done in 2ms @ http://localhost:3000/_next/static/chunks/node_modules_next_dist_1e8vcs8._.js:776
[  246486ms] [LOG] [Fast Refresh] done in 2ms @ http://localhost:3000/_next/static/chunks/node_modules_next_dist_1e8vcs8._.js:776
[  246529ms] [LOG] [Fast Refresh] done in 2ms @ http://localhost:3000/_next/static/chunks/node_modules_next_dist_1e8vcs8._.js:776
[  246577ms] [LOG] [Fast Refresh] done in 2ms @ http://localhost:3000/_next/static/chunks/node_modules_next_dist_1e8vcs8._.js:776
[  246630ms] [LOG] [Fast Refresh] done in 2ms @ http://localhost:3000/_next/static/chunks/node_modules_next_dist_1e8vcs8._.js:776
[  246672ms] [LOG] [Fast Refresh] done in 2ms @ http://localhost:3000/_next/static/chunks/node_modules_next_dist_1e8vcs8._.js:776
[  246714ms] [LOG] [Fast Refresh] done in 2ms @ http://localhost:3000/_next/static/chunks/node_modules_next_dist_1e8vcs8._.js:776
[  246760ms] [LOG] [Fast Refresh] done in 2ms @ http://localhost:3000/_next/static/chunks/node_modules_next_dist_1e8vcs8._.js:776
[  246811ms] [LOG] [Fast Refresh] done in 2ms @ http://localhost:3000/_next/static/chunks/node_modules_next_dist_1e8vcs8._.js:776
[  246859ms] [LOG] [Fast Refresh] done in 2ms @ http://localhost:3000/_next/static/chunks/node_modules_next_dist_1e8vcs8._.js:776
[  246910ms] [LOG] [Fast Refresh] done in 2ms @ http://localhost:3000/_next/static/chunks/node_modules_next_dist_1e8vcs8._.js:776
[  246955ms] [LOG] [Fast Refresh] done in 2ms @ http://localhost:3000/_next/static/chunks/node_modules_next_dist_1e8vcs8._.js:776
[  246998ms] [LOG] [Fast Refresh] done in 2ms @ http://localhost:3000/_next/static/chunks/node_modules_next_dist_1e8vcs8._.js:776
[  247042ms] [LOG] [Fast Refresh] done in 2ms @ http://localhost:3000/_next/static/chunks/node_modules_next_dist_1e8vcs8._.js:776
[  247087ms] [LOG] [Fast Refresh] done in 2ms @ http://localhost:3000/_next/static/chunks/node_modules_next_dist_1e8vcs8._.js:776
[  247132ms] [LOG] [Fast Refresh] done in 2ms @ http://localhost:3000/_next/static/chunks/node_modules_next_dist_1e8vcs8._.js:776
[  247183ms] [LOG] [Fast Refresh] done in 2ms @ http://localhost:3000/_next/static/chunks/node_modules_next_dist_1e8vcs8._.js:776
[  247227ms] [LOG] [Fast Refresh] done in 2ms @ http://localhost:3000/_next/static/chunks/node_modules_next_dist_1e8vcs8._.js:776
[  247284ms] [LOG] [Fast Refresh] done in 2ms @ http://localhost:3000/_next/static/chunks/node_modules_next_dist_1e8vcs8._.js:776
[  247336ms] [LOG] [Fast Refresh] done in 2ms @ http://localhost:3000/_next/static/chunks/node_modules_next_dist_1e8vcs8._.js:776
[  247392ms] [LOG] [Fast Refresh] done in 2ms @ http://localhost:3000/_next/static/chunks/node_modules_next_dist_1e8vcs8._.js:776
[  247434ms] [LOG] [Fast Refresh] done in 2ms @ http://localhost:3000/_next/static/chunks/node_modules_next_dist_1e8vcs8._.js:776
[  247479ms] [LOG] [Fast Refresh] done in 2ms @ http://localhost:3000/_next/static/chunks/node_modules_next_dist_1e8vcs8._.js:776
[  247523ms] [LOG] [Fast Refresh] done in 2ms @ http://localhost:3000/_next/static/chunks/node_modules_next_dist_1e8vcs8._.js:776
[  247570ms] [LOG] [Fast Refresh] done in 2ms @ http://localhost:3000/_next/static/chunks/node_modules_next_dist_1e8vcs8._.js:776
[  247616ms] [LOG] [Fast Refresh] done in 2ms @ http://localhost:3000/_next/static/chunks/node_modules_next_dist_1e8vcs8._.js:776
[  247660ms] [LOG] [Fast Refresh] done in 2ms @ http://localhost:3000/_next/static/chunks/node_modules_next_dist_1e8vcs8._.js:776
[  247709ms] [LOG] [Fast Refresh] done in 2ms @ http://localhost:3000/_next/static/chunks/node_modules_next_dist_1e8vcs8._.js:776
[  247756ms] [LOG] [Fast Refresh] done in 2ms @ http://localhost:3000/_next/static/chunks/node_modules_next_dist_1e8vcs8._.js:776
[  247808ms] [LOG] [Fast Refresh] done in 2ms @ http://localhost:3000/_next/static/chunks/node_modules_next_dist_1e8vcs8._.js:776
[  247856ms] [LOG] [Fast Refresh] done in 2ms @ http://localhost:3000/_next/static/chunks/node_modules_next_dist_1e8vcs8._.js:776
[  247903ms] [LOG] [Fast Refresh] done in 2ms @ http://localhost:3000/_next/static/chunks/node_modules_next_dist_1e8vcs8._.js:776
[  247964ms] [LOG] [Fast Refresh] done in 2ms @ http://localhost:3000/_next/static/chunks/node_modules_next_dist_1e8vcs8._.js:776
[  248016ms] [LOG] [Fast Refresh] done in 2ms @ http://localhost:3000/_next/static/chunks/node_modules_next_dist_1e8vcs8._.js:776
[  248063ms] [LOG] [Fast Refresh] done in 2ms @ http://localhost:3000/_next/static/chunks/node_modules_next_dist_1e8vcs8._.js:776
[  248107ms] [LOG] [Fast Refresh] done in 2ms @ http://localhost:3000/_next/static/chunks/node_modules_next_dist_1e8vcs8._.js:776
[  248164ms] [LOG] [Fast Refresh] done in 2ms @ http://localhost:3000/_next/static/chunks/node_modules_next_dist_1e8vcs8._.js:776
[  248207ms] [LOG] [Fast Refresh] done in 2ms @ http://localhost:3000/_next/static/chunks/node_modules_next_dist_1e8vcs8._.js:776
[  248255ms] [LOG] [Fast Refresh] done in 2ms @ http://localhost:3000/_next/static/chunks/node_modules_next_dist_1e8vcs8._.js:776
[  248305ms] [LOG] [Fast Refresh] done in 2ms @ http://localhost:3000/_next/static/chunks/node_modules_next_dist_1e8vcs8._.js:776
[  248359ms] [LOG] [Fast Refresh] done in 2ms @ http://localhost:3000/_next/static/chunks/node_modules_next_dist_1e8vcs8._.js:776
[  248404ms] [LOG] [Fast Refresh] done in 2ms @ http://localhost:3000/_next/static/chunks/node_modules_next_dist_1e8vcs8._.js:776
[  248450ms] [LOG] [Fast Refresh] done in 2ms @ http://localhost:3000/_next/static/chunks/node_modules_next_dist_1e8vcs8._.js:776
[  248498ms] [LOG] [Fast Refresh] done in 2ms @ http://localhost:3000/_next/static/chunks/node_modules_next_dist_1e8vcs8._.js:776
[  248547ms] [LOG] [Fast Refresh] done in 2ms @ http://localhost:3000/_next/static/chunks/node_modules_next_dist_1e8vcs8._.js:776
[  248596ms] [LOG] [Fast Refresh] done in 2ms @ http://localhost:3000/_next/static/chunks/node_modules_next_dist_1e8vcs8._.js:776
[  248644ms] [LOG] [Fast Refresh] done in 2ms @ http://localhost:3000/_next/static/chunks/node_modules_next_dist_1e8vcs8._.js:776
[  248689ms] [LOG] [Fast Refresh] done in 2ms @ http://localhost:3000/_next/static/chunks/node_modules_next_dist_1e8vcs8._.js:776
[  248735ms] [LOG] [Fast Refresh] done in 2ms @ http://localhost:3000/_next/static/chunks/node_modules_next_dist_1e8vcs8._.js:776
[  248780ms] [LOG] [Fast Refresh] done in 2ms @ http://localhost:3000/_next/static/chunks/node_modules_next_dist_1e8vcs8._.js:776
[  248824ms] [LOG] [Fast Refresh] done in 2ms @ http://localhost:3000/_next/static/chunks/node_modules_next_dist_1e8vcs8._.js:776
[  248867ms] [LOG] [Fast Refresh] done in 2ms @ http://localhost:3000/_next/static/chunks/node_modules_next_dist_1e8vcs8._.js:776
[  248922ms] [LOG] [Fast Refresh] done in 2ms @ http://localhost:3000/_next/static/chunks/node_modules_next_dist_1e8vcs8._.js:776
[  248964ms] [LOG] [Fast Refresh] done in 2ms @ http://localhost:3000/_next/static/chunks/node_modules_next_dist_1e8vcs8._.js:776
[  249010ms] [LOG] [Fast Refresh] done in 2ms @ http://localhost:3000/_next/static/chunks/node_modules_next_dist_1e8vcs8._.js:776
[  249057ms] [LOG] [Fast Refresh] done in 2ms @ http://localhost:3000/_next/static/chunks/node_modules_next_dist_1e8vcs8._.js:776
[  249110ms] [LOG] [Fast Refresh] done in 2ms @ http://localhost:3000/_next/static/chunks/node_modules_next_dist_1e8vcs8._.js:776
[  249156ms] [LOG] [Fast Refresh] done in 2ms @ http://localhost:3000/_next/static/chunks/node_modules_next_dist_1e8vcs8._.js:776
[  249200ms] [LOG] [Fast Refresh] done in 2ms @ http://localhost:3000/_next/static/chunks/node_modules_next_dist_1e8vcs8._.js:776
[  249247ms] [LOG] [Fast Refresh] done in 2ms @ http://localhost:3000/_next/static/chunks/node_modules_next_dist_1e8vcs8._.js:776
[  249297ms] [LOG] [Fast Refresh] done in 2ms @ http://localhost:3000/_next/static/chunks/node_modules_next_dist_1e8vcs8._.js:776
[  249347ms] [LOG] [Fast Refresh] done in 2ms @ http://localhost:3000/_next/static/chunks/node_modules_next_dist_1e8vcs8._.js:776
[  249391ms] [LOG] [Fast Refresh] done in 2ms @ http://localhost:3000/_next/static/chunks/node_modules_next_dist_1e8vcs8._.js:776
[  249437ms] [LOG] [Fast Refresh] done in 2ms @ http://localhost:3000/_next/static/chunks/node_modules_next_dist_1e8vcs8._.js:776
[  249487ms] [LOG] [Fast Refresh] done in 2ms @ http://localhost:3000/_next/static/chunks/node_modules_next_dist_1e8vcs8._.js:776
[  249528ms] [LOG] [Fast Refresh] done in 2ms @ http://localhost:3000/_next/static/chunks/node_modules_next_dist_1e8vcs8._.js:776
[  249573ms] [LOG] [Fast Refresh] done in 2ms @ http://localhost:3000/_next/static/chunks/node_modules_next_dist_1e8vcs8._.js:776
[  249616ms] [LOG] [Fast Refresh] done in 2ms @ http://localhost:3000/_next/static/chunks/node_modules_next_dist_1e8vcs8._.js:776
[  249665ms] [LOG] [Fast Refresh] done in 2ms @ http://localhost:3000/_next/static/chunks/node_modules_next_dist_1e8vcs8._.js:776
[  249713ms] [LOG] [Fast Refresh] done in 2ms @ http://localhost:3000/_next/static/chunks/node_modules_next_dist_1e8vcs8._.js:776
[  249764ms] [LOG] [Fast Refresh] done in 2ms @ http://localhost:3000/_next/static/chunks/node_modules_next_dist_1e8vcs8._.js:776
[  249818ms] [LOG] [Fast Refresh] done in 2ms @ http://localhost:3000/_next/static/chunks/node_modules_next_dist_1e8vcs8._.js:776
[  249872ms] [LOG] [Fast Refresh] done in 2ms @ http://localhost:3000/_next/static/chunks/node_modules_next_dist_1e8vcs8._.js:776
[  249922ms] [LOG] [Fast Refresh] done in 2ms @ http://localhost:3000/_next/static/chunks/node_modules_next_dist_1e8vcs8._.js:776
[  249970ms] [LOG] [Fast Refresh] done in 2ms @ http://localhost:3000/_next/static/chunks/node_modules_next_dist_1e8vcs8._.js:776
[  250017ms] [LOG] [Fast Refresh] done in 2ms @ http://localhost:3000/_next/static/chunks/node_modules_next_dist_1e8vcs8._.js:776
[  250075ms] [LOG] [Fast Refresh] done in 2ms @ http://localhost:3000/_next/static/chunks/node_modules_next_dist_1e8vcs8._.js:776
[  250134ms] [LOG] [Fast Refresh] done in 2ms @ http://localhost:3000/_next/static/chunks/node_modules_next_dist_1e8vcs8._.js:776
[  250189ms] [LOG] [Fast Refresh] done in 2ms @ http://localhost:3000/_next/static/chunks/node_modules_next_dist_1e8vcs8._.js:776
[  250234ms] [LOG] [Fast Refresh] done in 2ms @ http://localhost:3000/_next/static/chunks/node_modules_next_dist_1e8vcs8._.js:776
[  250284ms] [LOG] [Fast Refresh] done in 2ms @ http://localhost:3000/_next/static/chunks/node_modules_next_dist_1e8vcs8._.js:776
[  250335ms] [LOG] [Fast Refresh] done in 2ms @ http://localhost:3000/_next/static/chunks/node_modules_next_dist_1e8vcs8._.js:776
[  250376ms] [LOG] [Fast Refresh] done in 2ms @ http://localhost:3000/_next/static/chunks/node_modules_next_dist_1e8vcs8._.js:776
[  250422ms] [LOG] [Fast Refresh] done in 2ms @ http://localhost:3000/_next/static/chunks/node_modules_next_dist_1e8vcs8._.js:776
[  250471ms] [LOG] [Fast Refresh] done in 2ms @ http://localhost:3000/_next/static/chunks/node_modules_next_dist_1e8vcs8._.js:776
[  250513ms] [LOG] [Fast Refresh] done in 2ms @ http://localhost:3000/_next/static/chunks/node_modules_next_dist_1e8vcs8._.js:776
[  250563ms] [LOG] [Fast Refresh] done in 2ms @ http://localhost:3000/_next/static/chunks/node_modules_next_dist_1e8vcs8._.js:776
[  250612ms] [LOG] [Fast Refresh] done in 2ms @ http://localhost:3000/_next/static/chunks/node_modules_next_dist_1e8vcs8._.js:776
[  250656ms] [LOG] [Fast Refresh] done in 2ms @ http://localhost:3000/_next/static/chunks/node_modules_next_dist_1e8vcs8._.js:776
[  250700ms] [LOG] [Fast Refresh] done in 2ms @ http://localhost:3000/_next/static/chunks/node_modules_next_dist_1e8vcs8._.js:776
[  250753ms] [LOG] [Fast Refresh] done in 2ms @ http://localhost:3000/_next/static/chunks/node_modules_next_dist_1e8vcs8._.js:776
[  250802ms] [LOG] [Fast Refresh] done in 2ms @ http://localhost:3000/_next/static/chunks/node_modules_next_dist_1e8vcs8._.js:776
[  250846ms] [LOG] [Fast Refresh] done in 2ms @ http://localhost:3000/_next/static/chunks/node_modules_next_dist_1e8vcs8._.js:776
[  250901ms] [LOG] [Fast Refresh] done in 2ms @ http://localhost:3000/_next/static/chunks/node_modules_next_dist_1e8vcs8._.js:776
[  250949ms] [LOG] [Fast Refresh] done in 2ms @ http://localhost:3000/_next/static/chunks/node_modules_next_dist_1e8vcs8._.js:776
[  250997ms] [LOG] [Fast Refresh] done in 2ms @ http://localhost:3000/_next/static/chunks/node_modules_next_dist_1e8vcs8._.js:776
[  251044ms] [LOG] [Fast Refresh] done in 2ms @ http://localhost:3000/_next/static/chunks/node_modules_next_dist_1e8vcs8._.js:776
[  251090ms] [LOG] [Fast Refresh] done in 2ms @ http://localhost:3000/_next/static/chunks/node_modules_next_dist_1e8vcs8._.js:776
[  251141ms] [LOG] [Fast Refresh] done in 2ms @ http://localhost:3000/_next/static/chunks/node_modules_next_dist_1e8vcs8._.js:776
[  251204ms] [LOG] [Fast Refresh] done in 2ms @ http://localhost:3000/_next/static/chunks/node_modules_next_dist_1e8vcs8._.js:776
[  251256ms] [LOG] [Fast Refresh] done in 2ms @ http://localhost:3000/_next/static/chunks/node_modules_next_dist_1e8vcs8._.js:776
[  251313ms] [LOG] [Fast Refresh] done in 2ms @ http://localhost:3000/_next/static/chunks/node_modules_next_dist_1e8vcs8._.js:776
[  251356ms] [LOG] [Fast Refresh] done in 2ms @ http://localhost:3000/_next/static/chunks/node_modules_next_dist_1e8vcs8._.js:776
[  251407ms] [LOG] [Fast Refresh] done in 2ms @ http://localhost:3000/_next/static/chunks/node_modules_next_dist_1e8vcs8._.js:776
[  251452ms] [LOG] [Fast Refresh] done in 2ms @ http://localhost:3000/_next/static/chunks/node_modules_next_dist_1e8vcs8._.js:776
[  251501ms] [LOG] [Fast Refresh] done in 2ms @ http://localhost:3000/_next/static/chunks/node_modules_next_dist_1e8vcs8._.js:776
[  251543ms] [LOG] [Fast Refresh] done in 2ms @ http://localhost:3000/_next/static/chunks/node_modules_next_dist_1e8vcs8._.js:776
[  251585ms] [LOG] [Fast Refresh] done in 2ms @ http://localhost:3000/_next/static/chunks/node_modules_next_dist_1e8vcs8._.js:776
[  251629ms] [LOG] [Fast Refresh] done in 2ms @ http://localhost:3000/_next/static/chunks/node_modules_next_dist_1e8vcs8._.js:776
[  251673ms] [LOG] [Fast Refresh] done in 2ms @ http://localhost:3000/_next/static/chunks/node_modules_next_dist_1e8vcs8._.js:776
[  251723ms] [LOG] [Fast Refresh] done in 2ms @ http://localhost:3000/_next/static/chunks/node_modules_next_dist_1e8vcs8._.js:776
[  251771ms] [LOG] [Fast Refresh] done in 2ms @ http://localhost:3000/_next/static/chunks/node_modules_next_dist_1e8vcs8._.js:776
[  251818ms] [LOG] [Fast Refresh] done in 2ms @ http://localhost:3000/_next/static/chunks/node_modules_next_dist_1e8vcs8._.js:776
[  251869ms] [LOG] [Fast Refresh] done in 2ms @ http://localhost:3000/_next/static/chunks/node_modules_next_dist_1e8vcs8._.js:776
[  251922ms] [LOG] [Fast Refresh] done in 2ms @ http://localhost:3000/_next/static/chunks/node_modules_next_dist_1e8vcs8._.js:776
[  251966ms] [LOG] [Fast Refresh] done in 2ms @ http://localhost:3000/_next/static/chunks/node_modules_next_dist_1e8vcs8._.js:776
[  252025ms] [LOG] [Fast Refresh] done in 2ms @ http://localhost:3000/_next/static/chunks/node_modules_next_dist_1e8vcs8._.js:776
[  252068ms] [LOG] [Fast Refresh] done in 2ms @ http://localhost:3000/_next/static/chunks/node_modules_next_dist_1e8vcs8._.js:776
[  252116ms] [LOG] [Fast Refresh] done in 2ms @ http://localhost:3000/_next/static/chunks/node_modules_next_dist_1e8vcs8._.js:776
[  252165ms] [LOG] [Fast Refresh] done in 2ms @ http://localhost:3000/_next/static/chunks/node_modules_next_dist_1e8vcs8._.js:776
[  252212ms] [LOG] [Fast Refresh] done in 2ms @ http://localhost:3000/_next/static/chunks/node_modules_next_dist_1e8vcs8._.js:776
[  252255ms] [LOG] [Fast Refresh] done in 2ms @ http://localhost:3000/_next/static/chunks/node_modules_next_dist_1e8vcs8._.js:776
[  252297ms] [LOG] [Fast Refresh] done in 2ms @ http://localhost:3000/_next/static/chunks/node_modules_next_dist_1e8vcs8._.js:776
[  252344ms] [LOG] [Fast Refresh] done in 2ms @ http://localhost:3000/_next/static/chunks/node_modules_next_dist_1e8vcs8._.js:776
[  252401ms] [LOG] [Fast Refresh] done in 2ms @ http://localhost:3000/_next/static/chunks/node_modules_next_dist_1e8vcs8._.js:776
[  252453ms] [LOG] [Fast Refresh] done in 2ms @ http://localhost:3000/_next/static/chunks/node_modules_next_dist_1e8vcs8._.js:776
[  252494ms] [LOG] [Fast Refresh] done in 2ms @ http://localhost:3000/_next/static/chunks/node_modules_next_dist_1e8vcs8._.js:776
[  252539ms] [LOG] [Fast Refresh] done in 2ms @ http://localhost:3000/_next/static/chunks/node_modules_next_dist_1e8vcs8._.js:776
[  252589ms] [LOG] [Fast Refresh] done in 2ms @ http://localhost:3000/_next/static/chunks/node_modules_next_dist_1e8vcs8._.js:776
[  252637ms] [LOG] [Fast Refresh] done in 2ms @ http://localhost:3000/_next/static/chunks/node_modules_next_dist_1e8vcs8._.js:776
[  252690ms] [LOG] [Fast Refresh] done in 2ms @ http://localhost:3000/_next/static/chunks/node_modules_next_dist_1e8vcs8._.js:776
[  252735ms] [LOG] [Fast Refresh] done in 2ms @ http://localhost:3000/_next/static/chunks/node_modules_next_dist_1e8vcs8._.js:776
[  252792ms] [LOG] [Fast Refresh] done in 2ms @ http://localhost:3000/_next/static/chunks/node_modules_next_dist_1e8vcs8._.js:776
[  252837ms] [LOG] [Fast Refresh] done in 2ms @ http://localhost:3000/_next/static/chunks/node_modules_next_dist_1e8vcs8._.js:776
[  252890ms] [LOG] [Fast Refresh] done in 2ms @ http://localhost:3000/_next/static/chunks/node_modules_next_dist_1e8vcs8._.js:776
[  252945ms] [LOG] [Fast Refresh] done in 2ms @ http://localhost:3000/_next/static/chunks/node_modules_next_dist_1e8vcs8._.js:776
[  252994ms] [LOG] [Fast Refresh] done in 2ms @ http://localhost:3000/_next/static/chunks/node_modules_next_dist_1e8vcs8._.js:776
[  253042ms] [LOG] [Fast Refresh] done in 2ms @ http://localhost:3000/_next/static/chunks/node_modules_next_dist_1e8vcs8._.js:776
[  253096ms] [LOG] [Fast Refresh] done in 2ms @ http://localhost:3000/_next/static/chunks/node_modules_next_dist_1e8vcs8._.js:776
[  253143ms] [LOG] [Fast Refresh] done in 2ms @ http://localhost:3000/_next/static/chunks/node_modules_next_dist_1e8vcs8._.js:776
[  253203ms] [LOG] [Fast Refresh] done in 2ms @ http://localhost:3000/_next/static/chunks/node_modules_next_dist_1e8vcs8._.js:776
[  253253ms] [LOG] [Fast Refresh] done in 2ms @ http://localhost:3000/_next/static/chunks/node_modules_next_dist_1e8vcs8._.js:776
[  253304ms] [LOG] [Fast Refresh] done in 2ms @ http://localhost:3000/_next/static/chunks/node_modules_next_dist_1e8vcs8._.js:776
[  253353ms] [LOG] [Fast Refresh] done in 2ms @ http://localhost:3000/_next/static/chunks/node_modules_next_dist_1e8vcs8._.js:776
[  253403ms] [LOG] [Fast Refresh] done in 2ms @ http://localhost:3000/_next/static/chunks/node_modules_next_dist_1e8vcs8._.js:776
[  253458ms] [LOG] [Fast Refresh] done in 2ms @ http://localhost:3000/_next/static/chunks/node_modules_next_dist_1e8vcs8._.js:776
[  253508ms] [LOG] [Fast Refresh] done in 2ms @ http://localhost:3000/_next/static/chunks/node_modules_next_dist_1e8vcs8._.js:776
[  253552ms] [LOG] [Fast Refresh] done in 2ms @ http://localhost:3000/_next/static/chunks/node_modules_next_dist_1e8vcs8._.js:776
[  253600ms] [LOG] [Fast Refresh] done in 2ms @ http://localhost:3000/_next/static/chunks/node_modules_next_dist_1e8vcs8._.js:776
[  253655ms] [LOG] [Fast Refresh] done in 2ms @ http://localhost:3000/_next/static/chunks/node_modules_next_dist_1e8vcs8._.js:776
[  253704ms] [LOG] [Fast Refresh] done in 2ms @ http://localhost:3000/_next/static/chunks/node_modules_next_dist_1e8vcs8._.js:776
[  253754ms] [LOG] [Fast Refresh] done in 2ms @ http://localhost:3000/_next/static/chunks/node_modules_next_dist_1e8vcs8._.js:776
[  253803ms] [LOG] [Fast Refresh] done in 2ms @ http://localhost:3000/_next/static/chunks/node_modules_next_dist_1e8vcs8._.js:776
[  253853ms] [LOG] [Fast Refresh] done in 2ms @ http://localhost:3000/_next/static/chunks/node_modules_next_dist_1e8vcs8._.js:776
[  253902ms] [LOG] [Fast Refresh] done in 2ms @ http://localhost:3000/_next/static/chunks/node_modules_next_dist_1e8vcs8._.js:776
[  253950ms] [LOG] [Fast Refresh] done in 2ms @ http://localhost:3000/_next/static/chunks/node_modules_next_dist_1e8vcs8._.js:776
[  253999ms] [LOG] [Fast Refresh] done in 2ms @ http://localhost:3000/_next/static/chunks/node_modules_next_dist_1e8vcs8._.js:776
[  254050ms] [LOG] [Fast Refresh] done in 2ms @ http://localhost:3000/_next/static/chunks/node_modules_next_dist_1e8vcs8._.js:776
[  254096ms] [LOG] [Fast Refresh] done in 2ms @ http://localhost:3000/_next/static/chunks/node_modules_next_dist_1e8vcs8._.js:776
[  254140ms] [LOG] [Fast Refresh] done in 2ms @ http://localhost:3000/_next/static/chunks/node_modules_next_dist_1e8vcs8._.js:776
[  254184ms] [LOG] [Fast Refresh] done in 2ms @ http://localhost:3000/_next/static/chunks/node_modules_next_dist_1e8vcs8._.js:776
[  254228ms] [LOG] [Fast Refresh] done in 2ms @ http://localhost:3000/_next/static/chunks/node_modules_next_dist_1e8vcs8._.js:776
[  254278ms] [LOG] [Fast Refresh] done in 2ms @ http://localhost:3000/_next/static/chunks/node_modules_next_dist_1e8vcs8._.js:776
[  254325ms] [LOG] [Fast Refresh] done in 2ms @ http://localhost:3000/_next/static/chunks/node_modules_next_dist_1e8vcs8._.js:776
[  254373ms] [LOG] [Fast Refresh] done in 2ms @ http://localhost:3000/_next/static/chunks/node_modules_next_dist_1e8vcs8._.js:776
[  254430ms] [LOG] [Fast Refresh] done in 2ms @ http://localhost:3000/_next/static/chunks/node_modules_next_dist_1e8vcs8._.js:776
[  254480ms] [LOG] [Fast Refresh] done in 2ms @ http://localhost:3000/_next/static/chunks/node_modules_next_dist_1e8vcs8._.js:776
[  254526ms] [LOG] [Fast Refresh] done in 2ms @ http://localhost:3000/_next/static/chunks/node_modules_next_dist_1e8vcs8._.js:776
[  254578ms] [LOG] [Fast Refresh] done in 2ms @ http://localhost:3000/_next/static/chunks/node_modules_next_dist_1e8vcs8._.js:776
[  254622ms] [LOG] [Fast Refresh] done in 2ms @ http://localhost:3000/_next/static/chunks/node_modules_next_dist_1e8vcs8._.js:776
[  254669ms] [LOG] [Fast Refresh] done in 2ms @ http://localhost:3000/_next/static/chunks/node_modules_next_dist_1e8vcs8._.js:776
[  254715ms] [LOG] [Fast Refresh] done in 2ms @ http://localhost:3000/_next/static/chunks/node_modules_next_dist_1e8vcs8._.js:776
[  254759ms] [LOG] [Fast Refresh] done in 2ms @ http://localhost:3000/_next/static/chunks/node_modules_next_dist_1e8vcs8._.js:776
[  254807ms] [LOG] [Fast Refresh] done in 2ms @ http://localhost:3000/_next/static/chunks/node_modules_next_dist_1e8vcs8._.js:776
[  254850ms] [LOG] [Fast Refresh] done in 2ms @ http://localhost:3000/_next/static/chunks/node_modules_next_dist_1e8vcs8._.js:776
[  254902ms] [LOG] [Fast Refresh] done in 2ms @ http://localhost:3000/_next/static/chunks/node_modules_next_dist_1e8vcs8._.js:776
[  254956ms] [LOG] [Fast Refresh] done in 2ms @ http://localhost:3000/_next/static/chunks/node_modules_next_dist_1e8vcs8._.js:776
[  255006ms] [LOG] [Fast Refresh] done in 2ms @ http://localhost:3000/_next/static/chunks/node_modules_next_dist_1e8vcs8._.js:776
[  255054ms] [LOG] [Fast Refresh] done in 2ms @ http://localhost:3000/_next/static/chunks/node_modules_next_dist_1e8vcs8._.js:776
[  255105ms] [LOG] [Fast Refresh] done in 2ms @ http://localhost:3000/_next/static/chunks/node_modules_next_dist_1e8vcs8._.js:776
[  255151ms] [LOG] [Fast Refresh] done in 2ms @ http://localhost:3000/_next/static/chunks/node_modules_next_dist_1e8vcs8._.js:776
[  255202ms] [LOG] [Fast Refresh] done in 2ms @ http://localhost:3000/_next/static/chunks/node_modules_next_dist_1e8vcs8._.js:776
[  255244ms] [LOG] [Fast Refresh] done in 2ms @ http://localhost:3000/_next/static/chunks/node_modules_next_dist_1e8vcs8._.js:776
[  255286ms] [LOG] [Fast Refresh] done in 2ms @ http://localhost:3000/_next/static/chunks/node_modules_next_dist_1e8vcs8._.js:776
[  255329ms] [LOG] [Fast Refresh] done in 2ms @ http://localhost:3000/_next/static/chunks/node_modules_next_dist_1e8vcs8._.js:776
[  255382ms] [LOG] [Fast Refresh] done in 2ms @ http://localhost:3000/_next/static/chunks/node_modules_next_dist_1e8vcs8._.js:776
[  255429ms] [LOG] [Fast Refresh] done in 2ms @ http://localhost:3000/_next/static/chunks/node_modules_next_dist_1e8vcs8._.js:776
[  255478ms] [LOG] [Fast Refresh] done in 2ms @ http://localhost:3000/_next/static/chunks/node_modules_next_dist_1e8vcs8._.js:776
[  255523ms] [LOG] [Fast Refresh] done in 2ms @ http://localhost:3000/_next/static/chunks/node_modules_next_dist_1e8vcs8._.js:776
[  255578ms] [LOG] [Fast Refresh] done in 2ms @ http://localhost:3000/_next/static/chunks/node_modules_next_dist_1e8vcs8._.js:776
[  255624ms] [LOG] [Fast Refresh] done in 2ms @ http://localhost:3000/_next/static/chunks/node_modules_next_dist_1e8vcs8._.js:776
[  255676ms] [LOG] [Fast Refresh] done in 2ms @ http://localhost:3000/_next/static/chunks/node_modules_next_dist_1e8vcs8._.js:776
[  255727ms] [LOG] [Fast Refresh] done in 2ms @ http://localhost:3000/_next/static/chunks/node_modules_next_dist_1e8vcs8._.js:776
[  255773ms] [LOG] [Fast Refresh] done in 2ms @ http://localhost:3000/_next/static/chunks/node_modules_next_dist_1e8vcs8._.js:776
[  255823ms] [LOG] [Fast Refresh] done in 2ms @ http://localhost:3000/_next/static/chunks/node_modules_next_dist_1e8vcs8._.js:776
[  255865ms] [LOG] [Fast Refresh] done in 2ms @ http://localhost:3000/_next/static/chunks/node_modules_next_dist_1e8vcs8._.js:776
[  255915ms] [LOG] [Fast Refresh] done in 2ms @ http://localhost:3000/_next/static/chunks/node_modules_next_dist_1e8vcs8._.js:776
[  255964ms] [LOG] [Fast Refresh] done in 2ms @ http://localhost:3000/_next/static/chunks/node_modules_next_dist_1e8vcs8._.js:776
[  256013ms] [LOG] [Fast Refresh] done in 2ms @ http://localhost:3000/_next/static/chunks/node_modules_next_dist_1e8vcs8._.js:776
[  256076ms] [LOG] [Fast Refresh] done in 2ms @ http://localhost:3000/_next/static/chunks/node_modules_next_dist_1e8vcs8._.js:776
[  256123ms] [LOG] [Fast Refresh] done in 2ms @ http://localhost:3000/_next/static/chunks/node_modules_next_dist_1e8vcs8._.js:776
[  256165ms] [LOG] [Fast Refresh] done in 2ms @ http://localhost:3000/_next/static/chunks/node_modules_next_dist_1e8vcs8._.js:776
[  256214ms] [LOG] [Fast Refresh] done in 2ms @ http://localhost:3000/_next/static/chunks/node_modules_next_dist_1e8vcs8._.js:776
[  256265ms] [LOG] [Fast Refresh] done in 2ms @ http://localhost:3000/_next/static/chunks/node_modules_next_dist_1e8vcs8._.js:776
[  256307ms] [LOG] [Fast Refresh] done in 2ms @ http://localhost:3000/_next/static/chunks/node_modules_next_dist_1e8vcs8._.js:776
[  256354ms] [LOG] [Fast Refresh] done in 2ms @ http://localhost:3000/_next/static/chunks/node_modules_next_dist_1e8vcs8._.js:776
[  256401ms] [LOG] [Fast Refresh] done in 2ms @ http://localhost:3000/_next/static/chunks/node_modules_next_dist_1e8vcs8._.js:776
[  256453ms] [LOG] [Fast Refresh] done in 2ms @ http://localhost:3000/_next/static/chunks/node_modules_next_dist_1e8vcs8._.js:776
[  256502ms] [LOG] [Fast Refresh] done in 2ms @ http://localhost:3000/_next/static/chunks/node_modules_next_dist_1e8vcs8._.js:776
[  256547ms] [LOG] [Fast Refresh] done in 2ms @ http://localhost:3000/_next/static/chunks/node_modules_next_dist_1e8vcs8._.js:776
[  256596ms] [LOG] [Fast Refresh] done in 2ms @ http://localhost:3000/_next/static/chunks/node_modules_next_dist_1e8vcs8._.js:776
[  256651ms] [LOG] [Fast Refresh] done in 2ms @ http://localhost:3000/_next/static/chunks/node_modules_next_dist_1e8vcs8._.js:776
[  256701ms] [LOG] [Fast Refresh] done in 2ms @ http://localhost:3000/_next/static/chunks/node_modules_next_dist_1e8vcs8._.js:776
[  256752ms] [LOG] [Fast Refresh] done in 2ms @ http://localhost:3000/_next/static/chunks/node_modules_next_dist_1e8vcs8._.js:776
[  256817ms] [LOG] [Fast Refresh] done in 2ms @ http://localhost:3000/_next/static/chunks/node_modules_next_dist_1e8vcs8._.js:776
[  256862ms] [LOG] [Fast Refresh] done in 2ms @ http://localhost:3000/_next/static/chunks/node_modules_next_dist_1e8vcs8._.js:776
[  256908ms] [LOG] [Fast Refresh] done in 2ms @ http://localhost:3000/_next/static/chunks/node_modules_next_dist_1e8vcs8._.js:776
[  256959ms] [LOG] [Fast Refresh] done in 2ms @ http://localhost:3000/_next/static/chunks/node_modules_next_dist_1e8vcs8._.js:776
[  257012ms] [LOG] [Fast Refresh] done in 2ms @ http://localhost:3000/_next/static/chunks/node_modules_next_dist_1e8vcs8._.js:776
[  257055ms] [LOG] [Fast Refresh] done in 2ms @ http://localhost:3000/_next/static/chunks/node_modules_next_dist_1e8vcs8._.js:776
[  257097ms] [LOG] [Fast Refresh] done in 2ms @ http://localhost:3000/_next/static/chunks/node_modules_next_dist_1e8vcs8._.js:776
[  257149ms] [LOG] [Fast Refresh] done in 2ms @ http://localhost:3000/_next/static/chunks/node_modules_next_dist_1e8vcs8._.js:776
[  257203ms] [LOG] [Fast Refresh] done in 2ms @ http://localhost:3000/_next/static/chunks/node_modules_next_dist_1e8vcs8._.js:776
[  257249ms] [LOG] [Fast Refresh] done in 2ms @ http://localhost:3000/_next/static/chunks/node_modules_next_dist_1e8vcs8._.js:776
[  257304ms] [LOG] [Fast Refresh] done in 2ms @ http://localhost:3000/_next/static/chunks/node_modules_next_dist_1e8vcs8._.js:776
[  257353ms] [LOG] [Fast Refresh] done in 2ms @ http://localhost:3000/_next/static/chunks/node_modules_next_dist_1e8vcs8._.js:776
[  257408ms] [LOG] [Fast Refresh] done in 2ms @ http://localhost:3000/_next/static/chunks/node_modules_next_dist_1e8vcs8._.js:776
[  257462ms] [LOG] [Fast Refresh] done in 2ms @ http://localhost:3000/_next/static/chunks/node_modules_next_dist_1e8vcs8._.js:776
[  257513ms] [LOG] [Fast Refresh] done in 2ms @ http://localhost:3000/_next/static/chunks/node_modules_next_dist_1e8vcs8._.js:776
[  257563ms] [LOG] [Fast Refresh] done in 2ms @ http://localhost:3000/_next/static/chunks/node_modules_next_dist_1e8vcs8._.js:776
[  257620ms] [LOG] [Fast Refresh] done in 2ms @ http://localhost:3000/_next/static/chunks/node_modules_next_dist_1e8vcs8._.js:776
[  257666ms] [LOG] [Fast Refresh] done in 2ms @ http://localhost:3000/_next/static/chunks/node_modules_next_dist_1e8vcs8._.js:776
[  257721ms] [LOG] [Fast Refresh] done in 2ms @ http://localhost:3000/_next/static/chunks/node_modules_next_dist_1e8vcs8._.js:776
[  257772ms] [LOG] [Fast Refresh] done in 2ms @ http://localhost:3000/_next/static/chunks/node_modules_next_dist_1e8vcs8._.js:776
[  257824ms] [LOG] [Fast Refresh] done in 2ms @ http://localhost:3000/_next/static/chunks/node_modules_next_dist_1e8vcs8._.js:776
[  257873ms] [LOG] [Fast Refresh] done in 2ms @ http://localhost:3000/_next/static/chunks/node_modules_next_dist_1e8vcs8._.js:776
[  257917ms] [LOG] [Fast Refresh] done in 2ms @ http://localhost:3000/_next/static/chunks/node_modules_next_dist_1e8vcs8._.js:776
[  257966ms] [LOG] [Fast Refresh] done in 2ms @ http://localhost:3000/_next/static/chunks/node_modules_next_dist_1e8vcs8._.js:776
[  258019ms] [LOG] [Fast Refresh] done in 2ms @ http://localhost:3000/_next/static/chunks/node_modules_next_dist_1e8vcs8._.js:776
[  258068ms] [LOG] [Fast Refresh] done in 2ms @ http://localhost:3000/_next/static/chunks/node_modules_next_dist_1e8vcs8._.js:776
[  258119ms] [LOG] [Fast Refresh] done in 2ms @ http://localhost:3000/_next/static/chunks/node_modules_next_dist_1e8vcs8._.js:776
[  258167ms] [LOG] [Fast Refresh] done in 2ms @ http://localhost:3000/_next/static/chunks/node_modules_next_dist_1e8vcs8._.js:776
[  258212ms] [LOG] [Fast Refresh] done in 2ms @ http://localhost:3000/_next/static/chunks/node_modules_next_dist_1e8vcs8._.js:776
[  258255ms] [LOG] [Fast Refresh] done in 2ms @ http://localhost:3000/_next/static/chunks/node_modules_next_dist_1e8vcs8._.js:776
[  258309ms] [LOG] [Fast Refresh] done in 2ms @ http://localhost:3000/_next/static/chunks/node_modules_next_dist_1e8vcs8._.js:776
[  258358ms] [LOG] [Fast Refresh] done in 2ms @ http://localhost:3000/_next/static/chunks/node_modules_next_dist_1e8vcs8._.js:776
[  258409ms] [LOG] [Fast Refresh] done in 2ms @ http://localhost:3000/_next/static/chunks/node_modules_next_dist_1e8vcs8._.js:776
[  258457ms] [LOG] [Fast Refresh] done in 2ms @ http://localhost:3000/_next/static/chunks/node_modules_next_dist_1e8vcs8._.js:776
[  258512ms] [LOG] [Fast Refresh] done in 2ms @ http://localhost:3000/_next/static/chunks/node_modules_next_dist_1e8vcs8._.js:776
[  258568ms] [LOG] [Fast Refresh] done in 2ms @ http://localhost:3000/_next/static/chunks/node_modules_next_dist_1e8vcs8._.js:776
[  258617ms] [LOG] [Fast Refresh] done in 2ms @ http://localhost:3000/_next/static/chunks/node_modules_next_dist_1e8vcs8._.js:776
[  258658ms] [LOG] [Fast Refresh] done in 2ms @ http://localhost:3000/_next/static/chunks/node_modules_next_dist_1e8vcs8._.js:776
[  258706ms] [LOG] [Fast Refresh] done in 2ms @ http://localhost:3000/_next/static/chunks/node_modules_next_dist_1e8vcs8._.js:776
[  258755ms] [LOG] [Fast Refresh] done in 2ms @ http://localhost:3000/_next/static/chunks/node_modules_next_dist_1e8vcs8._.js:776
[  258804ms] [LOG] [Fast Refresh] done in 2ms @ http://localhost:3000/_next/static/chunks/node_modules_next_dist_1e8vcs8._.js:776
[  258856ms] [LOG] [Fast Refresh] done in 2ms @ http://localhost:3000/_next/static/chunks/node_modules_next_dist_1e8vcs8._.js:776
[  258901ms] [LOG] [Fast Refresh] done in 2ms @ http://localhost:3000/_next/static/chunks/node_modules_next_dist_1e8vcs8._.js:776
[  258950ms] [LOG] [Fast Refresh] done in 2ms @ http://localhost:3000/_next/static/chunks/node_modules_next_dist_1e8vcs8._.js:776
[  258999ms] [LOG] [Fast Refresh] done in 2ms @ http://localhost:3000/_next/static/chunks/node_modules_next_dist_1e8vcs8._.js:776
[  259047ms] [LOG] [Fast Refresh] done in 2ms @ http://localhost:3000/_next/static/chunks/node_modules_next_dist_1e8vcs8._.js:776
[  259096ms] [LOG] [Fast Refresh] done in 2ms @ http://localhost:3000/_next/static/chunks/node_modules_next_dist_1e8vcs8._.js:776
[  259151ms] [LOG] [Fast Refresh] done in 2ms @ http://localhost:3000/_next/static/chunks/node_modules_next_dist_1e8vcs8._.js:776
[  259200ms] [LOG] [Fast Refresh] done in 2ms @ http://localhost:3000/_next/static/chunks/node_modules_next_dist_1e8vcs8._.js:776
[  259255ms] [LOG] [Fast Refresh] done in 2ms @ http://localhost:3000/_next/static/chunks/node_modules_next_dist_1e8vcs8._.js:776
[  259300ms] [LOG] [Fast Refresh] done in 2ms @ http://localhost:3000/_next/static/chunks/node_modules_next_dist_1e8vcs8._.js:776
[  259346ms] [LOG] [Fast Refresh] done in 2ms @ http://localhost:3000/_next/static/chunks/node_modules_next_dist_1e8vcs8._.js:776
[  259401ms] [LOG] [Fast Refresh] done in 2ms @ http://localhost:3000/_next/static/chunks/node_modules_next_dist_1e8vcs8._.js:776
[  259457ms] [LOG] [Fast Refresh] done in 2ms @ http://localhost:3000/_next/static/chunks/node_modules_next_dist_1e8vcs8._.js:776
[  259499ms] [LOG] [Fast Refresh] done in 2ms @ http://localhost:3000/_next/static/chunks/node_modules_next_dist_1e8vcs8._.js:776
[  259550ms] [LOG] [Fast Refresh] done in 2ms @ http://localhost:3000/_next/static/chunks/node_modules_next_dist_1e8vcs8._.js:776
[  259602ms] [LOG] [Fast Refresh] done in 2ms @ http://localhost:3000/_next/static/chunks/node_modules_next_dist_1e8vcs8._.js:776
[  259651ms] [LOG] [Fast Refresh] done in 2ms @ http://localhost:3000/_next/static/chunks/node_modules_next_dist_1e8vcs8._.js:776
[  259700ms] [LOG] [Fast Refresh] done in 2ms @ http://localhost:3000/_next/static/chunks/node_modules_next_dist_1e8vcs8._.js:776
[  259754ms] [LOG] [Fast Refresh] done in 2ms @ http://localhost:3000/_next/static/chunks/node_modules_next_dist_1e8vcs8._.js:776
[  259797ms] [LOG] [Fast Refresh] done in 2ms @ http://localhost:3000/_next/static/chunks/node_modules_next_dist_1e8vcs8._.js:776
[  259846ms] [LOG] [Fast Refresh] done in 2ms @ http://localhost:3000/_next/static/chunks/node_modules_next_dist_1e8vcs8._.js:776
[  259893ms] [LOG] [Fast Refresh] done in 2ms @ http://localhost:3000/_next/static/chunks/node_modules_next_dist_1e8vcs8._.js:776
[  259939ms] [LOG] [Fast Refresh] done in 2ms @ http://localhost:3000/_next/static/chunks/node_modules_next_dist_1e8vcs8._.js:776
[  259989ms] [LOG] [Fast Refresh] done in 2ms @ http://localhost:3000/_next/static/chunks/node_modules_next_dist_1e8vcs8._.js:776
[  260047ms] [LOG] [Fast Refresh] done in 2ms @ http://localhost:3000/_next/static/chunks/node_modules_next_dist_1e8vcs8._.js:776
[  260093ms] [LOG] [Fast Refresh] done in 2ms @ http://localhost:3000/_next/static/chunks/node_modules_next_dist_1e8vcs8._.js:776
[  260140ms] [LOG] [Fast Refresh] done in 2ms @ http://localhost:3000/_next/static/chunks/node_modules_next_dist_1e8vcs8._.js:776
[  260204ms] [LOG] [Fast Refresh] done in 2ms @ http://localhost:3000/_next/static/chunks/node_modules_next_dist_1e8vcs8._.js:776
[  260249ms] [LOG] [Fast Refresh] done in 2ms @ http://localhost:3000/_next/static/chunks/node_modules_next_dist_1e8vcs8._.js:776
[  260291ms] [LOG] [Fast Refresh] done in 2ms @ http://localhost:3000/_next/static/chunks/node_modules_next_dist_1e8vcs8._.js:776
[  260344ms] [LOG] [Fast Refresh] done in 2ms @ http://localhost:3000/_next/static/chunks/node_modules_next_dist_1e8vcs8._.js:776
[  260401ms] [LOG] [Fast Refresh] done in 2ms @ http://localhost:3000/_next/static/chunks/node_modules_next_dist_1e8vcs8._.js:776
[  260455ms] [LOG] [Fast Refresh] done in 2ms @ http://localhost:3000/_next/static/chunks/node_modules_next_dist_1e8vcs8._.js:776
[  260502ms] [LOG] [Fast Refresh] done in 2ms @ http://localhost:3000/_next/static/chunks/node_modules_next_dist_1e8vcs8._.js:776
[  260546ms] [LOG] [Fast Refresh] done in 2ms @ http://localhost:3000/_next/static/chunks/node_modules_next_dist_1e8vcs8._.js:776
[  260596ms] [LOG] [Fast Refresh] done in 2ms @ http://localhost:3000/_next/static/chunks/node_modules_next_dist_1e8vcs8._.js:776
[  260642ms] [LOG] [Fast Refresh] done in 2ms @ http://localhost:3000/_next/static/chunks/node_modules_next_dist_1e8vcs8._.js:776
[  260696ms] [LOG] [Fast Refresh] done in 2ms @ http://localhost:3000/_next/static/chunks/node_modules_next_dist_1e8vcs8._.js:776
[  260740ms] [LOG] [Fast Refresh] done in 2ms @ http://localhost:3000/_next/static/chunks/node_modules_next_dist_1e8vcs8._.js:776
[  260802ms] [LOG] [Fast Refresh] done in 2ms @ http://localhost:3000/_next/static/chunks/node_modules_next_dist_1e8vcs8._.js:776
[  260846ms] [LOG] [Fast Refresh] done in 2ms @ http://localhost:3000/_next/static/chunks/node_modules_next_dist_1e8vcs8._.js:776
[  260889ms] [LOG] [Fast Refresh] done in 2ms @ http://localhost:3000/_next/static/chunks/node_modules_next_dist_1e8vcs8._.js:776
[  260943ms] [LOG] [Fast Refresh] done in 2ms @ http://localhost:3000/_next/static/chunks/node_modules_next_dist_1e8vcs8._.js:776
[  260992ms] [LOG] [Fast Refresh] done in 2ms @ http://localhost:3000/_next/static/chunks/node_modules_next_dist_1e8vcs8._.js:776
[  261050ms] [LOG] [Fast Refresh] done in 2ms @ http://localhost:3000/_next/static/chunks/node_modules_next_dist_1e8vcs8._.js:776
[  261096ms] [LOG] [Fast Refresh] done in 2ms @ http://localhost:3000/_next/static/chunks/node_modules_next_dist_1e8vcs8._.js:776
[  261145ms] [LOG] [Fast Refresh] done in 2ms @ http://localhost:3000/_next/static/chunks/node_modules_next_dist_1e8vcs8._.js:776
[  261203ms] [LOG] [Fast Refresh] done in 2ms @ http://localhost:3000/_next/static/chunks/node_modules_next_dist_1e8vcs8._.js:776
[  261250ms] [LOG] [Fast Refresh] done in 2ms @ http://localhost:3000/_next/static/chunks/node_modules_next_dist_1e8vcs8._.js:776
[  261306ms] [LOG] [Fast Refresh] done in 2ms @ http://localhost:3000/_next/static/chunks/node_modules_next_dist_1e8vcs8._.js:776
[  261360ms] [LOG] [Fast Refresh] done in 2ms @ http://localhost:3000/_next/static/chunks/node_modules_next_dist_1e8vcs8._.js:776
[  261416ms] [LOG] [Fast Refresh] done in 2ms @ http://localhost:3000/_next/static/chunks/node_modules_next_dist_1e8vcs8._.js:776
[  261473ms] [LOG] [Fast Refresh] done in 2ms @ http://localhost:3000/_next/static/chunks/node_modules_next_dist_1e8vcs8._.js:776
[  261525ms] [LOG] [Fast Refresh] done in 2ms @ http://localhost:3000/_next/static/chunks/node_modules_next_dist_1e8vcs8._.js:776
[  261570ms] [LOG] [Fast Refresh] done in 2ms @ http://localhost:3000/_next/static/chunks/node_modules_next_dist_1e8vcs8._.js:776
[  261621ms] [LOG] [Fast Refresh] done in 2ms @ http://localhost:3000/_next/static/chunks/node_modules_next_dist_1e8vcs8._.js:776
[  261671ms] [LOG] [Fast Refresh] done in 2ms @ http://localhost:3000/_next/static/chunks/node_modules_next_dist_1e8vcs8._.js:776
[  261717ms] [LOG] [Fast Refresh] done in 2ms @ http://localhost:3000/_next/static/chunks/node_modules_next_dist_1e8vcs8._.js:776
[  261766ms] [LOG] [Fast Refresh] done in 2ms @ http://localhost:3000/_next/static/chunks/node_modules_next_dist_1e8vcs8._.js:776
[  261819ms] [LOG] [Fast Refresh] done in 2ms @ http://localhost:3000/_next/static/chunks/node_modules_next_dist_1e8vcs8._.js:776
[  261861ms] [LOG] [Fast Refresh] done in 2ms @ http://localhost:3000/_next/static/chunks/node_modules_next_dist_1e8vcs8._.js:776
[  261916ms] [LOG] [Fast Refresh] done in 2ms @ http://localhost:3000/_next/static/chunks/node_modules_next_dist_1e8vcs8._.js:776
[  261971ms] [LOG] [Fast Refresh] done in 2ms @ http://localhost:3000/_next/static/chunks/node_modules_next_dist_1e8vcs8._.js:776
[  262019ms] [LOG] [Fast Refresh] done in 2ms @ http://localhost:3000/_next/static/chunks/node_modules_next_dist_1e8vcs8._.js:776
[  262068ms] [LOG] [Fast Refresh] done in 2ms @ http://localhost:3000/_next/static/chunks/node_modules_next_dist_1e8vcs8._.js:776
[  262117ms] [LOG] [Fast Refresh] done in 2ms @ http://localhost:3000/_next/static/chunks/node_modules_next_dist_1e8vcs8._.js:776
[  262170ms] [LOG] [Fast Refresh] done in 2ms @ http://localhost:3000/_next/static/chunks/node_modules_next_dist_1e8vcs8._.js:776
[  262214ms] [LOG] [Fast Refresh] done in 2ms @ http://localhost:3000/_next/static/chunks/node_modules_next_dist_1e8vcs8._.js:776
[  262263ms] [LOG] [Fast Refresh] done in 2ms @ http://localhost:3000/_next/static/chunks/node_modules_next_dist_1e8vcs8._.js:776
[  262309ms] [LOG] [Fast Refresh] done in 2ms @ http://localhost:3000/_next/static/chunks/node_modules_next_dist_1e8vcs8._.js:776
[  262353ms] [LOG] [Fast Refresh] done in 2ms @ http://localhost:3000/_next/static/chunks/node_modules_next_dist_1e8vcs8._.js:776
[  262401ms] [LOG] [Fast Refresh] done in 2ms @ http://localhost:3000/_next/static/chunks/node_modules_next_dist_1e8vcs8._.js:776
[  262457ms] [LOG] [Fast Refresh] done in 2ms @ http://localhost:3000/_next/static/chunks/node_modules_next_dist_1e8vcs8._.js:776
[  262504ms] [LOG] [Fast Refresh] done in 2ms @ http://localhost:3000/_next/static/chunks/node_modules_next_dist_1e8vcs8._.js:776
[  262548ms] [LOG] [Fast Refresh] done in 2ms @ http://localhost:3000/_next/static/chunks/node_modules_next_dist_1e8vcs8._.js:776
[  262605ms] [LOG] [Fast Refresh] done in 2ms @ http://localhost:3000/_next/static/chunks/node_modules_next_dist_1e8vcs8._.js:776
[  262651ms] [LOG] [Fast Refresh] done in 2ms @ http://localhost:3000/_next/static/chunks/node_modules_next_dist_1e8vcs8._.js:776
[  262697ms] [LOG] [Fast Refresh] done in 2ms @ http://localhost:3000/_next/static/chunks/node_modules_next_dist_1e8vcs8._.js:776
[  262749ms] [LOG] [Fast Refresh] done in 2ms @ http://localhost:3000/_next/static/chunks/node_modules_next_dist_1e8vcs8._.js:776
[  262797ms] [LOG] [Fast Refresh] done in 2ms @ http://localhost:3000/_next/static/chunks/node_modules_next_dist_1e8vcs8._.js:776
[  262846ms] [LOG] [Fast Refresh] done in 2ms @ http://localhost:3000/_next/static/chunks/node_modules_next_dist_1e8vcs8._.js:776
[  262896ms] [LOG] [Fast Refresh] done in 2ms @ http://localhost:3000/_next/static/chunks/node_modules_next_dist_1e8vcs8._.js:776
[  262940ms] [LOG] [Fast Refresh] done in 2ms @ http://localhost:3000/_next/static/chunks/node_modules_next_dist_1e8vcs8._.js:776
[  262987ms] [LOG] [Fast Refresh] done in 2ms @ http://localhost:3000/_next/static/chunks/node_modules_next_dist_1e8vcs8._.js:776
[  263035ms] [LOG] [Fast Refresh] done in 2ms @ http://localhost:3000/_next/static/chunks/node_modules_next_dist_1e8vcs8._.js:776
[  263077ms] [LOG] [Fast Refresh] done in 2ms @ http://localhost:3000/_next/static/chunks/node_modules_next_dist_1e8vcs8._.js:776
[  263125ms] [LOG] [Fast Refresh] done in 2ms @ http://localhost:3000/_next/static/chunks/node_modules_next_dist_1e8vcs8._.js:776
[  263170ms] [LOG] [Fast Refresh] done in 2ms @ http://localhost:3000/_next/static/chunks/node_modules_next_dist_1e8vcs8._.js:776
[  263223ms] [LOG] [Fast Refresh] done in 2ms @ http://localhost:3000/_next/static/chunks/node_modules_next_dist_1e8vcs8._.js:776
[  263271ms] [LOG] [Fast Refresh] done in 2ms @ http://localhost:3000/_next/static/chunks/node_modules_next_dist_1e8vcs8._.js:776
[  263325ms] [LOG] [Fast Refresh] done in 2ms @ http://localhost:3000/_next/static/chunks/node_modules_next_dist_1e8vcs8._.js:776
[  263374ms] [LOG] [Fast Refresh] done in 2ms @ http://localhost:3000/_next/static/chunks/node_modules_next_dist_1e8vcs8._.js:776
[  263429ms] [LOG] [Fast Refresh] done in 2ms @ http://localhost:3000/_next/static/chunks/node_modules_next_dist_1e8vcs8._.js:776
[  263481ms] [LOG] [Fast Refresh] done in 2ms @ http://localhost:3000/_next/static/chunks/node_modules_next_dist_1e8vcs8._.js:776
[  263527ms] [LOG] [Fast Refresh] done in 2ms @ http://localhost:3000/_next/static/chunks/node_modules_next_dist_1e8vcs8._.js:776
[  263568ms] [LOG] [Fast Refresh] done in 2ms @ http://localhost:3000/_next/static/chunks/node_modules_next_dist_1e8vcs8._.js:776
[  263617ms] [LOG] [Fast Refresh] done in 2ms @ http://localhost:3000/_next/static/chunks/node_modules_next_dist_1e8vcs8._.js:776
[  263667ms] [LOG] [Fast Refresh] done in 2ms @ http://localhost:3000/_next/static/chunks/node_modules_next_dist_1e8vcs8._.js:776
[  263716ms] [LOG] [Fast Refresh] done in 2ms @ http://localhost:3000/_next/static/chunks/node_modules_next_dist_1e8vcs8._.js:776
[  263763ms] [LOG] [Fast Refresh] done in 2ms @ http://localhost:3000/_next/static/chunks/node_modules_next_dist_1e8vcs8._.js:776
[  263804ms] [LOG] [Fast Refresh] done in 2ms @ http://localhost:3000/_next/static/chunks/node_modules_next_dist_1e8vcs8._.js:776
[  263855ms] [LOG] [Fast Refresh] done in 2ms @ http://localhost:3000/_next/static/chunks/node_modules_next_dist_1e8vcs8._.js:776
[  263904ms] [LOG] [Fast Refresh] done in 2ms @ http://localhost:3000/_next/static/chunks/node_modules_next_dist_1e8vcs8._.js:776
[  263947ms] [LOG] [Fast Refresh] done in 2ms @ http://localhost:3000/_next/static/chunks/node_modules_next_dist_1e8vcs8._.js:776
[  263989ms] [LOG] [Fast Refresh] done in 2ms @ http://localhost:3000/_next/static/chunks/node_modules_next_dist_1e8vcs8._.js:776
[  264039ms] [LOG] [Fast Refresh] done in 2ms @ http://localhost:3000/_next/static/chunks/node_modules_next_dist_1e8vcs8._.js:776
[  264094ms] [LOG] [Fast Refresh] done in 2ms @ http://localhost:3000/_next/static/chunks/node_modules_next_dist_1e8vcs8._.js:776
[  264140ms] [LOG] [Fast Refresh] done in 2ms @ http://localhost:3000/_next/static/chunks/node_modules_next_dist_1e8vcs8._.js:776
[  264181ms] [LOG] [Fast Refresh] done in 2ms @ http://localhost:3000/_next/static/chunks/node_modules_next_dist_1e8vcs8._.js:776
[  264230ms] [LOG] [Fast Refresh] done in 2ms @ http://localhost:3000/_next/static/chunks/node_modules_next_dist_1e8vcs8._.js:776
[  264285ms] [LOG] [Fast Refresh] done in 2ms @ http://localhost:3000/_next/static/chunks/node_modules_next_dist_1e8vcs8._.js:776
[  264327ms] [LOG] [Fast Refresh] done in 2ms @ http://localhost:3000/_next/static/chunks/node_modules_next_dist_1e8vcs8._.js:776
[  264376ms] [LOG] [Fast Refresh] done in 2ms @ http://localhost:3000/_next/static/chunks/node_modules_next_dist_1e8vcs8._.js:776
[  264422ms] [LOG] [Fast Refresh] done in 2ms @ http://localhost:3000/_next/static/chunks/node_modules_next_dist_1e8vcs8._.js:776
[  264481ms] [LOG] [Fast Refresh] done in 2ms @ http://localhost:3000/_next/static/chunks/node_modules_next_dist_1e8vcs8._.js:776
[  264536ms] [LOG] [Fast Refresh] done in 2ms @ http://localhost:3000/_next/static/chunks/node_modules_next_dist_1e8vcs8._.js:776
[  264589ms] [LOG] [Fast Refresh] done in 2ms @ http://localhost:3000/_next/static/chunks/node_modules_next_dist_1e8vcs8._.js:776
[  264638ms] [LOG] [Fast Refresh] done in 2ms @ http://localhost:3000/_next/static/chunks/node_modules_next_dist_1e8vcs8._.js:776
[  264685ms] [LOG] [Fast Refresh] done in 2ms @ http://localhost:3000/_next/static/chunks/node_modules_next_dist_1e8vcs8._.js:776
[  264726ms] [LOG] [Fast Refresh] done in 2ms @ http://localhost:3000/_next/static/chunks/node_modules_next_dist_1e8vcs8._.js:776
[  264771ms] [LOG] [Fast Refresh] done in 2ms @ http://localhost:3000/_next/static/chunks/node_modules_next_dist_1e8vcs8._.js:776
[  264820ms] [LOG] [Fast Refresh] done in 2ms @ http://localhost:3000/_next/static/chunks/node_modules_next_dist_1e8vcs8._.js:776
[  264876ms] [LOG] [Fast Refresh] done in 2ms @ http://localhost:3000/_next/static/chunks/node_modules_next_dist_1e8vcs8._.js:776
[  264920ms] [LOG] [Fast Refresh] done in 2ms @ http://localhost:3000/_next/static/chunks/node_modules_next_dist_1e8vcs8._.js:776
[  264964ms] [LOG] [Fast Refresh] done in 2ms @ http://localhost:3000/_next/static/chunks/node_modules_next_dist_1e8vcs8._.js:776
[  265012ms] [LOG] [Fast Refresh] done in 2ms @ http://localhost:3000/_next/static/chunks/node_modules_next_dist_1e8vcs8._.js:776
[  265058ms] [LOG] [Fast Refresh] done in 2ms @ http://localhost:3000/_next/static/chunks/node_modules_next_dist_1e8vcs8._.js:776
[  265108ms] [LOG] [Fast Refresh] done in 2ms @ http://localhost:3000/_next/static/chunks/node_modules_next_dist_1e8vcs8._.js:776
[  265153ms] [LOG] [Fast Refresh] done in 2ms @ http://localhost:3000/_next/static/chunks/node_modules_next_dist_1e8vcs8._.js:776
[  265196ms] [LOG] [Fast Refresh] done in 2ms @ http://localhost:3000/_next/static/chunks/node_modules_next_dist_1e8vcs8._.js:776
[  265239ms] [LOG] [Fast Refresh] done in 2ms @ http://localhost:3000/_next/static/chunks/node_modules_next_dist_1e8vcs8._.js:776
[  265292ms] [LOG] [Fast Refresh] done in 2ms @ http://localhost:3000/_next/static/chunks/node_modules_next_dist_1e8vcs8._.js:776
[  265341ms] [LOG] [Fast Refresh] done in 2ms @ http://localhost:3000/_next/static/chunks/node_modules_next_dist_1e8vcs8._.js:776
[  265390ms] [LOG] [Fast Refresh] done in 2ms @ http://localhost:3000/_next/static/chunks/node_modules_next_dist_1e8vcs8._.js:776
[  265439ms] [LOG] [Fast Refresh] done in 2ms @ http://localhost:3000/_next/static/chunks/node_modules_next_dist_1e8vcs8._.js:776
[  265487ms] [LOG] [Fast Refresh] done in 2ms @ http://localhost:3000/_next/static/chunks/node_modules_next_dist_1e8vcs8._.js:776
[  265534ms] [LOG] [Fast Refresh] done in 2ms @ http://localhost:3000/_next/static/chunks/node_modules_next_dist_1e8vcs8._.js:776
[  265577ms] [LOG] [Fast Refresh] done in 2ms @ http://localhost:3000/_next/static/chunks/node_modules_next_dist_1e8vcs8._.js:776
[  265621ms] [LOG] [Fast Refresh] done in 2ms @ http://localhost:3000/_next/static/chunks/node_modules_next_dist_1e8vcs8._.js:776
[  265674ms] [LOG] [Fast Refresh] done in 2ms @ http://localhost:3000/_next/static/chunks/node_modules_next_dist_1e8vcs8._.js:776
[  265721ms] [LOG] [Fast Refresh] done in 2ms @ http://localhost:3000/_next/static/chunks/node_modules_next_dist_1e8vcs8._.js:776
[  265773ms] [LOG] [Fast Refresh] done in 2ms @ http://localhost:3000/_next/static/chunks/node_modules_next_dist_1e8vcs8._.js:776
[  265817ms] [LOG] [Fast Refresh] done in 2ms @ http://localhost:3000/_next/static/chunks/node_modules_next_dist_1e8vcs8._.js:776
[  265861ms] [LOG] [Fast Refresh] done in 2ms @ http://localhost:3000/_next/static/chunks/node_modules_next_dist_1e8vcs8._.js:776
[  265909ms] [LOG] [Fast Refresh] done in 2ms @ http://localhost:3000/_next/static/chunks/node_modules_next_dist_1e8vcs8._.js:776
[  265956ms] [LOG] [Fast Refresh] done in 2ms @ http://localhost:3000/_next/static/chunks/node_modules_next_dist_1e8vcs8._.js:776
[  265999ms] [LOG] [Fast Refresh] done in 2ms @ http://localhost:3000/_next/static/chunks/node_modules_next_dist_1e8vcs8._.js:776
[  266045ms] [LOG] [Fast Refresh] done in 2ms @ http://localhost:3000/_next/static/chunks/node_modules_next_dist_1e8vcs8._.js:776
[  266096ms] [LOG] [Fast Refresh] done in 2ms @ http://localhost:3000/_next/static/chunks/node_modules_next_dist_1e8vcs8._.js:776
[  266146ms] [LOG] [Fast Refresh] done in 2ms @ http://localhost:3000/_next/static/chunks/node_modules_next_dist_1e8vcs8._.js:776
[  266195ms] [LOG] [Fast Refresh] done in 2ms @ http://localhost:3000/_next/static/chunks/node_modules_next_dist_1e8vcs8._.js:776
[  266238ms] [LOG] [Fast Refresh] done in 2ms @ http://localhost:3000/_next/static/chunks/node_modules_next_dist_1e8vcs8._.js:776
[  266284ms] [LOG] [Fast Refresh] done in 2ms @ http://localhost:3000/_next/static/chunks/node_modules_next_dist_1e8vcs8._.js:776
[  266336ms] [LOG] [Fast Refresh] done in 2ms @ http://localhost:3000/_next/static/chunks/node_modules_next_dist_1e8vcs8._.js:776
[  266383ms] [LOG] [Fast Refresh] done in 2ms @ http://localhost:3000/_next/static/chunks/node_modules_next_dist_1e8vcs8._.js:776
[  266428ms] [LOG] [Fast Refresh] done in 2ms @ http://localhost:3000/_next/static/chunks/node_modules_next_dist_1e8vcs8._.js:776
[  266471ms] [LOG] [Fast Refresh] done in 2ms @ http://localhost:3000/_next/static/chunks/node_modules_next_dist_1e8vcs8._.js:776
[  266520ms] [LOG] [Fast Refresh] done in 2ms @ http://localhost:3000/_next/static/chunks/node_modules_next_dist_1e8vcs8._.js:776
[  266567ms] [LOG] [Fast Refresh] done in 2ms @ http://localhost:3000/_next/static/chunks/node_modules_next_dist_1e8vcs8._.js:776
[  266617ms] [LOG] [Fast Refresh] done in 2ms @ http://localhost:3000/_next/static/chunks/node_modules_next_dist_1e8vcs8._.js:776
[  266672ms] [LOG] [Fast Refresh] done in 2ms @ http://localhost:3000/_next/static/chunks/node_modules_next_dist_1e8vcs8._.js:776
[  266726ms] [LOG] [Fast Refresh] done in 2ms @ http://localhost:3000/_next/static/chunks/node_modules_next_dist_1e8vcs8._.js:776
[  266770ms] [LOG] [Fast Refresh] done in 2ms @ http://localhost:3000/_next/static/chunks/node_modules_next_dist_1e8vcs8._.js:776
[  266820ms] [LOG] [Fast Refresh] done in 2ms @ http://localhost:3000/_next/static/chunks/node_modules_next_dist_1e8vcs8._.js:776
[  266863ms] [LOG] [Fast Refresh] done in 2ms @ http://localhost:3000/_next/static/chunks/node_modules_next_dist_1e8vcs8._.js:776
[  266915ms] [LOG] [Fast Refresh] done in 2ms @ http://localhost:3000/_next/static/chunks/node_modules_next_dist_1e8vcs8._.js:776
[  266966ms] [LOG] [Fast Refresh] done in 2ms @ http://localhost:3000/_next/static/chunks/node_modules_next_dist_1e8vcs8._.js:776
[  267015ms] [LOG] [Fast Refresh] done in 2ms @ http://localhost:3000/_next/static/chunks/node_modules_next_dist_1e8vcs8._.js:776
[  267057ms] [LOG] [Fast Refresh] done in 2ms @ http://localhost:3000/_next/static/chunks/node_modules_next_dist_1e8vcs8._.js:776
[  267098ms] [LOG] [Fast Refresh] done in 2ms @ http://localhost:3000/_next/static/chunks/node_modules_next_dist_1e8vcs8._.js:776
[  267140ms] [LOG] [Fast Refresh] done in 2ms @ http://localhost:3000/_next/static/chunks/node_modules_next_dist_1e8vcs8._.js:776
[  267181ms] [LOG] [Fast Refresh] done in 2ms @ http://localhost:3000/_next/static/chunks/node_modules_next_dist_1e8vcs8._.js:776
[  267237ms] [LOG] [Fast Refresh] done in 2ms @ http://localhost:3000/_next/static/chunks/node_modules_next_dist_1e8vcs8._.js:776
[  267286ms] [LOG] [Fast Refresh] done in 2ms @ http://localhost:3000/_next/static/chunks/node_modules_next_dist_1e8vcs8._.js:776
[  267337ms] [LOG] [Fast Refresh] done in 2ms @ http://localhost:3000/_next/static/chunks/node_modules_next_dist_1e8vcs8._.js:776
[  267384ms] [LOG] [Fast Refresh] done in 2ms @ http://localhost:3000/_next/static/chunks/node_modules_next_dist_1e8vcs8._.js:776
[  267428ms] [LOG] [Fast Refresh] done in 2ms @ http://localhost:3000/_next/static/chunks/node_modules_next_dist_1e8vcs8._.js:776
[  267473ms] [LOG] [Fast Refresh] done in 2ms @ http://localhost:3000/_next/static/chunks/node_modules_next_dist_1e8vcs8._.js:776
[  267516ms] [LOG] [Fast Refresh] done in 2ms @ http://localhost:3000/_next/static/chunks/node_modules_next_dist_1e8vcs8._.js:776
[  267568ms] [LOG] [Fast Refresh] done in 2ms @ http://localhost:3000/_next/static/chunks/node_modules_next_dist_1e8vcs8._.js:776
[  267619ms] [LOG] [Fast Refresh] done in 2ms @ http://localhost:3000/_next/static/chunks/node_modules_next_dist_1e8vcs8._.js:776
[  267663ms] [LOG] [Fast Refresh] done in 2ms @ http://localhost:3000/_next/static/chunks/node_modules_next_dist_1e8vcs8._.js:776
[  267714ms] [LOG] [Fast Refresh] done in 2ms @ http://localhost:3000/_next/static/chunks/node_modules_next_dist_1e8vcs8._.js:776
[  267763ms] [LOG] [Fast Refresh] done in 2ms @ http://localhost:3000/_next/static/chunks/node_modules_next_dist_1e8vcs8._.js:776
[  267809ms] [LOG] [Fast Refresh] done in 2ms @ http://localhost:3000/_next/static/chunks/node_modules_next_dist_1e8vcs8._.js:776
[  267855ms] [LOG] [Fast Refresh] done in 2ms @ http://localhost:3000/_next/static/chunks/node_modules_next_dist_1e8vcs8._.js:776
[  267899ms] [LOG] [Fast Refresh] done in 2ms @ http://localhost:3000/_next/static/chunks/node_modules_next_dist_1e8vcs8._.js:776
[  267945ms] [LOG] [Fast Refresh] done in 2ms @ http://localhost:3000/_next/static/chunks/node_modules_next_dist_1e8vcs8._.js:776
[  267992ms] [LOG] [Fast Refresh] done in 2ms @ http://localhost:3000/_next/static/chunks/node_modules_next_dist_1e8vcs8._.js:776
[  268056ms] [LOG] [Fast Refresh] done in 2ms @ http://localhost:3000/_next/static/chunks/node_modules_next_dist_1e8vcs8._.js:776
[  268105ms] [LOG] [Fast Refresh] done in 2ms @ http://localhost:3000/_next/static/chunks/node_modules_next_dist_1e8vcs8._.js:776
[  268155ms] [LOG] [Fast Refresh] done in 2ms @ http://localhost:3000/_next/static/chunks/node_modules_next_dist_1e8vcs8._.js:776
[  268202ms] [LOG] [Fast Refresh] done in 2ms @ http://localhost:3000/_next/static/chunks/node_modules_next_dist_1e8vcs8._.js:776
[  268250ms] [LOG] [Fast Refresh] done in 2ms @ http://localhost:3000/_next/static/chunks/node_modules_next_dist_1e8vcs8._.js:776
[  268307ms] [LOG] [Fast Refresh] done in 2ms @ http://localhost:3000/_next/static/chunks/node_modules_next_dist_1e8vcs8._.js:776
[  268348ms] [LOG] [Fast Refresh] done in 2ms @ http://localhost:3000/_next/static/chunks/node_modules_next_dist_1e8vcs8._.js:776
[  268390ms] [LOG] [Fast Refresh] done in 2ms @ http://localhost:3000/_next/static/chunks/node_modules_next_dist_1e8vcs8._.js:776
[  268436ms] [LOG] [Fast Refresh] done in 2ms @ http://localhost:3000/_next/static/chunks/node_modules_next_dist_1e8vcs8._.js:776
[  268487ms] [LOG] [Fast Refresh] done in 2ms @ http://localhost:3000/_next/static/chunks/node_modules_next_dist_1e8vcs8._.js:776
[  268537ms] [LOG] [Fast Refresh] done in 2ms @ http://localhost:3000/_next/static/chunks/node_modules_next_dist_1e8vcs8._.js:776
[  268581ms] [LOG] [Fast Refresh] done in 2ms @ http://localhost:3000/_next/static/chunks/node_modules_next_dist_1e8vcs8._.js:776
[  268626ms] [LOG] [Fast Refresh] done in 2ms @ http://localhost:3000/_next/static/chunks/node_modules_next_dist_1e8vcs8._.js:776
[  268680ms] [LOG] [Fast Refresh] done in 2ms @ http://localhost:3000/_next/static/chunks/node_modules_next_dist_1e8vcs8._.js:776
[  268722ms] [LOG] [Fast Refresh] done in 2ms @ http://localhost:3000/_next/static/chunks/node_modules_next_dist_1e8vcs8._.js:776
[  268770ms] [LOG] [Fast Refresh] done in 2ms @ http://localhost:3000/_next/static/chunks/node_modules_next_dist_1e8vcs8._.js:776
[  268818ms] [LOG] [Fast Refresh] done in 2ms @ http://localhost:3000/_next/static/chunks/node_modules_next_dist_1e8vcs8._.js:776
[  268867ms] [LOG] [Fast Refresh] done in 2ms @ http://localhost:3000/_next/static/chunks/node_modules_next_dist_1e8vcs8._.js:776
[  268914ms] [LOG] [Fast Refresh] done in 2ms @ http://localhost:3000/_next/static/chunks/node_modules_next_dist_1e8vcs8._.js:776
[  268971ms] [LOG] [Fast Refresh] done in 2ms @ http://localhost:3000/_next/static/chunks/node_modules_next_dist_1e8vcs8._.js:776
[  269011ms] [LOG] [Fast Refresh] done in 2ms @ http://localhost:3000/_next/static/chunks/node_modules_next_dist_1e8vcs8._.js:776
[  269063ms] [LOG] [Fast Refresh] done in 2ms @ http://localhost:3000/_next/static/chunks/node_modules_next_dist_1e8vcs8._.js:776
[  269105ms] [LOG] [Fast Refresh] done in 2ms @ http://localhost:3000/_next/static/chunks/node_modules_next_dist_1e8vcs8._.js:776
[  269152ms] [LOG] [Fast Refresh] done in 2ms @ http://localhost:3000/_next/static/chunks/node_modules_next_dist_1e8vcs8._.js:776
[  269211ms] [LOG] [Fast Refresh] done in 2ms @ http://localhost:3000/_next/static/chunks/node_modules_next_dist_1e8vcs8._.js:776
[  269256ms] [LOG] [Fast Refresh] done in 2ms @ http://localhost:3000/_next/static/chunks/node_modules_next_dist_1e8vcs8._.js:776
[  269304ms] [LOG] [Fast Refresh] done in 2ms @ http://localhost:3000/_next/static/chunks/node_modules_next_dist_1e8vcs8._.js:776
[  269360ms] [LOG] [Fast Refresh] done in 2ms @ http://localhost:3000/_next/static/chunks/node_modules_next_dist_1e8vcs8._.js:776
[  269405ms] [LOG] [Fast Refresh] done in 2ms @ http://localhost:3000/_next/static/chunks/node_modules_next_dist_1e8vcs8._.js:776
[  269450ms] [LOG] [Fast Refresh] done in 2ms @ http://localhost:3000/_next/static/chunks/node_modules_next_dist_1e8vcs8._.js:776
[  269499ms] [LOG] [Fast Refresh] done in 2ms @ http://localhost:3000/_next/static/chunks/node_modules_next_dist_1e8vcs8._.js:776
[  269550ms] [LOG] [Fast Refresh] done in 2ms @ http://localhost:3000/_next/static/chunks/node_modules_next_dist_1e8vcs8._.js:776
[  269598ms] [LOG] [Fast Refresh] done in 2ms @ http://localhost:3000/_next/static/chunks/node_modules_next_dist_1e8vcs8._.js:776
[  269641ms] [LOG] [Fast Refresh] done in 2ms @ http://localhost:3000/_next/static/chunks/node_modules_next_dist_1e8vcs8._.js:776
[  269691ms] [LOG] [Fast Refresh] done in 2ms @ http://localhost:3000/_next/static/chunks/node_modules_next_dist_1e8vcs8._.js:776
[  269740ms] [LOG] [Fast Refresh] done in 2ms @ http://localhost:3000/_next/static/chunks/node_modules_next_dist_1e8vcs8._.js:776
[  269797ms] [LOG] [Fast Refresh] done in 2ms @ http://localhost:3000/_next/static/chunks/node_modules_next_dist_1e8vcs8._.js:776
[  269853ms] [LOG] [Fast Refresh] done in 2ms @ http://localhost:3000/_next/static/chunks/node_modules_next_dist_1e8vcs8._.js:776
[  269902ms] [LOG] [Fast Refresh] done in 2ms @ http://localhost:3000/_next/static/chunks/node_modules_next_dist_1e8vcs8._.js:776
[  269950ms] [LOG] [Fast Refresh] done in 2ms @ http://localhost:3000/_next/static/chunks/node_modules_next_dist_1e8vcs8._.js:776
[  270000ms] [LOG] [Fast Refresh] done in 2ms @ http://localhost:3000/_next/static/chunks/node_modules_next_dist_1e8vcs8._.js:776
[  270051ms] [LOG] [Fast Refresh] done in 2ms @ http://localhost:3000/_next/static/chunks/node_modules_next_dist_1e8vcs8._.js:776
[  270096ms] [LOG] [Fast Refresh] done in 2ms @ http://localhost:3000/_next/static/chunks/node_modules_next_dist_1e8vcs8._.js:776
[  270145ms] [LOG] [Fast Refresh] done in 2ms @ http://localhost:3000/_next/static/chunks/node_modules_next_dist_1e8vcs8._.js:776
[  270191ms] [LOG] [Fast Refresh] done in 2ms @ http://localhost:3000/_next/static/chunks/node_modules_next_dist_1e8vcs8._.js:776
[  270237ms] [LOG] [Fast Refresh] done in 2ms @ http://localhost:3000/_next/static/chunks/node_modules_next_dist_1e8vcs8._.js:776
[  270284ms] [LOG] [Fast Refresh] done in 2ms @ http://localhost:3000/_next/static/chunks/node_modules_next_dist_1e8vcs8._.js:776
[  270346ms] [LOG] [Fast Refresh] done in 2ms @ http://localhost:3000/_next/static/chunks/node_modules_next_dist_1e8vcs8._.js:776
[  270389ms] [LOG] [Fast Refresh] done in 2ms @ http://localhost:3000/_next/static/chunks/node_modules_next_dist_1e8vcs8._.js:776
[  270429ms] [LOG] [Fast Refresh] done in 2ms @ http://localhost:3000/_next/static/chunks/node_modules_next_dist_1e8vcs8._.js:776
[  270481ms] [LOG] [Fast Refresh] done in 2ms @ http://localhost:3000/_next/static/chunks/node_modules_next_dist_1e8vcs8._.js:776
[  270524ms] [LOG] [Fast Refresh] done in 2ms @ http://localhost:3000/_next/static/chunks/node_modules_next_dist_1e8vcs8._.js:776
[  270568ms] [LOG] [Fast Refresh] done in 2ms @ http://localhost:3000/_next/static/chunks/node_modules_next_dist_1e8vcs8._.js:776
[  270615ms] [LOG] [Fast Refresh] done in 2ms @ http://localhost:3000/_next/static/chunks/node_modules_next_dist_1e8vcs8._.js:776
[  270666ms] [LOG] [Fast Refresh] done in 2ms @ http://localhost:3000/_next/static/chunks/node_modules_next_dist_1e8vcs8._.js:776
[  270714ms] [LOG] [Fast Refresh] done in 2ms @ http://localhost:3000/_next/static/chunks/node_modules_next_dist_1e8vcs8._.js:776
[  270763ms] [LOG] [Fast Refresh] done in 2ms @ http://localhost:3000/_next/static/chunks/node_modules_next_dist_1e8vcs8._.js:776
[  270810ms] [LOG] [Fast Refresh] done in 2ms @ http://localhost:3000/_next/static/chunks/node_modules_next_dist_1e8vcs8._.js:776
[  270862ms] [LOG] [Fast Refresh] done in 2ms @ http://localhost:3000/_next/static/chunks/node_modules_next_dist_1e8vcs8._.js:776
[  270905ms] [LOG] [Fast Refresh] done in 2ms @ http://localhost:3000/_next/static/chunks/node_modules_next_dist_1e8vcs8._.js:776
[  270950ms] [LOG] [Fast Refresh] done in 2ms @ http://localhost:3000/_next/static/chunks/node_modules_next_dist_1e8vcs8._.js:776
[  270999ms] [LOG] [Fast Refresh] done in 2ms @ http://localhost:3000/_next/static/chunks/node_modules_next_dist_1e8vcs8._.js:776
[  271047ms] [LOG] [Fast Refresh] done in 2ms @ http://localhost:3000/_next/static/chunks/node_modules_next_dist_1e8vcs8._.js:776
[  271097ms] [LOG] [Fast Refresh] done in 2ms @ http://localhost:3000/_next/static/chunks/node_modules_next_dist_1e8vcs8._.js:776
[  271147ms] [LOG] [Fast Refresh] done in 2ms @ http://localhost:3000/_next/static/chunks/node_modules_next_dist_1e8vcs8._.js:776
[  271191ms] [LOG] [Fast Refresh] done in 2ms @ http://localhost:3000/_next/static/chunks/node_modules_next_dist_1e8vcs8._.js:776
[  271249ms] [LOG] [Fast Refresh] done in 2ms @ http://localhost:3000/_next/static/chunks/node_modules_next_dist_1e8vcs8._.js:776
[  271299ms] [LOG] [Fast Refresh] done in 2ms @ http://localhost:3000/_next/static/chunks/node_modules_next_dist_1e8vcs8._.js:776
[  271346ms] [LOG] [Fast Refresh] done in 2ms @ http://localhost:3000/_next/static/chunks/node_modules_next_dist_1e8vcs8._.js:776
[  271395ms] [LOG] [Fast Refresh] done in 2ms @ http://localhost:3000/_next/static/chunks/node_modules_next_dist_1e8vcs8._.js:776
[  271451ms] [LOG] [Fast Refresh] done in 2ms @ http://localhost:3000/_next/static/chunks/node_modules_next_dist_1e8vcs8._.js:776
[  271506ms] [LOG] [Fast Refresh] done in 2ms @ http://localhost:3000/_next/static/chunks/node_modules_next_dist_1e8vcs8._.js:776
[  271548ms] [LOG] [Fast Refresh] done in 2ms @ http://localhost:3000/_next/static/chunks/node_modules_next_dist_1e8vcs8._.js:776
[  271596ms] [LOG] [Fast Refresh] done in 2ms @ http://localhost:3000/_next/static/chunks/node_modules_next_dist_1e8vcs8._.js:776
[  271641ms] [LOG] [Fast Refresh] done in 2ms @ http://localhost:3000/_next/static/chunks/node_modules_next_dist_1e8vcs8._.js:776
[  271693ms] [LOG] [Fast Refresh] done in 2ms @ http://localhost:3000/_next/static/chunks/node_modules_next_dist_1e8vcs8._.js:776
[  271742ms] [LOG] [Fast Refresh] done in 2ms @ http://localhost:3000/_next/static/chunks/node_modules_next_dist_1e8vcs8._.js:776
[  271791ms] [LOG] [Fast Refresh] done in 2ms @ http://localhost:3000/_next/static/chunks/node_modules_next_dist_1e8vcs8._.js:776
[  271838ms] [LOG] [Fast Refresh] done in 2ms @ http://localhost:3000/_next/static/chunks/node_modules_next_dist_1e8vcs8._.js:776
[  271887ms] [LOG] [Fast Refresh] done in 2ms @ http://localhost:3000/_next/static/chunks/node_modules_next_dist_1e8vcs8._.js:776
[  271929ms] [LOG] [Fast Refresh] done in 2ms @ http://localhost:3000/_next/static/chunks/node_modules_next_dist_1e8vcs8._.js:776
[  271977ms] [LOG] [Fast Refresh] done in 2ms @ http://localhost:3000/_next/static/chunks/node_modules_next_dist_1e8vcs8._.js:776
[  272026ms] [LOG] [Fast Refresh] done in 2ms @ http://localhost:3000/_next/static/chunks/node_modules_next_dist_1e8vcs8._.js:776
[  272080ms] [LOG] [Fast Refresh] done in 2ms @ http://localhost:3000/_next/static/chunks/node_modules_next_dist_1e8vcs8._.js:776
[  272124ms] [LOG] [Fast Refresh] done in 2ms @ http://localhost:3000/_next/static/chunks/node_modules_next_dist_1e8vcs8._.js:776
[  272173ms] [LOG] [Fast Refresh] done in 2ms @ http://localhost:3000/_next/static/chunks/node_modules_next_dist_1e8vcs8._.js:776
[  272221ms] [LOG] [Fast Refresh] done in 2ms @ http://localhost:3000/_next/static/chunks/node_modules_next_dist_1e8vcs8._.js:776
[  272263ms] [LOG] [Fast Refresh] done in 2ms @ http://localhost:3000/_next/static/chunks/node_modules_next_dist_1e8vcs8._.js:776
[  272311ms] [LOG] [Fast Refresh] done in 2ms @ http://localhost:3000/_next/static/chunks/node_modules_next_dist_1e8vcs8._.js:776
[  272363ms] [LOG] [Fast Refresh] done in 2ms @ http://localhost:3000/_next/static/chunks/node_modules_next_dist_1e8vcs8._.js:776
[  272411ms] [LOG] [Fast Refresh] done in 2ms @ http://localhost:3000/_next/static/chunks/node_modules_next_dist_1e8vcs8._.js:776
[  272457ms] [LOG] [Fast Refresh] done in 2ms @ http://localhost:3000/_next/static/chunks/node_modules_next_dist_1e8vcs8._.js:776
[  272506ms] [LOG] [Fast Refresh] done in 2ms @ http://localhost:3000/_next/static/chunks/node_modules_next_dist_1e8vcs8._.js:776
[  272557ms] [LOG] [Fast Refresh] done in 2ms @ http://localhost:3000/_next/static/chunks/node_modules_next_dist_1e8vcs8._.js:776
[  272608ms] [LOG] [Fast Refresh] done in 2ms @ http://localhost:3000/_next/static/chunks/node_modules_next_dist_1e8vcs8._.js:776
[  272653ms] [LOG] [Fast Refresh] done in 2ms @ http://localhost:3000/_next/static/chunks/node_modules_next_dist_1e8vcs8._.js:776
[  272703ms] [LOG] [Fast Refresh] done in 2ms @ http://localhost:3000/_next/static/chunks/node_modules_next_dist_1e8vcs8._.js:776
[  272756ms] [LOG] [Fast Refresh] done in 2ms @ http://localhost:3000/_next/static/chunks/node_modules_next_dist_1e8vcs8._.js:776
[  272805ms] [LOG] [Fast Refresh] done in 2ms @ http://localhost:3000/_next/static/chunks/node_modules_next_dist_1e8vcs8._.js:776
[  272846ms] [LOG] [Fast Refresh] done in 2ms @ http://localhost:3000/_next/static/chunks/node_modules_next_dist_1e8vcs8._.js:776
[  272889ms] [LOG] [Fast Refresh] done in 2ms @ http://localhost:3000/_next/static/chunks/node_modules_next_dist_1e8vcs8._.js:776
[  272935ms] [LOG] [Fast Refresh] done in 2ms @ http://localhost:3000/_next/static/chunks/node_modules_next_dist_1e8vcs8._.js:776
[  272983ms] [LOG] [Fast Refresh] done in 2ms @ http://localhost:3000/_next/static/chunks/node_modules_next_dist_1e8vcs8._.js:776
[  273034ms] [LOG] [Fast Refresh] done in 2ms @ http://localhost:3000/_next/static/chunks/node_modules_next_dist_1e8vcs8._.js:776
[  273090ms] [LOG] [Fast Refresh] done in 2ms @ http://localhost:3000/_next/static/chunks/node_modules_next_dist_1e8vcs8._.js:776
[  273152ms] [LOG] [Fast Refresh] done in 2ms @ http://localhost:3000/_next/static/chunks/node_modules_next_dist_1e8vcs8._.js:776
[  273200ms] [LOG] [Fast Refresh] done in 2ms @ http://localhost:3000/_next/static/chunks/node_modules_next_dist_1e8vcs8._.js:776
[  273249ms] [LOG] [Fast Refresh] done in 2ms @ http://localhost:3000/_next/static/chunks/node_modules_next_dist_1e8vcs8._.js:776
[  273304ms] [LOG] [Fast Refresh] done in 2ms @ http://localhost:3000/_next/static/chunks/node_modules_next_dist_1e8vcs8._.js:776
[  273355ms] [LOG] [Fast Refresh] done in 2ms @ http://localhost:3000/_next/static/chunks/node_modules_next_dist_1e8vcs8._.js:776
[  273402ms] [LOG] [Fast Refresh] done in 2ms @ http://localhost:3000/_next/static/chunks/node_modules_next_dist_1e8vcs8._.js:776
[  273446ms] [LOG] [Fast Refresh] done in 2ms @ http://localhost:3000/_next/static/chunks/node_modules_next_dist_1e8vcs8._.js:776
[  273492ms] [LOG] [Fast Refresh] done in 2ms @ http://localhost:3000/_next/static/chunks/node_modules_next_dist_1e8vcs8._.js:776
[  273536ms] [LOG] [Fast Refresh] done in 2ms @ http://localhost:3000/_next/static/chunks/node_modules_next_dist_1e8vcs8._.js:776
[  273583ms] [LOG] [Fast Refresh] done in 2ms @ http://localhost:3000/_next/static/chunks/node_modules_next_dist_1e8vcs8._.js:776
[  273631ms] [LOG] [Fast Refresh] done in 2ms @ http://localhost:3000/_next/static/chunks/node_modules_next_dist_1e8vcs8._.js:776
[  273673ms] [LOG] [Fast Refresh] done in 2ms @ http://localhost:3000/_next/static/chunks/node_modules_next_dist_1e8vcs8._.js:776
[  273732ms] [LOG] [Fast Refresh] done in 2ms @ http://localhost:3000/_next/static/chunks/node_modules_next_dist_1e8vcs8._.js:776
[  273773ms] [LOG] [Fast Refresh] done in 2ms @ http://localhost:3000/_next/static/chunks/node_modules_next_dist_1e8vcs8._.js:776
[  273827ms] [LOG] [Fast Refresh] done in 2ms @ http://localhost:3000/_next/static/chunks/node_modules_next_dist_1e8vcs8._.js:776
[  273874ms] [LOG] [Fast Refresh] done in 2ms @ http://localhost:3000/_next/static/chunks/node_modules_next_dist_1e8vcs8._.js:776
[  273922ms] [LOG] [Fast Refresh] done in 2ms @ http://localhost:3000/_next/static/chunks/node_modules_next_dist_1e8vcs8._.js:776
[  273971ms] [LOG] [Fast Refresh] done in 2ms @ http://localhost:3000/_next/static/chunks/node_modules_next_dist_1e8vcs8._.js:776
[  274028ms] [LOG] [Fast Refresh] done in 2ms @ http://localhost:3000/_next/static/chunks/node_modules_next_dist_1e8vcs8._.js:776
[  274076ms] [LOG] [Fast Refresh] done in 2ms @ http://localhost:3000/_next/static/chunks/node_modules_next_dist_1e8vcs8._.js:776
[  274124ms] [LOG] [Fast Refresh] done in 2ms @ http://localhost:3000/_next/static/chunks/node_modules_next_dist_1e8vcs8._.js:776
[  274165ms] [LOG] [Fast Refresh] done in 2ms @ http://localhost:3000/_next/static/chunks/node_modules_next_dist_1e8vcs8._.js:776
[  274209ms] [LOG] [Fast Refresh] done in 2ms @ http://localhost:3000/_next/static/chunks/node_modules_next_dist_1e8vcs8._.js:776
[  274256ms] [LOG] [Fast Refresh] done in 2ms @ http://localhost:3000/_next/static/chunks/node_modules_next_dist_1e8vcs8._.js:776
[  274302ms] [LOG] [Fast Refresh] done in 2ms @ http://localhost:3000/_next/static/chunks/node_modules_next_dist_1e8vcs8._.js:776
[  274348ms] [LOG] [Fast Refresh] done in 2ms @ http://localhost:3000/_next/static/chunks/node_modules_next_dist_1e8vcs8._.js:776
[  274387ms] [LOG] [Fast Refresh] done in 2ms @ http://localhost:3000/_next/static/chunks/node_modules_next_dist_1e8vcs8._.js:776
[  274437ms] [LOG] [Fast Refresh] done in 2ms @ http://localhost:3000/_next/static/chunks/node_modules_next_dist_1e8vcs8._.js:776
[  274492ms] [LOG] [Fast Refresh] done in 2ms @ http://localhost:3000/_next/static/chunks/node_modules_next_dist_1e8vcs8._.js:776
[  274542ms] [LOG] [Fast Refresh] done in 2ms @ http://localhost:3000/_next/static/chunks/node_modules_next_dist_1e8vcs8._.js:776
[  274596ms] [LOG] [Fast Refresh] done in 2ms @ http://localhost:3000/_next/static/chunks/node_modules_next_dist_1e8vcs8._.js:776
[  274645ms] [LOG] [Fast Refresh] done in 2ms @ http://localhost:3000/_next/static/chunks/node_modules_next_dist_1e8vcs8._.js:776
[  274693ms] [LOG] [Fast Refresh] done in 2ms @ http://localhost:3000/_next/static/chunks/node_modules_next_dist_1e8vcs8._.js:776
[  274741ms] [LOG] [Fast Refresh] done in 2ms @ http://localhost:3000/_next/static/chunks/node_modules_next_dist_1e8vcs8._.js:776
[  274785ms] [LOG] [Fast Refresh] done in 2ms @ http://localhost:3000/_next/static/chunks/node_modules_next_dist_1e8vcs8._.js:776
[  274829ms] [LOG] [Fast Refresh] done in 2ms @ http://localhost:3000/_next/static/chunks/node_modules_next_dist_1e8vcs8._.js:776
[  274874ms] [LOG] [Fast Refresh] done in 2ms @ http://localhost:3000/_next/static/chunks/node_modules_next_dist_1e8vcs8._.js:776
[  274938ms] [LOG] [Fast Refresh] done in 2ms @ http://localhost:3000/_next/static/chunks/node_modules_next_dist_1e8vcs8._.js:776
[  274989ms] [LOG] [Fast Refresh] done in 2ms @ http://localhost:3000/_next/static/chunks/node_modules_next_dist_1e8vcs8._.js:776
[  275036ms] [LOG] [Fast Refresh] done in 2ms @ http://localhost:3000/_next/static/chunks/node_modules_next_dist_1e8vcs8._.js:776
[  275081ms] [LOG] [Fast Refresh] done in 2ms @ http://localhost:3000/_next/static/chunks/node_modules_next_dist_1e8vcs8._.js:776
[  275127ms] [LOG] [Fast Refresh] done in 2ms @ http://localhost:3000/_next/static/chunks/node_modules_next_dist_1e8vcs8._.js:776
[  275172ms] [LOG] [Fast Refresh] done in 2ms @ http://localhost:3000/_next/static/chunks/node_modules_next_dist_1e8vcs8._.js:776
[  275215ms] [LOG] [Fast Refresh] done in 2ms @ http://localhost:3000/_next/static/chunks/node_modules_next_dist_1e8vcs8._.js:776
[  275256ms] [LOG] [Fast Refresh] done in 2ms @ http://localhost:3000/_next/static/chunks/node_modules_next_dist_1e8vcs8._.js:776
[  275304ms] [LOG] [Fast Refresh] done in 2ms @ http://localhost:3000/_next/static/chunks/node_modules_next_dist_1e8vcs8._.js:776
[  275357ms] [LOG] [Fast Refresh] done in 2ms @ http://localhost:3000/_next/static/chunks/node_modules_next_dist_1e8vcs8._.js:776
[  275416ms] [LOG] [Fast Refresh] done in 2ms @ http://localhost:3000/_next/static/chunks/node_modules_next_dist_1e8vcs8._.js:776
[  275466ms] [LOG] [Fast Refresh] done in 2ms @ http://localhost:3000/_next/static/chunks/node_modules_next_dist_1e8vcs8._.js:776
[  275506ms] [LOG] [Fast Refresh] done in 2ms @ http://localhost:3000/_next/static/chunks/node_modules_next_dist_1e8vcs8._.js:776
[  275561ms] [LOG] [Fast Refresh] done in 2ms @ http://localhost:3000/_next/static/chunks/node_modules_next_dist_1e8vcs8._.js:776
[  275607ms] [LOG] [Fast Refresh] done in 2ms @ http://localhost:3000/_next/static/chunks/node_modules_next_dist_1e8vcs8._.js:776
[  275655ms] [LOG] [Fast Refresh] done in 2ms @ http://localhost:3000/_next/static/chunks/node_modules_next_dist_1e8vcs8._.js:776
[  275701ms] [LOG] [Fast Refresh] done in 2ms @ http://localhost:3000/_next/static/chunks/node_modules_next_dist_1e8vcs8._.js:776
[  275749ms] [LOG] [Fast Refresh] done in 2ms @ http://localhost:3000/_next/static/chunks/node_modules_next_dist_1e8vcs8._.js:776
[  275805ms] [LOG] [Fast Refresh] done in 2ms @ http://localhost:3000/_next/static/chunks/node_modules_next_dist_1e8vcs8._.js:776
[  275847ms] [LOG] [Fast Refresh] done in 2ms @ http://localhost:3000/_next/static/chunks/node_modules_next_dist_1e8vcs8._.js:776
[  275895ms] [LOG] [Fast Refresh] done in 2ms @ http://localhost:3000/_next/static/chunks/node_modules_next_dist_1e8vcs8._.js:776
[  275942ms] [LOG] [Fast Refresh] done in 2ms @ http://localhost:3000/_next/static/chunks/node_modules_next_dist_1e8vcs8._.js:776
[  275998ms] [LOG] [Fast Refresh] done in 2ms @ http://localhost:3000/_next/static/chunks/node_modules_next_dist_1e8vcs8._.js:776
[  276047ms] [LOG] [Fast Refresh] done in 2ms @ http://localhost:3000/_next/static/chunks/node_modules_next_dist_1e8vcs8._.js:776
[  276096ms] [LOG] [Fast Refresh] done in 2ms @ http://localhost:3000/_next/static/chunks/node_modules_next_dist_1e8vcs8._.js:776
[  276145ms] [LOG] [Fast Refresh] done in 2ms @ http://localhost:3000/_next/static/chunks/node_modules_next_dist_1e8vcs8._.js:776
[  276194ms] [LOG] [Fast Refresh] done in 2ms @ http://localhost:3000/_next/static/chunks/node_modules_next_dist_1e8vcs8._.js:776
[  276243ms] [LOG] [Fast Refresh] done in 2ms @ http://localhost:3000/_next/static/chunks/node_modules_next_dist_1e8vcs8._.js:776
[  276297ms] [LOG] [Fast Refresh] done in 2ms @ http://localhost:3000/_next/static/chunks/node_modules_next_dist_1e8vcs8._.js:776
[  276353ms] [LOG] [Fast Refresh] done in 2ms @ http://localhost:3000/_next/static/chunks/node_modules_next_dist_1e8vcs8._.js:776
[  276401ms] [LOG] [Fast Refresh] done in 2ms @ http://localhost:3000/_next/static/chunks/node_modules_next_dist_1e8vcs8._.js:776
[  276454ms] [LOG] [Fast Refresh] done in 2ms @ http://localhost:3000/_next/static/chunks/node_modules_next_dist_1e8vcs8._.js:776
[  276499ms] [LOG] [Fast Refresh] done in 2ms @ http://localhost:3000/_next/static/chunks/node_modules_next_dist_1e8vcs8._.js:776
[  276546ms] [LOG] [Fast Refresh] done in 2ms @ http://localhost:3000/_next/static/chunks/node_modules_next_dist_1e8vcs8._.js:776
[  276602ms] [LOG] [Fast Refresh] done in 2ms @ http://localhost:3000/_next/static/chunks/node_modules_next_dist_1e8vcs8._.js:776
[  276651ms] [LOG] [Fast Refresh] done in 2ms @ http://localhost:3000/_next/static/chunks/node_modules_next_dist_1e8vcs8._.js:776
[  276706ms] [LOG] [Fast Refresh] done in 2ms @ http://localhost:3000/_next/static/chunks/node_modules_next_dist_1e8vcs8._.js:776
[  276770ms] [LOG] [Fast Refresh] done in 2ms @ http://localhost:3000/_next/static/chunks/node_modules_next_dist_1e8vcs8._.js:776
[  276818ms] [LOG] [Fast Refresh] done in 2ms @ http://localhost:3000/_next/static/chunks/node_modules_next_dist_1e8vcs8._.js:776
[  276867ms] [LOG] [Fast Refresh] done in 2ms @ http://localhost:3000/_next/static/chunks/node_modules_next_dist_1e8vcs8._.js:776
[  276916ms] [LOG] [Fast Refresh] done in 2ms @ http://localhost:3000/_next/static/chunks/node_modules_next_dist_1e8vcs8._.js:776
[  276965ms] [LOG] [Fast Refresh] done in 2ms @ http://localhost:3000/_next/static/chunks/node_modules_next_dist_1e8vcs8._.js:776
[  277020ms] [LOG] [Fast Refresh] done in 2ms @ http://localhost:3000/_next/static/chunks/node_modules_next_dist_1e8vcs8._.js:776
[  277072ms] [LOG] [Fast Refresh] done in 2ms @ http://localhost:3000/_next/static/chunks/node_modules_next_dist_1e8vcs8._.js:776
[  277117ms] [LOG] [Fast Refresh] done in 2ms @ http://localhost:3000/_next/static/chunks/node_modules_next_dist_1e8vcs8._.js:776
[  277166ms] [LOG] [Fast Refresh] done in 2ms @ http://localhost:3000/_next/static/chunks/node_modules_next_dist_1e8vcs8._.js:776
[  277216ms] [LOG] [Fast Refresh] done in 2ms @ http://localhost:3000/_next/static/chunks/node_modules_next_dist_1e8vcs8._.js:776
[  277263ms] [LOG] [Fast Refresh] done in 2ms @ http://localhost:3000/_next/static/chunks/node_modules_next_dist_1e8vcs8._.js:776
[  277309ms] [LOG] [Fast Refresh] done in 2ms @ http://localhost:3000/_next/static/chunks/node_modules_next_dist_1e8vcs8._.js:776
[  277360ms] [LOG] [Fast Refresh] done in 2ms @ http://localhost:3000/_next/static/chunks/node_modules_next_dist_1e8vcs8._.js:776
[  277410ms] [LOG] [Fast Refresh] done in 2ms @ http://localhost:3000/_next/static/chunks/node_modules_next_dist_1e8vcs8._.js:776
[  277473ms] [LOG] [Fast Refresh] done in 2ms @ http://localhost:3000/_next/static/chunks/node_modules_next_dist_1e8vcs8._.js:776
[  277520ms] [LOG] [Fast Refresh] done in 2ms @ http://localhost:3000/_next/static/chunks/node_modules_next_dist_1e8vcs8._.js:776
[  277573ms] [LOG] [Fast Refresh] done in 2ms @ http://localhost:3000/_next/static/chunks/node_modules_next_dist_1e8vcs8._.js:776
[  277619ms] [LOG] [Fast Refresh] done in 2ms @ http://localhost:3000/_next/static/chunks/node_modules_next_dist_1e8vcs8._.js:776
[  277666ms] [LOG] [Fast Refresh] done in 2ms @ http://localhost:3000/_next/static/chunks/node_modules_next_dist_1e8vcs8._.js:776
[  277715ms] [LOG] [Fast Refresh] done in 2ms @ http://localhost:3000/_next/static/chunks/node_modules_next_dist_1e8vcs8._.js:776
[  277763ms] [LOG] [Fast Refresh] done in 2ms @ http://localhost:3000/_next/static/chunks/node_modules_next_dist_1e8vcs8._.js:776
[  277819ms] [LOG] [Fast Refresh] done in 2ms @ http://localhost:3000/_next/static/chunks/node_modules_next_dist_1e8vcs8._.js:776
[  277866ms] [LOG] [Fast Refresh] done in 2ms @ http://localhost:3000/_next/static/chunks/node_modules_next_dist_1e8vcs8._.js:776
[  277923ms] [LOG] [Fast Refresh] done in 2ms @ http://localhost:3000/_next/static/chunks/node_modules_next_dist_1e8vcs8._.js:776
[  277964ms] [LOG] [Fast Refresh] done in 2ms @ http://localhost:3000/_next/static/chunks/node_modules_next_dist_1e8vcs8._.js:776
[  278010ms] [LOG] [Fast Refresh] done in 2ms @ http://localhost:3000/_next/static/chunks/node_modules_next_dist_1e8vcs8._.js:776
[  278057ms] [LOG] [Fast Refresh] done in 2ms @ http://localhost:3000/_next/static/chunks/node_modules_next_dist_1e8vcs8._.js:776
[  278103ms] [LOG] [Fast Refresh] done in 2ms @ http://localhost:3000/_next/static/chunks/node_modules_next_dist_1e8vcs8._.js:776
[  278147ms] [LOG] [Fast Refresh] done in 2ms @ http://localhost:3000/_next/static/chunks/node_modules_next_dist_1e8vcs8._.js:776
[  278190ms] [LOG] [Fast Refresh] done in 2ms @ http://localhost:3000/_next/static/chunks/node_modules_next_dist_1e8vcs8._.js:776
[  278241ms] [LOG] [Fast Refresh] done in 2ms @ http://localhost:3000/_next/static/chunks/node_modules_next_dist_1e8vcs8._.js:776
[  278289ms] [LOG] [Fast Refresh] done in 2ms @ http://localhost:3000/_next/static/chunks/node_modules_next_dist_1e8vcs8._.js:776
[  278338ms] [LOG] [Fast Refresh] done in 2ms @ http://localhost:3000/_next/static/chunks/node_modules_next_dist_1e8vcs8._.js:776
[  278383ms] [LOG] [Fast Refresh] done in 2ms @ http://localhost:3000/_next/static/chunks/node_modules_next_dist_1e8vcs8._.js:776
[  278439ms] [LOG] [Fast Refresh] done in 2ms @ http://localhost:3000/_next/static/chunks/node_modules_next_dist_1e8vcs8._.js:776
[  278488ms] [LOG] [Fast Refresh] done in 2ms @ http://localhost:3000/_next/static/chunks/node_modules_next_dist_1e8vcs8._.js:776
[  278539ms] [LOG] [Fast Refresh] done in 2ms @ http://localhost:3000/_next/static/chunks/node_modules_next_dist_1e8vcs8._.js:776
[  278598ms] [LOG] [Fast Refresh] done in 2ms @ http://localhost:3000/_next/static/chunks/node_modules_next_dist_1e8vcs8._.js:776
[  278645ms] [LOG] [Fast Refresh] done in 2ms @ http://localhost:3000/_next/static/chunks/node_modules_next_dist_1e8vcs8._.js:776
[  278700ms] [LOG] [Fast Refresh] done in 2ms @ http://localhost:3000/_next/static/chunks/node_modules_next_dist_1e8vcs8._.js:776
[  278749ms] [LOG] [Fast Refresh] done in 2ms @ http://localhost:3000/_next/static/chunks/node_modules_next_dist_1e8vcs8._.js:776
[  278794ms] [LOG] [Fast Refresh] done in 2ms @ http://localhost:3000/_next/static/chunks/node_modules_next_dist_1e8vcs8._.js:776
[  278834ms] [LOG] [Fast Refresh] done in 2ms @ http://localhost:3000/_next/static/chunks/node_modules_next_dist_1e8vcs8._.js:776
[  278879ms] [LOG] [Fast Refresh] done in 2ms @ http://localhost:3000/_next/static/chunks/node_modules_next_dist_1e8vcs8._.js:776
[  278928ms] [LOG] [Fast Refresh] done in 2ms @ http://localhost:3000/_next/static/chunks/node_modules_next_dist_1e8vcs8._.js:776
[  278971ms] [LOG] [Fast Refresh] done in 2ms @ http://localhost:3000/_next/static/chunks/node_modules_next_dist_1e8vcs8._.js:776
[  279022ms] [LOG] [Fast Refresh] done in 2ms @ http://localhost:3000/_next/static/chunks/node_modules_next_dist_1e8vcs8._.js:776
[  279068ms] [LOG] [Fast Refresh] done in 2ms @ http://localhost:3000/_next/static/chunks/node_modules_next_dist_1e8vcs8._.js:776
[  279116ms] [LOG] [Fast Refresh] done in 2ms @ http://localhost:3000/_next/static/chunks/node_modules_next_dist_1e8vcs8._.js:776
[  279159ms] [LOG] [Fast Refresh] done in 2ms @ http://localhost:3000/_next/static/chunks/node_modules_next_dist_1e8vcs8._.js:776
[  279206ms] [LOG] [Fast Refresh] done in 2ms @ http://localhost:3000/_next/static/chunks/node_modules_next_dist_1e8vcs8._.js:776
[  279263ms] [LOG] [Fast Refresh] done in 2ms @ http://localhost:3000/_next/static/chunks/node_modules_next_dist_1e8vcs8._.js:776
[  279321ms] [LOG] [Fast Refresh] done in 2ms @ http://localhost:3000/_next/static/chunks/node_modules_next_dist_1e8vcs8._.js:776
[  279367ms] [LOG] [Fast Refresh] done in 2ms @ http://localhost:3000/_next/static/chunks/node_modules_next_dist_1e8vcs8._.js:776
[  279414ms] [LOG] [Fast Refresh] done in 2ms @ http://localhost:3000/_next/static/chunks/node_modules_next_dist_1e8vcs8._.js:776
[  279464ms] [LOG] [Fast Refresh] done in 2ms @ http://localhost:3000/_next/static/chunks/node_modules_next_dist_1e8vcs8._.js:776
[  279520ms] [LOG] [Fast Refresh] done in 2ms @ http://localhost:3000/_next/static/chunks/node_modules_next_dist_1e8vcs8._.js:776
[  279569ms] [LOG] [Fast Refresh] done in 2ms @ http://localhost:3000/_next/static/chunks/node_modules_next_dist_1e8vcs8._.js:776
[  279613ms] [LOG] [Fast Refresh] done in 2ms @ http://localhost:3000/_next/static/chunks/node_modules_next_dist_1e8vcs8._.js:776
[  279659ms] [LOG] [Fast Refresh] done in 2ms @ http://localhost:3000/_next/static/chunks/node_modules_next_dist_1e8vcs8._.js:776
[  279709ms] [LOG] [Fast Refresh] done in 2ms @ http://localhost:3000/_next/static/chunks/node_modules_next_dist_1e8vcs8._.js:776
[  279757ms] [LOG] [Fast Refresh] done in 2ms @ http://localhost:3000/_next/static/chunks/node_modules_next_dist_1e8vcs8._.js:776
[  279810ms] [LOG] [Fast Refresh] done in 2ms @ http://localhost:3000/_next/static/chunks/node_modules_next_dist_1e8vcs8._.js:776
[  279867ms] [LOG] [Fast Refresh] done in 2ms @ http://localhost:3000/_next/static/chunks/node_modules_next_dist_1e8vcs8._.js:776
[  279910ms] [LOG] [Fast Refresh] done in 2ms @ http://localhost:3000/_next/static/chunks/node_modules_next_dist_1e8vcs8._.js:776
[  279959ms] [LOG] [Fast Refresh] done in 2ms @ http://localhost:3000/_next/static/chunks/node_modules_next_dist_1e8vcs8._.js:776
[  280008ms] [LOG] [Fast Refresh] done in 2ms @ http://localhost:3000/_next/static/chunks/node_modules_next_dist_1e8vcs8._.js:776
[  280048ms] [LOG] [Fast Refresh] done in 2ms @ http://localhost:3000/_next/static/chunks/node_modules_next_dist_1e8vcs8._.js:776
[  280092ms] [LOG] [Fast Refresh] done in 2ms @ http://localhost:3000/_next/static/chunks/node_modules_next_dist_1e8vcs8._.js:776
[  280134ms] [LOG] [Fast Refresh] done in 2ms @ http://localhost:3000/_next/static/chunks/node_modules_next_dist_1e8vcs8._.js:776
[  280178ms] [LOG] [Fast Refresh] done in 2ms @ http://localhost:3000/_next/static/chunks/node_modules_next_dist_1e8vcs8._.js:776
[  280224ms] [LOG] [Fast Refresh] done in 2ms @ http://localhost:3000/_next/static/chunks/node_modules_next_dist_1e8vcs8._.js:776
[  280270ms] [LOG] [Fast Refresh] done in 2ms @ http://localhost:3000/_next/static/chunks/node_modules_next_dist_1e8vcs8._.js:776
[  280318ms] [LOG] [Fast Refresh] done in 2ms @ http://localhost:3000/_next/static/chunks/node_modules_next_dist_1e8vcs8._.js:776
[  280364ms] [LOG] [Fast Refresh] done in 2ms @ http://localhost:3000/_next/static/chunks/node_modules_next_dist_1e8vcs8._.js:776
[  280416ms] [LOG] [Fast Refresh] done in 2ms @ http://localhost:3000/_next/static/chunks/node_modules_next_dist_1e8vcs8._.js:776
[  280473ms] [LOG] [Fast Refresh] done in 2ms @ http://localhost:3000/_next/static/chunks/node_modules_next_dist_1e8vcs8._.js:776
[  280520ms] [LOG] [Fast Refresh] done in 2ms @ http://localhost:3000/_next/static/chunks/node_modules_next_dist_1e8vcs8._.js:776
[  280568ms] [LOG] [Fast Refresh] done in 2ms @ http://localhost:3000/_next/static/chunks/node_modules_next_dist_1e8vcs8._.js:776
[  280617ms] [LOG] [Fast Refresh] done in 2ms @ http://localhost:3000/_next/static/chunks/node_modules_next_dist_1e8vcs8._.js:776
[  280682ms] [LOG] [Fast Refresh] done in 2ms @ http://localhost:3000/_next/static/chunks/node_modules_next_dist_1e8vcs8._.js:776
[  280727ms] [LOG] [Fast Refresh] done in 2ms @ http://localhost:3000/_next/static/chunks/node_modules_next_dist_1e8vcs8._.js:776
[  280771ms] [LOG] [Fast Refresh] done in 2ms @ http://localhost:3000/_next/static/chunks/node_modules_next_dist_1e8vcs8._.js:776
[  280826ms] [LOG] [Fast Refresh] done in 2ms @ http://localhost:3000/_next/static/chunks/node_modules_next_dist_1e8vcs8._.js:776
[  280874ms] [LOG] [Fast Refresh] done in 2ms @ http://localhost:3000/_next/static/chunks/node_modules_next_dist_1e8vcs8._.js:776
[  280924ms] [LOG] [Fast Refresh] done in 2ms @ http://localhost:3000/_next/static/chunks/node_modules_next_dist_1e8vcs8._.js:776
[  280974ms] [LOG] [Fast Refresh] done in 2ms @ http://localhost:3000/_next/static/chunks/node_modules_next_dist_1e8vcs8._.js:776
[  281015ms] [LOG] [Fast Refresh] done in 2ms @ http://localhost:3000/_next/static/chunks/node_modules_next_dist_1e8vcs8._.js:776
[  281065ms] [LOG] [Fast Refresh] done in 2ms @ http://localhost:3000/_next/static/chunks/node_modules_next_dist_1e8vcs8._.js:776
[  281106ms] [LOG] [Fast Refresh] done in 2ms @ http://localhost:3000/_next/static/chunks/node_modules_next_dist_1e8vcs8._.js:776
[  281154ms] [LOG] [Fast Refresh] done in 2ms @ http://localhost:3000/_next/static/chunks/node_modules_next_dist_1e8vcs8._.js:776
[  281203ms] [LOG] [Fast Refresh] done in 2ms @ http://localhost:3000/_next/static/chunks/node_modules_next_dist_1e8vcs8._.js:776
[  281251ms] [LOG] [Fast Refresh] done in 2ms @ http://localhost:3000/_next/static/chunks/node_modules_next_dist_1e8vcs8._.js:776
[  281293ms] [LOG] [Fast Refresh] done in 2ms @ http://localhost:3000/_next/static/chunks/node_modules_next_dist_1e8vcs8._.js:776
[  281341ms] [LOG] [Fast Refresh] done in 2ms @ http://localhost:3000/_next/static/chunks/node_modules_next_dist_1e8vcs8._.js:776
[  281390ms] [LOG] [Fast Refresh] done in 2ms @ http://localhost:3000/_next/static/chunks/node_modules_next_dist_1e8vcs8._.js:776
[  281453ms] [LOG] [Fast Refresh] done in 2ms @ http://localhost:3000/_next/static/chunks/node_modules_next_dist_1e8vcs8._.js:776
[  281499ms] [LOG] [Fast Refresh] done in 2ms @ http://localhost:3000/_next/static/chunks/node_modules_next_dist_1e8vcs8._.js:776
[  281561ms] [LOG] [Fast Refresh] done in 2ms @ http://localhost:3000/_next/static/chunks/node_modules_next_dist_1e8vcs8._.js:776
[  281615ms] [LOG] [Fast Refresh] done in 2ms @ http://localhost:3000/_next/static/chunks/node_modules_next_dist_1e8vcs8._.js:776
[  281658ms] [LOG] [Fast Refresh] done in 2ms @ http://localhost:3000/_next/static/chunks/node_modules_next_dist_1e8vcs8._.js:776
[  281704ms] [LOG] [Fast Refresh] done in 2ms @ http://localhost:3000/_next/static/chunks/node_modules_next_dist_1e8vcs8._.js:776
[  281749ms] [LOG] [Fast Refresh] done in 2ms @ http://localhost:3000/_next/static/chunks/node_modules_next_dist_1e8vcs8._.js:776
[  281795ms] [LOG] [Fast Refresh] done in 2ms @ http://localhost:3000/_next/static/chunks/node_modules_next_dist_1e8vcs8._.js:776
[  281855ms] [LOG] [Fast Refresh] done in 2ms @ http://localhost:3000/_next/static/chunks/node_modules_next_dist_1e8vcs8._.js:776
[  281904ms] [LOG] [Fast Refresh] done in 2ms @ http://localhost:3000/_next/static/chunks/node_modules_next_dist_1e8vcs8._.js:776
[  281964ms] [LOG] [Fast Refresh] done in 2ms @ http://localhost:3000/_next/static/chunks/node_modules_next_dist_1e8vcs8._.js:776
[  282012ms] [LOG] [Fast Refresh] done in 2ms @ http://localhost:3000/_next/static/chunks/node_modules_next_dist_1e8vcs8._.js:776
[  282055ms] [LOG] [Fast Refresh] done in 2ms @ http://localhost:3000/_next/static/chunks/node_modules_next_dist_1e8vcs8._.js:776
[  282098ms] [LOG] [Fast Refresh] done in 2ms @ http://localhost:3000/_next/static/chunks/node_modules_next_dist_1e8vcs8._.js:776
[  282147ms] [LOG] [Fast Refresh] done in 2ms @ http://localhost:3000/_next/static/chunks/node_modules_next_dist_1e8vcs8._.js:776
[  282190ms] [LOG] [Fast Refresh] done in 2ms @ http://localhost:3000/_next/static/chunks/node_modules_next_dist_1e8vcs8._.js:776
[  282239ms] [LOG] [Fast Refresh] done in 2ms @ http://localhost:3000/_next/static/chunks/node_modules_next_dist_1e8vcs8._.js:776
[  282289ms] [LOG] [Fast Refresh] done in 2ms @ http://localhost:3000/_next/static/chunks/node_modules_next_dist_1e8vcs8._.js:776
[  282336ms] [LOG] [Fast Refresh] done in 2ms @ http://localhost:3000/_next/static/chunks/node_modules_next_dist_1e8vcs8._.js:776
[  282397ms] [LOG] [Fast Refresh] done in 2ms @ http://localhost:3000/_next/static/chunks/node_modules_next_dist_1e8vcs8._.js:776
[  282450ms] [LOG] [Fast Refresh] done in 2ms @ http://localhost:3000/_next/static/chunks/node_modules_next_dist_1e8vcs8._.js:776
[  282497ms] [LOG] [Fast Refresh] done in 2ms @ http://localhost:3000/_next/static/chunks/node_modules_next_dist_1e8vcs8._.js:776
[  282541ms] [LOG] [Fast Refresh] done in 2ms @ http://localhost:3000/_next/static/chunks/node_modules_next_dist_1e8vcs8._.js:776
[  282598ms] [LOG] [Fast Refresh] done in 2ms @ http://localhost:3000/_next/static/chunks/node_modules_next_dist_1e8vcs8._.js:776
[  282644ms] [LOG] [Fast Refresh] done in 2ms @ http://localhost:3000/_next/static/chunks/node_modules_next_dist_1e8vcs8._.js:776
[  282689ms] [LOG] [Fast Refresh] done in 2ms @ http://localhost:3000/_next/static/chunks/node_modules_next_dist_1e8vcs8._.js:776
[  282737ms] [LOG] [Fast Refresh] done in 2ms @ http://localhost:3000/_next/static/chunks/node_modules_next_dist_1e8vcs8._.js:776
[  282786ms] [LOG] [Fast Refresh] done in 2ms @ http://localhost:3000/_next/static/chunks/node_modules_next_dist_1e8vcs8._.js:776
[  282841ms] [LOG] [Fast Refresh] done in 2ms @ http://localhost:3000/_next/static/chunks/node_modules_next_dist_1e8vcs8._.js:776
[  282890ms] [LOG] [Fast Refresh] done in 2ms @ http://localhost:3000/_next/static/chunks/node_modules_next_dist_1e8vcs8._.js:776
[  282938ms] [LOG] [Fast Refresh] done in 2ms @ http://localhost:3000/_next/static/chunks/node_modules_next_dist_1e8vcs8._.js:776
[  282981ms] [LOG] [Fast Refresh] done in 2ms @ http://localhost:3000/_next/static/chunks/node_modules_next_dist_1e8vcs8._.js:776
[  283023ms] [LOG] [Fast Refresh] done in 2ms @ http://localhost:3000/_next/static/chunks/node_modules_next_dist_1e8vcs8._.js:776
[  283068ms] [LOG] [Fast Refresh] done in 2ms @ http://localhost:3000/_next/static/chunks/node_modules_next_dist_1e8vcs8._.js:776
[  283117ms] [LOG] [Fast Refresh] done in 2ms @ http://localhost:3000/_next/static/chunks/node_modules_next_dist_1e8vcs8._.js:776
[  283166ms] [LOG] [Fast Refresh] done in 2ms @ http://localhost:3000/_next/static/chunks/node_modules_next_dist_1e8vcs8._.js:776
[  283216ms] [LOG] [Fast Refresh] done in 2ms @ http://localhost:3000/_next/static/chunks/node_modules_next_dist_1e8vcs8._.js:776
[  283261ms] [LOG] [Fast Refresh] done in 2ms @ http://localhost:3000/_next/static/chunks/node_modules_next_dist_1e8vcs8._.js:776
[  283308ms] [LOG] [Fast Refresh] done in 2ms @ http://localhost:3000/_next/static/chunks/node_modules_next_dist_1e8vcs8._.js:776
[  283356ms] [LOG] [Fast Refresh] done in 2ms @ http://localhost:3000/_next/static/chunks/node_modules_next_dist_1e8vcs8._.js:776
[  283400ms] [LOG] [Fast Refresh] done in 2ms @ http://localhost:3000/_next/static/chunks/node_modules_next_dist_1e8vcs8._.js:776
[  283443ms] [LOG] [Fast Refresh] done in 2ms @ http://localhost:3000/_next/static/chunks/node_modules_next_dist_1e8vcs8._.js:776
[  283490ms] [LOG] [Fast Refresh] done in 2ms @ http://localhost:3000/_next/static/chunks/node_modules_next_dist_1e8vcs8._.js:776
[  283538ms] [LOG] [Fast Refresh] done in 2ms @ http://localhost:3000/_next/static/chunks/node_modules_next_dist_1e8vcs8._.js:776
[  283592ms] [LOG] [Fast Refresh] done in 2ms @ http://localhost:3000/_next/static/chunks/node_modules_next_dist_1e8vcs8._.js:776
[  283634ms] [LOG] [Fast Refresh] done in 2ms @ http://localhost:3000/_next/static/chunks/node_modules_next_dist_1e8vcs8._.js:776
[  283675ms] [LOG] [Fast Refresh] done in 2ms @ http://localhost:3000/_next/static/chunks/node_modules_next_dist_1e8vcs8._.js:776
[  283721ms] [LOG] [Fast Refresh] done in 2ms @ http://localhost:3000/_next/static/chunks/node_modules_next_dist_1e8vcs8._.js:776
[  283772ms] [LOG] [Fast Refresh] done in 2ms @ http://localhost:3000/_next/static/chunks/node_modules_next_dist_1e8vcs8._.js:776
[  283828ms] [LOG] [Fast Refresh] done in 2ms @ http://localhost:3000/_next/static/chunks/node_modules_next_dist_1e8vcs8._.js:776
[  283878ms] [LOG] [Fast Refresh] done in 2ms @ http://localhost:3000/_next/static/chunks/node_modules_next_dist_1e8vcs8._.js:776
[  283924ms] [LOG] [Fast Refresh] done in 2ms @ http://localhost:3000/_next/static/chunks/node_modules_next_dist_1e8vcs8._.js:776
[  283967ms] [LOG] [Fast Refresh] done in 2ms @ http://localhost:3000/_next/static/chunks/node_modules_next_dist_1e8vcs8._.js:776
[  284013ms] [LOG] [Fast Refresh] done in 2ms @ http://localhost:3000/_next/static/chunks/node_modules_next_dist_1e8vcs8._.js:776
