[  185078ms] [LOG] [Fast Refresh] rebuilding @ http://localhost:3000/_next/static/chunks/node_modules_next_dist_1e8vcs8._.js:776
[  185109ms] [LOG] [Fast Refresh] done in 3ms @ http://localhost:3000/_next/static/chunks/node_modules_next_dist_1e8vcs8._.js:776
[  185166ms] [LOG] [Fast Refresh] done in 3ms @ http://localhost:3000/_next/static/chunks/node_modules_next_dist_1e8vcs8._.js:776
[  185206ms] [LOG] [Fast Refresh] done in 3ms @ http://localhost:3000/_next/static/chunks/node_modules_next_dist_1e8vcs8._.js:776
[  185247ms] [LOG] [Fast Refresh] done in 3ms @ http://localhost:3000/_next/static/chunks/node_modules_next_dist_1e8vcs8._.js:776
[  185291ms] [LOG] [Fast Refresh] done in 3ms @ http://localhost:3000/_next/static/chunks/node_modules_next_dist_1e8vcs8._.js:776
[  185340ms] [LOG] [Fast Refresh] done in 3ms @ http://localhost:3000/_next/static/chunks/node_modules_next_dist_1e8vcs8._.js:776
[  185387ms] [LOG] [Fast Refresh] done in 3ms @ http://localhost:3000/_next/static/chunks/node_modules_next_dist_1e8vcs8._.js:776
[  185429ms] [LOG] [Fast Refresh] done in 3ms @ http://localhost:3000/_next/static/chunks/node_modules_next_dist_1e8vcs8._.js:776
[  185470ms] [LOG] [Fast Refresh] done in 3ms @ http://localhost:3000/_next/static/chunks/node_modules_next_dist_1e8vcs8._.js:776
[  185519ms] [LOG] [Fast Refresh] done in 3ms @ http://localhost:3000/_next/static/chunks/node_modules_next_dist_1e8vcs8._.js:776
[  185568ms] [LOG] [Fast Refresh] done in 3ms @ http://localhost:3000/_next/static/chunks/node_modules_next_dist_1e8vcs8._.js:776
[  185618ms] [LOG] [Fast Refresh] done in 3ms @ http://localhost:3000/_next/static/chunks/node_modules_next_dist_1e8vcs8._.js:776
[  185679ms] [LOG] [Fast Refresh] done in 3ms @ http://localhost:3000/_next/static/chunks/node_modules_next_dist_1e8vcs8._.js:776
[  185722ms] [LOG] [Fast Refresh] done in 3ms @ http://localhost:3000/_next/static/chunks/node_modules_next_dist_1e8vcs8._.js:776
[  185778ms] [LOG] [Fast Refresh] done in 3ms @ http://localhost:3000/_next/static/chunks/node_modules_next_dist_1e8vcs8._.js:776
[  185831ms] [LOG] [Fast Refresh] done in 3ms @ http://localhost:3000/_next/static/chunks/node_modules_next_dist_1e8vcs8._.js:776
[  185882ms] [LOG] [Fast Refresh] done in 3ms @ http://localhost:3000/_next/static/chunks/node_modules_next_dist_1e8vcs8._.js:776
[  185936ms] [LOG] [Fast Refresh] done in 3ms @ http://localhost:3000/_next/static/chunks/node_modules_next_dist_1e8vcs8._.js:776
[  185987ms] [LOG] [Fast Refresh] done in 3ms @ http://localhost:3000/_next/static/chunks/node_modules_next_dist_1e8vcs8._.js:776
[  186047ms] [LOG] [Fast Refresh] done in 3ms @ http://localhost:3000/_next/static/chunks/node_modules_next_dist_1e8vcs8._.js:776
[  186095ms] [LOG] [Fast Refresh] done in 3ms @ http://localhost:3000/_next/static/chunks/node_modules_next_dist_1e8vcs8._.js:776
[  186136ms] [LOG] [Fast Refresh] done in 3ms @ http://localhost:3000/_next/static/chunks/node_modules_next_dist_1e8vcs8._.js:776
[  186185ms] [LOG] [Fast Refresh] done in 3ms @ http://localhost:3000/_next/static/chunks/node_modules_next_dist_1e8vcs8._.js:776
[  186227ms] [LOG] [Fast Refresh] done in 3ms @ http://localhost:3000/_next/static/chunks/node_modules_next_dist_1e8vcs8._.js:776
[  186275ms] [LOG] [Fast Refresh] done in 3ms @ http://localhost:3000/_next/static/chunks/node_modules_next_dist_1e8vcs8._.js:776
[  186332ms] [LOG] [Fast Refresh] done in 3ms @ http://localhost:3000/_next/static/chunks/node_modules_next_dist_1e8vcs8._.js:776
[  186375ms] [LOG] [Fast Refresh] done in 3ms @ http://localhost:3000/_next/static/chunks/node_modules_next_dist_1e8vcs8._.js:776
[  186431ms] [LOG] [Fast Refresh] done in 3ms @ http://localhost:3000/_next/static/chunks/node_modules_next_dist_1e8vcs8._.js:776
[  186470ms] [LOG] [Fast Refresh] done in 3ms @ http://localhost:3000/_next/static/chunks/node_modules_next_dist_1e8vcs8._.js:776
[  186518ms] [LOG] [Fast Refresh] done in 3ms @ http://localhost:3000/_next/static/chunks/node_modules_next_dist_1e8vcs8._.js:776
[  186561ms] [LOG] [Fast Refresh] done in 3ms @ http://localhost:3000/_next/static/chunks/node_modules_next_dist_1e8vcs8._.js:776
[  186610ms] [LOG] [Fast Refresh] done in 3ms @ http://localhost:3000/_next/static/chunks/node_modules_next_dist_1e8vcs8._.js:776
[  186666ms] [LOG] [Fast Refresh] done in 3ms @ http://localhost:3000/_next/static/chunks/node_modules_next_dist_1e8vcs8._.js:776
[  186720ms] [LOG] [Fast Refresh] done in 3ms @ http://localhost:3000/_next/static/chunks/node_modules_next_dist_1e8vcs8._.js:776
[  186762ms] [LOG] [Fast Refresh] done in 3ms @ http://localhost:3000/_next/static/chunks/node_modules_next_dist_1e8vcs8._.js:776
[  186804ms] [LOG] [Fast Refresh] done in 3ms @ http://localhost:3000/_next/static/chunks/node_modules_next_dist_1e8vcs8._.js:776
[  186845ms] [LOG] [Fast Refresh] done in 3ms @ http://localhost:3000/_next/static/chunks/node_modules_next_dist_1e8vcs8._.js:776
[  186894ms] [LOG] [Fast Refresh] done in 3ms @ http://localhost:3000/_next/static/chunks/node_modules_next_dist_1e8vcs8._.js:776
[  186935ms] [LOG] [Fast Refresh] done in 3ms @ http://localhost:3000/_next/static/chunks/node_modules_next_dist_1e8vcs8._.js:776
[  186978ms] [LOG] [Fast Refresh] done in 3ms @ http://localhost:3000/_next/static/chunks/node_modules_next_dist_1e8vcs8._.js:776
[  187033ms] [LOG] [Fast Refresh] done in 3ms @ http://localhost:3000/_next/static/chunks/node_modules_next_dist_1e8vcs8._.js:776
[  187078ms] [LOG] [Fast Refresh] done in 3ms @ http://localhost:3000/_next/static/chunks/node_modules_next_dist_1e8vcs8._.js:776
[  187123ms] [LOG] [Fast Refresh] done in 3ms @ http://localhost:3000/_next/static/chunks/node_modules_next_dist_1e8vcs8._.js:776
[  187182ms] [LOG] [Fast Refresh] done in 3ms @ http://localhost:3000/_next/static/chunks/node_modules_next_dist_1e8vcs8._.js:776
[  187240ms] [LOG] [Fast Refresh] done in 3ms @ http://localhost:3000/_next/static/chunks/node_modules_next_dist_1e8vcs8._.js:776
[  187297ms] [LOG] [Fast Refresh] done in 3ms @ http://localhost:3000/_next/static/chunks/node_modules_next_dist_1e8vcs8._.js:776
[  187345ms] [LOG] [Fast Refresh] done in 3ms @ http://localhost:3000/_next/static/chunks/node_modules_next_dist_1e8vcs8._.js:776
[  187393ms] [LOG] [Fast Refresh] done in 3ms @ http://localhost:3000/_next/static/chunks/node_modules_next_dist_1e8vcs8._.js:776
[  187436ms] [LOG] [Fast Refresh] done in 3ms @ http://localhost:3000/_next/static/chunks/node_modules_next_dist_1e8vcs8._.js:776
[  187497ms] [LOG] [Fast Refresh] done in 3ms @ http://localhost:3000/_next/static/chunks/node_modules_next_dist_1e8vcs8._.js:776
[  187557ms] [LOG] [Fast Refresh] done in 3ms @ http://localhost:3000/_next/static/chunks/node_modules_next_dist_1e8vcs8._.js:776
[  187607ms] [LOG] [Fast Refresh] done in 3ms @ http://localhost:3000/_next/static/chunks/node_modules_next_dist_1e8vcs8._.js:776
[  187650ms] [LOG] [Fast Refresh] done in 3ms @ http://localhost:3000/_next/static/chunks/node_modules_next_dist_1e8vcs8._.js:776
[  187692ms] [LOG] [Fast Refresh] done in 3ms @ http://localhost:3000/_next/static/chunks/node_modules_next_dist_1e8vcs8._.js:776
[  187742ms] [LOG] [Fast Refresh] done in 3ms @ http://localhost:3000/_next/static/chunks/node_modules_next_dist_1e8vcs8._.js:776
[  187791ms] [LOG] [Fast Refresh] done in 3ms @ http://localhost:3000/_next/static/chunks/node_modules_next_dist_1e8vcs8._.js:776
[  187845ms] [LOG] [Fast Refresh] done in 3ms @ http://localhost:3000/_next/static/chunks/node_modules_next_dist_1e8vcs8._.js:776
[  187892ms] [LOG] [Fast Refresh] done in 3ms @ http://localhost:3000/_next/static/chunks/node_modules_next_dist_1e8vcs8._.js:776
[  187954ms] [LOG] [Fast Refresh] done in 3ms @ http://localhost:3000/_next/static/chunks/node_modules_next_dist_1e8vcs8._.js:776
[  188024ms] [LOG] [Fast Refresh] done in 3ms @ http://localhost:3000/_next/static/chunks/node_modules_next_dist_1e8vcs8._.js:776
[  188075ms] [LOG] [Fast Refresh] done in 3ms @ http://localhost:3000/_next/static/chunks/node_modules_next_dist_1e8vcs8._.js:776
[  188094ms] [WARNING] The resource http://localhost:3000/_next/static/media/6ad0e742fc9cd7a1-s.p.2w_jb288h_vxp.woff2 was preloaded using link preload but not used within a few seconds from the window's load event. Please make sure it has an appropriate `as` value and it is preloaded intentionally. @ http://localhost:3000/terms-of-use:0
[  188094ms] [WARNING] The resource http://localhost:3000/_next/static/media/09401ea35a762f28-s.p.2a85-o2hz8mwr.woff2 was preloaded using link preload but not used within a few seconds from the window's load event. Please make sure it has an appropriate `as` value and it is preloaded intentionally. @ http://localhost:3000/terms-of-use:0
[  188094ms] [WARNING] The resource http://localhost:3000/_next/static/media/0f5cca9b58704ad1-s.p.21odxmnjnk7bd.woff2 was preloaded using link preload but not used within a few seconds from the window's load event. Please make sure it has an appropriate `as` value and it is preloaded intentionally. @ http://localhost:3000/terms-of-use:0
[  188094ms] [WARNING] The resource http://localhost:3000/_next/static/media/22884ed84a506ae6-s.p.0yevzgmhf07yp.woff2 was preloaded using link preload but not used within a few seconds from the window's load event. Please make sure it has an appropriate `as` value and it is preloaded intentionally. @ http://localhost:3000/terms-of-use:0
[  188094ms] [WARNING] The resource http://localhost:3000/_next/static/media/f06bf9da926bae75-s.p.2874ccu1_u7jf.woff2 was preloaded using link preload but not used within a few seconds from the window's load event. Please make sure it has an appropriate `as` value and it is preloaded intentionally. @ http://localhost:3000/terms-of-use:0
[  188094ms] [WARNING] The resource http://localhost:3000/_next/static/media/510598db810e1932-s.p.20g9nkyuy-bea.woff2 was preloaded using link preload but not used within a few seconds from the window's load event. Please make sure it has an appropriate `as` value and it is preloaded intentionally. @ http://localhost:3000/terms-of-use:0
[  188094ms] [WARNING] The resource http://localhost:3000/_next/static/media/f896ef295999667f-s.p.0mkp9y_kaie3k.woff2 was preloaded using link preload but not used within a few seconds from the window's load event. Please make sure it has an appropriate `as` value and it is preloaded intentionally. @ http://localhost:3000/terms-of-use:0
[  188094ms] [WARNING] The resource http://localhost:3000/_next/static/media/eb51f918d7e532f8-s.p.3gcjms7ojp868.woff2 was preloaded using link preload but not used within a few seconds from the window's load event. Please make sure it has an appropriate `as` value and it is preloaded intentionally. @ http://localhost:3000/terms-of-use:0
[  188154ms] [LOG] [Fast Refresh] done in 3ms @ http://localhost:3000/_next/static/chunks/node_modules_next_dist_1e8vcs8._.js:776
[  188199ms] [LOG] [Fast Refresh] done in 3ms @ http://localhost:3000/_next/static/chunks/node_modules_next_dist_1e8vcs8._.js:776
[  188249ms] [LOG] [Fast Refresh] done in 3ms @ http://localhost:3000/_next/static/chunks/node_modules_next_dist_1e8vcs8._.js:776
[  188300ms] [LOG] [Fast Refresh] done in 3ms @ http://localhost:3000/_next/static/chunks/node_modules_next_dist_1e8vcs8._.js:776
[  188351ms] [LOG] [Fast Refresh] done in 3ms @ http://localhost:3000/_next/static/chunks/node_modules_next_dist_1e8vcs8._.js:776
[  188404ms] [LOG] [Fast Refresh] done in 3ms @ http://localhost:3000/_next/static/chunks/node_modules_next_dist_1e8vcs8._.js:776
[  188448ms] [LOG] [Fast Refresh] done in 3ms @ http://localhost:3000/_next/static/chunks/node_modules_next_dist_1e8vcs8._.js:776
[  188498ms] [LOG] [Fast Refresh] done in 3ms @ http://localhost:3000/_next/static/chunks/node_modules_next_dist_1e8vcs8._.js:776
[  188546ms] [LOG] [Fast Refresh] done in 3ms @ http://localhost:3000/_next/static/chunks/node_modules_next_dist_1e8vcs8._.js:776
[  188598ms] [LOG] [Fast Refresh] done in 3ms @ http://localhost:3000/_next/static/chunks/node_modules_next_dist_1e8vcs8._.js:776
[  188649ms] [LOG] [Fast Refresh] done in 3ms @ http://localhost:3000/_next/static/chunks/node_modules_next_dist_1e8vcs8._.js:776
[  188722ms] [LOG] [Fast Refresh] done in 3ms @ http://localhost:3000/_next/static/chunks/node_modules_next_dist_1e8vcs8._.js:776
[  188762ms] [LOG] [Fast Refresh] done in 3ms @ http://localhost:3000/_next/static/chunks/node_modules_next_dist_1e8vcs8._.js:776
[  188803ms] [LOG] [Fast Refresh] done in 3ms @ http://localhost:3000/_next/static/chunks/node_modules_next_dist_1e8vcs8._.js:776
[  188846ms] [LOG] [Fast Refresh] done in 3ms @ http://localhost:3000/_next/static/chunks/node_modules_next_dist_1e8vcs8._.js:776
[  188894ms] [LOG] [Fast Refresh] done in 3ms @ http://localhost:3000/_next/static/chunks/node_modules_next_dist_1e8vcs8._.js:776
[  188949ms] [LOG] [Fast Refresh] done in 3ms @ http://localhost:3000/_next/static/chunks/node_modules_next_dist_1e8vcs8._.js:776
[  189002ms] [LOG] [Fast Refresh] done in 3ms @ http://localhost:3000/_next/static/chunks/node_modules_next_dist_1e8vcs8._.js:776
[  189041ms] [LOG] [Fast Refresh] done in 3ms @ http://localhost:3000/_next/static/chunks/node_modules_next_dist_1e8vcs8._.js:776
[  189087ms] [LOG] [Fast Refresh] done in 3ms @ http://localhost:3000/_next/static/chunks/node_modules_next_dist_1e8vcs8._.js:776
[  189135ms] [LOG] [Fast Refresh] done in 3ms @ http://localhost:3000/_next/static/chunks/node_modules_next_dist_1e8vcs8._.js:776
[  189181ms] [LOG] [Fast Refresh] done in 3ms @ http://localhost:3000/_next/static/chunks/node_modules_next_dist_1e8vcs8._.js:776
[  189229ms] [LOG] [Fast Refresh] done in 3ms @ http://localhost:3000/_next/static/chunks/node_modules_next_dist_1e8vcs8._.js:776
[  189275ms] [LOG] [Fast Refresh] done in 3ms @ http://localhost:3000/_next/static/chunks/node_modules_next_dist_1e8vcs8._.js:776
[  189327ms] [LOG] [Fast Refresh] done in 3ms @ http://localhost:3000/_next/static/chunks/node_modules_next_dist_1e8vcs8._.js:776
[  189387ms] [LOG] [Fast Refresh] done in 3ms @ http://localhost:3000/_next/static/chunks/node_modules_next_dist_1e8vcs8._.js:776
[  189441ms] [LOG] [Fast Refresh] done in 3ms @ http://localhost:3000/_next/static/chunks/node_modules_next_dist_1e8vcs8._.js:776
[  189491ms] [LOG] [Fast Refresh] done in 3ms @ http://localhost:3000/_next/static/chunks/node_modules_next_dist_1e8vcs8._.js:776
[  189545ms] [LOG] [Fast Refresh] done in 3ms @ http://localhost:3000/_next/static/chunks/node_modules_next_dist_1e8vcs8._.js:776
[  189597ms] [LOG] [Fast Refresh] done in 3ms @ http://localhost:3000/_next/static/chunks/node_modules_next_dist_1e8vcs8._.js:776
[  189655ms] [LOG] [Fast Refresh] done in 3ms @ http://localhost:3000/_next/static/chunks/node_modules_next_dist_1e8vcs8._.js:776
[  189706ms] [LOG] [Fast Refresh] done in 3ms @ http://localhost:3000/_next/static/chunks/node_modules_next_dist_1e8vcs8._.js:776
[  189757ms] [LOG] [Fast Refresh] done in 3ms @ http://localhost:3000/_next/static/chunks/node_modules_next_dist_1e8vcs8._.js:776
[  189819ms] [LOG] [Fast Refresh] done in 3ms @ http://localhost:3000/_next/static/chunks/node_modules_next_dist_1e8vcs8._.js:776
[  189872ms] [LOG] [Fast Refresh] done in 3ms @ http://localhost:3000/_next/static/chunks/node_modules_next_dist_1e8vcs8._.js:776
[  189914ms] [LOG] [Fast Refresh] done in 3ms @ http://localhost:3000/_next/static/chunks/node_modules_next_dist_1e8vcs8._.js:776
[  189962ms] [LOG] [Fast Refresh] done in 3ms @ http://localhost:3000/_next/static/chunks/node_modules_next_dist_1e8vcs8._.js:776
[  190014ms] [LOG] [Fast Refresh] done in 3ms @ http://localhost:3000/_next/static/chunks/node_modules_next_dist_1e8vcs8._.js:776
[  190061ms] [LOG] [Fast Refresh] done in 3ms @ http://localhost:3000/_next/static/chunks/node_modules_next_dist_1e8vcs8._.js:776
[  190116ms] [LOG] [Fast Refresh] done in 3ms @ http://localhost:3000/_next/static/chunks/node_modules_next_dist_1e8vcs8._.js:776
[  190171ms] [LOG] [Fast Refresh] done in 3ms @ http://localhost:3000/_next/static/chunks/node_modules_next_dist_1e8vcs8._.js:776
[  190220ms] [LOG] [Fast Refresh] done in 3ms @ http://localhost:3000/_next/static/chunks/node_modules_next_dist_1e8vcs8._.js:776
[  190261ms] [LOG] [Fast Refresh] done in 3ms @ http://localhost:3000/_next/static/chunks/node_modules_next_dist_1e8vcs8._.js:776
[  190317ms] [LOG] [Fast Refresh] done in 3ms @ http://localhost:3000/_next/static/chunks/node_modules_next_dist_1e8vcs8._.js:776
[  190360ms] [LOG] [Fast Refresh] done in 3ms @ http://localhost:3000/_next/static/chunks/node_modules_next_dist_1e8vcs8._.js:776
[  190414ms] [LOG] [Fast Refresh] done in 3ms @ http://localhost:3000/_next/static/chunks/node_modules_next_dist_1e8vcs8._.js:776
[  190464ms] [LOG] [Fast Refresh] done in 3ms @ http://localhost:3000/_next/static/chunks/node_modules_next_dist_1e8vcs8._.js:776
[  190520ms] [LOG] [Fast Refresh] done in 3ms @ http://localhost:3000/_next/static/chunks/node_modules_next_dist_1e8vcs8._.js:776
[  190578ms] [LOG] [Fast Refresh] done in 3ms @ http://localhost:3000/_next/static/chunks/node_modules_next_dist_1e8vcs8._.js:776
[  190630ms] [LOG] [Fast Refresh] done in 3ms @ http://localhost:3000/_next/static/chunks/node_modules_next_dist_1e8vcs8._.js:776
[  190684ms] [LOG] [Fast Refresh] done in 3ms @ http://localhost:3000/_next/static/chunks/node_modules_next_dist_1e8vcs8._.js:776
[  190734ms] [LOG] [Fast Refresh] done in 3ms @ http://localhost:3000/_next/static/chunks/node_modules_next_dist_1e8vcs8._.js:776
[  190781ms] [LOG] [Fast Refresh] done in 3ms @ http://localhost:3000/_next/static/chunks/node_modules_next_dist_1e8vcs8._.js:776
[  190830ms] [LOG] [Fast Refresh] done in 3ms @ http://localhost:3000/_next/static/chunks/node_modules_next_dist_1e8vcs8._.js:776
[  190871ms] [LOG] [Fast Refresh] done in 3ms @ http://localhost:3000/_next/static/chunks/node_modules_next_dist_1e8vcs8._.js:776
[  190919ms] [LOG] [Fast Refresh] done in 3ms @ http://localhost:3000/_next/static/chunks/node_modules_next_dist_1e8vcs8._.js:776
[  190963ms] [LOG] [Fast Refresh] done in 3ms @ http://localhost:3000/_next/static/chunks/node_modules_next_dist_1e8vcs8._.js:776
[  191004ms] [LOG] [Fast Refresh] done in 3ms @ http://localhost:3000/_next/static/chunks/node_modules_next_dist_1e8vcs8._.js:776
[  191048ms] [LOG] [Fast Refresh] done in 3ms @ http://localhost:3000/_next/static/chunks/node_modules_next_dist_1e8vcs8._.js:776
[  191094ms] [LOG] [Fast Refresh] done in 3ms @ http://localhost:3000/_next/static/chunks/node_modules_next_dist_1e8vcs8._.js:776
[  191137ms] [LOG] [Fast Refresh] done in 3ms @ http://localhost:3000/_next/static/chunks/node_modules_next_dist_1e8vcs8._.js:776
[  191181ms] [LOG] [Fast Refresh] done in 3ms @ http://localhost:3000/_next/static/chunks/node_modules_next_dist_1e8vcs8._.js:776
[  191228ms] [LOG] [Fast Refresh] done in 3ms @ http://localhost:3000/_next/static/chunks/node_modules_next_dist_1e8vcs8._.js:776
[  191279ms] [LOG] [Fast Refresh] done in 3ms @ http://localhost:3000/_next/static/chunks/node_modules_next_dist_1e8vcs8._.js:776
[  191327ms] [LOG] [Fast Refresh] done in 3ms @ http://localhost:3000/_next/static/chunks/node_modules_next_dist_1e8vcs8._.js:776
[  191376ms] [LOG] [Fast Refresh] done in 3ms @ http://localhost:3000/_next/static/chunks/node_modules_next_dist_1e8vcs8._.js:776
[  191431ms] [LOG] [Fast Refresh] done in 3ms @ http://localhost:3000/_next/static/chunks/node_modules_next_dist_1e8vcs8._.js:776
[  191480ms] [LOG] [Fast Refresh] done in 3ms @ http://localhost:3000/_next/static/chunks/node_modules_next_dist_1e8vcs8._.js:776
[  191528ms] [LOG] [Fast Refresh] done in 3ms @ http://localhost:3000/_next/static/chunks/node_modules_next_dist_1e8vcs8._.js:776
[  191577ms] [LOG] [Fast Refresh] done in 3ms @ http://localhost:3000/_next/static/chunks/node_modules_next_dist_1e8vcs8._.js:776
[  191615ms] [LOG] [Fast Refresh] done in 3ms @ http://localhost:3000/_next/static/chunks/node_modules_next_dist_1e8vcs8._.js:776
[  191666ms] [LOG] [Fast Refresh] done in 3ms @ http://localhost:3000/_next/static/chunks/node_modules_next_dist_1e8vcs8._.js:776
[  191715ms] [LOG] [Fast Refresh] done in 3ms @ http://localhost:3000/_next/static/chunks/node_modules_next_dist_1e8vcs8._.js:776
[  191764ms] [LOG] [Fast Refresh] done in 3ms @ http://localhost:3000/_next/static/chunks/node_modules_next_dist_1e8vcs8._.js:776
[  191828ms] [LOG] [Fast Refresh] done in 3ms @ http://localhost:3000/_next/static/chunks/node_modules_next_dist_1e8vcs8._.js:776
[  191880ms] [LOG] [Fast Refresh] done in 3ms @ http://localhost:3000/_next/static/chunks/node_modules_next_dist_1e8vcs8._.js:776
[  191922ms] [LOG] [Fast Refresh] done in 3ms @ http://localhost:3000/_next/static/chunks/node_modules_next_dist_1e8vcs8._.js:776
[  191959ms] [LOG] [Fast Refresh] done in 3ms @ http://localhost:3000/_next/static/chunks/node_modules_next_dist_1e8vcs8._.js:776
[  191998ms] [LOG] [Fast Refresh] done in 3ms @ http://localhost:3000/_next/static/chunks/node_modules_next_dist_1e8vcs8._.js:776
[  192041ms] [LOG] [Fast Refresh] done in 3ms @ http://localhost:3000/_next/static/chunks/node_modules_next_dist_1e8vcs8._.js:776
[  192093ms] [LOG] [Fast Refresh] done in 3ms @ http://localhost:3000/_next/static/chunks/node_modules_next_dist_1e8vcs8._.js:776
[  192135ms] [LOG] [Fast Refresh] done in 3ms @ http://localhost:3000/_next/static/chunks/node_modules_next_dist_1e8vcs8._.js:776
[  192198ms] [LOG] [Fast Refresh] done in 3ms @ http://localhost:3000/_next/static/chunks/node_modules_next_dist_1e8vcs8._.js:776
[  192247ms] [LOG] [Fast Refresh] done in 3ms @ http://localhost:3000/_next/static/chunks/node_modules_next_dist_1e8vcs8._.js:776
[  192290ms] [LOG] [Fast Refresh] done in 3ms @ http://localhost:3000/_next/static/chunks/node_modules_next_dist_1e8vcs8._.js:776
[  192332ms] [LOG] [Fast Refresh] done in 3ms @ http://localhost:3000/_next/static/chunks/node_modules_next_dist_1e8vcs8._.js:776
[  192378ms] [LOG] [Fast Refresh] done in 3ms @ http://localhost:3000/_next/static/chunks/node_modules_next_dist_1e8vcs8._.js:776
[  192429ms] [LOG] [Fast Refresh] done in 3ms @ http://localhost:3000/_next/static/chunks/node_modules_next_dist_1e8vcs8._.js:776
[  192479ms] [LOG] [Fast Refresh] done in 3ms @ http://localhost:3000/_next/static/chunks/node_modules_next_dist_1e8vcs8._.js:776
[  192544ms] [LOG] [Fast Refresh] done in 3ms @ http://localhost:3000/_next/static/chunks/node_modules_next_dist_1e8vcs8._.js:776
[  192595ms] [LOG] [Fast Refresh] done in 3ms @ http://localhost:3000/_next/static/chunks/node_modules_next_dist_1e8vcs8._.js:776
[  192651ms] [LOG] [Fast Refresh] done in 3ms @ http://localhost:3000/_next/static/chunks/node_modules_next_dist_1e8vcs8._.js:776
[  192695ms] [LOG] [Fast Refresh] done in 3ms @ http://localhost:3000/_next/static/chunks/node_modules_next_dist_1e8vcs8._.js:776
[  192742ms] [LOG] [Fast Refresh] done in 3ms @ http://localhost:3000/_next/static/chunks/node_modules_next_dist_1e8vcs8._.js:776
[  192793ms] [LOG] [Fast Refresh] done in 3ms @ http://localhost:3000/_next/static/chunks/node_modules_next_dist_1e8vcs8._.js:776
[  192842ms] [LOG] [Fast Refresh] done in 3ms @ http://localhost:3000/_next/static/chunks/node_modules_next_dist_1e8vcs8._.js:776
[  192879ms] [LOG] [Fast Refresh] done in 3ms @ http://localhost:3000/_next/static/chunks/node_modules_next_dist_1e8vcs8._.js:776
[  192930ms] [LOG] [Fast Refresh] done in 3ms @ http://localhost:3000/_next/static/chunks/node_modules_next_dist_1e8vcs8._.js:776
[  192979ms] [LOG] [Fast Refresh] done in 3ms @ http://localhost:3000/_next/static/chunks/node_modules_next_dist_1e8vcs8._.js:776
[  193031ms] [LOG] [Fast Refresh] done in 3ms @ http://localhost:3000/_next/static/chunks/node_modules_next_dist_1e8vcs8._.js:776
[  193087ms] [LOG] [Fast Refresh] done in 3ms @ http://localhost:3000/_next/static/chunks/node_modules_next_dist_1e8vcs8._.js:776
[  193132ms] [LOG] [Fast Refresh] done in 3ms @ http://localhost:3000/_next/static/chunks/node_modules_next_dist_1e8vcs8._.js:776
[  193183ms] [LOG] [Fast Refresh] done in 3ms @ http://localhost:3000/_next/static/chunks/node_modules_next_dist_1e8vcs8._.js:776
[  193234ms] [LOG] [Fast Refresh] done in 3ms @ http://localhost:3000/_next/static/chunks/node_modules_next_dist_1e8vcs8._.js:776
[  193276ms] [LOG] [Fast Refresh] done in 3ms @ http://localhost:3000/_next/static/chunks/node_modules_next_dist_1e8vcs8._.js:776
[  193319ms] [LOG] [Fast Refresh] done in 3ms @ http://localhost:3000/_next/static/chunks/node_modules_next_dist_1e8vcs8._.js:776
[  193358ms] [LOG] [Fast Refresh] done in 3ms @ http://localhost:3000/_next/static/chunks/node_modules_next_dist_1e8vcs8._.js:776
[  193400ms] [LOG] [Fast Refresh] done in 3ms @ http://localhost:3000/_next/static/chunks/node_modules_next_dist_1e8vcs8._.js:776
[  193442ms] [LOG] [Fast Refresh] done in 3ms @ http://localhost:3000/_next/static/chunks/node_modules_next_dist_1e8vcs8._.js:776
[  193484ms] [LOG] [Fast Refresh] done in 3ms @ http://localhost:3000/_next/static/chunks/node_modules_next_dist_1e8vcs8._.js:776
[  193533ms] [LOG] [Fast Refresh] done in 3ms @ http://localhost:3000/_next/static/chunks/node_modules_next_dist_1e8vcs8._.js:776
[  193588ms] [LOG] [Fast Refresh] done in 3ms @ http://localhost:3000/_next/static/chunks/node_modules_next_dist_1e8vcs8._.js:776
[  193638ms] [LOG] [Fast Refresh] done in 3ms @ http://localhost:3000/_next/static/chunks/node_modules_next_dist_1e8vcs8._.js:776
[  193682ms] [LOG] [Fast Refresh] done in 3ms @ http://localhost:3000/_next/static/chunks/node_modules_next_dist_1e8vcs8._.js:776
[  193735ms] [LOG] [Fast Refresh] done in 3ms @ http://localhost:3000/_next/static/chunks/node_modules_next_dist_1e8vcs8._.js:776
[  193779ms] [LOG] [Fast Refresh] done in 3ms @ http://localhost:3000/_next/static/chunks/node_modules_next_dist_1e8vcs8._.js:776
[  193825ms] [LOG] [Fast Refresh] done in 3ms @ http://localhost:3000/_next/static/chunks/node_modules_next_dist_1e8vcs8._.js:776
[  193874ms] [LOG] [Fast Refresh] done in 3ms @ http://localhost:3000/_next/static/chunks/node_modules_next_dist_1e8vcs8._.js:776
[  193932ms] [LOG] [Fast Refresh] done in 3ms @ http://localhost:3000/_next/static/chunks/node_modules_next_dist_1e8vcs8._.js:776
[  193983ms] [LOG] [Fast Refresh] done in 3ms @ http://localhost:3000/_next/static/chunks/node_modules_next_dist_1e8vcs8._.js:776
[  194038ms] [LOG] [Fast Refresh] done in 3ms @ http://localhost:3000/_next/static/chunks/node_modules_next_dist_1e8vcs8._.js:776
[  194088ms] [LOG] [Fast Refresh] done in 3ms @ http://localhost:3000/_next/static/chunks/node_modules_next_dist_1e8vcs8._.js:776
[  194130ms] [LOG] [Fast Refresh] done in 3ms @ http://localhost:3000/_next/static/chunks/node_modules_next_dist_1e8vcs8._.js:776
[  194182ms] [LOG] [Fast Refresh] done in 3ms @ http://localhost:3000/_next/static/chunks/node_modules_next_dist_1e8vcs8._.js:776
[  194222ms] [LOG] [Fast Refresh] done in 3ms @ http://localhost:3000/_next/static/chunks/node_modules_next_dist_1e8vcs8._.js:776
[  194279ms] [LOG] [Fast Refresh] done in 3ms @ http://localhost:3000/_next/static/chunks/node_modules_next_dist_1e8vcs8._.js:776
[  194328ms] [LOG] [Fast Refresh] done in 3ms @ http://localhost:3000/_next/static/chunks/node_modules_next_dist_1e8vcs8._.js:776
[  194376ms] [LOG] [Fast Refresh] done in 3ms @ http://localhost:3000/_next/static/chunks/node_modules_next_dist_1e8vcs8._.js:776
[  194415ms] [LOG] [Fast Refresh] done in 3ms @ http://localhost:3000/_next/static/chunks/node_modules_next_dist_1e8vcs8._.js:776
[  194456ms] [LOG] [Fast Refresh] done in 3ms @ http://localhost:3000/_next/static/chunks/node_modules_next_dist_1e8vcs8._.js:776
[  194498ms] [LOG] [Fast Refresh] done in 3ms @ http://localhost:3000/_next/static/chunks/node_modules_next_dist_1e8vcs8._.js:776
[  194539ms] [LOG] [Fast Refresh] done in 3ms @ http://localhost:3000/_next/static/chunks/node_modules_next_dist_1e8vcs8._.js:776
[  194582ms] [LOG] [Fast Refresh] done in 3ms @ http://localhost:3000/_next/static/chunks/node_modules_next_dist_1e8vcs8._.js:776
[  194626ms] [LOG] [Fast Refresh] done in 3ms @ http://localhost:3000/_next/static/chunks/node_modules_next_dist_1e8vcs8._.js:776
[  194682ms] [LOG] [Fast Refresh] done in 3ms @ http://localhost:3000/_next/static/chunks/node_modules_next_dist_1e8vcs8._.js:776
[  194717ms] [LOG] [Fast Refresh] done in 3ms @ http://localhost:3000/_next/static/chunks/node_modules_next_dist_1e8vcs8._.js:776
[  194777ms] [LOG] [Fast Refresh] done in 3ms @ http://localhost:3000/_next/static/chunks/node_modules_next_dist_1e8vcs8._.js:776
[  194832ms] [LOG] [Fast Refresh] done in 3ms @ http://localhost:3000/_next/static/chunks/node_modules_next_dist_1e8vcs8._.js:776
[  194889ms] [LOG] [Fast Refresh] done in 3ms @ http://localhost:3000/_next/static/chunks/node_modules_next_dist_1e8vcs8._.js:776
[  194939ms] [LOG] [Fast Refresh] done in 3ms @ http://localhost:3000/_next/static/chunks/node_modules_next_dist_1e8vcs8._.js:776
[  194998ms] [LOG] [Fast Refresh] done in 3ms @ http://localhost:3000/_next/static/chunks/node_modules_next_dist_1e8vcs8._.js:776
[  195058ms] [LOG] [Fast Refresh] done in 3ms @ http://localhost:3000/_next/static/chunks/node_modules_next_dist_1e8vcs8._.js:776
[  195103ms] [LOG] [Fast Refresh] done in 3ms @ http://localhost:3000/_next/static/chunks/node_modules_next_dist_1e8vcs8._.js:776
[  195155ms] [LOG] [Fast Refresh] done in 3ms @ http://localhost:3000/_next/static/chunks/node_modules_next_dist_1e8vcs8._.js:776
[  195199ms] [LOG] [Fast Refresh] done in 3ms @ http://localhost:3000/_next/static/chunks/node_modules_next_dist_1e8vcs8._.js:776
[  195248ms] [LOG] [Fast Refresh] done in 3ms @ http://localhost:3000/_next/static/chunks/node_modules_next_dist_1e8vcs8._.js:776
[  195301ms] [LOG] [Fast Refresh] done in 3ms @ http://localhost:3000/_next/static/chunks/node_modules_next_dist_1e8vcs8._.js:776
[  195358ms] [LOG] [Fast Refresh] done in 3ms @ http://localhost:3000/_next/static/chunks/node_modules_next_dist_1e8vcs8._.js:776
[  195415ms] [LOG] [Fast Refresh] done in 3ms @ http://localhost:3000/_next/static/chunks/node_modules_next_dist_1e8vcs8._.js:776
[  195463ms] [LOG] [Fast Refresh] done in 3ms @ http://localhost:3000/_next/static/chunks/node_modules_next_dist_1e8vcs8._.js:776
[  195504ms] [LOG] [Fast Refresh] done in 3ms @ http://localhost:3000/_next/static/chunks/node_modules_next_dist_1e8vcs8._.js:776
[  195553ms] [LOG] [Fast Refresh] done in 3ms @ http://localhost:3000/_next/static/chunks/node_modules_next_dist_1e8vcs8._.js:776
[  195594ms] [LOG] [Fast Refresh] done in 3ms @ http://localhost:3000/_next/static/chunks/node_modules_next_dist_1e8vcs8._.js:776
[  195666ms] [LOG] [Fast Refresh] done in 3ms @ http://localhost:3000/_next/static/chunks/node_modules_next_dist_1e8vcs8._.js:776
[  195727ms] [LOG] [Fast Refresh] done in 3ms @ http://localhost:3000/_next/static/chunks/node_modules_next_dist_1e8vcs8._.js:776
[  195779ms] [LOG] [Fast Refresh] done in 3ms @ http://localhost:3000/_next/static/chunks/node_modules_next_dist_1e8vcs8._.js:776
[  195828ms] [LOG] [Fast Refresh] done in 3ms @ http://localhost:3000/_next/static/chunks/node_modules_next_dist_1e8vcs8._.js:776
[  195876ms] [LOG] [Fast Refresh] done in 3ms @ http://localhost:3000/_next/static/chunks/node_modules_next_dist_1e8vcs8._.js:776
[  195932ms] [LOG] [Fast Refresh] done in 3ms @ http://localhost:3000/_next/static/chunks/node_modules_next_dist_1e8vcs8._.js:776
[  195981ms] [LOG] [Fast Refresh] done in 3ms @ http://localhost:3000/_next/static/chunks/node_modules_next_dist_1e8vcs8._.js:776
[  196033ms] [LOG] [Fast Refresh] done in 3ms @ http://localhost:3000/_next/static/chunks/node_modules_next_dist_1e8vcs8._.js:776
[  196077ms] [LOG] [Fast Refresh] done in 3ms @ http://localhost:3000/_next/static/chunks/node_modules_next_dist_1e8vcs8._.js:776
[  196133ms] [LOG] [Fast Refresh] done in 3ms @ http://localhost:3000/_next/static/chunks/node_modules_next_dist_1e8vcs8._.js:776
[  196172ms] [LOG] [Fast Refresh] done in 3ms @ http://localhost:3000/_next/static/chunks/node_modules_next_dist_1e8vcs8._.js:776
[  196214ms] [LOG] [Fast Refresh] done in 3ms @ http://localhost:3000/_next/static/chunks/node_modules_next_dist_1e8vcs8._.js:776
[  196255ms] [LOG] [Fast Refresh] done in 3ms @ http://localhost:3000/_next/static/chunks/node_modules_next_dist_1e8vcs8._.js:776
[  196304ms] [LOG] [Fast Refresh] done in 3ms @ http://localhost:3000/_next/static/chunks/node_modules_next_dist_1e8vcs8._.js:776
[  196346ms] [LOG] [Fast Refresh] done in 3ms @ http://localhost:3000/_next/static/chunks/node_modules_next_dist_1e8vcs8._.js:776
[  196388ms] [LOG] [Fast Refresh] done in 3ms @ http://localhost:3000/_next/static/chunks/node_modules_next_dist_1e8vcs8._.js:776
[  196431ms] [LOG] [Fast Refresh] done in 3ms @ http://localhost:3000/_next/static/chunks/node_modules_next_dist_1e8vcs8._.js:776
[  196480ms] [LOG] [Fast Refresh] done in 3ms @ http://localhost:3000/_next/static/chunks/node_modules_next_dist_1e8vcs8._.js:776
[  196527ms] [LOG] [Fast Refresh] done in 3ms @ http://localhost:3000/_next/static/chunks/node_modules_next_dist_1e8vcs8._.js:776
[  196568ms] [LOG] [Fast Refresh] done in 3ms @ http://localhost:3000/_next/static/chunks/node_modules_next_dist_1e8vcs8._.js:776
[  196617ms] [LOG] [Fast Refresh] done in 3ms @ http://localhost:3000/_next/static/chunks/node_modules_next_dist_1e8vcs8._.js:776
[  196659ms] [LOG] [Fast Refresh] done in 3ms @ http://localhost:3000/_next/static/chunks/node_modules_next_dist_1e8vcs8._.js:776
[  196701ms] [LOG] [Fast Refresh] done in 3ms @ http://localhost:3000/_next/static/chunks/node_modules_next_dist_1e8vcs8._.js:776
[  196748ms] [LOG] [Fast Refresh] done in 3ms @ http://localhost:3000/_next/static/chunks/node_modules_next_dist_1e8vcs8._.js:776
[  196812ms] [LOG] [Fast Refresh] done in 3ms @ http://localhost:3000/_next/static/chunks/node_modules_next_dist_1e8vcs8._.js:776
[  196860ms] [LOG] [Fast Refresh] done in 3ms @ http://localhost:3000/_next/static/chunks/node_modules_next_dist_1e8vcs8._.js:776
[  196918ms] [LOG] [Fast Refresh] done in 3ms @ http://localhost:3000/_next/static/chunks/node_modules_next_dist_1e8vcs8._.js:776
[  196969ms] [LOG] [Fast Refresh] done in 3ms @ http://localhost:3000/_next/static/chunks/node_modules_next_dist_1e8vcs8._.js:776
[  197018ms] [LOG] [Fast Refresh] done in 3ms @ http://localhost:3000/_next/static/chunks/node_modules_next_dist_1e8vcs8._.js:776
[  197072ms] [LOG] [Fast Refresh] done in 3ms @ http://localhost:3000/_next/static/chunks/node_modules_next_dist_1e8vcs8._.js:776
[  197124ms] [LOG] [Fast Refresh] done in 3ms @ http://localhost:3000/_next/static/chunks/node_modules_next_dist_1e8vcs8._.js:776
[  197180ms] [LOG] [Fast Refresh] done in 3ms @ http://localhost:3000/_next/static/chunks/node_modules_next_dist_1e8vcs8._.js:776
[  197234ms] [LOG] [Fast Refresh] done in 3ms @ http://localhost:3000/_next/static/chunks/node_modules_next_dist_1e8vcs8._.js:776
[  197296ms] [LOG] [Fast Refresh] done in 3ms @ http://localhost:3000/_next/static/chunks/node_modules_next_dist_1e8vcs8._.js:776
[  197345ms] [LOG] [Fast Refresh] done in 3ms @ http://localhost:3000/_next/static/chunks/node_modules_next_dist_1e8vcs8._.js:776
[  197387ms] [LOG] [Fast Refresh] done in 3ms @ http://localhost:3000/_next/static/chunks/node_modules_next_dist_1e8vcs8._.js:776
[  197429ms] [LOG] [Fast Refresh] done in 3ms @ http://localhost:3000/_next/static/chunks/node_modules_next_dist_1e8vcs8._.js:776
[  197470ms] [LOG] [Fast Refresh] done in 3ms @ http://localhost:3000/_next/static/chunks/node_modules_next_dist_1e8vcs8._.js:776
[  197512ms] [LOG] [Fast Refresh] done in 3ms @ http://localhost:3000/_next/static/chunks/node_modules_next_dist_1e8vcs8._.js:776
[  197553ms] [LOG] [Fast Refresh] done in 3ms @ http://localhost:3000/_next/static/chunks/node_modules_next_dist_1e8vcs8._.js:776
[  197595ms] [LOG] [Fast Refresh] done in 3ms @ http://localhost:3000/_next/static/chunks/node_modules_next_dist_1e8vcs8._.js:776
[  197643ms] [LOG] [Fast Refresh] done in 3ms @ http://localhost:3000/_next/static/chunks/node_modules_next_dist_1e8vcs8._.js:776
[  197697ms] [LOG] [Fast Refresh] done in 3ms @ http://localhost:3000/_next/static/chunks/node_modules_next_dist_1e8vcs8._.js:776
[  197754ms] [LOG] [Fast Refresh] done in 3ms @ http://localhost:3000/_next/static/chunks/node_modules_next_dist_1e8vcs8._.js:776
[  197806ms] [LOG] [Fast Refresh] done in 3ms @ http://localhost:3000/_next/static/chunks/node_modules_next_dist_1e8vcs8._.js:776
[  197860ms] [LOG] [Fast Refresh] done in 3ms @ http://localhost:3000/_next/static/chunks/node_modules_next_dist_1e8vcs8._.js:776
[  197917ms] [LOG] [Fast Refresh] done in 3ms @ http://localhost:3000/_next/static/chunks/node_modules_next_dist_1e8vcs8._.js:776
[  197964ms] [LOG] [Fast Refresh] done in 3ms @ http://localhost:3000/_next/static/chunks/node_modules_next_dist_1e8vcs8._.js:776
[  198029ms] [LOG] [Fast Refresh] done in 3ms @ http://localhost:3000/_next/static/chunks/node_modules_next_dist_1e8vcs8._.js:776
[  198082ms] [LOG] [Fast Refresh] done in 3ms @ http://localhost:3000/_next/static/chunks/node_modules_next_dist_1e8vcs8._.js:776
[  198127ms] [LOG] [Fast Refresh] done in 3ms @ http://localhost:3000/_next/static/chunks/node_modules_next_dist_1e8vcs8._.js:776
[  198175ms] [LOG] [Fast Refresh] done in 3ms @ http://localhost:3000/_next/static/chunks/node_modules_next_dist_1e8vcs8._.js:776
[  198224ms] [LOG] [Fast Refresh] done in 3ms @ http://localhost:3000/_next/static/chunks/node_modules_next_dist_1e8vcs8._.js:776
[  198271ms] [LOG] [Fast Refresh] done in 3ms @ http://localhost:3000/_next/static/chunks/node_modules_next_dist_1e8vcs8._.js:776
[  198319ms] [LOG] [Fast Refresh] done in 3ms @ http://localhost:3000/_next/static/chunks/node_modules_next_dist_1e8vcs8._.js:776
[  198380ms] [LOG] [Fast Refresh] done in 3ms @ http://localhost:3000/_next/static/chunks/node_modules_next_dist_1e8vcs8._.js:776
[  198435ms] [LOG] [Fast Refresh] done in 3ms @ http://localhost:3000/_next/static/chunks/node_modules_next_dist_1e8vcs8._.js:776
[  198485ms] [LOG] [Fast Refresh] done in 3ms @ http://localhost:3000/_next/static/chunks/node_modules_next_dist_1e8vcs8._.js:776
[  198529ms] [LOG] [Fast Refresh] done in 3ms @ http://localhost:3000/_next/static/chunks/node_modules_next_dist_1e8vcs8._.js:776
[  198567ms] [LOG] [Fast Refresh] done in 3ms @ http://localhost:3000/_next/static/chunks/node_modules_next_dist_1e8vcs8._.js:776
[  198630ms] [LOG] [Fast Refresh] done in 3ms @ http://localhost:3000/_next/static/chunks/node_modules_next_dist_1e8vcs8._.js:776
[  198681ms] [LOG] [Fast Refresh] done in 3ms @ http://localhost:3000/_next/static/chunks/node_modules_next_dist_1e8vcs8._.js:776
[  198734ms] [LOG] [Fast Refresh] done in 3ms @ http://localhost:3000/_next/static/chunks/node_modules_next_dist_1e8vcs8._.js:776
[  198776ms] [LOG] [Fast Refresh] done in 3ms @ http://localhost:3000/_next/static/chunks/node_modules_next_dist_1e8vcs8._.js:776
[  198817ms] [LOG] [Fast Refresh] done in 3ms @ http://localhost:3000/_next/static/chunks/node_modules_next_dist_1e8vcs8._.js:776
[  198873ms] [LOG] [Fast Refresh] done in 3ms @ http://localhost:3000/_next/static/chunks/node_modules_next_dist_1e8vcs8._.js:776
[  198918ms] [LOG] [Fast Refresh] done in 3ms @ http://localhost:3000/_next/static/chunks/node_modules_next_dist_1e8vcs8._.js:776
[  198981ms] [LOG] [Fast Refresh] done in 3ms @ http://localhost:3000/_next/static/chunks/node_modules_next_dist_1e8vcs8._.js:776
[  199030ms] [LOG] [Fast Refresh] done in 3ms @ http://localhost:3000/_next/static/chunks/node_modules_next_dist_1e8vcs8._.js:776
[  199077ms] [LOG] [Fast Refresh] done in 3ms @ http://localhost:3000/_next/static/chunks/node_modules_next_dist_1e8vcs8._.js:776
[  199137ms] [LOG] [Fast Refresh] done in 3ms @ http://localhost:3000/_next/static/chunks/node_modules_next_dist_1e8vcs8._.js:776
[  199181ms] [LOG] [Fast Refresh] done in 3ms @ http://localhost:3000/_next/static/chunks/node_modules_next_dist_1e8vcs8._.js:776
[  199245ms] [LOG] [Fast Refresh] done in 3ms @ http://localhost:3000/_next/static/chunks/node_modules_next_dist_1e8vcs8._.js:776
[  199298ms] [LOG] [Fast Refresh] done in 3ms @ http://localhost:3000/_next/static/chunks/node_modules_next_dist_1e8vcs8._.js:776
[  199338ms] [LOG] [Fast Refresh] done in 3ms @ http://localhost:3000/_next/static/chunks/node_modules_next_dist_1e8vcs8._.js:776
[  199379ms] [LOG] [Fast Refresh] done in 3ms @ http://localhost:3000/_next/static/chunks/node_modules_next_dist_1e8vcs8._.js:776
[  199426ms] [LOG] [Fast Refresh] done in 3ms @ http://localhost:3000/_next/static/chunks/node_modules_next_dist_1e8vcs8._.js:776
[  199480ms] [LOG] [Fast Refresh] done in 3ms @ http://localhost:3000/_next/static/chunks/node_modules_next_dist_1e8vcs8._.js:776
[  199547ms] [LOG] [Fast Refresh] done in 3ms @ http://localhost:3000/_next/static/chunks/node_modules_next_dist_1e8vcs8._.js:776
[  199596ms] [LOG] [Fast Refresh] done in 3ms @ http://localhost:3000/_next/static/chunks/node_modules_next_dist_1e8vcs8._.js:776
[  199637ms] [LOG] [Fast Refresh] done in 3ms @ http://localhost:3000/_next/static/chunks/node_modules_next_dist_1e8vcs8._.js:776
[  199682ms] [LOG] [Fast Refresh] done in 3ms @ http://localhost:3000/_next/static/chunks/node_modules_next_dist_1e8vcs8._.js:776
[  199729ms] [LOG] [Fast Refresh] done in 3ms @ http://localhost:3000/_next/static/chunks/node_modules_next_dist_1e8vcs8._.js:776
[  199769ms] [LOG] [Fast Refresh] done in 3ms @ http://localhost:3000/_next/static/chunks/node_modules_next_dist_1e8vcs8._.js:776
[  199828ms] [LOG] [Fast Refresh] done in 3ms @ http://localhost:3000/_next/static/chunks/node_modules_next_dist_1e8vcs8._.js:776
[  199878ms] [LOG] [Fast Refresh] done in 3ms @ http://localhost:3000/_next/static/chunks/node_modules_next_dist_1e8vcs8._.js:776
[  199925ms] [LOG] [Fast Refresh] done in 3ms @ http://localhost:3000/_next/static/chunks/node_modules_next_dist_1e8vcs8._.js:776
[  199981ms] [LOG] [Fast Refresh] done in 3ms @ http://localhost:3000/_next/static/chunks/node_modules_next_dist_1e8vcs8._.js:776
[  200033ms] [LOG] [Fast Refresh] done in 3ms @ http://localhost:3000/_next/static/chunks/node_modules_next_dist_1e8vcs8._.js:776
[  200078ms] [LOG] [Fast Refresh] done in 3ms @ http://localhost:3000/_next/static/chunks/node_modules_next_dist_1e8vcs8._.js:776
[  200118ms] [LOG] [Fast Refresh] done in 3ms @ http://localhost:3000/_next/static/chunks/node_modules_next_dist_1e8vcs8._.js:776
[  200176ms] [LOG] [Fast Refresh] done in 3ms @ http://localhost:3000/_next/static/chunks/node_modules_next_dist_1e8vcs8._.js:776
[  200230ms] [LOG] [Fast Refresh] done in 3ms @ http://localhost:3000/_next/static/chunks/node_modules_next_dist_1e8vcs8._.js:776
[  200284ms] [LOG] [Fast Refresh] done in 3ms @ http://localhost:3000/_next/static/chunks/node_modules_next_dist_1e8vcs8._.js:776
[  200328ms] [LOG] [Fast Refresh] done in 3ms @ http://localhost:3000/_next/static/chunks/node_modules_next_dist_1e8vcs8._.js:776
[  200381ms] [LOG] [Fast Refresh] done in 3ms @ http://localhost:3000/_next/static/chunks/node_modules_next_dist_1e8vcs8._.js:776
[  200450ms] [LOG] [Fast Refresh] done in 3ms @ http://localhost:3000/_next/static/chunks/node_modules_next_dist_1e8vcs8._.js:776
[  200499ms] [LOG] [Fast Refresh] done in 3ms @ http://localhost:3000/_next/static/chunks/node_modules_next_dist_1e8vcs8._.js:776
[  200562ms] [LOG] [Fast Refresh] done in 3ms @ http://localhost:3000/_next/static/chunks/node_modules_next_dist_1e8vcs8._.js:776
[  200615ms] [LOG] [Fast Refresh] done in 3ms @ http://localhost:3000/_next/static/chunks/node_modules_next_dist_1e8vcs8._.js:776
[  200666ms] [LOG] [Fast Refresh] done in 3ms @ http://localhost:3000/_next/static/chunks/node_modules_next_dist_1e8vcs8._.js:776
[  200715ms] [LOG] [Fast Refresh] done in 3ms @ http://localhost:3000/_next/static/chunks/node_modules_next_dist_1e8vcs8._.js:776
[  200779ms] [LOG] [Fast Refresh] done in 3ms @ http://localhost:3000/_next/static/chunks/node_modules_next_dist_1e8vcs8._.js:776
[  200828ms] [LOG] [Fast Refresh] done in 3ms @ http://localhost:3000/_next/static/chunks/node_modules_next_dist_1e8vcs8._.js:776
[  200866ms] [LOG] [Fast Refresh] done in 3ms @ http://localhost:3000/_next/static/chunks/node_modules_next_dist_1e8vcs8._.js:776
[  200916ms] [LOG] [Fast Refresh] done in 3ms @ http://localhost:3000/_next/static/chunks/node_modules_next_dist_1e8vcs8._.js:776
[  200965ms] [LOG] [Fast Refresh] done in 3ms @ http://localhost:3000/_next/static/chunks/node_modules_next_dist_1e8vcs8._.js:776
[  201013ms] [LOG] [Fast Refresh] done in 3ms @ http://localhost:3000/_next/static/chunks/node_modules_next_dist_1e8vcs8._.js:776
[  201078ms] [LOG] [Fast Refresh] done in 3ms @ http://localhost:3000/_next/static/chunks/node_modules_next_dist_1e8vcs8._.js:776
[  201122ms] [LOG] [Fast Refresh] done in 3ms @ http://localhost:3000/_next/static/chunks/node_modules_next_dist_1e8vcs8._.js:776
[  201181ms] [LOG] [Fast Refresh] done in 3ms @ http://localhost:3000/_next/static/chunks/node_modules_next_dist_1e8vcs8._.js:776
[  201227ms] [LOG] [Fast Refresh] done in 3ms @ http://localhost:3000/_next/static/chunks/node_modules_next_dist_1e8vcs8._.js:776
[  201270ms] [LOG] [Fast Refresh] done in 3ms @ http://localhost:3000/_next/static/chunks/node_modules_next_dist_1e8vcs8._.js:776
[  201313ms] [LOG] [Fast Refresh] done in 3ms @ http://localhost:3000/_next/static/chunks/node_modules_next_dist_1e8vcs8._.js:776
[  201352ms] [LOG] [Fast Refresh] done in 3ms @ http://localhost:3000/_next/static/chunks/node_modules_next_dist_1e8vcs8._.js:776
[  201405ms] [LOG] [Fast Refresh] done in 3ms @ http://localhost:3000/_next/static/chunks/node_modules_next_dist_1e8vcs8._.js:776
[  201457ms] [LOG] [Fast Refresh] done in 3ms @ http://localhost:3000/_next/static/chunks/node_modules_next_dist_1e8vcs8._.js:776
[  201506ms] [LOG] [Fast Refresh] done in 3ms @ http://localhost:3000/_next/static/chunks/node_modules_next_dist_1e8vcs8._.js:776
[  201556ms] [LOG] [Fast Refresh] done in 3ms @ http://localhost:3000/_next/static/chunks/node_modules_next_dist_1e8vcs8._.js:776
[  201616ms] [LOG] [Fast Refresh] done in 3ms @ http://localhost:3000/_next/static/chunks/node_modules_next_dist_1e8vcs8._.js:776
[  201654ms] [LOG] [Fast Refresh] done in 3ms @ http://localhost:3000/_next/static/chunks/node_modules_next_dist_1e8vcs8._.js:776
[  201706ms] [LOG] [Fast Refresh] done in 3ms @ http://localhost:3000/_next/static/chunks/node_modules_next_dist_1e8vcs8._.js:776
[  201748ms] [LOG] [Fast Refresh] done in 3ms @ http://localhost:3000/_next/static/chunks/node_modules_next_dist_1e8vcs8._.js:776
[  201812ms] [LOG] [Fast Refresh] done in 3ms @ http://localhost:3000/_next/static/chunks/node_modules_next_dist_1e8vcs8._.js:776
[  201862ms] [LOG] [Fast Refresh] done in 3ms @ http://localhost:3000/_next/static/chunks/node_modules_next_dist_1e8vcs8._.js:776
[  201902ms] [LOG] [Fast Refresh] done in 3ms @ http://localhost:3000/_next/static/chunks/node_modules_next_dist_1e8vcs8._.js:776
[  201950ms] [LOG] [Fast Refresh] done in 3ms @ http://localhost:3000/_next/static/chunks/node_modules_next_dist_1e8vcs8._.js:776
[  201991ms] [LOG] [Fast Refresh] done in 3ms @ http://localhost:3000/_next/static/chunks/node_modules_next_dist_1e8vcs8._.js:776
[  202033ms] [LOG] [Fast Refresh] done in 3ms @ http://localhost:3000/_next/static/chunks/node_modules_next_dist_1e8vcs8._.js:776
[  202078ms] [LOG] [Fast Refresh] done in 3ms @ http://localhost:3000/_next/static/chunks/node_modules_next_dist_1e8vcs8._.js:776
[  202125ms] [LOG] [Fast Refresh] done in 3ms @ http://localhost:3000/_next/static/chunks/node_modules_next_dist_1e8vcs8._.js:776
[  202182ms] [LOG] [Fast Refresh] done in 3ms @ http://localhost:3000/_next/static/chunks/node_modules_next_dist_1e8vcs8._.js:776
[  202231ms] [LOG] [Fast Refresh] done in 3ms @ http://localhost:3000/_next/static/chunks/node_modules_next_dist_1e8vcs8._.js:776
[  202278ms] [LOG] [Fast Refresh] done in 3ms @ http://localhost:3000/_next/static/chunks/node_modules_next_dist_1e8vcs8._.js:776
[  202327ms] [LOG] [Fast Refresh] done in 3ms @ http://localhost:3000/_next/static/chunks/node_modules_next_dist_1e8vcs8._.js:776
[  202380ms] [LOG] [Fast Refresh] done in 3ms @ http://localhost:3000/_next/static/chunks/node_modules_next_dist_1e8vcs8._.js:776
[  202427ms] [LOG] [Fast Refresh] done in 3ms @ http://localhost:3000/_next/static/chunks/node_modules_next_dist_1e8vcs8._.js:776
[  202477ms] [LOG] [Fast Refresh] done in 3ms @ http://localhost:3000/_next/static/chunks/node_modules_next_dist_1e8vcs8._.js:776
[  202533ms] [LOG] [Fast Refresh] done in 3ms @ http://localhost:3000/_next/static/chunks/node_modules_next_dist_1e8vcs8._.js:776
[  202581ms] [LOG] [Fast Refresh] done in 3ms @ http://localhost:3000/_next/static/chunks/node_modules_next_dist_1e8vcs8._.js:776
[  202627ms] [LOG] [Fast Refresh] done in 3ms @ http://localhost:3000/_next/static/chunks/node_modules_next_dist_1e8vcs8._.js:776
[  202683ms] [LOG] [Fast Refresh] done in 3ms @ http://localhost:3000/_next/static/chunks/node_modules_next_dist_1e8vcs8._.js:776
[  202726ms] [LOG] [Fast Refresh] done in 3ms @ http://localhost:3000/_next/static/chunks/node_modules_next_dist_1e8vcs8._.js:776
[  202778ms] [LOG] [Fast Refresh] done in 3ms @ http://localhost:3000/_next/static/chunks/node_modules_next_dist_1e8vcs8._.js:776
[  202827ms] [LOG] [Fast Refresh] done in 3ms @ http://localhost:3000/_next/static/chunks/node_modules_next_dist_1e8vcs8._.js:776
[  202888ms] [LOG] [Fast Refresh] done in 3ms @ http://localhost:3000/_next/static/chunks/node_modules_next_dist_1e8vcs8._.js:776
[  202943ms] [LOG] [Fast Refresh] done in 3ms @ http://localhost:3000/_next/static/chunks/node_modules_next_dist_1e8vcs8._.js:776
[  202993ms] [LOG] [Fast Refresh] done in 3ms @ http://localhost:3000/_next/static/chunks/node_modules_next_dist_1e8vcs8._.js:776
[  203034ms] [LOG] [Fast Refresh] done in 3ms @ http://localhost:3000/_next/static/chunks/node_modules_next_dist_1e8vcs8._.js:776
[  203093ms] [LOG] [Fast Refresh] done in 3ms @ http://localhost:3000/_next/static/chunks/node_modules_next_dist_1e8vcs8._.js:776
[  203150ms] [LOG] [Fast Refresh] done in 3ms @ http://localhost:3000/_next/static/chunks/node_modules_next_dist_1e8vcs8._.js:776
[  203199ms] [LOG] [Fast Refresh] done in 3ms @ http://localhost:3000/_next/static/chunks/node_modules_next_dist_1e8vcs8._.js:776
[  203241ms] [LOG] [Fast Refresh] done in 3ms @ http://localhost:3000/_next/static/chunks/node_modules_next_dist_1e8vcs8._.js:776
[  203298ms] [LOG] [Fast Refresh] done in 3ms @ http://localhost:3000/_next/static/chunks/node_modules_next_dist_1e8vcs8._.js:776
[  203345ms] [LOG] [Fast Refresh] done in 3ms @ http://localhost:3000/_next/static/chunks/node_modules_next_dist_1e8vcs8._.js:776
[  203406ms] [LOG] [Fast Refresh] done in 3ms @ http://localhost:3000/_next/static/chunks/node_modules_next_dist_1e8vcs8._.js:776
[  203458ms] [LOG] [Fast Refresh] done in 3ms @ http://localhost:3000/_next/static/chunks/node_modules_next_dist_1e8vcs8._.js:776
[  203505ms] [LOG] [Fast Refresh] done in 3ms @ http://localhost:3000/_next/static/chunks/node_modules_next_dist_1e8vcs8._.js:776
[  203560ms] [LOG] [Fast Refresh] done in 3ms @ http://localhost:3000/_next/static/chunks/node_modules_next_dist_1e8vcs8._.js:776
[  203601ms] [LOG] [Fast Refresh] done in 3ms @ http://localhost:3000/_next/static/chunks/node_modules_next_dist_1e8vcs8._.js:776
[  203656ms] [LOG] [Fast Refresh] done in 3ms @ http://localhost:3000/_next/static/chunks/node_modules_next_dist_1e8vcs8._.js:776
[  203703ms] [LOG] [Fast Refresh] done in 3ms @ http://localhost:3000/_next/static/chunks/node_modules_next_dist_1e8vcs8._.js:776
[  203761ms] [LOG] [Fast Refresh] done in 3ms @ http://localhost:3000/_next/static/chunks/node_modules_next_dist_1e8vcs8._.js:776
[  203803ms] [LOG] [Fast Refresh] done in 3ms @ http://localhost:3000/_next/static/chunks/node_modules_next_dist_1e8vcs8._.js:776
[  203845ms] [LOG] [Fast Refresh] done in 3ms @ http://localhost:3000/_next/static/chunks/node_modules_next_dist_1e8vcs8._.js:776
[  203893ms] [LOG] [Fast Refresh] done in 3ms @ http://localhost:3000/_next/static/chunks/node_modules_next_dist_1e8vcs8._.js:776
[  203939ms] [LOG] [Fast Refresh] done in 3ms @ http://localhost:3000/_next/static/chunks/node_modules_next_dist_1e8vcs8._.js:776
[  203992ms] [LOG] [Fast Refresh] done in 3ms @ http://localhost:3000/_next/static/chunks/node_modules_next_dist_1e8vcs8._.js:776
[  204039ms] [LOG] [Fast Refresh] done in 3ms @ http://localhost:3000/_next/static/chunks/node_modules_next_dist_1e8vcs8._.js:776
[  204081ms] [LOG] [Fast Refresh] done in 3ms @ http://localhost:3000/_next/static/chunks/node_modules_next_dist_1e8vcs8._.js:776
[  204123ms] [LOG] [Fast Refresh] done in 3ms @ http://localhost:3000/_next/static/chunks/node_modules_next_dist_1e8vcs8._.js:776
[  204164ms] [LOG] [Fast Refresh] done in 3ms @ http://localhost:3000/_next/static/chunks/node_modules_next_dist_1e8vcs8._.js:776
[  204206ms] [LOG] [Fast Refresh] done in 3ms @ http://localhost:3000/_next/static/chunks/node_modules_next_dist_1e8vcs8._.js:776
[  204255ms] [LOG] [Fast Refresh] done in 3ms @ http://localhost:3000/_next/static/chunks/node_modules_next_dist_1e8vcs8._.js:776
[  204296ms] [LOG] [Fast Refresh] done in 3ms @ http://localhost:3000/_next/static/chunks/node_modules_next_dist_1e8vcs8._.js:776
[  204338ms] [LOG] [Fast Refresh] done in 3ms @ http://localhost:3000/_next/static/chunks/node_modules_next_dist_1e8vcs8._.js:776
[  204380ms] [LOG] [Fast Refresh] done in 3ms @ http://localhost:3000/_next/static/chunks/node_modules_next_dist_1e8vcs8._.js:776
[  204432ms] [LOG] [Fast Refresh] done in 3ms @ http://localhost:3000/_next/static/chunks/node_modules_next_dist_1e8vcs8._.js:776
[  204480ms] [LOG] [Fast Refresh] done in 3ms @ http://localhost:3000/_next/static/chunks/node_modules_next_dist_1e8vcs8._.js:776
[  204529ms] [LOG] [Fast Refresh] done in 3ms @ http://localhost:3000/_next/static/chunks/node_modules_next_dist_1e8vcs8._.js:776
[  204589ms] [LOG] [Fast Refresh] done in 3ms @ http://localhost:3000/_next/static/chunks/node_modules_next_dist_1e8vcs8._.js:776
[  204635ms] [LOG] [Fast Refresh] done in 3ms @ http://localhost:3000/_next/static/chunks/node_modules_next_dist_1e8vcs8._.js:776
[  204680ms] [LOG] [Fast Refresh] done in 3ms @ http://localhost:3000/_next/static/chunks/node_modules_next_dist_1e8vcs8._.js:776
[  204731ms] [LOG] [Fast Refresh] done in 3ms @ http://localhost:3000/_next/static/chunks/node_modules_next_dist_1e8vcs8._.js:776
[  204783ms] [LOG] [Fast Refresh] done in 3ms @ http://localhost:3000/_next/static/chunks/node_modules_next_dist_1e8vcs8._.js:776
[  204834ms] [LOG] [Fast Refresh] done in 3ms @ http://localhost:3000/_next/static/chunks/node_modules_next_dist_1e8vcs8._.js:776
[  204873ms] [LOG] [Fast Refresh] done in 3ms @ http://localhost:3000/_next/static/chunks/node_modules_next_dist_1e8vcs8._.js:776
[  204916ms] [LOG] [Fast Refresh] done in 3ms @ http://localhost:3000/_next/static/chunks/node_modules_next_dist_1e8vcs8._.js:776
[  204956ms] [LOG] [Fast Refresh] done in 3ms @ http://localhost:3000/_next/static/chunks/node_modules_next_dist_1e8vcs8._.js:776
[  204997ms] [LOG] [Fast Refresh] done in 3ms @ http://localhost:3000/_next/static/chunks/node_modules_next_dist_1e8vcs8._.js:776
[  205039ms] [LOG] [Fast Refresh] done in 3ms @ http://localhost:3000/_next/static/chunks/node_modules_next_dist_1e8vcs8._.js:776
[  205093ms] [LOG] [Fast Refresh] done in 3ms @ http://localhost:3000/_next/static/chunks/node_modules_next_dist_1e8vcs8._.js:776
[  205145ms] [LOG] [Fast Refresh] done in 3ms @ http://localhost:3000/_next/static/chunks/node_modules_next_dist_1e8vcs8._.js:776
[  205187ms] [LOG] [Fast Refresh] done in 3ms @ http://localhost:3000/_next/static/chunks/node_modules_next_dist_1e8vcs8._.js:776
[  205241ms] [LOG] [Fast Refresh] done in 3ms @ http://localhost:3000/_next/static/chunks/node_modules_next_dist_1e8vcs8._.js:776
[  205283ms] [LOG] [Fast Refresh] done in 3ms @ http://localhost:3000/_next/static/chunks/node_modules_next_dist_1e8vcs8._.js:776
[  205327ms] [LOG] [Fast Refresh] done in 3ms @ http://localhost:3000/_next/static/chunks/node_modules_next_dist_1e8vcs8._.js:776
[  205381ms] [LOG] [Fast Refresh] done in 3ms @ http://localhost:3000/_next/static/chunks/node_modules_next_dist_1e8vcs8._.js:776
[  205432ms] [LOG] [Fast Refresh] done in 3ms @ http://localhost:3000/_next/static/chunks/node_modules_next_dist_1e8vcs8._.js:776
[  205480ms] [LOG] [Fast Refresh] done in 3ms @ http://localhost:3000/_next/static/chunks/node_modules_next_dist_1e8vcs8._.js:776
[  205530ms] [LOG] [Fast Refresh] done in 3ms @ http://localhost:3000/_next/static/chunks/node_modules_next_dist_1e8vcs8._.js:776
[  205578ms] [LOG] [Fast Refresh] done in 3ms @ http://localhost:3000/_next/static/chunks/node_modules_next_dist_1e8vcs8._.js:776
[  205626ms] [LOG] [Fast Refresh] done in 3ms @ http://localhost:3000/_next/static/chunks/node_modules_next_dist_1e8vcs8._.js:776
[  205666ms] [LOG] [Fast Refresh] done in 3ms @ http://localhost:3000/_next/static/chunks/node_modules_next_dist_1e8vcs8._.js:776
[  205720ms] [LOG] [Fast Refresh] done in 3ms @ http://localhost:3000/_next/static/chunks/node_modules_next_dist_1e8vcs8._.js:776
[  205763ms] [LOG] [Fast Refresh] done in 3ms @ http://localhost:3000/_next/static/chunks/node_modules_next_dist_1e8vcs8._.js:776
[  205827ms] [LOG] [Fast Refresh] done in 3ms @ http://localhost:3000/_next/static/chunks/node_modules_next_dist_1e8vcs8._.js:776
[  205877ms] [LOG] [Fast Refresh] done in 3ms @ http://localhost:3000/_next/static/chunks/node_modules_next_dist_1e8vcs8._.js:776
[  205930ms] [LOG] [Fast Refresh] done in 3ms @ http://localhost:3000/_next/static/chunks/node_modules_next_dist_1e8vcs8._.js:776
[  205979ms] [LOG] [Fast Refresh] done in 3ms @ http://localhost:3000/_next/static/chunks/node_modules_next_dist_1e8vcs8._.js:776
[  206028ms] [LOG] [Fast Refresh] done in 3ms @ http://localhost:3000/_next/static/chunks/node_modules_next_dist_1e8vcs8._.js:776
[  206078ms] [LOG] [Fast Refresh] done in 3ms @ http://localhost:3000/_next/static/chunks/node_modules_next_dist_1e8vcs8._.js:776
[  206131ms] [LOG] [Fast Refresh] done in 3ms @ http://localhost:3000/_next/static/chunks/node_modules_next_dist_1e8vcs8._.js:776
[  206171ms] [LOG] [Fast Refresh] done in 3ms @ http://localhost:3000/_next/static/chunks/node_modules_next_dist_1e8vcs8._.js:776
[  206215ms] [LOG] [Fast Refresh] done in 3ms @ http://localhost:3000/_next/static/chunks/node_modules_next_dist_1e8vcs8._.js:776
[  206257ms] [LOG] [Fast Refresh] done in 3ms @ http://localhost:3000/_next/static/chunks/node_modules_next_dist_1e8vcs8._.js:776
[  206297ms] [LOG] [Fast Refresh] done in 3ms @ http://localhost:3000/_next/static/chunks/node_modules_next_dist_1e8vcs8._.js:776
[  206349ms] [LOG] [Fast Refresh] done in 3ms @ http://localhost:3000/_next/static/chunks/node_modules_next_dist_1e8vcs8._.js:776
[  206400ms] [LOG] [Fast Refresh] done in 3ms @ http://localhost:3000/_next/static/chunks/node_modules_next_dist_1e8vcs8._.js:776
[  206459ms] [LOG] [Fast Refresh] done in 3ms @ http://localhost:3000/_next/static/chunks/node_modules_next_dist_1e8vcs8._.js:776
[  206512ms] [LOG] [Fast Refresh] done in 3ms @ http://localhost:3000/_next/static/chunks/node_modules_next_dist_1e8vcs8._.js:776
[  206560ms] [LOG] [Fast Refresh] done in 3ms @ http://localhost:3000/_next/static/chunks/node_modules_next_dist_1e8vcs8._.js:776
[  206610ms] [LOG] [Fast Refresh] done in 3ms @ http://localhost:3000/_next/static/chunks/node_modules_next_dist_1e8vcs8._.js:776
[  206664ms] [LOG] [Fast Refresh] done in 3ms @ http://localhost:3000/_next/static/chunks/node_modules_next_dist_1e8vcs8._.js:776
[  206706ms] [LOG] [Fast Refresh] done in 3ms @ http://localhost:3000/_next/static/chunks/node_modules_next_dist_1e8vcs8._.js:776
[  206747ms] [LOG] [Fast Refresh] done in 3ms @ http://localhost:3000/_next/static/chunks/node_modules_next_dist_1e8vcs8._.js:776
[  206794ms] [LOG] [Fast Refresh] done in 3ms @ http://localhost:3000/_next/static/chunks/node_modules_next_dist_1e8vcs8._.js:776
[  206838ms] [LOG] [Fast Refresh] done in 3ms @ http://localhost:3000/_next/static/chunks/node_modules_next_dist_1e8vcs8._.js:776
[  206896ms] [LOG] [Fast Refresh] done in 3ms @ http://localhost:3000/_next/static/chunks/node_modules_next_dist_1e8vcs8._.js:776
[  206935ms] [LOG] [Fast Refresh] done in 3ms @ http://localhost:3000/_next/static/chunks/node_modules_next_dist_1e8vcs8._.js:776
[  206978ms] [LOG] [Fast Refresh] done in 3ms @ http://localhost:3000/_next/static/chunks/node_modules_next_dist_1e8vcs8._.js:776
[  207034ms] [LOG] [Fast Refresh] done in 3ms @ http://localhost:3000/_next/static/chunks/node_modules_next_dist_1e8vcs8._.js:776
[  207078ms] [LOG] [Fast Refresh] done in 3ms @ http://localhost:3000/_next/static/chunks/node_modules_next_dist_1e8vcs8._.js:776
[  207124ms] [LOG] [Fast Refresh] done in 3ms @ http://localhost:3000/_next/static/chunks/node_modules_next_dist_1e8vcs8._.js:776
[  207182ms] [LOG] [Fast Refresh] done in 3ms @ http://localhost:3000/_next/static/chunks/node_modules_next_dist_1e8vcs8._.js:776
[  207230ms] [LOG] [Fast Refresh] done in 3ms @ http://localhost:3000/_next/static/chunks/node_modules_next_dist_1e8vcs8._.js:776
[  207282ms] [LOG] [Fast Refresh] done in 3ms @ http://localhost:3000/_next/static/chunks/node_modules_next_dist_1e8vcs8._.js:776
[  207327ms] [LOG] [Fast Refresh] done in 3ms @ http://localhost:3000/_next/static/chunks/node_modules_next_dist_1e8vcs8._.js:776
[  207367ms] [LOG] [Fast Refresh] done in 3ms @ http://localhost:3000/_next/static/chunks/node_modules_next_dist_1e8vcs8._.js:776
[  207420ms] [LOG] [Fast Refresh] done in 3ms @ http://localhost:3000/_next/static/chunks/node_modules_next_dist_1e8vcs8._.js:776
[  207464ms] [LOG] [Fast Refresh] done in 3ms @ http://localhost:3000/_next/static/chunks/node_modules_next_dist_1e8vcs8._.js:776
[  207513ms] [LOG] [Fast Refresh] done in 3ms @ http://localhost:3000/_next/static/chunks/node_modules_next_dist_1e8vcs8._.js:776
[  207567ms] [LOG] [Fast Refresh] done in 3ms @ http://localhost:3000/_next/static/chunks/node_modules_next_dist_1e8vcs8._.js:776
[  207609ms] [LOG] [Fast Refresh] done in 3ms @ http://localhost:3000/_next/static/chunks/node_modules_next_dist_1e8vcs8._.js:776
[  207650ms] [LOG] [Fast Refresh] done in 3ms @ http://localhost:3000/_next/static/chunks/node_modules_next_dist_1e8vcs8._.js:776
[  207699ms] [LOG] [Fast Refresh] done in 3ms @ http://localhost:3000/_next/static/chunks/node_modules_next_dist_1e8vcs8._.js:776
[  207748ms] [LOG] [Fast Refresh] done in 3ms @ http://localhost:3000/_next/static/chunks/node_modules_next_dist_1e8vcs8._.js:776
[  207790ms] [LOG] [Fast Refresh] done in 3ms @ http://localhost:3000/_next/static/chunks/node_modules_next_dist_1e8vcs8._.js:776
[  207840ms] [LOG] [Fast Refresh] done in 3ms @ http://localhost:3000/_next/static/chunks/node_modules_next_dist_1e8vcs8._.js:776
[  207882ms] [LOG] [Fast Refresh] done in 3ms @ http://localhost:3000/_next/static/chunks/node_modules_next_dist_1e8vcs8._.js:776
[  207928ms] [LOG] [Fast Refresh] done in 3ms @ http://localhost:3000/_next/static/chunks/node_modules_next_dist_1e8vcs8._.js:776
[  207978ms] [LOG] [Fast Refresh] done in 3ms @ http://localhost:3000/_next/static/chunks/node_modules_next_dist_1e8vcs8._.js:776
[  208026ms] [LOG] [Fast Refresh] done in 3ms @ http://localhost:3000/_next/static/chunks/node_modules_next_dist_1e8vcs8._.js:776
[  208076ms] [LOG] [Fast Refresh] done in 3ms @ http://localhost:3000/_next/static/chunks/node_modules_next_dist_1e8vcs8._.js:776
[  208117ms] [LOG] [Fast Refresh] done in 3ms @ http://localhost:3000/_next/static/chunks/node_modules_next_dist_1e8vcs8._.js:776
[  208168ms] [LOG] [Fast Refresh] done in 3ms @ http://localhost:3000/_next/static/chunks/node_modules_next_dist_1e8vcs8._.js:776
[  208209ms] [LOG] [Fast Refresh] done in 3ms @ http://localhost:3000/_next/static/chunks/node_modules_next_dist_1e8vcs8._.js:776
[  208251ms] [LOG] [Fast Refresh] done in 3ms @ http://localhost:3000/_next/static/chunks/node_modules_next_dist_1e8vcs8._.js:776
[  208290ms] [LOG] [Fast Refresh] done in 3ms @ http://localhost:3000/_next/static/chunks/node_modules_next_dist_1e8vcs8._.js:776
[  208332ms] [LOG] [Fast Refresh] done in 3ms @ http://localhost:3000/_next/static/chunks/node_modules_next_dist_1e8vcs8._.js:776
[  208388ms] [LOG] [Fast Refresh] done in 3ms @ http://localhost:3000/_next/static/chunks/node_modules_next_dist_1e8vcs8._.js:776
[  208437ms] [LOG] [Fast Refresh] done in 3ms @ http://localhost:3000/_next/static/chunks/node_modules_next_dist_1e8vcs8._.js:776
[  208478ms] [LOG] [Fast Refresh] done in 3ms @ http://localhost:3000/_next/static/chunks/node_modules_next_dist_1e8vcs8._.js:776
[  208521ms] [LOG] [Fast Refresh] done in 3ms @ http://localhost:3000/_next/static/chunks/node_modules_next_dist_1e8vcs8._.js:776
[  208563ms] [LOG] [Fast Refresh] done in 3ms @ http://localhost:3000/_next/static/chunks/node_modules_next_dist_1e8vcs8._.js:776
[  208603ms] [LOG] [Fast Refresh] done in 3ms @ http://localhost:3000/_next/static/chunks/node_modules_next_dist_1e8vcs8._.js:776
[  208650ms] [LOG] [Fast Refresh] done in 3ms @ http://localhost:3000/_next/static/chunks/node_modules_next_dist_1e8vcs8._.js:776
[  208695ms] [LOG] [Fast Refresh] done in 3ms @ http://localhost:3000/_next/static/chunks/node_modules_next_dist_1e8vcs8._.js:776
[  208736ms] [LOG] [Fast Refresh] done in 3ms @ http://localhost:3000/_next/static/chunks/node_modules_next_dist_1e8vcs8._.js:776
[  208778ms] [LOG] [Fast Refresh] done in 3ms @ http://localhost:3000/_next/static/chunks/node_modules_next_dist_1e8vcs8._.js:776
[  208818ms] [LOG] [Fast Refresh] done in 3ms @ http://localhost:3000/_next/static/chunks/node_modules_next_dist_1e8vcs8._.js:776
[  208859ms] [LOG] [Fast Refresh] done in 3ms @ http://localhost:3000/_next/static/chunks/node_modules_next_dist_1e8vcs8._.js:776
[  208902ms] [LOG] [Fast Refresh] done in 3ms @ http://localhost:3000/_next/static/chunks/node_modules_next_dist_1e8vcs8._.js:776
[  208943ms] [LOG] [Fast Refresh] done in 3ms @ http://localhost:3000/_next/static/chunks/node_modules_next_dist_1e8vcs8._.js:776
[  208985ms] [LOG] [Fast Refresh] done in 3ms @ http://localhost:3000/_next/static/chunks/node_modules_next_dist_1e8vcs8._.js:776
[  209026ms] [LOG] [Fast Refresh] done in 3ms @ http://localhost:3000/_next/static/chunks/node_modules_next_dist_1e8vcs8._.js:776
[  209083ms] [LOG] [Fast Refresh] done in 3ms @ http://localhost:3000/_next/static/chunks/node_modules_next_dist_1e8vcs8._.js:776
[  209138ms] [LOG] [Fast Refresh] done in 3ms @ http://localhost:3000/_next/static/chunks/node_modules_next_dist_1e8vcs8._.js:776
[  209180ms] [LOG] [Fast Refresh] done in 3ms @ http://localhost:3000/_next/static/chunks/node_modules_next_dist_1e8vcs8._.js:776
[  209220ms] [LOG] [Fast Refresh] done in 3ms @ http://localhost:3000/_next/static/chunks/node_modules_next_dist_1e8vcs8._.js:776
[  209262ms] [LOG] [Fast Refresh] done in 3ms @ http://localhost:3000/_next/static/chunks/node_modules_next_dist_1e8vcs8._.js:776
[  209303ms] [LOG] [Fast Refresh] done in 3ms @ http://localhost:3000/_next/static/chunks/node_modules_next_dist_1e8vcs8._.js:776
[  209346ms] [LOG] [Fast Refresh] done in 3ms @ http://localhost:3000/_next/static/chunks/node_modules_next_dist_1e8vcs8._.js:776
[  209387ms] [LOG] [Fast Refresh] done in 3ms @ http://localhost:3000/_next/static/chunks/node_modules_next_dist_1e8vcs8._.js:776
[  209442ms] [LOG] [Fast Refresh] done in 3ms @ http://localhost:3000/_next/static/chunks/node_modules_next_dist_1e8vcs8._.js:776
[  209488ms] [LOG] [Fast Refresh] done in 3ms @ http://localhost:3000/_next/static/chunks/node_modules_next_dist_1e8vcs8._.js:776
[  209532ms] [LOG] [Fast Refresh] done in 3ms @ http://localhost:3000/_next/static/chunks/node_modules_next_dist_1e8vcs8._.js:776
[  209574ms] [LOG] [Fast Refresh] done in 3ms @ http://localhost:3000/_next/static/chunks/node_modules_next_dist_1e8vcs8._.js:776
[  209624ms] [LOG] [Fast Refresh] done in 3ms @ http://localhost:3000/_next/static/chunks/node_modules_next_dist_1e8vcs8._.js:776
[  209666ms] [LOG] [Fast Refresh] done in 3ms @ http://localhost:3000/_next/static/chunks/node_modules_next_dist_1e8vcs8._.js:776
[  209721ms] [LOG] [Fast Refresh] done in 3ms @ http://localhost:3000/_next/static/chunks/node_modules_next_dist_1e8vcs8._.js:776
[  209761ms] [LOG] [Fast Refresh] done in 3ms @ http://localhost:3000/_next/static/chunks/node_modules_next_dist_1e8vcs8._.js:776
[  209803ms] [LOG] [Fast Refresh] done in 3ms @ http://localhost:3000/_next/static/chunks/node_modules_next_dist_1e8vcs8._.js:776
[  209845ms] [LOG] [Fast Refresh] done in 3ms @ http://localhost:3000/_next/static/chunks/node_modules_next_dist_1e8vcs8._.js:776
[  209890ms] [LOG] [Fast Refresh] done in 3ms @ http://localhost:3000/_next/static/chunks/node_modules_next_dist_1e8vcs8._.js:776
[  209943ms] [LOG] [Fast Refresh] done in 3ms @ http://localhost:3000/_next/static/chunks/node_modules_next_dist_1e8vcs8._.js:776
[  210005ms] [LOG] [Fast Refresh] done in 3ms @ http://localhost:3000/_next/static/chunks/node_modules_next_dist_1e8vcs8._.js:776
[  210049ms] [LOG] [Fast Refresh] done in 3ms @ http://localhost:3000/_next/static/chunks/node_modules_next_dist_1e8vcs8._.js:776
[  210097ms] [LOG] [Fast Refresh] done in 3ms @ http://localhost:3000/_next/static/chunks/node_modules_next_dist_1e8vcs8._.js:776
[  210153ms] [LOG] [Fast Refresh] done in 3ms @ http://localhost:3000/_next/static/chunks/node_modules_next_dist_1e8vcs8._.js:776
[  210211ms] [LOG] [Fast Refresh] done in 3ms @ http://localhost:3000/_next/static/chunks/node_modules_next_dist_1e8vcs8._.js:776
[  210272ms] [LOG] [Fast Refresh] done in 3ms @ http://localhost:3000/_next/static/chunks/node_modules_next_dist_1e8vcs8._.js:776
[  210318ms] [LOG] [Fast Refresh] done in 3ms @ http://localhost:3000/_next/static/chunks/node_modules_next_dist_1e8vcs8._.js:776
[  210361ms] [LOG] [Fast Refresh] done in 3ms @ http://localhost:3000/_next/static/chunks/node_modules_next_dist_1e8vcs8._.js:776
[  210402ms] [LOG] [Fast Refresh] done in 3ms @ http://localhost:3000/_next/static/chunks/node_modules_next_dist_1e8vcs8._.js:776
[  210443ms] [LOG] [Fast Refresh] done in 3ms @ http://localhost:3000/_next/static/chunks/node_modules_next_dist_1e8vcs8._.js:776
[  210486ms] [LOG] [Fast Refresh] done in 3ms @ http://localhost:3000/_next/static/chunks/node_modules_next_dist_1e8vcs8._.js:776
[  210527ms] [LOG] [Fast Refresh] done in 3ms @ http://localhost:3000/_next/static/chunks/node_modules_next_dist_1e8vcs8._.js:776
[  210575ms] [LOG] [Fast Refresh] done in 3ms @ http://localhost:3000/_next/static/chunks/node_modules_next_dist_1e8vcs8._.js:776
[  210616ms] [LOG] [Fast Refresh] done in 3ms @ http://localhost:3000/_next/static/chunks/node_modules_next_dist_1e8vcs8._.js:776
[  210659ms] [LOG] [Fast Refresh] done in 3ms @ http://localhost:3000/_next/static/chunks/node_modules_next_dist_1e8vcs8._.js:776
[  210707ms] [LOG] [Fast Refresh] done in 3ms @ http://localhost:3000/_next/static/chunks/node_modules_next_dist_1e8vcs8._.js:776
[  210748ms] [LOG] [Fast Refresh] done in 3ms @ http://localhost:3000/_next/static/chunks/node_modules_next_dist_1e8vcs8._.js:776
[  210798ms] [LOG] [Fast Refresh] done in 3ms @ http://localhost:3000/_next/static/chunks/node_modules_next_dist_1e8vcs8._.js:776
[  210839ms] [LOG] [Fast Refresh] done in 3ms @ http://localhost:3000/_next/static/chunks/node_modules_next_dist_1e8vcs8._.js:776
[  210888ms] [LOG] [Fast Refresh] done in 3ms @ http://localhost:3000/_next/static/chunks/node_modules_next_dist_1e8vcs8._.js:776
[  210936ms] [LOG] [Fast Refresh] done in 3ms @ http://localhost:3000/_next/static/chunks/node_modules_next_dist_1e8vcs8._.js:776
[  210981ms] [LOG] [Fast Refresh] done in 3ms @ http://localhost:3000/_next/static/chunks/node_modules_next_dist_1e8vcs8._.js:776
[  211026ms] [LOG] [Fast Refresh] done in 3ms @ http://localhost:3000/_next/static/chunks/node_modules_next_dist_1e8vcs8._.js:776
[  211068ms] [LOG] [Fast Refresh] done in 3ms @ http://localhost:3000/_next/static/chunks/node_modules_next_dist_1e8vcs8._.js:776
[  211114ms] [LOG] [Fast Refresh] done in 3ms @ http://localhost:3000/_next/static/chunks/node_modules_next_dist_1e8vcs8._.js:776
[  211159ms] [LOG] [Fast Refresh] done in 3ms @ http://localhost:3000/_next/static/chunks/node_modules_next_dist_1e8vcs8._.js:776
[  211215ms] [LOG] [Fast Refresh] done in 3ms @ http://localhost:3000/_next/static/chunks/node_modules_next_dist_1e8vcs8._.js:776
[  211283ms] [LOG] [Fast Refresh] done in 3ms @ http://localhost:3000/_next/static/chunks/node_modules_next_dist_1e8vcs8._.js:776
[  211328ms] [LOG] [Fast Refresh] done in 3ms @ http://localhost:3000/_next/static/chunks/node_modules_next_dist_1e8vcs8._.js:776
[  211381ms] [LOG] [Fast Refresh] done in 3ms @ http://localhost:3000/_next/static/chunks/node_modules_next_dist_1e8vcs8._.js:776
[  211434ms] [LOG] [Fast Refresh] done in 3ms @ http://localhost:3000/_next/static/chunks/node_modules_next_dist_1e8vcs8._.js:776
[  211481ms] [LOG] [Fast Refresh] done in 3ms @ http://localhost:3000/_next/static/chunks/node_modules_next_dist_1e8vcs8._.js:776
[  211534ms] [LOG] [Fast Refresh] done in 3ms @ http://localhost:3000/_next/static/chunks/node_modules_next_dist_1e8vcs8._.js:776
[  211579ms] [LOG] [Fast Refresh] done in 3ms @ http://localhost:3000/_next/static/chunks/node_modules_next_dist_1e8vcs8._.js:776
[  211630ms] [LOG] [Fast Refresh] done in 3ms @ http://localhost:3000/_next/static/chunks/node_modules_next_dist_1e8vcs8._.js:776
[  211672ms] [LOG] [Fast Refresh] done in 3ms @ http://localhost:3000/_next/static/chunks/node_modules_next_dist_1e8vcs8._.js:776
[  211714ms] [LOG] [Fast Refresh] done in 3ms @ http://localhost:3000/_next/static/chunks/node_modules_next_dist_1e8vcs8._.js:776
[  211755ms] [LOG] [Fast Refresh] done in 3ms @ http://localhost:3000/_next/static/chunks/node_modules_next_dist_1e8vcs8._.js:776
[  211797ms] [LOG] [Fast Refresh] done in 3ms @ http://localhost:3000/_next/static/chunks/node_modules_next_dist_1e8vcs8._.js:776
[  211839ms] [LOG] [Fast Refresh] done in 3ms @ http://localhost:3000/_next/static/chunks/node_modules_next_dist_1e8vcs8._.js:776
[  211880ms] [LOG] [Fast Refresh] done in 3ms @ http://localhost:3000/_next/static/chunks/node_modules_next_dist_1e8vcs8._.js:776
[  211932ms] [LOG] [Fast Refresh] done in 3ms @ http://localhost:3000/_next/static/chunks/node_modules_next_dist_1e8vcs8._.js:776
[  211980ms] [LOG] [Fast Refresh] done in 3ms @ http://localhost:3000/_next/static/chunks/node_modules_next_dist_1e8vcs8._.js:776
[  212029ms] [LOG] [Fast Refresh] done in 3ms @ http://localhost:3000/_next/static/chunks/node_modules_next_dist_1e8vcs8._.js:776
[  212077ms] [LOG] [Fast Refresh] done in 3ms @ http://localhost:3000/_next/static/chunks/node_modules_next_dist_1e8vcs8._.js:776
[  212126ms] [LOG] [Fast Refresh] done in 3ms @ http://localhost:3000/_next/static/chunks/node_modules_next_dist_1e8vcs8._.js:776
[  212176ms] [LOG] [Fast Refresh] done in 3ms @ http://localhost:3000/_next/static/chunks/node_modules_next_dist_1e8vcs8._.js:776
[  212231ms] [LOG] [Fast Refresh] done in 3ms @ http://localhost:3000/_next/static/chunks/node_modules_next_dist_1e8vcs8._.js:776
[  212281ms] [LOG] [Fast Refresh] done in 3ms @ http://localhost:3000/_next/static/chunks/node_modules_next_dist_1e8vcs8._.js:776
[  212331ms] [LOG] [Fast Refresh] done in 3ms @ http://localhost:3000/_next/static/chunks/node_modules_next_dist_1e8vcs8._.js:776
[  212375ms] [LOG] [Fast Refresh] done in 3ms @ http://localhost:3000/_next/static/chunks/node_modules_next_dist_1e8vcs8._.js:776
[  212433ms] [LOG] [Fast Refresh] done in 3ms @ http://localhost:3000/_next/static/chunks/node_modules_next_dist_1e8vcs8._.js:776
[  212481ms] [LOG] [Fast Refresh] done in 3ms @ http://localhost:3000/_next/static/chunks/node_modules_next_dist_1e8vcs8._.js:776
[  212529ms] [LOG] [Fast Refresh] done in 3ms @ http://localhost:3000/_next/static/chunks/node_modules_next_dist_1e8vcs8._.js:776
[  212578ms] [LOG] [Fast Refresh] done in 3ms @ http://localhost:3000/_next/static/chunks/node_modules_next_dist_1e8vcs8._.js:776
[  212626ms] [LOG] [Fast Refresh] done in 3ms @ http://localhost:3000/_next/static/chunks/node_modules_next_dist_1e8vcs8._.js:776
[  212682ms] [LOG] [Fast Refresh] done in 3ms @ http://localhost:3000/_next/static/chunks/node_modules_next_dist_1e8vcs8._.js:776
[  212732ms] [LOG] [Fast Refresh] done in 3ms @ http://localhost:3000/_next/static/chunks/node_modules_next_dist_1e8vcs8._.js:776
[  212779ms] [LOG] [Fast Refresh] done in 3ms @ http://localhost:3000/_next/static/chunks/node_modules_next_dist_1e8vcs8._.js:776
[  212827ms] [LOG] [Fast Refresh] done in 3ms @ http://localhost:3000/_next/static/chunks/node_modules_next_dist_1e8vcs8._.js:776
[  212882ms] [LOG] [Fast Refresh] done in 3ms @ http://localhost:3000/_next/static/chunks/node_modules_next_dist_1e8vcs8._.js:776
[  212922ms] [LOG] [Fast Refresh] done in 3ms @ http://localhost:3000/_next/static/chunks/node_modules_next_dist_1e8vcs8._.js:776
[  212964ms] [LOG] [Fast Refresh] done in 3ms @ http://localhost:3000/_next/static/chunks/node_modules_next_dist_1e8vcs8._.js:776
[  213006ms] [LOG] [Fast Refresh] done in 3ms @ http://localhost:3000/_next/static/chunks/node_modules_next_dist_1e8vcs8._.js:776
[  213047ms] [LOG] [Fast Refresh] done in 3ms @ http://localhost:3000/_next/static/chunks/node_modules_next_dist_1e8vcs8._.js:776
[  213089ms] [LOG] [Fast Refresh] done in 3ms @ http://localhost:3000/_next/static/chunks/node_modules_next_dist_1e8vcs8._.js:776
[  213131ms] [LOG] [Fast Refresh] done in 3ms @ http://localhost:3000/_next/static/chunks/node_modules_next_dist_1e8vcs8._.js:776
[  213173ms] [LOG] [Fast Refresh] done in 3ms @ http://localhost:3000/_next/static/chunks/node_modules_next_dist_1e8vcs8._.js:776
[  213214ms] [LOG] [Fast Refresh] done in 3ms @ http://localhost:3000/_next/static/chunks/node_modules_next_dist_1e8vcs8._.js:776
[  213256ms] [LOG] [Fast Refresh] done in 3ms @ http://localhost:3000/_next/static/chunks/node_modules_next_dist_1e8vcs8._.js:776
[  213298ms] [LOG] [Fast Refresh] done in 3ms @ http://localhost:3000/_next/static/chunks/node_modules_next_dist_1e8vcs8._.js:776
[  213340ms] [LOG] [Fast Refresh] done in 3ms @ http://localhost:3000/_next/static/chunks/node_modules_next_dist_1e8vcs8._.js:776
[  213381ms] [LOG] [Fast Refresh] done in 3ms @ http://localhost:3000/_next/static/chunks/node_modules_next_dist_1e8vcs8._.js:776
[  213423ms] [LOG] [Fast Refresh] done in 3ms @ http://localhost:3000/_next/static/chunks/node_modules_next_dist_1e8vcs8._.js:776
[  213464ms] [LOG] [Fast Refresh] done in 3ms @ http://localhost:3000/_next/static/chunks/node_modules_next_dist_1e8vcs8._.js:776
[  213513ms] [LOG] [Fast Refresh] done in 3ms @ http://localhost:3000/_next/static/chunks/node_modules_next_dist_1e8vcs8._.js:776
[  213554ms] [LOG] [Fast Refresh] done in 3ms @ http://localhost:3000/_next/static/chunks/node_modules_next_dist_1e8vcs8._.js:776
[  213596ms] [LOG] [Fast Refresh] done in 3ms @ http://localhost:3000/_next/static/chunks/node_modules_next_dist_1e8vcs8._.js:776
[  213637ms] [LOG] [Fast Refresh] done in 3ms @ http://localhost:3000/_next/static/chunks/node_modules_next_dist_1e8vcs8._.js:776
[  213686ms] [LOG] [Fast Refresh] done in 3ms @ http://localhost:3000/_next/static/chunks/node_modules_next_dist_1e8vcs8._.js:776
[  213731ms] [LOG] [Fast Refresh] done in 3ms @ http://localhost:3000/_next/static/chunks/node_modules_next_dist_1e8vcs8._.js:776
[  213779ms] [LOG] [Fast Refresh] done in 3ms @ http://localhost:3000/_next/static/chunks/node_modules_next_dist_1e8vcs8._.js:776
[  213828ms] [LOG] [Fast Refresh] done in 3ms @ http://localhost:3000/_next/static/chunks/node_modules_next_dist_1e8vcs8._.js:776
[  213877ms] [LOG] [Fast Refresh] done in 3ms @ http://localhost:3000/_next/static/chunks/node_modules_next_dist_1e8vcs8._.js:776
[  213922ms] [LOG] [Fast Refresh] done in 3ms @ http://localhost:3000/_next/static/chunks/node_modules_next_dist_1e8vcs8._.js:776
[  213981ms] [LOG] [Fast Refresh] done in 3ms @ http://localhost:3000/_next/static/chunks/node_modules_next_dist_1e8vcs8._.js:776
[  214029ms] [LOG] [Fast Refresh] done in 3ms @ http://localhost:3000/_next/static/chunks/node_modules_next_dist_1e8vcs8._.js:776
[  214078ms] [LOG] [Fast Refresh] done in 3ms @ http://localhost:3000/_next/static/chunks/node_modules_next_dist_1e8vcs8._.js:776
[  214127ms] [LOG] [Fast Refresh] done in 3ms @ http://localhost:3000/_next/static/chunks/node_modules_next_dist_1e8vcs8._.js:776
[  214177ms] [LOG] [Fast Refresh] done in 3ms @ http://localhost:3000/_next/static/chunks/node_modules_next_dist_1e8vcs8._.js:776
[  214221ms] [LOG] [Fast Refresh] done in 3ms @ http://localhost:3000/_next/static/chunks/node_modules_next_dist_1e8vcs8._.js:776
[  214263ms] [LOG] [Fast Refresh] done in 3ms @ http://localhost:3000/_next/static/chunks/node_modules_next_dist_1e8vcs8._.js:776
[  214305ms] [LOG] [Fast Refresh] done in 3ms @ http://localhost:3000/_next/static/chunks/node_modules_next_dist_1e8vcs8._.js:776
[  214345ms] [LOG] [Fast Refresh] done in 3ms @ http://localhost:3000/_next/static/chunks/node_modules_next_dist_1e8vcs8._.js:776
[  214388ms] [LOG] [Fast Refresh] done in 3ms @ http://localhost:3000/_next/static/chunks/node_modules_next_dist_1e8vcs8._.js:776
[  214430ms] [LOG] [Fast Refresh] done in 3ms @ http://localhost:3000/_next/static/chunks/node_modules_next_dist_1e8vcs8._.js:776
[  214479ms] [LOG] [Fast Refresh] done in 3ms @ http://localhost:3000/_next/static/chunks/node_modules_next_dist_1e8vcs8._.js:776
[  214522ms] [LOG] [Fast Refresh] done in 3ms @ http://localhost:3000/_next/static/chunks/node_modules_next_dist_1e8vcs8._.js:776
[  214578ms] [LOG] [Fast Refresh] done in 3ms @ http://localhost:3000/_next/static/chunks/node_modules_next_dist_1e8vcs8._.js:776
[  214625ms] [LOG] [Fast Refresh] done in 3ms @ http://localhost:3000/_next/static/chunks/node_modules_next_dist_1e8vcs8._.js:776
[  214666ms] [LOG] [Fast Refresh] done in 3ms @ http://localhost:3000/_next/static/chunks/node_modules_next_dist_1e8vcs8._.js:776
[  214713ms] [LOG] [Fast Refresh] done in 3ms @ http://localhost:3000/_next/static/chunks/node_modules_next_dist_1e8vcs8._.js:776
[  214754ms] [LOG] [Fast Refresh] done in 3ms @ http://localhost:3000/_next/static/chunks/node_modules_next_dist_1e8vcs8._.js:776
[  214811ms] [LOG] [Fast Refresh] done in 3ms @ http://localhost:3000/_next/static/chunks/node_modules_next_dist_1e8vcs8._.js:776
[  214853ms] [LOG] [Fast Refresh] done in 3ms @ http://localhost:3000/_next/static/chunks/node_modules_next_dist_1e8vcs8._.js:776
[  214894ms] [LOG] [Fast Refresh] done in 3ms @ http://localhost:3000/_next/static/chunks/node_modules_next_dist_1e8vcs8._.js:776
[  214936ms] [LOG] [Fast Refresh] done in 3ms @ http://localhost:3000/_next/static/chunks/node_modules_next_dist_1e8vcs8._.js:776
[  214978ms] [LOG] [Fast Refresh] done in 3ms @ http://localhost:3000/_next/static/chunks/node_modules_next_dist_1e8vcs8._.js:776
[  215029ms] [LOG] [Fast Refresh] done in 3ms @ http://localhost:3000/_next/static/chunks/node_modules_next_dist_1e8vcs8._.js:776
[  215078ms] [LOG] [Fast Refresh] done in 3ms @ http://localhost:3000/_next/static/chunks/node_modules_next_dist_1e8vcs8._.js:776
[  215124ms] [LOG] [Fast Refresh] done in 3ms @ http://localhost:3000/_next/static/chunks/node_modules_next_dist_1e8vcs8._.js:776
[  215172ms] [LOG] [Fast Refresh] done in 3ms @ http://localhost:3000/_next/static/chunks/node_modules_next_dist_1e8vcs8._.js:776
[  215215ms] [LOG] [Fast Refresh] done in 3ms @ http://localhost:3000/_next/static/chunks/node_modules_next_dist_1e8vcs8._.js:776
[  215263ms] [LOG] [Fast Refresh] done in 3ms @ http://localhost:3000/_next/static/chunks/node_modules_next_dist_1e8vcs8._.js:776
[  215311ms] [LOG] [Fast Refresh] done in 3ms @ http://localhost:3000/_next/static/chunks/node_modules_next_dist_1e8vcs8._.js:776
[  215353ms] [LOG] [Fast Refresh] done in 3ms @ http://localhost:3000/_next/static/chunks/node_modules_next_dist_1e8vcs8._.js:776
[  215394ms] [LOG] [Fast Refresh] done in 3ms @ http://localhost:3000/_next/static/chunks/node_modules_next_dist_1e8vcs8._.js:776
[  215444ms] [LOG] [Fast Refresh] done in 3ms @ http://localhost:3000/_next/static/chunks/node_modules_next_dist_1e8vcs8._.js:776
[  215493ms] [LOG] [Fast Refresh] done in 3ms @ http://localhost:3000/_next/static/chunks/node_modules_next_dist_1e8vcs8._.js:776
[  215545ms] [LOG] [Fast Refresh] done in 3ms @ http://localhost:3000/_next/static/chunks/node_modules_next_dist_1e8vcs8._.js:776
[  215590ms] [LOG] [Fast Refresh] done in 3ms @ http://localhost:3000/_next/static/chunks/node_modules_next_dist_1e8vcs8._.js:776
[  215631ms] [LOG] [Fast Refresh] done in 3ms @ http://localhost:3000/_next/static/chunks/node_modules_next_dist_1e8vcs8._.js:776
[  215674ms] [LOG] [Fast Refresh] done in 3ms @ http://localhost:3000/_next/static/chunks/node_modules_next_dist_1e8vcs8._.js:776
[  215714ms] [LOG] [Fast Refresh] done in 3ms @ http://localhost:3000/_next/static/chunks/node_modules_next_dist_1e8vcs8._.js:776
[  215756ms] [LOG] [Fast Refresh] done in 3ms @ http://localhost:3000/_next/static/chunks/node_modules_next_dist_1e8vcs8._.js:776
[  215800ms] [LOG] [Fast Refresh] done in 3ms @ http://localhost:3000/_next/static/chunks/node_modules_next_dist_1e8vcs8._.js:776
[  215839ms] [LOG] [Fast Refresh] done in 3ms @ http://localhost:3000/_next/static/chunks/node_modules_next_dist_1e8vcs8._.js:776
[  215882ms] [LOG] [Fast Refresh] done in 3ms @ http://localhost:3000/_next/static/chunks/node_modules_next_dist_1e8vcs8._.js:776
[  215923ms] [LOG] [Fast Refresh] done in 3ms @ http://localhost:3000/_next/static/chunks/node_modules_next_dist_1e8vcs8._.js:776
[  215971ms] [LOG] [Fast Refresh] done in 3ms @ http://localhost:3000/_next/static/chunks/node_modules_next_dist_1e8vcs8._.js:776
[  216013ms] [LOG] [Fast Refresh] done in 3ms @ http://localhost:3000/_next/static/chunks/node_modules_next_dist_1e8vcs8._.js:776
[  216056ms] [LOG] [Fast Refresh] done in 3ms @ http://localhost:3000/_next/static/chunks/node_modules_next_dist_1e8vcs8._.js:776
[  216098ms] [LOG] [Fast Refresh] done in 3ms @ http://localhost:3000/_next/static/chunks/node_modules_next_dist_1e8vcs8._.js:776
[  216139ms] [LOG] [Fast Refresh] done in 3ms @ http://localhost:3000/_next/static/chunks/node_modules_next_dist_1e8vcs8._.js:776
[  216181ms] [LOG] [Fast Refresh] done in 3ms @ http://localhost:3000/_next/static/chunks/node_modules_next_dist_1e8vcs8._.js:776
[  216220ms] [LOG] [Fast Refresh] done in 3ms @ http://localhost:3000/_next/static/chunks/node_modules_next_dist_1e8vcs8._.js:776
[  216262ms] [LOG] [Fast Refresh] done in 3ms @ http://localhost:3000/_next/static/chunks/node_modules_next_dist_1e8vcs8._.js:776
[  216306ms] [LOG] [Fast Refresh] done in 3ms @ http://localhost:3000/_next/static/chunks/node_modules_next_dist_1e8vcs8._.js:776
[  216352ms] [LOG] [Fast Refresh] done in 3ms @ http://localhost:3000/_next/static/chunks/node_modules_next_dist_1e8vcs8._.js:776
[  216396ms] [LOG] [Fast Refresh] done in 3ms @ http://localhost:3000/_next/static/chunks/node_modules_next_dist_1e8vcs8._.js:776
[  216443ms] [LOG] [Fast Refresh] done in 3ms @ http://localhost:3000/_next/static/chunks/node_modules_next_dist_1e8vcs8._.js:776
[  216486ms] [LOG] [Fast Refresh] done in 3ms @ http://localhost:3000/_next/static/chunks/node_modules_next_dist_1e8vcs8._.js:776
[  216527ms] [LOG] [Fast Refresh] done in 3ms @ http://localhost:3000/_next/static/chunks/node_modules_next_dist_1e8vcs8._.js:776
[  216568ms] [LOG] [Fast Refresh] done in 3ms @ http://localhost:3000/_next/static/chunks/node_modules_next_dist_1e8vcs8._.js:776
[  216624ms] [LOG] [Fast Refresh] done in 3ms @ http://localhost:3000/_next/static/chunks/node_modules_next_dist_1e8vcs8._.js:776
[  216665ms] [LOG] [Fast Refresh] done in 3ms @ http://localhost:3000/_next/static/chunks/node_modules_next_dist_1e8vcs8._.js:776
[  216715ms] [LOG] [Fast Refresh] done in 3ms @ http://localhost:3000/_next/static/chunks/node_modules_next_dist_1e8vcs8._.js:776
[  216764ms] [LOG] [Fast Refresh] done in 3ms @ http://localhost:3000/_next/static/chunks/node_modules_next_dist_1e8vcs8._.js:776
[  216813ms] [LOG] [Fast Refresh] done in 3ms @ http://localhost:3000/_next/static/chunks/node_modules_next_dist_1e8vcs8._.js:776
[  216854ms] [LOG] [Fast Refresh] done in 3ms @ http://localhost:3000/_next/static/chunks/node_modules_next_dist_1e8vcs8._.js:776
[  216901ms] [LOG] [Fast Refresh] done in 3ms @ http://localhost:3000/_next/static/chunks/node_modules_next_dist_1e8vcs8._.js:776
[  216943ms] [LOG] [Fast Refresh] done in 3ms @ http://localhost:3000/_next/static/chunks/node_modules_next_dist_1e8vcs8._.js:776
[  216984ms] [LOG] [Fast Refresh] done in 3ms @ http://localhost:3000/_next/static/chunks/node_modules_next_dist_1e8vcs8._.js:776
[  217024ms] [LOG] [Fast Refresh] done in 3ms @ http://localhost:3000/_next/static/chunks/node_modules_next_dist_1e8vcs8._.js:776
[  217074ms] [LOG] [Fast Refresh] done in 3ms @ http://localhost:3000/_next/static/chunks/node_modules_next_dist_1e8vcs8._.js:776
[  217120ms] [LOG] [Fast Refresh] done in 3ms @ http://localhost:3000/_next/static/chunks/node_modules_next_dist_1e8vcs8._.js:776
[  217158ms] [LOG] [Fast Refresh] done in 3ms @ http://localhost:3000/_next/static/chunks/node_modules_next_dist_1e8vcs8._.js:776
[  217200ms] [LOG] [Fast Refresh] done in 3ms @ http://localhost:3000/_next/static/chunks/node_modules_next_dist_1e8vcs8._.js:776
[  217242ms] [LOG] [Fast Refresh] done in 3ms @ http://localhost:3000/_next/static/chunks/node_modules_next_dist_1e8vcs8._.js:776
[  217284ms] [LOG] [Fast Refresh] done in 3ms @ http://localhost:3000/_next/static/chunks/node_modules_next_dist_1e8vcs8._.js:776
[  217332ms] [LOG] [Fast Refresh] done in 3ms @ http://localhost:3000/_next/static/chunks/node_modules_next_dist_1e8vcs8._.js:776
[  217373ms] [LOG] [Fast Refresh] done in 3ms @ http://localhost:3000/_next/static/chunks/node_modules_next_dist_1e8vcs8._.js:776
[  217415ms] [LOG] [Fast Refresh] done in 3ms @ http://localhost:3000/_next/static/chunks/node_modules_next_dist_1e8vcs8._.js:776
[  217458ms] [LOG] [Fast Refresh] done in 3ms @ http://localhost:3000/_next/static/chunks/node_modules_next_dist_1e8vcs8._.js:776
[  217499ms] [LOG] [Fast Refresh] done in 3ms @ http://localhost:3000/_next/static/chunks/node_modules_next_dist_1e8vcs8._.js:776
[  217540ms] [LOG] [Fast Refresh] done in 3ms @ http://localhost:3000/_next/static/chunks/node_modules_next_dist_1e8vcs8._.js:776
[  217581ms] [LOG] [Fast Refresh] done in 3ms @ http://localhost:3000/_next/static/chunks/node_modules_next_dist_1e8vcs8._.js:776
[  217631ms] [LOG] [Fast Refresh] done in 3ms @ http://localhost:3000/_next/static/chunks/node_modules_next_dist_1e8vcs8._.js:776
[  217671ms] [LOG] [Fast Refresh] done in 3ms @ http://localhost:3000/_next/static/chunks/node_modules_next_dist_1e8vcs8._.js:776
[  217714ms] [LOG] [Fast Refresh] done in 3ms @ http://localhost:3000/_next/static/chunks/node_modules_next_dist_1e8vcs8._.js:776
[  217756ms] [LOG] [Fast Refresh] done in 3ms @ http://localhost:3000/_next/static/chunks/node_modules_next_dist_1e8vcs8._.js:776
[  217802ms] [LOG] [Fast Refresh] done in 3ms @ http://localhost:3000/_next/static/chunks/node_modules_next_dist_1e8vcs8._.js:776
[  217846ms] [LOG] [Fast Refresh] done in 3ms @ http://localhost:3000/_next/static/chunks/node_modules_next_dist_1e8vcs8._.js:776
[  217910ms] [LOG] [Fast Refresh] done in 3ms @ http://localhost:3000/_next/static/chunks/node_modules_next_dist_1e8vcs8._.js:776
[  217957ms] [LOG] [Fast Refresh] done in 3ms @ http://localhost:3000/_next/static/chunks/node_modules_next_dist_1e8vcs8._.js:776
[  217999ms] [LOG] [Fast Refresh] done in 3ms @ http://localhost:3000/_next/static/chunks/node_modules_next_dist_1e8vcs8._.js:776
[  218040ms] [LOG] [Fast Refresh] done in 3ms @ http://localhost:3000/_next/static/chunks/node_modules_next_dist_1e8vcs8._.js:776
[  218081ms] [LOG] [Fast Refresh] done in 3ms @ http://localhost:3000/_next/static/chunks/node_modules_next_dist_1e8vcs8._.js:776
[  218124ms] [LOG] [Fast Refresh] done in 3ms @ http://localhost:3000/_next/static/chunks/node_modules_next_dist_1e8vcs8._.js:776
[  218172ms] [LOG] [Fast Refresh] done in 3ms @ http://localhost:3000/_next/static/chunks/node_modules_next_dist_1e8vcs8._.js:776
[  218215ms] [LOG] [Fast Refresh] done in 3ms @ http://localhost:3000/_next/static/chunks/node_modules_next_dist_1e8vcs8._.js:776
[  218264ms] [LOG] [Fast Refresh] done in 3ms @ http://localhost:3000/_next/static/chunks/node_modules_next_dist_1e8vcs8._.js:776
[  218313ms] [LOG] [Fast Refresh] done in 3ms @ http://localhost:3000/_next/static/chunks/node_modules_next_dist_1e8vcs8._.js:776
[  218353ms] [LOG] [Fast Refresh] done in 3ms @ http://localhost:3000/_next/static/chunks/node_modules_next_dist_1e8vcs8._.js:776
[  218395ms] [LOG] [Fast Refresh] done in 3ms @ http://localhost:3000/_next/static/chunks/node_modules_next_dist_1e8vcs8._.js:776
[  218443ms] [LOG] [Fast Refresh] done in 3ms @ http://localhost:3000/_next/static/chunks/node_modules_next_dist_1e8vcs8._.js:776
[  218485ms] [LOG] [Fast Refresh] done in 3ms @ http://localhost:3000/_next/static/chunks/node_modules_next_dist_1e8vcs8._.js:776
[  218537ms] [LOG] [Fast Refresh] done in 3ms @ http://localhost:3000/_next/static/chunks/node_modules_next_dist_1e8vcs8._.js:776
[  218578ms] [LOG] [Fast Refresh] done in 3ms @ http://localhost:3000/_next/static/chunks/node_modules_next_dist_1e8vcs8._.js:776
[  218620ms] [LOG] [Fast Refresh] done in 3ms @ http://localhost:3000/_next/static/chunks/node_modules_next_dist_1e8vcs8._.js:776
[  218663ms] [LOG] [Fast Refresh] done in 3ms @ http://localhost:3000/_next/static/chunks/node_modules_next_dist_1e8vcs8._.js:776
[  218703ms] [LOG] [Fast Refresh] done in 3ms @ http://localhost:3000/_next/static/chunks/node_modules_next_dist_1e8vcs8._.js:776
[  218748ms] [LOG] [Fast Refresh] done in 3ms @ http://localhost:3000/_next/static/chunks/node_modules_next_dist_1e8vcs8._.js:776
[  218790ms] [LOG] [Fast Refresh] done in 3ms @ http://localhost:3000/_next/static/chunks/node_modules_next_dist_1e8vcs8._.js:776
[  218836ms] [LOG] [Fast Refresh] done in 3ms @ http://localhost:3000/_next/static/chunks/node_modules_next_dist_1e8vcs8._.js:776
[  218880ms] [LOG] [Fast Refresh] done in 3ms @ http://localhost:3000/_next/static/chunks/node_modules_next_dist_1e8vcs8._.js:776
[  218924ms] [LOG] [Fast Refresh] done in 3ms @ http://localhost:3000/_next/static/chunks/node_modules_next_dist_1e8vcs8._.js:776
[  218963ms] [LOG] [Fast Refresh] done in 3ms @ http://localhost:3000/_next/static/chunks/node_modules_next_dist_1e8vcs8._.js:776
[  219007ms] [LOG] [Fast Refresh] done in 3ms @ http://localhost:3000/_next/static/chunks/node_modules_next_dist_1e8vcs8._.js:776
[  219047ms] [LOG] [Fast Refresh] done in 3ms @ http://localhost:3000/_next/static/chunks/node_modules_next_dist_1e8vcs8._.js:776
[  219110ms] [LOG] [Fast Refresh] done in 3ms @ http://localhost:3000/_next/static/chunks/node_modules_next_dist_1e8vcs8._.js:776
[  219160ms] [LOG] [Fast Refresh] done in 3ms @ http://localhost:3000/_next/static/chunks/node_modules_next_dist_1e8vcs8._.js:776
[  219213ms] [LOG] [Fast Refresh] done in 3ms @ http://localhost:3000/_next/static/chunks/node_modules_next_dist_1e8vcs8._.js:776
[  219262ms] [LOG] [Fast Refresh] done in 3ms @ http://localhost:3000/_next/static/chunks/node_modules_next_dist_1e8vcs8._.js:776
[  219305ms] [LOG] [Fast Refresh] done in 3ms @ http://localhost:3000/_next/static/chunks/node_modules_next_dist_1e8vcs8._.js:776
[  219348ms] [LOG] [Fast Refresh] done in 3ms @ http://localhost:3000/_next/static/chunks/node_modules_next_dist_1e8vcs8._.js:776
[  219388ms] [LOG] [Fast Refresh] done in 3ms @ http://localhost:3000/_next/static/chunks/node_modules_next_dist_1e8vcs8._.js:776
[  219437ms] [LOG] [Fast Refresh] done in 3ms @ http://localhost:3000/_next/static/chunks/node_modules_next_dist_1e8vcs8._.js:776
[  219478ms] [LOG] [Fast Refresh] done in 3ms @ http://localhost:3000/_next/static/chunks/node_modules_next_dist_1e8vcs8._.js:776
[  219524ms] [LOG] [Fast Refresh] done in 3ms @ http://localhost:3000/_next/static/chunks/node_modules_next_dist_1e8vcs8._.js:776
[  219568ms] [LOG] [Fast Refresh] done in 3ms @ http://localhost:3000/_next/static/chunks/node_modules_next_dist_1e8vcs8._.js:776
[  219611ms] [LOG] [Fast Refresh] done in 3ms @ http://localhost:3000/_next/static/chunks/node_modules_next_dist_1e8vcs8._.js:776
[  219658ms] [LOG] [Fast Refresh] done in 3ms @ http://localhost:3000/_next/static/chunks/node_modules_next_dist_1e8vcs8._.js:776
[  219699ms] [LOG] [Fast Refresh] done in 3ms @ http://localhost:3000/_next/static/chunks/node_modules_next_dist_1e8vcs8._.js:776
[  219742ms] [LOG] [Fast Refresh] done in 3ms @ http://localhost:3000/_next/static/chunks/node_modules_next_dist_1e8vcs8._.js:776
[  219784ms] [LOG] [Fast Refresh] done in 3ms @ http://localhost:3000/_next/static/chunks/node_modules_next_dist_1e8vcs8._.js:776
[  219826ms] [LOG] [Fast Refresh] done in 3ms @ http://localhost:3000/_next/static/chunks/node_modules_next_dist_1e8vcs8._.js:776
[  219866ms] [LOG] [Fast Refresh] done in 3ms @ http://localhost:3000/_next/static/chunks/node_modules_next_dist_1e8vcs8._.js:776
[  219908ms] [LOG] [Fast Refresh] done in 3ms @ http://localhost:3000/_next/static/chunks/node_modules_next_dist_1e8vcs8._.js:776
[  219950ms] [LOG] [Fast Refresh] done in 3ms @ http://localhost:3000/_next/static/chunks/node_modules_next_dist_1e8vcs8._.js:776
[  220005ms] [LOG] [Fast Refresh] done in 3ms @ http://localhost:3000/_next/static/chunks/node_modules_next_dist_1e8vcs8._.js:776
[  220046ms] [LOG] [Fast Refresh] done in 3ms @ http://localhost:3000/_next/static/chunks/node_modules_next_dist_1e8vcs8._.js:776
[  220089ms] [LOG] [Fast Refresh] done in 3ms @ http://localhost:3000/_next/static/chunks/node_modules_next_dist_1e8vcs8._.js:776
[  220138ms] [LOG] [Fast Refresh] done in 3ms @ http://localhost:3000/_next/static/chunks/node_modules_next_dist_1e8vcs8._.js:776
[  220187ms] [LOG] [Fast Refresh] done in 3ms @ http://localhost:3000/_next/static/chunks/node_modules_next_dist_1e8vcs8._.js:776
[  220231ms] [LOG] [Fast Refresh] done in 3ms @ http://localhost:3000/_next/static/chunks/node_modules_next_dist_1e8vcs8._.js:776
[  220279ms] [LOG] [Fast Refresh] done in 3ms @ http://localhost:3000/_next/static/chunks/node_modules_next_dist_1e8vcs8._.js:776
[  220319ms] [LOG] [Fast Refresh] done in 3ms @ http://localhost:3000/_next/static/chunks/node_modules_next_dist_1e8vcs8._.js:776
[  220365ms] [LOG] [Fast Refresh] done in 3ms @ http://localhost:3000/_next/static/chunks/node_modules_next_dist_1e8vcs8._.js:776
[  220410ms] [LOG] [Fast Refresh] done in 3ms @ http://localhost:3000/_next/static/chunks/node_modules_next_dist_1e8vcs8._.js:776
[  220450ms] [LOG] [Fast Refresh] done in 3ms @ http://localhost:3000/_next/static/chunks/node_modules_next_dist_1e8vcs8._.js:776
[  220492ms] [LOG] [Fast Refresh] done in 3ms @ http://localhost:3000/_next/static/chunks/node_modules_next_dist_1e8vcs8._.js:776
[  220533ms] [LOG] [Fast Refresh] done in 3ms @ http://localhost:3000/_next/static/chunks/node_modules_next_dist_1e8vcs8._.js:776
[  220578ms] [LOG] [Fast Refresh] done in 3ms @ http://localhost:3000/_next/static/chunks/node_modules_next_dist_1e8vcs8._.js:776
[  220626ms] [LOG] [Fast Refresh] done in 3ms @ http://localhost:3000/_next/static/chunks/node_modules_next_dist_1e8vcs8._.js:776
[  220674ms] [LOG] [Fast Refresh] done in 3ms @ http://localhost:3000/_next/static/chunks/node_modules_next_dist_1e8vcs8._.js:776
[  220731ms] [LOG] [Fast Refresh] done in 3ms @ http://localhost:3000/_next/static/chunks/node_modules_next_dist_1e8vcs8._.js:776
[  220780ms] [LOG] [Fast Refresh] done in 3ms @ http://localhost:3000/_next/static/chunks/node_modules_next_dist_1e8vcs8._.js:776
[  220828ms] [LOG] [Fast Refresh] done in 3ms @ http://localhost:3000/_next/static/chunks/node_modules_next_dist_1e8vcs8._.js:776
[  220877ms] [LOG] [Fast Refresh] done in 3ms @ http://localhost:3000/_next/static/chunks/node_modules_next_dist_1e8vcs8._.js:776
[  220927ms] [LOG] [Fast Refresh] done in 3ms @ http://localhost:3000/_next/static/chunks/node_modules_next_dist_1e8vcs8._.js:776
[  220979ms] [LOG] [Fast Refresh] done in 3ms @ http://localhost:3000/_next/static/chunks/node_modules_next_dist_1e8vcs8._.js:776
[  221030ms] [LOG] [Fast Refresh] done in 3ms @ http://localhost:3000/_next/static/chunks/node_modules_next_dist_1e8vcs8._.js:776
[  221078ms] [LOG] [Fast Refresh] done in 3ms @ http://localhost:3000/_next/static/chunks/node_modules_next_dist_1e8vcs8._.js:776
[  221127ms] [LOG] [Fast Refresh] done in 3ms @ http://localhost:3000/_next/static/chunks/node_modules_next_dist_1e8vcs8._.js:776
[  221176ms] [LOG] [Fast Refresh] done in 3ms @ http://localhost:3000/_next/static/chunks/node_modules_next_dist_1e8vcs8._.js:776
[  221230ms] [LOG] [Fast Refresh] done in 3ms @ http://localhost:3000/_next/static/chunks/node_modules_next_dist_1e8vcs8._.js:776
[  221280ms] [LOG] [Fast Refresh] done in 3ms @ http://localhost:3000/_next/static/chunks/node_modules_next_dist_1e8vcs8._.js:776
[  221329ms] [LOG] [Fast Refresh] done in 3ms @ http://localhost:3000/_next/static/chunks/node_modules_next_dist_1e8vcs8._.js:776
[  221377ms] [LOG] [Fast Refresh] done in 3ms @ http://localhost:3000/_next/static/chunks/node_modules_next_dist_1e8vcs8._.js:776
[  221427ms] [LOG] [Fast Refresh] done in 3ms @ http://localhost:3000/_next/static/chunks/node_modules_next_dist_1e8vcs8._.js:776
[  221473ms] [LOG] [Fast Refresh] done in 3ms @ http://localhost:3000/_next/static/chunks/node_modules_next_dist_1e8vcs8._.js:776
[  221512ms] [LOG] [Fast Refresh] done in 3ms @ http://localhost:3000/_next/static/chunks/node_modules_next_dist_1e8vcs8._.js:776
[  221555ms] [LOG] [Fast Refresh] done in 3ms @ http://localhost:3000/_next/static/chunks/node_modules_next_dist_1e8vcs8._.js:776
[  221596ms] [LOG] [Fast Refresh] done in 3ms @ http://localhost:3000/_next/static/chunks/node_modules_next_dist_1e8vcs8._.js:776
[  221638ms] [LOG] [Fast Refresh] done in 3ms @ http://localhost:3000/_next/static/chunks/node_modules_next_dist_1e8vcs8._.js:776
[  221680ms] [LOG] [Fast Refresh] done in 3ms @ http://localhost:3000/_next/static/chunks/node_modules_next_dist_1e8vcs8._.js:776
[  221722ms] [LOG] [Fast Refresh] done in 3ms @ http://localhost:3000/_next/static/chunks/node_modules_next_dist_1e8vcs8._.js:776
[  221763ms] [LOG] [Fast Refresh] done in 3ms @ http://localhost:3000/_next/static/chunks/node_modules_next_dist_1e8vcs8._.js:776
[  221805ms] [LOG] [Fast Refresh] done in 3ms @ http://localhost:3000/_next/static/chunks/node_modules_next_dist_1e8vcs8._.js:776
[  221846ms] [LOG] [Fast Refresh] done in 3ms @ http://localhost:3000/_next/static/chunks/node_modules_next_dist_1e8vcs8._.js:776
[  221889ms] [LOG] [Fast Refresh] done in 3ms @ http://localhost:3000/_next/static/chunks/node_modules_next_dist_1e8vcs8._.js:776
[  221930ms] [LOG] [Fast Refresh] done in 3ms @ http://localhost:3000/_next/static/chunks/node_modules_next_dist_1e8vcs8._.js:776
[  221971ms] [LOG] [Fast Refresh] done in 3ms @ http://localhost:3000/_next/static/chunks/node_modules_next_dist_1e8vcs8._.js:776
[  222013ms] [LOG] [Fast Refresh] done in 3ms @ http://localhost:3000/_next/static/chunks/node_modules_next_dist_1e8vcs8._.js:776
[  222054ms] [LOG] [Fast Refresh] done in 3ms @ http://localhost:3000/_next/static/chunks/node_modules_next_dist_1e8vcs8._.js:776
[  222096ms] [LOG] [Fast Refresh] done in 3ms @ http://localhost:3000/_next/static/chunks/node_modules_next_dist_1e8vcs8._.js:776
[  222138ms] [LOG] [Fast Refresh] done in 3ms @ http://localhost:3000/_next/static/chunks/node_modules_next_dist_1e8vcs8._.js:776
[  222179ms] [LOG] [Fast Refresh] done in 3ms @ http://localhost:3000/_next/static/chunks/node_modules_next_dist_1e8vcs8._.js:776
[  222221ms] [LOG] [Fast Refresh] done in 3ms @ http://localhost:3000/_next/static/chunks/node_modules_next_dist_1e8vcs8._.js:776
[  222264ms] [LOG] [Fast Refresh] done in 3ms @ http://localhost:3000/_next/static/chunks/node_modules_next_dist_1e8vcs8._.js:776
[  222304ms] [LOG] [Fast Refresh] done in 3ms @ http://localhost:3000/_next/static/chunks/node_modules_next_dist_1e8vcs8._.js:776
[  222361ms] [LOG] [Fast Refresh] done in 3ms @ http://localhost:3000/_next/static/chunks/node_modules_next_dist_1e8vcs8._.js:776
[  222410ms] [LOG] [Fast Refresh] done in 3ms @ http://localhost:3000/_next/static/chunks/node_modules_next_dist_1e8vcs8._.js:776
[  222465ms] [LOG] [Fast Refresh] done in 3ms @ http://localhost:3000/_next/static/chunks/node_modules_next_dist_1e8vcs8._.js:776
[  222517ms] [LOG] [Fast Refresh] done in 3ms @ http://localhost:3000/_next/static/chunks/node_modules_next_dist_1e8vcs8._.js:776
[  222570ms] [LOG] [Fast Refresh] done in 3ms @ http://localhost:3000/_next/static/chunks/node_modules_next_dist_1e8vcs8._.js:776
[  222611ms] [LOG] [Fast Refresh] done in 3ms @ http://localhost:3000/_next/static/chunks/node_modules_next_dist_1e8vcs8._.js:776
[  222660ms] [LOG] [Fast Refresh] done in 3ms @ http://localhost:3000/_next/static/chunks/node_modules_next_dist_1e8vcs8._.js:776
[  222715ms] [LOG] [Fast Refresh] done in 3ms @ http://localhost:3000/_next/static/chunks/node_modules_next_dist_1e8vcs8._.js:776
[  222764ms] [LOG] [Fast Refresh] done in 3ms @ http://localhost:3000/_next/static/chunks/node_modules_next_dist_1e8vcs8._.js:776
[  222813ms] [LOG] [Fast Refresh] done in 3ms @ http://localhost:3000/_next/static/chunks/node_modules_next_dist_1e8vcs8._.js:776
[  222853ms] [LOG] [Fast Refresh] done in 3ms @ http://localhost:3000/_next/static/chunks/node_modules_next_dist_1e8vcs8._.js:776
[  222909ms] [LOG] [Fast Refresh] done in 3ms @ http://localhost:3000/_next/static/chunks/node_modules_next_dist_1e8vcs8._.js:776
[  222950ms] [LOG] [Fast Refresh] done in 3ms @ http://localhost:3000/_next/static/chunks/node_modules_next_dist_1e8vcs8._.js:776
[  222999ms] [LOG] [Fast Refresh] done in 3ms @ http://localhost:3000/_next/static/chunks/node_modules_next_dist_1e8vcs8._.js:776
[  223048ms] [LOG] [Fast Refresh] done in 3ms @ http://localhost:3000/_next/static/chunks/node_modules_next_dist_1e8vcs8._.js:776
[  223096ms] [LOG] [Fast Refresh] done in 3ms @ http://localhost:3000/_next/static/chunks/node_modules_next_dist_1e8vcs8._.js:776
[  223138ms] [LOG] [Fast Refresh] done in 3ms @ http://localhost:3000/_next/static/chunks/node_modules_next_dist_1e8vcs8._.js:776
[  223187ms] [LOG] [Fast Refresh] done in 3ms @ http://localhost:3000/_next/static/chunks/node_modules_next_dist_1e8vcs8._.js:776
[  223231ms] [LOG] [Fast Refresh] done in 3ms @ http://localhost:3000/_next/static/chunks/node_modules_next_dist_1e8vcs8._.js:776
[  223280ms] [LOG] [Fast Refresh] done in 3ms @ http://localhost:3000/_next/static/chunks/node_modules_next_dist_1e8vcs8._.js:776
[  223330ms] [LOG] [Fast Refresh] done in 3ms @ http://localhost:3000/_next/static/chunks/node_modules_next_dist_1e8vcs8._.js:776
[  223377ms] [LOG] [Fast Refresh] done in 3ms @ http://localhost:3000/_next/static/chunks/node_modules_next_dist_1e8vcs8._.js:776
[  223425ms] [LOG] [Fast Refresh] done in 3ms @ http://localhost:3000/_next/static/chunks/node_modules_next_dist_1e8vcs8._.js:776
[  223464ms] [LOG] [Fast Refresh] done in 3ms @ http://localhost:3000/_next/static/chunks/node_modules_next_dist_1e8vcs8._.js:776
[  223510ms] [LOG] [Fast Refresh] done in 3ms @ http://localhost:3000/_next/static/chunks/node_modules_next_dist_1e8vcs8._.js:776
[  223558ms] [LOG] [Fast Refresh] done in 3ms @ http://localhost:3000/_next/static/chunks/node_modules_next_dist_1e8vcs8._.js:776
[  223603ms] [LOG] [Fast Refresh] done in 3ms @ http://localhost:3000/_next/static/chunks/node_modules_next_dist_1e8vcs8._.js:776
[  223644ms] [LOG] [Fast Refresh] done in 3ms @ http://localhost:3000/_next/static/chunks/node_modules_next_dist_1e8vcs8._.js:776
[  223687ms] [LOG] [Fast Refresh] done in 3ms @ http://localhost:3000/_next/static/chunks/node_modules_next_dist_1e8vcs8._.js:776
[  223731ms] [LOG] [Fast Refresh] done in 3ms @ http://localhost:3000/_next/static/chunks/node_modules_next_dist_1e8vcs8._.js:776
[  223779ms] [LOG] [Fast Refresh] done in 3ms @ http://localhost:3000/_next/static/chunks/node_modules_next_dist_1e8vcs8._.js:776
[  223820ms] [LOG] [Fast Refresh] done in 3ms @ http://localhost:3000/_next/static/chunks/node_modules_next_dist_1e8vcs8._.js:776
[  223874ms] [LOG] [Fast Refresh] done in 3ms @ http://localhost:3000/_next/static/chunks/node_modules_next_dist_1e8vcs8._.js:776
[  223916ms] [LOG] [Fast Refresh] done in 3ms @ http://localhost:3000/_next/static/chunks/node_modules_next_dist_1e8vcs8._.js:776
[  223956ms] [LOG] [Fast Refresh] done in 3ms @ http://localhost:3000/_next/static/chunks/node_modules_next_dist_1e8vcs8._.js:776
[  223999ms] [LOG] [Fast Refresh] done in 3ms @ http://localhost:3000/_next/static/chunks/node_modules_next_dist_1e8vcs8._.js:776
[  224041ms] [LOG] [Fast Refresh] done in 3ms @ http://localhost:3000/_next/static/chunks/node_modules_next_dist_1e8vcs8._.js:776
[  224083ms] [LOG] [Fast Refresh] done in 3ms @ http://localhost:3000/_next/static/chunks/node_modules_next_dist_1e8vcs8._.js:776
[  224128ms] [LOG] [Fast Refresh] done in 3ms @ http://localhost:3000/_next/static/chunks/node_modules_next_dist_1e8vcs8._.js:776
[  224172ms] [LOG] [Fast Refresh] done in 3ms @ http://localhost:3000/_next/static/chunks/node_modules_next_dist_1e8vcs8._.js:776
[  224215ms] [LOG] [Fast Refresh] done in 3ms @ http://localhost:3000/_next/static/chunks/node_modules_next_dist_1e8vcs8._.js:776
[  224264ms] [LOG] [Fast Refresh] done in 3ms @ http://localhost:3000/_next/static/chunks/node_modules_next_dist_1e8vcs8._.js:776
[  224312ms] [LOG] [Fast Refresh] done in 3ms @ http://localhost:3000/_next/static/chunks/node_modules_next_dist_1e8vcs8._.js:776
[  224361ms] [LOG] [Fast Refresh] done in 3ms @ http://localhost:3000/_next/static/chunks/node_modules_next_dist_1e8vcs8._.js:776
[  224402ms] [LOG] [Fast Refresh] done in 3ms @ http://localhost:3000/_next/static/chunks/node_modules_next_dist_1e8vcs8._.js:776
[  224443ms] [LOG] [Fast Refresh] done in 3ms @ http://localhost:3000/_next/static/chunks/node_modules_next_dist_1e8vcs8._.js:776
[  224484ms] [LOG] [Fast Refresh] done in 3ms @ http://localhost:3000/_next/static/chunks/node_modules_next_dist_1e8vcs8._.js:776
[  224528ms] [LOG] [Fast Refresh] done in 3ms @ http://localhost:3000/_next/static/chunks/node_modules_next_dist_1e8vcs8._.js:776
[  224569ms] [LOG] [Fast Refresh] done in 3ms @ http://localhost:3000/_next/static/chunks/node_modules_next_dist_1e8vcs8._.js:776
[  224611ms] [LOG] [Fast Refresh] done in 3ms @ http://localhost:3000/_next/static/chunks/node_modules_next_dist_1e8vcs8._.js:776
[  224652ms] [LOG] [Fast Refresh] done in 3ms @ http://localhost:3000/_next/static/chunks/node_modules_next_dist_1e8vcs8._.js:776
[  224694ms] [LOG] [Fast Refresh] done in 3ms @ http://localhost:3000/_next/static/chunks/node_modules_next_dist_1e8vcs8._.js:776
[  224736ms] [LOG] [Fast Refresh] done in 3ms @ http://localhost:3000/_next/static/chunks/node_modules_next_dist_1e8vcs8._.js:776
[  224778ms] [LOG] [Fast Refresh] done in 3ms @ http://localhost:3000/_next/static/chunks/node_modules_next_dist_1e8vcs8._.js:776
[  224817ms] [LOG] [Fast Refresh] done in 3ms @ http://localhost:3000/_next/static/chunks/node_modules_next_dist_1e8vcs8._.js:776
[  224861ms] [LOG] [Fast Refresh] done in 3ms @ http://localhost:3000/_next/static/chunks/node_modules_next_dist_1e8vcs8._.js:776
[  224902ms] [LOG] [Fast Refresh] done in 3ms @ http://localhost:3000/_next/static/chunks/node_modules_next_dist_1e8vcs8._.js:776
[  224951ms] [LOG] [Fast Refresh] done in 3ms @ http://localhost:3000/_next/static/chunks/node_modules_next_dist_1e8vcs8._.js:776
[  224994ms] [LOG] [Fast Refresh] done in 3ms @ http://localhost:3000/_next/static/chunks/node_modules_next_dist_1e8vcs8._.js:776
[  225037ms] [LOG] [Fast Refresh] done in 3ms @ http://localhost:3000/_next/static/chunks/node_modules_next_dist_1e8vcs8._.js:776
[  225075ms] [LOG] [Fast Refresh] done in 3ms @ http://localhost:3000/_next/static/chunks/node_modules_next_dist_1e8vcs8._.js:776
[  225125ms] [LOG] [Fast Refresh] done in 3ms @ http://localhost:3000/_next/static/chunks/node_modules_next_dist_1e8vcs8._.js:776
[  225172ms] [LOG] [Fast Refresh] done in 3ms @ http://localhost:3000/_next/static/chunks/node_modules_next_dist_1e8vcs8._.js:776
[  225222ms] [LOG] [Fast Refresh] done in 3ms @ http://localhost:3000/_next/static/chunks/node_modules_next_dist_1e8vcs8._.js:776
[  225269ms] [LOG] [Fast Refresh] done in 3ms @ http://localhost:3000/_next/static/chunks/node_modules_next_dist_1e8vcs8._.js:776
[  225311ms] [LOG] [Fast Refresh] done in 3ms @ http://localhost:3000/_next/static/chunks/node_modules_next_dist_1e8vcs8._.js:776
[  225357ms] [LOG] [Fast Refresh] done in 3ms @ http://localhost:3000/_next/static/chunks/node_modules_next_dist_1e8vcs8._.js:776
[  225394ms] [LOG] [Fast Refresh] done in 3ms @ http://localhost:3000/_next/static/chunks/node_modules_next_dist_1e8vcs8._.js:776
[  225449ms] [LOG] [Fast Refresh] done in 3ms @ http://localhost:3000/_next/static/chunks/node_modules_next_dist_1e8vcs8._.js:776
[  225493ms] [LOG] [Fast Refresh] done in 3ms @ http://localhost:3000/_next/static/chunks/node_modules_next_dist_1e8vcs8._.js:776
[  225535ms] [LOG] [Fast Refresh] done in 3ms @ http://localhost:3000/_next/static/chunks/node_modules_next_dist_1e8vcs8._.js:776
[  225591ms] [LOG] [Fast Refresh] done in 3ms @ http://localhost:3000/_next/static/chunks/node_modules_next_dist_1e8vcs8._.js:776
[  225635ms] [LOG] [Fast Refresh] done in 3ms @ http://localhost:3000/_next/static/chunks/node_modules_next_dist_1e8vcs8._.js:776
[  225689ms] [LOG] [Fast Refresh] done in 3ms @ http://localhost:3000/_next/static/chunks/node_modules_next_dist_1e8vcs8._.js:776
[  225730ms] [LOG] [Fast Refresh] done in 3ms @ http://localhost:3000/_next/static/chunks/node_modules_next_dist_1e8vcs8._.js:776
[  225769ms] [LOG] [Fast Refresh] done in 3ms @ http://localhost:3000/_next/static/chunks/node_modules_next_dist_1e8vcs8._.js:776
[  225819ms] [LOG] [Fast Refresh] done in 3ms @ http://localhost:3000/_next/static/chunks/node_modules_next_dist_1e8vcs8._.js:776
[  225867ms] [LOG] [Fast Refresh] done in 3ms @ http://localhost:3000/_next/static/chunks/node_modules_next_dist_1e8vcs8._.js:776
[  225915ms] [LOG] [Fast Refresh] done in 3ms @ http://localhost:3000/_next/static/chunks/node_modules_next_dist_1e8vcs8._.js:776
[  225965ms] [LOG] [Fast Refresh] done in 3ms @ http://localhost:3000/_next/static/chunks/node_modules_next_dist_1e8vcs8._.js:776
[  226014ms] [LOG] [Fast Refresh] done in 3ms @ http://localhost:3000/_next/static/chunks/node_modules_next_dist_1e8vcs8._.js:776
[  226068ms] [LOG] [Fast Refresh] done in 3ms @ http://localhost:3000/_next/static/chunks/node_modules_next_dist_1e8vcs8._.js:776
[  226124ms] [LOG] [Fast Refresh] done in 3ms @ http://localhost:3000/_next/static/chunks/node_modules_next_dist_1e8vcs8._.js:776
[  226165ms] [LOG] [Fast Refresh] done in 3ms @ http://localhost:3000/_next/static/chunks/node_modules_next_dist_1e8vcs8._.js:776
[  226218ms] [LOG] [Fast Refresh] done in 3ms @ http://localhost:3000/_next/static/chunks/node_modules_next_dist_1e8vcs8._.js:776
[  226280ms] [LOG] [Fast Refresh] done in 3ms @ http://localhost:3000/_next/static/chunks/node_modules_next_dist_1e8vcs8._.js:776
[  226329ms] [LOG] [Fast Refresh] done in 3ms @ http://localhost:3000/_next/static/chunks/node_modules_next_dist_1e8vcs8._.js:776
[  226377ms] [LOG] [Fast Refresh] done in 3ms @ http://localhost:3000/_next/static/chunks/node_modules_next_dist_1e8vcs8._.js:776
[  226430ms] [LOG] [Fast Refresh] done in 3ms @ http://localhost:3000/_next/static/chunks/node_modules_next_dist_1e8vcs8._.js:776
[  226473ms] [LOG] [Fast Refresh] done in 3ms @ http://localhost:3000/_next/static/chunks/node_modules_next_dist_1e8vcs8._.js:776
[  226521ms] [LOG] [Fast Refresh] done in 3ms @ http://localhost:3000/_next/static/chunks/node_modules_next_dist_1e8vcs8._.js:776
[  226578ms] [LOG] [Fast Refresh] done in 3ms @ http://localhost:3000/_next/static/chunks/node_modules_next_dist_1e8vcs8._.js:776
[  226627ms] [LOG] [Fast Refresh] done in 3ms @ http://localhost:3000/_next/static/chunks/node_modules_next_dist_1e8vcs8._.js:776
[  226671ms] [LOG] [Fast Refresh] done in 3ms @ http://localhost:3000/_next/static/chunks/node_modules_next_dist_1e8vcs8._.js:776
[  226715ms] [LOG] [Fast Refresh] done in 3ms @ http://localhost:3000/_next/static/chunks/node_modules_next_dist_1e8vcs8._.js:776
[  226764ms] [LOG] [Fast Refresh] done in 3ms @ http://localhost:3000/_next/static/chunks/node_modules_next_dist_1e8vcs8._.js:776
[  226828ms] [LOG] [Fast Refresh] done in 3ms @ http://localhost:3000/_next/static/chunks/node_modules_next_dist_1e8vcs8._.js:776
[  226879ms] [LOG] [Fast Refresh] done in 3ms @ http://localhost:3000/_next/static/chunks/node_modules_next_dist_1e8vcs8._.js:776
[  226925ms] [LOG] [Fast Refresh] done in 3ms @ http://localhost:3000/_next/static/chunks/node_modules_next_dist_1e8vcs8._.js:776
[  226981ms] [LOG] [Fast Refresh] done in 3ms @ http://localhost:3000/_next/static/chunks/node_modules_next_dist_1e8vcs8._.js:776
[  227030ms] [LOG] [Fast Refresh] done in 3ms @ http://localhost:3000/_next/static/chunks/node_modules_next_dist_1e8vcs8._.js:776
[  227079ms] [LOG] [Fast Refresh] done in 3ms @ http://localhost:3000/_next/static/chunks/node_modules_next_dist_1e8vcs8._.js:776
[  227126ms] [LOG] [Fast Refresh] done in 3ms @ http://localhost:3000/_next/static/chunks/node_modules_next_dist_1e8vcs8._.js:776
[  227170ms] [LOG] [Fast Refresh] done in 3ms @ http://localhost:3000/_next/static/chunks/node_modules_next_dist_1e8vcs8._.js:776
[  227213ms] [LOG] [Fast Refresh] done in 3ms @ http://localhost:3000/_next/static/chunks/node_modules_next_dist_1e8vcs8._.js:776
[  227264ms] [LOG] [Fast Refresh] done in 3ms @ http://localhost:3000/_next/static/chunks/node_modules_next_dist_1e8vcs8._.js:776
[  227312ms] [LOG] [Fast Refresh] done in 3ms @ http://localhost:3000/_next/static/chunks/node_modules_next_dist_1e8vcs8._.js:776
[  227368ms] [LOG] [Fast Refresh] done in 3ms @ http://localhost:3000/_next/static/chunks/node_modules_next_dist_1e8vcs8._.js:776
[  227426ms] [LOG] [Fast Refresh] done in 3ms @ http://localhost:3000/_next/static/chunks/node_modules_next_dist_1e8vcs8._.js:776
[  227481ms] [LOG] [Fast Refresh] done in 3ms @ http://localhost:3000/_next/static/chunks/node_modules_next_dist_1e8vcs8._.js:776
[  227529ms] [LOG] [Fast Refresh] done in 3ms @ http://localhost:3000/_next/static/chunks/node_modules_next_dist_1e8vcs8._.js:776
[  227569ms] [LOG] [Fast Refresh] done in 3ms @ http://localhost:3000/_next/static/chunks/node_modules_next_dist_1e8vcs8._.js:776
[  227611ms] [LOG] [Fast Refresh] done in 3ms @ http://localhost:3000/_next/static/chunks/node_modules_next_dist_1e8vcs8._.js:776
[  227659ms] [LOG] [Fast Refresh] done in 3ms @ http://localhost:3000/_next/static/chunks/node_modules_next_dist_1e8vcs8._.js:776
[  227701ms] [LOG] [Fast Refresh] done in 3ms @ http://localhost:3000/_next/static/chunks/node_modules_next_dist_1e8vcs8._.js:776
[  227764ms] [LOG] [Fast Refresh] done in 3ms @ http://localhost:3000/_next/static/chunks/node_modules_next_dist_1e8vcs8._.js:776
[  227813ms] [LOG] [Fast Refresh] done in 3ms @ http://localhost:3000/_next/static/chunks/node_modules_next_dist_1e8vcs8._.js:776
[  227868ms] [LOG] [Fast Refresh] done in 3ms @ http://localhost:3000/_next/static/chunks/node_modules_next_dist_1e8vcs8._.js:776
[  227910ms] [LOG] [Fast Refresh] done in 3ms @ http://localhost:3000/_next/static/chunks/node_modules_next_dist_1e8vcs8._.js:776
[  227965ms] [LOG] [Fast Refresh] done in 3ms @ http://localhost:3000/_next/static/chunks/node_modules_next_dist_1e8vcs8._.js:776
[  228029ms] [LOG] [Fast Refresh] done in 3ms @ http://localhost:3000/_next/static/chunks/node_modules_next_dist_1e8vcs8._.js:776
[  228078ms] [LOG] [Fast Refresh] done in 3ms @ http://localhost:3000/_next/static/chunks/node_modules_next_dist_1e8vcs8._.js:776
[  228127ms] [LOG] [Fast Refresh] done in 3ms @ http://localhost:3000/_next/static/chunks/node_modules_next_dist_1e8vcs8._.js:776
[  228172ms] [LOG] [Fast Refresh] done in 3ms @ http://localhost:3000/_next/static/chunks/node_modules_next_dist_1e8vcs8._.js:776
[  228215ms] [LOG] [Fast Refresh] done in 3ms @ http://localhost:3000/_next/static/chunks/node_modules_next_dist_1e8vcs8._.js:776
[  228264ms] [LOG] [Fast Refresh] done in 3ms @ http://localhost:3000/_next/static/chunks/node_modules_next_dist_1e8vcs8._.js:776
[  228312ms] [LOG] [Fast Refresh] done in 3ms @ http://localhost:3000/_next/static/chunks/node_modules_next_dist_1e8vcs8._.js:776
[  228376ms] [LOG] [Fast Refresh] done in 3ms @ http://localhost:3000/_next/static/chunks/node_modules_next_dist_1e8vcs8._.js:776
[  228424ms] [LOG] [Fast Refresh] done in 3ms @ http://localhost:3000/_next/static/chunks/node_modules_next_dist_1e8vcs8._.js:776
[  228480ms] [LOG] [Fast Refresh] done in 3ms @ http://localhost:3000/_next/static/chunks/node_modules_next_dist_1e8vcs8._.js:776
[  228530ms] [LOG] [Fast Refresh] done in 3ms @ http://localhost:3000/_next/static/chunks/node_modules_next_dist_1e8vcs8._.js:776
[  228578ms] [LOG] [Fast Refresh] done in 3ms @ http://localhost:3000/_next/static/chunks/node_modules_next_dist_1e8vcs8._.js:776
[  228627ms] [LOG] [Fast Refresh] done in 3ms @ http://localhost:3000/_next/static/chunks/node_modules_next_dist_1e8vcs8._.js:776
[  228671ms] [LOG] [Fast Refresh] done in 3ms @ http://localhost:3000/_next/static/chunks/node_modules_next_dist_1e8vcs8._.js:776
[  228715ms] [LOG] [Fast Refresh] done in 3ms @ http://localhost:3000/_next/static/chunks/node_modules_next_dist_1e8vcs8._.js:776
[  228780ms] [LOG] [Fast Refresh] done in 3ms @ http://localhost:3000/_next/static/chunks/node_modules_next_dist_1e8vcs8._.js:776
[  228828ms] [LOG] [Fast Refresh] done in 3ms @ http://localhost:3000/_next/static/chunks/node_modules_next_dist_1e8vcs8._.js:776
[  228877ms] [LOG] [Fast Refresh] done in 3ms @ http://localhost:3000/_next/static/chunks/node_modules_next_dist_1e8vcs8._.js:776
[  228926ms] [LOG] [Fast Refresh] done in 3ms @ http://localhost:3000/_next/static/chunks/node_modules_next_dist_1e8vcs8._.js:776
[  228965ms] [LOG] [Fast Refresh] done in 3ms @ http://localhost:3000/_next/static/chunks/node_modules_next_dist_1e8vcs8._.js:776
[  229013ms] [LOG] [Fast Refresh] done in 3ms @ http://localhost:3000/_next/static/chunks/node_modules_next_dist_1e8vcs8._.js:776
[  229061ms] [LOG] [Fast Refresh] done in 3ms @ http://localhost:3000/_next/static/chunks/node_modules_next_dist_1e8vcs8._.js:776
[  229105ms] [LOG] [Fast Refresh] done in 3ms @ http://localhost:3000/_next/static/chunks/node_modules_next_dist_1e8vcs8._.js:776
[  229145ms] [LOG] [Fast Refresh] done in 3ms @ http://localhost:3000/_next/static/chunks/node_modules_next_dist_1e8vcs8._.js:776
[  229196ms] [LOG] [Fast Refresh] done in 3ms @ http://localhost:3000/_next/static/chunks/node_modules_next_dist_1e8vcs8._.js:776
[  229234ms] [LOG] [Fast Refresh] done in 3ms @ http://localhost:3000/_next/static/chunks/node_modules_next_dist_1e8vcs8._.js:776
[  229276ms] [LOG] [Fast Refresh] done in 3ms @ http://localhost:3000/_next/static/chunks/node_modules_next_dist_1e8vcs8._.js:776
[  229320ms] [LOG] [Fast Refresh] done in 3ms @ http://localhost:3000/_next/static/chunks/node_modules_next_dist_1e8vcs8._.js:776
[  229361ms] [LOG] [Fast Refresh] done in 3ms @ http://localhost:3000/_next/static/chunks/node_modules_next_dist_1e8vcs8._.js:776
[  229404ms] [LOG] [Fast Refresh] done in 3ms @ http://localhost:3000/_next/static/chunks/node_modules_next_dist_1e8vcs8._.js:776
[  229445ms] [LOG] [Fast Refresh] done in 3ms @ http://localhost:3000/_next/static/chunks/node_modules_next_dist_1e8vcs8._.js:776
[  229485ms] [LOG] [Fast Refresh] done in 3ms @ http://localhost:3000/_next/static/chunks/node_modules_next_dist_1e8vcs8._.js:776
[  229527ms] [LOG] [Fast Refresh] done in 3ms @ http://localhost:3000/_next/static/chunks/node_modules_next_dist_1e8vcs8._.js:776
[  229570ms] [LOG] [Fast Refresh] done in 3ms @ http://localhost:3000/_next/static/chunks/node_modules_next_dist_1e8vcs8._.js:776
[  229621ms] [LOG] [Fast Refresh] done in 3ms @ http://localhost:3000/_next/static/chunks/node_modules_next_dist_1e8vcs8._.js:776
[  229666ms] [LOG] [Fast Refresh] done in 3ms @ http://localhost:3000/_next/static/chunks/node_modules_next_dist_1e8vcs8._.js:776
[  229710ms] [LOG] [Fast Refresh] done in 3ms @ http://localhost:3000/_next/static/chunks/node_modules_next_dist_1e8vcs8._.js:776
[  229749ms] [LOG] [Fast Refresh] done in 3ms @ http://localhost:3000/_next/static/chunks/node_modules_next_dist_1e8vcs8._.js:776
[  229798ms] [LOG] [Fast Refresh] done in 3ms @ http://localhost:3000/_next/static/chunks/node_modules_next_dist_1e8vcs8._.js:776
[  229850ms] [LOG] [Fast Refresh] done in 3ms @ http://localhost:3000/_next/static/chunks/node_modules_next_dist_1e8vcs8._.js:776
[  229909ms] [LOG] [Fast Refresh] done in 3ms @ http://localhost:3000/_next/static/chunks/node_modules_next_dist_1e8vcs8._.js:776
[  229959ms] [LOG] [Fast Refresh] done in 3ms @ http://localhost:3000/_next/static/chunks/node_modules_next_dist_1e8vcs8._.js:776
[  230007ms] [LOG] [Fast Refresh] done in 3ms @ http://localhost:3000/_next/static/chunks/node_modules_next_dist_1e8vcs8._.js:776
[  230047ms] [LOG] [Fast Refresh] done in 3ms @ http://localhost:3000/_next/static/chunks/node_modules_next_dist_1e8vcs8._.js:776
[  230089ms] [LOG] [Fast Refresh] done in 3ms @ http://localhost:3000/_next/static/chunks/node_modules_next_dist_1e8vcs8._.js:776
[  230131ms] [LOG] [Fast Refresh] done in 3ms @ http://localhost:3000/_next/static/chunks/node_modules_next_dist_1e8vcs8._.js:776
[  230172ms] [LOG] [Fast Refresh] done in 3ms @ http://localhost:3000/_next/static/chunks/node_modules_next_dist_1e8vcs8._.js:776
[  230214ms] [LOG] [Fast Refresh] done in 3ms @ http://localhost:3000/_next/static/chunks/node_modules_next_dist_1e8vcs8._.js:776
[  230255ms] [LOG] [Fast Refresh] done in 3ms @ http://localhost:3000/_next/static/chunks/node_modules_next_dist_1e8vcs8._.js:776
[  230298ms] [LOG] [Fast Refresh] done in 3ms @ http://localhost:3000/_next/static/chunks/node_modules_next_dist_1e8vcs8._.js:776
[  230340ms] [LOG] [Fast Refresh] done in 3ms @ http://localhost:3000/_next/static/chunks/node_modules_next_dist_1e8vcs8._.js:776
[  230381ms] [LOG] [Fast Refresh] done in 3ms @ http://localhost:3000/_next/static/chunks/node_modules_next_dist_1e8vcs8._.js:776
[  230423ms] [LOG] [Fast Refresh] done in 3ms @ http://localhost:3000/_next/static/chunks/node_modules_next_dist_1e8vcs8._.js:776
[  230464ms] [LOG] [Fast Refresh] done in 3ms @ http://localhost:3000/_next/static/chunks/node_modules_next_dist_1e8vcs8._.js:776
[  230513ms] [LOG] [Fast Refresh] done in 3ms @ http://localhost:3000/_next/static/chunks/node_modules_next_dist_1e8vcs8._.js:776
[  230555ms] [LOG] [Fast Refresh] done in 3ms @ http://localhost:3000/_next/static/chunks/node_modules_next_dist_1e8vcs8._.js:776
[  230603ms] [LOG] [Fast Refresh] done in 3ms @ http://localhost:3000/_next/static/chunks/node_modules_next_dist_1e8vcs8._.js:776
[  230645ms] [LOG] [Fast Refresh] done in 3ms @ http://localhost:3000/_next/static/chunks/node_modules_next_dist_1e8vcs8._.js:776
[  230687ms] [LOG] [Fast Refresh] done in 3ms @ http://localhost:3000/_next/static/chunks/node_modules_next_dist_1e8vcs8._.js:776
[  230728ms] [LOG] [Fast Refresh] done in 3ms @ http://localhost:3000/_next/static/chunks/node_modules_next_dist_1e8vcs8._.js:776
[  230776ms] [LOG] [Fast Refresh] done in 3ms @ http://localhost:3000/_next/static/chunks/node_modules_next_dist_1e8vcs8._.js:776
[  230832ms] [LOG] [Fast Refresh] done in 3ms @ http://localhost:3000/_next/static/chunks/node_modules_next_dist_1e8vcs8._.js:776
[  230875ms] [LOG] [Fast Refresh] done in 3ms @ http://localhost:3000/_next/static/chunks/node_modules_next_dist_1e8vcs8._.js:776
[  230940ms] [LOG] [Fast Refresh] done in 3ms @ http://localhost:3000/_next/static/chunks/node_modules_next_dist_1e8vcs8._.js:776
[  230992ms] [LOG] [Fast Refresh] done in 3ms @ http://localhost:3000/_next/static/chunks/node_modules_next_dist_1e8vcs8._.js:776
[  231034ms] [LOG] [Fast Refresh] done in 3ms @ http://localhost:3000/_next/static/chunks/node_modules_next_dist_1e8vcs8._.js:776
[  231078ms] [LOG] [Fast Refresh] done in 3ms @ http://localhost:3000/_next/static/chunks/node_modules_next_dist_1e8vcs8._.js:776
[  231124ms] [LOG] [Fast Refresh] done in 3ms @ http://localhost:3000/_next/static/chunks/node_modules_next_dist_1e8vcs8._.js:776
[  231168ms] [LOG] [Fast Refresh] done in 3ms @ http://localhost:3000/_next/static/chunks/node_modules_next_dist_1e8vcs8._.js:776
[  231209ms] [LOG] [Fast Refresh] done in 3ms @ http://localhost:3000/_next/static/chunks/node_modules_next_dist_1e8vcs8._.js:776
[  231249ms] [LOG] [Fast Refresh] done in 3ms @ http://localhost:3000/_next/static/chunks/node_modules_next_dist_1e8vcs8._.js:776
[  231290ms] [LOG] [Fast Refresh] done in 3ms @ http://localhost:3000/_next/static/chunks/node_modules_next_dist_1e8vcs8._.js:776
[  231333ms] [LOG] [Fast Refresh] done in 3ms @ http://localhost:3000/_next/static/chunks/node_modules_next_dist_1e8vcs8._.js:776
[  231378ms] [LOG] [Fast Refresh] done in 3ms @ http://localhost:3000/_next/static/chunks/node_modules_next_dist_1e8vcs8._.js:776
[  231428ms] [LOG] [Fast Refresh] done in 3ms @ http://localhost:3000/_next/static/chunks/node_modules_next_dist_1e8vcs8._.js:776
[  231481ms] [LOG] [Fast Refresh] done in 3ms @ http://localhost:3000/_next/static/chunks/node_modules_next_dist_1e8vcs8._.js:776
[  231519ms] [LOG] [Fast Refresh] done in 3ms @ http://localhost:3000/_next/static/chunks/node_modules_next_dist_1e8vcs8._.js:776
[  231578ms] [LOG] [Fast Refresh] done in 3ms @ http://localhost:3000/_next/static/chunks/node_modules_next_dist_1e8vcs8._.js:776
[  231631ms] [LOG] [Fast Refresh] done in 3ms @ http://localhost:3000/_next/static/chunks/node_modules_next_dist_1e8vcs8._.js:776
[  231686ms] [LOG] [Fast Refresh] done in 3ms @ http://localhost:3000/_next/static/chunks/node_modules_next_dist_1e8vcs8._.js:776
[  231736ms] [LOG] [Fast Refresh] done in 3ms @ http://localhost:3000/_next/static/chunks/node_modules_next_dist_1e8vcs8._.js:776
[  231777ms] [LOG] [Fast Refresh] done in 3ms @ http://localhost:3000/_next/static/chunks/node_modules_next_dist_1e8vcs8._.js:776
[  231819ms] [LOG] [Fast Refresh] done in 3ms @ http://localhost:3000/_next/static/chunks/node_modules_next_dist_1e8vcs8._.js:776
[  231867ms] [LOG] [Fast Refresh] done in 3ms @ http://localhost:3000/_next/static/chunks/node_modules_next_dist_1e8vcs8._.js:776
[  231908ms] [LOG] [Fast Refresh] done in 3ms @ http://localhost:3000/_next/static/chunks/node_modules_next_dist_1e8vcs8._.js:776
[  231949ms] [LOG] [Fast Refresh] done in 3ms @ http://localhost:3000/_next/static/chunks/node_modules_next_dist_1e8vcs8._.js:776
[  231998ms] [LOG] [Fast Refresh] done in 3ms @ http://localhost:3000/_next/static/chunks/node_modules_next_dist_1e8vcs8._.js:776
[  232039ms] [LOG] [Fast Refresh] done in 3ms @ http://localhost:3000/_next/static/chunks/node_modules_next_dist_1e8vcs8._.js:776
[  232080ms] [LOG] [Fast Refresh] done in 3ms @ http://localhost:3000/_next/static/chunks/node_modules_next_dist_1e8vcs8._.js:776
[  232122ms] [LOG] [Fast Refresh] done in 3ms @ http://localhost:3000/_next/static/chunks/node_modules_next_dist_1e8vcs8._.js:776
[  232167ms] [LOG] [Fast Refresh] done in 3ms @ http://localhost:3000/_next/static/chunks/node_modules_next_dist_1e8vcs8._.js:776
[  232215ms] [LOG] [Fast Refresh] done in 3ms @ http://localhost:3000/_next/static/chunks/node_modules_next_dist_1e8vcs8._.js:776
[  232264ms] [LOG] [Fast Refresh] done in 3ms @ http://localhost:3000/_next/static/chunks/node_modules_next_dist_1e8vcs8._.js:776
[  232312ms] [LOG] [Fast Refresh] done in 3ms @ http://localhost:3000/_next/static/chunks/node_modules_next_dist_1e8vcs8._.js:776
[  232361ms] [LOG] [Fast Refresh] done in 3ms @ http://localhost:3000/_next/static/chunks/node_modules_next_dist_1e8vcs8._.js:776
[  232418ms] [LOG] [Fast Refresh] done in 3ms @ http://localhost:3000/_next/static/chunks/node_modules_next_dist_1e8vcs8._.js:776
[  232471ms] [LOG] [Fast Refresh] done in 3ms @ http://localhost:3000/_next/static/chunks/node_modules_next_dist_1e8vcs8._.js:776
[  232526ms] [LOG] [Fast Refresh] done in 3ms @ http://localhost:3000/_next/static/chunks/node_modules_next_dist_1e8vcs8._.js:776
[  232575ms] [LOG] [Fast Refresh] done in 3ms @ http://localhost:3000/_next/static/chunks/node_modules_next_dist_1e8vcs8._.js:776
[  232617ms] [LOG] [Fast Refresh] done in 3ms @ http://localhost:3000/_next/static/chunks/node_modules_next_dist_1e8vcs8._.js:776
[  232659ms] [LOG] [Fast Refresh] done in 3ms @ http://localhost:3000/_next/static/chunks/node_modules_next_dist_1e8vcs8._.js:776
[  232700ms] [LOG] [Fast Refresh] done in 3ms @ http://localhost:3000/_next/static/chunks/node_modules_next_dist_1e8vcs8._.js:776
[  232749ms] [LOG] [Fast Refresh] done in 3ms @ http://localhost:3000/_next/static/chunks/node_modules_next_dist_1e8vcs8._.js:776
[  232797ms] [LOG] [Fast Refresh] done in 3ms @ http://localhost:3000/_next/static/chunks/node_modules_next_dist_1e8vcs8._.js:776
[  232839ms] [LOG] [Fast Refresh] done in 3ms @ http://localhost:3000/_next/static/chunks/node_modules_next_dist_1e8vcs8._.js:776
[  232902ms] [LOG] [Fast Refresh] done in 3ms @ http://localhost:3000/_next/static/chunks/node_modules_next_dist_1e8vcs8._.js:776
[  232943ms] [LOG] [Fast Refresh] done in 3ms @ http://localhost:3000/_next/static/chunks/node_modules_next_dist_1e8vcs8._.js:776
[  232985ms] [LOG] [Fast Refresh] done in 3ms @ http://localhost:3000/_next/static/chunks/node_modules_next_dist_1e8vcs8._.js:776
[  233027ms] [LOG] [Fast Refresh] done in 3ms @ http://localhost:3000/_next/static/chunks/node_modules_next_dist_1e8vcs8._.js:776
[  233069ms] [LOG] [Fast Refresh] done in 3ms @ http://localhost:3000/_next/static/chunks/node_modules_next_dist_1e8vcs8._.js:776
[  233109ms] [LOG] [Fast Refresh] done in 3ms @ http://localhost:3000/_next/static/chunks/node_modules_next_dist_1e8vcs8._.js:776
[  233161ms] [LOG] [Fast Refresh] done in 3ms @ http://localhost:3000/_next/static/chunks/node_modules_next_dist_1e8vcs8._.js:776
[  233216ms] [LOG] [Fast Refresh] done in 3ms @ http://localhost:3000/_next/static/chunks/node_modules_next_dist_1e8vcs8._.js:776
[  233271ms] [LOG] [Fast Refresh] done in 3ms @ http://localhost:3000/_next/static/chunks/node_modules_next_dist_1e8vcs8._.js:776
[  233319ms] [LOG] [Fast Refresh] done in 3ms @ http://localhost:3000/_next/static/chunks/node_modules_next_dist_1e8vcs8._.js:776
[  233360ms] [LOG] [Fast Refresh] done in 3ms @ http://localhost:3000/_next/static/chunks/node_modules_next_dist_1e8vcs8._.js:776
[  233408ms] [LOG] [Fast Refresh] done in 3ms @ http://localhost:3000/_next/static/chunks/node_modules_next_dist_1e8vcs8._.js:776
[  233450ms] [LOG] [Fast Refresh] done in 3ms @ http://localhost:3000/_next/static/chunks/node_modules_next_dist_1e8vcs8._.js:776
[  233499ms] [LOG] [Fast Refresh] done in 3ms @ http://localhost:3000/_next/static/chunks/node_modules_next_dist_1e8vcs8._.js:776
[  233547ms] [LOG] [Fast Refresh] done in 3ms @ http://localhost:3000/_next/static/chunks/node_modules_next_dist_1e8vcs8._.js:776
[  233596ms] [LOG] [Fast Refresh] done in 3ms @ http://localhost:3000/_next/static/chunks/node_modules_next_dist_1e8vcs8._.js:776
[  233645ms] [LOG] [Fast Refresh] done in 3ms @ http://localhost:3000/_next/static/chunks/node_modules_next_dist_1e8vcs8._.js:776
[  233693ms] [LOG] [Fast Refresh] done in 3ms @ http://localhost:3000/_next/static/chunks/node_modules_next_dist_1e8vcs8._.js:776
[  233735ms] [LOG] [Fast Refresh] done in 3ms @ http://localhost:3000/_next/static/chunks/node_modules_next_dist_1e8vcs8._.js:776
[  233781ms] [LOG] [Fast Refresh] done in 3ms @ http://localhost:3000/_next/static/chunks/node_modules_next_dist_1e8vcs8._.js:776
[  233825ms] [LOG] [Fast Refresh] done in 3ms @ http://localhost:3000/_next/static/chunks/node_modules_next_dist_1e8vcs8._.js:776
[  233867ms] [LOG] [Fast Refresh] done in 3ms @ http://localhost:3000/_next/static/chunks/node_modules_next_dist_1e8vcs8._.js:776
[  233908ms] [LOG] [Fast Refresh] done in 3ms @ http://localhost:3000/_next/static/chunks/node_modules_next_dist_1e8vcs8._.js:776
[  233950ms] [LOG] [Fast Refresh] done in 3ms @ http://localhost:3000/_next/static/chunks/node_modules_next_dist_1e8vcs8._.js:776
[  233998ms] [LOG] [Fast Refresh] done in 3ms @ http://localhost:3000/_next/static/chunks/node_modules_next_dist_1e8vcs8._.js:776
[  234047ms] [LOG] [Fast Refresh] done in 3ms @ http://localhost:3000/_next/static/chunks/node_modules_next_dist_1e8vcs8._.js:776
[  234096ms] [LOG] [Fast Refresh] done in 3ms @ http://localhost:3000/_next/static/chunks/node_modules_next_dist_1e8vcs8._.js:776
[  234145ms] [LOG] [Fast Refresh] done in 3ms @ http://localhost:3000/_next/static/chunks/node_modules_next_dist_1e8vcs8._.js:776
[  234187ms] [LOG] [Fast Refresh] done in 3ms @ http://localhost:3000/_next/static/chunks/node_modules_next_dist_1e8vcs8._.js:776
[  234235ms] [LOG] [Fast Refresh] done in 3ms @ http://localhost:3000/_next/static/chunks/node_modules_next_dist_1e8vcs8._.js:776
[  234277ms] [LOG] [Fast Refresh] done in 3ms @ http://localhost:3000/_next/static/chunks/node_modules_next_dist_1e8vcs8._.js:776
[  234325ms] [LOG] [Fast Refresh] done in 3ms @ http://localhost:3000/_next/static/chunks/node_modules_next_dist_1e8vcs8._.js:776
[  234377ms] [LOG] [Fast Refresh] done in 3ms @ http://localhost:3000/_next/static/chunks/node_modules_next_dist_1e8vcs8._.js:776
[  234415ms] [LOG] [Fast Refresh] done in 3ms @ http://localhost:3000/_next/static/chunks/node_modules_next_dist_1e8vcs8._.js:776
[  234456ms] [LOG] [Fast Refresh] done in 3ms @ http://localhost:3000/_next/static/chunks/node_modules_next_dist_1e8vcs8._.js:776
[  234506ms] [LOG] [Fast Refresh] done in 3ms @ http://localhost:3000/_next/static/chunks/node_modules_next_dist_1e8vcs8._.js:776
[  234563ms] [LOG] [Fast Refresh] done in 3ms @ http://localhost:3000/_next/static/chunks/node_modules_next_dist_1e8vcs8._.js:776
[  234611ms] [LOG] [Fast Refresh] done in 3ms @ http://localhost:3000/_next/static/chunks/node_modules_next_dist_1e8vcs8._.js:776
[  234677ms] [LOG] [Fast Refresh] done in 3ms @ http://localhost:3000/_next/static/chunks/node_modules_next_dist_1e8vcs8._.js:776
[  234721ms] [LOG] [Fast Refresh] done in 3ms @ http://localhost:3000/_next/static/chunks/node_modules_next_dist_1e8vcs8._.js:776
[  234779ms] [LOG] [Fast Refresh] done in 3ms @ http://localhost:3000/_next/static/chunks/node_modules_next_dist_1e8vcs8._.js:776
[  234832ms] [LOG] [Fast Refresh] done in 3ms @ http://localhost:3000/_next/static/chunks/node_modules_next_dist_1e8vcs8._.js:776
[  234877ms] [LOG] [Fast Refresh] done in 3ms @ http://localhost:3000/_next/static/chunks/node_modules_next_dist_1e8vcs8._.js:776
[  234926ms] [LOG] [Fast Refresh] done in 3ms @ http://localhost:3000/_next/static/chunks/node_modules_next_dist_1e8vcs8._.js:776
[  234966ms] [LOG] [Fast Refresh] done in 3ms @ http://localhost:3000/_next/static/chunks/node_modules_next_dist_1e8vcs8._.js:776
[  235014ms] [LOG] [Fast Refresh] done in 3ms @ http://localhost:3000/_next/static/chunks/node_modules_next_dist_1e8vcs8._.js:776
[  235062ms] [LOG] [Fast Refresh] done in 3ms @ http://localhost:3000/_next/static/chunks/node_modules_next_dist_1e8vcs8._.js:776
[  235111ms] [LOG] [Fast Refresh] done in 3ms @ http://localhost:3000/_next/static/chunks/node_modules_next_dist_1e8vcs8._.js:776
[  235160ms] [LOG] [Fast Refresh] done in 3ms @ http://localhost:3000/_next/static/chunks/node_modules_next_dist_1e8vcs8._.js:776
[  235214ms] [LOG] [Fast Refresh] done in 3ms @ http://localhost:3000/_next/static/chunks/node_modules_next_dist_1e8vcs8._.js:776
[  235257ms] [LOG] [Fast Refresh] done in 3ms @ http://localhost:3000/_next/static/chunks/node_modules_next_dist_1e8vcs8._.js:776
[  235296ms] [LOG] [Fast Refresh] done in 3ms @ http://localhost:3000/_next/static/chunks/node_modules_next_dist_1e8vcs8._.js:776
[  235339ms] [LOG] [Fast Refresh] done in 3ms @ http://localhost:3000/_next/static/chunks/node_modules_next_dist_1e8vcs8._.js:776
[  235388ms] [LOG] [Fast Refresh] done in 3ms @ http://localhost:3000/_next/static/chunks/node_modules_next_dist_1e8vcs8._.js:776
[  235437ms] [LOG] [Fast Refresh] done in 3ms @ http://localhost:3000/_next/static/chunks/node_modules_next_dist_1e8vcs8._.js:776
[  235478ms] [LOG] [Fast Refresh] done in 3ms @ http://localhost:3000/_next/static/chunks/node_modules_next_dist_1e8vcs8._.js:776
[  235530ms] [LOG] [Fast Refresh] done in 3ms @ http://localhost:3000/_next/static/chunks/node_modules_next_dist_1e8vcs8._.js:776
[  235579ms] [LOG] [Fast Refresh] done in 3ms @ http://localhost:3000/_next/static/chunks/node_modules_next_dist_1e8vcs8._.js:776
[  235625ms] [LOG] [Fast Refresh] done in 3ms @ http://localhost:3000/_next/static/chunks/node_modules_next_dist_1e8vcs8._.js:776
[  235680ms] [LOG] [Fast Refresh] done in 3ms @ http://localhost:3000/_next/static/chunks/node_modules_next_dist_1e8vcs8._.js:776
[  235729ms] [LOG] [Fast Refresh] done in 3ms @ http://localhost:3000/_next/static/chunks/node_modules_next_dist_1e8vcs8._.js:776
[  235778ms] [LOG] [Fast Refresh] done in 3ms @ http://localhost:3000/_next/static/chunks/node_modules_next_dist_1e8vcs8._.js:776
[  235831ms] [LOG] [Fast Refresh] done in 3ms @ http://localhost:3000/_next/static/chunks/node_modules_next_dist_1e8vcs8._.js:776
[  235880ms] [LOG] [Fast Refresh] done in 3ms @ http://localhost:3000/_next/static/chunks/node_modules_next_dist_1e8vcs8._.js:776
[  235929ms] [LOG] [Fast Refresh] done in 3ms @ http://localhost:3000/_next/static/chunks/node_modules_next_dist_1e8vcs8._.js:776
[  235971ms] [LOG] [Fast Refresh] done in 3ms @ http://localhost:3000/_next/static/chunks/node_modules_next_dist_1e8vcs8._.js:776
[  236013ms] [LOG] [Fast Refresh] done in 3ms @ http://localhost:3000/_next/static/chunks/node_modules_next_dist_1e8vcs8._.js:776
[  236063ms] [LOG] [Fast Refresh] done in 3ms @ http://localhost:3000/_next/static/chunks/node_modules_next_dist_1e8vcs8._.js:776
[  236127ms] [LOG] [Fast Refresh] done in 3ms @ http://localhost:3000/_next/static/chunks/node_modules_next_dist_1e8vcs8._.js:776
[  236174ms] [LOG] [Fast Refresh] done in 3ms @ http://localhost:3000/_next/static/chunks/node_modules_next_dist_1e8vcs8._.js:776
[  236231ms] [LOG] [Fast Refresh] done in 3ms @ http://localhost:3000/_next/static/chunks/node_modules_next_dist_1e8vcs8._.js:776
[  236280ms] [LOG] [Fast Refresh] done in 3ms @ http://localhost:3000/_next/static/chunks/node_modules_next_dist_1e8vcs8._.js:776
[  236328ms] [LOG] [Fast Refresh] done in 3ms @ http://localhost:3000/_next/static/chunks/node_modules_next_dist_1e8vcs8._.js:776
[  236368ms] [LOG] [Fast Refresh] done in 3ms @ http://localhost:3000/_next/static/chunks/node_modules_next_dist_1e8vcs8._.js:776
[  236423ms] [LOG] [Fast Refresh] done in 3ms @ http://localhost:3000/_next/static/chunks/node_modules_next_dist_1e8vcs8._.js:776
[  236464ms] [LOG] [Fast Refresh] done in 3ms @ http://localhost:3000/_next/static/chunks/node_modules_next_dist_1e8vcs8._.js:776
[  236521ms] [LOG] [Fast Refresh] done in 3ms @ http://localhost:3000/_next/static/chunks/node_modules_next_dist_1e8vcs8._.js:776
[  236573ms] [LOG] [Fast Refresh] done in 3ms @ http://localhost:3000/_next/static/chunks/node_modules_next_dist_1e8vcs8._.js:776
[  236616ms] [LOG] [Fast Refresh] done in 3ms @ http://localhost:3000/_next/static/chunks/node_modules_next_dist_1e8vcs8._.js:776
[  236673ms] [LOG] [Fast Refresh] done in 3ms @ http://localhost:3000/_next/static/chunks/node_modules_next_dist_1e8vcs8._.js:776
[  236731ms] [LOG] [Fast Refresh] done in 3ms @ http://localhost:3000/_next/static/chunks/node_modules_next_dist_1e8vcs8._.js:776
[  236777ms] [LOG] [Fast Refresh] done in 3ms @ http://localhost:3000/_next/static/chunks/node_modules_next_dist_1e8vcs8._.js:776
[  236817ms] [LOG] [Fast Refresh] done in 3ms @ http://localhost:3000/_next/static/chunks/node_modules_next_dist_1e8vcs8._.js:776
[  236860ms] [LOG] [Fast Refresh] done in 3ms @ http://localhost:3000/_next/static/chunks/node_modules_next_dist_1e8vcs8._.js:776
[  236897ms] [LOG] [Fast Refresh] done in 3ms @ http://localhost:3000/_next/static/chunks/node_modules_next_dist_1e8vcs8._.js:776
[  236938ms] [LOG] [Fast Refresh] done in 3ms @ http://localhost:3000/_next/static/chunks/node_modules_next_dist_1e8vcs8._.js:776
[  236978ms] [LOG] [Fast Refresh] done in 3ms @ http://localhost:3000/_next/static/chunks/node_modules_next_dist_1e8vcs8._.js:776
[  237020ms] [LOG] [Fast Refresh] done in 3ms @ http://localhost:3000/_next/static/chunks/node_modules_next_dist_1e8vcs8._.js:776
[  237078ms] [LOG] [Fast Refresh] done in 3ms @ http://localhost:3000/_next/static/chunks/node_modules_next_dist_1e8vcs8._.js:776
[  237116ms] [LOG] [Fast Refresh] done in 3ms @ http://localhost:3000/_next/static/chunks/node_modules_next_dist_1e8vcs8._.js:776
[  237158ms] [LOG] [Fast Refresh] done in 3ms @ http://localhost:3000/_next/static/chunks/node_modules_next_dist_1e8vcs8._.js:776
[  237199ms] [LOG] [Fast Refresh] done in 3ms @ http://localhost:3000/_next/static/chunks/node_modules_next_dist_1e8vcs8._.js:776
[  237241ms] [LOG] [Fast Refresh] done in 3ms @ http://localhost:3000/_next/static/chunks/node_modules_next_dist_1e8vcs8._.js:776
[  237284ms] [LOG] [Fast Refresh] done in 3ms @ http://localhost:3000/_next/static/chunks/node_modules_next_dist_1e8vcs8._.js:776
[  237328ms] [LOG] [Fast Refresh] done in 3ms @ http://localhost:3000/_next/static/chunks/node_modules_next_dist_1e8vcs8._.js:776
[  237367ms] [LOG] [Fast Refresh] done in 3ms @ http://localhost:3000/_next/static/chunks/node_modules_next_dist_1e8vcs8._.js:776
[  237425ms] [LOG] [Fast Refresh] done in 3ms @ http://localhost:3000/_next/static/chunks/node_modules_next_dist_1e8vcs8._.js:776
[  237464ms] [LOG] [Fast Refresh] done in 3ms @ http://localhost:3000/_next/static/chunks/node_modules_next_dist_1e8vcs8._.js:776
[  237514ms] [LOG] [Fast Refresh] done in 3ms @ http://localhost:3000/_next/static/chunks/node_modules_next_dist_1e8vcs8._.js:776
[  237578ms] [LOG] [Fast Refresh] done in 3ms @ http://localhost:3000/_next/static/chunks/node_modules_next_dist_1e8vcs8._.js:776
[  237624ms] [LOG] [Fast Refresh] done in 3ms @ http://localhost:3000/_next/static/chunks/node_modules_next_dist_1e8vcs8._.js:776
[  237672ms] [LOG] [Fast Refresh] done in 3ms @ http://localhost:3000/_next/static/chunks/node_modules_next_dist_1e8vcs8._.js:776
[  237729ms] [LOG] [Fast Refresh] done in 3ms @ http://localhost:3000/_next/static/chunks/node_modules_next_dist_1e8vcs8._.js:776
[  237768ms] [LOG] [Fast Refresh] done in 3ms @ http://localhost:3000/_next/static/chunks/node_modules_next_dist_1e8vcs8._.js:776
[  237812ms] [LOG] [Fast Refresh] done in 3ms @ http://localhost:3000/_next/static/chunks/node_modules_next_dist_1e8vcs8._.js:776
[  237860ms] [LOG] [Fast Refresh] done in 3ms @ http://localhost:3000/_next/static/chunks/node_modules_next_dist_1e8vcs8._.js:776
[  237910ms] [LOG] [Fast Refresh] done in 3ms @ http://localhost:3000/_next/static/chunks/node_modules_next_dist_1e8vcs8._.js:776
[  237965ms] [LOG] [Fast Refresh] done in 3ms @ http://localhost:3000/_next/static/chunks/node_modules_next_dist_1e8vcs8._.js:776
[  238013ms] [LOG] [Fast Refresh] done in 3ms @ http://localhost:3000/_next/static/chunks/node_modules_next_dist_1e8vcs8._.js:776
[  238054ms] [LOG] [Fast Refresh] done in 3ms @ http://localhost:3000/_next/static/chunks/node_modules_next_dist_1e8vcs8._.js:776
[  238103ms] [LOG] [Fast Refresh] done in 3ms @ http://localhost:3000/_next/static/chunks/node_modules_next_dist_1e8vcs8._.js:776
[  238145ms] [LOG] [Fast Refresh] done in 3ms @ http://localhost:3000/_next/static/chunks/node_modules_next_dist_1e8vcs8._.js:776
[  238192ms] [LOG] [Fast Refresh] done in 3ms @ http://localhost:3000/_next/static/chunks/node_modules_next_dist_1e8vcs8._.js:776
[  238235ms] [LOG] [Fast Refresh] done in 3ms @ http://localhost:3000/_next/static/chunks/node_modules_next_dist_1e8vcs8._.js:776
[  238280ms] [LOG] [Fast Refresh] done in 3ms @ http://localhost:3000/_next/static/chunks/node_modules_next_dist_1e8vcs8._.js:776
[  238338ms] [LOG] [Fast Refresh] done in 3ms @ http://localhost:3000/_next/static/chunks/node_modules_next_dist_1e8vcs8._.js:776
[  238381ms] [LOG] [Fast Refresh] done in 3ms @ http://localhost:3000/_next/static/chunks/node_modules_next_dist_1e8vcs8._.js:776
[  238426ms] [LOG] [Fast Refresh] done in 3ms @ http://localhost:3000/_next/static/chunks/node_modules_next_dist_1e8vcs8._.js:776
[  238481ms] [LOG] [Fast Refresh] done in 3ms @ http://localhost:3000/_next/static/chunks/node_modules_next_dist_1e8vcs8._.js:776
[  238529ms] [LOG] [Fast Refresh] done in 3ms @ http://localhost:3000/_next/static/chunks/node_modules_next_dist_1e8vcs8._.js:776
[  238569ms] [LOG] [Fast Refresh] done in 3ms @ http://localhost:3000/_next/static/chunks/node_modules_next_dist_1e8vcs8._.js:776
[  238611ms] [LOG] [Fast Refresh] done in 3ms @ http://localhost:3000/_next/static/chunks/node_modules_next_dist_1e8vcs8._.js:776
[  238665ms] [LOG] [Fast Refresh] done in 3ms @ http://localhost:3000/_next/static/chunks/node_modules_next_dist_1e8vcs8._.js:776
[  238709ms] [LOG] [Fast Refresh] done in 3ms @ http://localhost:3000/_next/static/chunks/node_modules_next_dist_1e8vcs8._.js:776
[  238749ms] [LOG] [Fast Refresh] done in 3ms @ http://localhost:3000/_next/static/chunks/node_modules_next_dist_1e8vcs8._.js:776
[  238797ms] [LOG] [Fast Refresh] done in 3ms @ http://localhost:3000/_next/static/chunks/node_modules_next_dist_1e8vcs8._.js:776
[  238839ms] [LOG] [Fast Refresh] done in 3ms @ http://localhost:3000/_next/static/chunks/node_modules_next_dist_1e8vcs8._.js:776
[  238881ms] [LOG] [Fast Refresh] done in 3ms @ http://localhost:3000/_next/static/chunks/node_modules_next_dist_1e8vcs8._.js:776
[  238928ms] [LOG] [Fast Refresh] done in 3ms @ http://localhost:3000/_next/static/chunks/node_modules_next_dist_1e8vcs8._.js:776
[  238981ms] [LOG] [Fast Refresh] done in 3ms @ http://localhost:3000/_next/static/chunks/node_modules_next_dist_1e8vcs8._.js:776
[  239019ms] [LOG] [Fast Refresh] done in 3ms @ http://localhost:3000/_next/static/chunks/node_modules_next_dist_1e8vcs8._.js:776
[  239068ms] [LOG] [Fast Refresh] done in 3ms @ http://localhost:3000/_next/static/chunks/node_modules_next_dist_1e8vcs8._.js:776
[  239110ms] [LOG] [Fast Refresh] done in 3ms @ http://localhost:3000/_next/static/chunks/node_modules_next_dist_1e8vcs8._.js:776
[  239166ms] [LOG] [Fast Refresh] done in 3ms @ http://localhost:3000/_next/static/chunks/node_modules_next_dist_1e8vcs8._.js:776
[  239214ms] [LOG] [Fast Refresh] done in 3ms @ http://localhost:3000/_next/static/chunks/node_modules_next_dist_1e8vcs8._.js:776
[  239265ms] [LOG] [Fast Refresh] done in 3ms @ http://localhost:3000/_next/static/chunks/node_modules_next_dist_1e8vcs8._.js:776
[  239312ms] [LOG] [Fast Refresh] done in 3ms @ http://localhost:3000/_next/static/chunks/node_modules_next_dist_1e8vcs8._.js:776
[  239377ms] [LOG] [Fast Refresh] done in 3ms @ http://localhost:3000/_next/static/chunks/node_modules_next_dist_1e8vcs8._.js:776
[  239422ms] [LOG] [Fast Refresh] done in 3ms @ http://localhost:3000/_next/static/chunks/node_modules_next_dist_1e8vcs8._.js:776
[  239465ms] [LOG] [Fast Refresh] done in 3ms @ http://localhost:3000/_next/static/chunks/node_modules_next_dist_1e8vcs8._.js:776
[  239514ms] [LOG] [Fast Refresh] done in 3ms @ http://localhost:3000/_next/static/chunks/node_modules_next_dist_1e8vcs8._.js:776
[  239574ms] [LOG] [Fast Refresh] done in 3ms @ http://localhost:3000/_next/static/chunks/node_modules_next_dist_1e8vcs8._.js:776
[  239627ms] [LOG] [Fast Refresh] done in 3ms @ http://localhost:3000/_next/static/chunks/node_modules_next_dist_1e8vcs8._.js:776
[  239677ms] [LOG] [Fast Refresh] done in 3ms @ http://localhost:3000/_next/static/chunks/node_modules_next_dist_1e8vcs8._.js:776
[  239729ms] [LOG] [Fast Refresh] done in 3ms @ http://localhost:3000/_next/static/chunks/node_modules_next_dist_1e8vcs8._.js:776
[  239769ms] [LOG] [Fast Refresh] done in 3ms @ http://localhost:3000/_next/static/chunks/node_modules_next_dist_1e8vcs8._.js:776
[  239822ms] [LOG] [Fast Refresh] done in 3ms @ http://localhost:3000/_next/static/chunks/node_modules_next_dist_1e8vcs8._.js:776
[  239867ms] [LOG] [Fast Refresh] done in 3ms @ http://localhost:3000/_next/static/chunks/node_modules_next_dist_1e8vcs8._.js:776
[  239910ms] [LOG] [Fast Refresh] done in 3ms @ http://localhost:3000/_next/static/chunks/node_modules_next_dist_1e8vcs8._.js:776
[  239950ms] [LOG] [Fast Refresh] done in 3ms @ http://localhost:3000/_next/static/chunks/node_modules_next_dist_1e8vcs8._.js:776
[  239992ms] [LOG] [Fast Refresh] done in 3ms @ http://localhost:3000/_next/static/chunks/node_modules_next_dist_1e8vcs8._.js:776
[  240034ms] [LOG] [Fast Refresh] done in 3ms @ http://localhost:3000/_next/static/chunks/node_modules_next_dist_1e8vcs8._.js:776
[  240082ms] [LOG] [Fast Refresh] done in 3ms @ http://localhost:3000/_next/static/chunks/node_modules_next_dist_1e8vcs8._.js:776
[  240131ms] [LOG] [Fast Refresh] done in 3ms @ http://localhost:3000/_next/static/chunks/node_modules_next_dist_1e8vcs8._.js:776
[  240173ms] [LOG] [Fast Refresh] done in 3ms @ http://localhost:3000/_next/static/chunks/node_modules_next_dist_1e8vcs8._.js:776
[  240215ms] [LOG] [Fast Refresh] done in 3ms @ http://localhost:3000/_next/static/chunks/node_modules_next_dist_1e8vcs8._.js:776
[  240263ms] [LOG] [Fast Refresh] done in 3ms @ http://localhost:3000/_next/static/chunks/node_modules_next_dist_1e8vcs8._.js:776
[  240312ms] [LOG] [Fast Refresh] done in 3ms @ http://localhost:3000/_next/static/chunks/node_modules_next_dist_1e8vcs8._.js:776
[  240367ms] [LOG] [Fast Refresh] done in 3ms @ http://localhost:3000/_next/static/chunks/node_modules_next_dist_1e8vcs8._.js:776
[  240409ms] [LOG] [Fast Refresh] done in 3ms @ http://localhost:3000/_next/static/chunks/node_modules_next_dist_1e8vcs8._.js:776
[  240450ms] [LOG] [Fast Refresh] done in 3ms @ http://localhost:3000/_next/static/chunks/node_modules_next_dist_1e8vcs8._.js:776
[  240492ms] [LOG] [Fast Refresh] done in 3ms @ http://localhost:3000/_next/static/chunks/node_modules_next_dist_1e8vcs8._.js:776
[  240555ms] [LOG] [Fast Refresh] done in 3ms @ http://localhost:3000/_next/static/chunks/node_modules_next_dist_1e8vcs8._.js:776
[  240595ms] [LOG] [Fast Refresh] done in 3ms @ http://localhost:3000/_next/static/chunks/node_modules_next_dist_1e8vcs8._.js:776
[  240638ms] [LOG] [Fast Refresh] done in 3ms @ http://localhost:3000/_next/static/chunks/node_modules_next_dist_1e8vcs8._.js:776
[  240682ms] [LOG] [Fast Refresh] done in 3ms @ http://localhost:3000/_next/static/chunks/node_modules_next_dist_1e8vcs8._.js:776
[  240732ms] [LOG] [Fast Refresh] done in 3ms @ http://localhost:3000/_next/static/chunks/node_modules_next_dist_1e8vcs8._.js:776
[  240776ms] [LOG] [Fast Refresh] done in 3ms @ http://localhost:3000/_next/static/chunks/node_modules_next_dist_1e8vcs8._.js:776
[  240819ms] [LOG] [Fast Refresh] done in 3ms @ http://localhost:3000/_next/static/chunks/node_modules_next_dist_1e8vcs8._.js:776
[  240862ms] [LOG] [Fast Refresh] done in 3ms @ http://localhost:3000/_next/static/chunks/node_modules_next_dist_1e8vcs8._.js:776
[  240911ms] [LOG] [Fast Refresh] done in 3ms @ http://localhost:3000/_next/static/chunks/node_modules_next_dist_1e8vcs8._.js:776
[  240966ms] [LOG] [Fast Refresh] done in 3ms @ http://localhost:3000/_next/static/chunks/node_modules_next_dist_1e8vcs8._.js:776
[  241028ms] [LOG] [Fast Refresh] done in 3ms @ http://localhost:3000/_next/static/chunks/node_modules_next_dist_1e8vcs8._.js:776
[  241075ms] [LOG] [Fast Refresh] done in 3ms @ http://localhost:3000/_next/static/chunks/node_modules_next_dist_1e8vcs8._.js:776
[  241131ms] [LOG] [Fast Refresh] done in 3ms @ http://localhost:3000/_next/static/chunks/node_modules_next_dist_1e8vcs8._.js:776
[  241172ms] [LOG] [Fast Refresh] done in 3ms @ http://localhost:3000/_next/static/chunks/node_modules_next_dist_1e8vcs8._.js:776
[  241221ms] [LOG] [Fast Refresh] done in 3ms @ http://localhost:3000/_next/static/chunks/node_modules_next_dist_1e8vcs8._.js:776
[  241279ms] [LOG] [Fast Refresh] done in 3ms @ http://localhost:3000/_next/static/chunks/node_modules_next_dist_1e8vcs8._.js:776
[  241320ms] [LOG] [Fast Refresh] done in 3ms @ http://localhost:3000/_next/static/chunks/node_modules_next_dist_1e8vcs8._.js:776
[  241373ms] [LOG] [Fast Refresh] done in 3ms @ http://localhost:3000/_next/static/chunks/node_modules_next_dist_1e8vcs8._.js:776
[  241422ms] [LOG] [Fast Refresh] done in 3ms @ http://localhost:3000/_next/static/chunks/node_modules_next_dist_1e8vcs8._.js:776
[  241471ms] [LOG] [Fast Refresh] done in 3ms @ http://localhost:3000/_next/static/chunks/node_modules_next_dist_1e8vcs8._.js:776
[  241514ms] [LOG] [Fast Refresh] done in 3ms @ http://localhost:3000/_next/static/chunks/node_modules_next_dist_1e8vcs8._.js:776
[  241575ms] [LOG] [Fast Refresh] done in 3ms @ http://localhost:3000/_next/static/chunks/node_modules_next_dist_1e8vcs8._.js:776
[  241630ms] [LOG] [Fast Refresh] done in 3ms @ http://localhost:3000/_next/static/chunks/node_modules_next_dist_1e8vcs8._.js:776
[  241674ms] [LOG] [Fast Refresh] done in 3ms @ http://localhost:3000/_next/static/chunks/node_modules_next_dist_1e8vcs8._.js:776
[  241731ms] [LOG] [Fast Refresh] done in 3ms @ http://localhost:3000/_next/static/chunks/node_modules_next_dist_1e8vcs8._.js:776
[  241769ms] [LOG] [Fast Refresh] done in 3ms @ http://localhost:3000/_next/static/chunks/node_modules_next_dist_1e8vcs8._.js:776
[  241811ms] [LOG] [Fast Refresh] done in 3ms @ http://localhost:3000/_next/static/chunks/node_modules_next_dist_1e8vcs8._.js:776
[  241854ms] [LOG] [Fast Refresh] done in 3ms @ http://localhost:3000/_next/static/chunks/node_modules_next_dist_1e8vcs8._.js:776
[  241894ms] [LOG] [Fast Refresh] done in 3ms @ http://localhost:3000/_next/static/chunks/node_modules_next_dist_1e8vcs8._.js:776
[  241936ms] [LOG] [Fast Refresh] done in 3ms @ http://localhost:3000/_next/static/chunks/node_modules_next_dist_1e8vcs8._.js:776
[  241981ms] [LOG] [Fast Refresh] done in 3ms @ http://localhost:3000/_next/static/chunks/node_modules_next_dist_1e8vcs8._.js:776
[  242030ms] [LOG] [Fast Refresh] done in 3ms @ http://localhost:3000/_next/static/chunks/node_modules_next_dist_1e8vcs8._.js:776
[  242075ms] [LOG] [Fast Refresh] done in 3ms @ http://localhost:3000/_next/static/chunks/node_modules_next_dist_1e8vcs8._.js:776
[  242116ms] [LOG] [Fast Refresh] done in 3ms @ http://localhost:3000/_next/static/chunks/node_modules_next_dist_1e8vcs8._.js:776
[  242160ms] [LOG] [Fast Refresh] done in 3ms @ http://localhost:3000/_next/static/chunks/node_modules_next_dist_1e8vcs8._.js:776
[  242216ms] [LOG] [Fast Refresh] done in 3ms @ http://localhost:3000/_next/static/chunks/node_modules_next_dist_1e8vcs8._.js:776
[  242280ms] [LOG] [Fast Refresh] done in 3ms @ http://localhost:3000/_next/static/chunks/node_modules_next_dist_1e8vcs8._.js:776
[  242327ms] [LOG] [Fast Refresh] done in 3ms @ http://localhost:3000/_next/static/chunks/node_modules_next_dist_1e8vcs8._.js:776
[  242375ms] [LOG] [Fast Refresh] done in 3ms @ http://localhost:3000/_next/static/chunks/node_modules_next_dist_1e8vcs8._.js:776
[  242427ms] [LOG] [Fast Refresh] done in 3ms @ http://localhost:3000/_next/static/chunks/node_modules_next_dist_1e8vcs8._.js:776
[  242482ms] [LOG] [Fast Refresh] done in 3ms @ http://localhost:3000/_next/static/chunks/node_modules_next_dist_1e8vcs8._.js:776
[  242530ms] [LOG] [Fast Refresh] done in 3ms @ http://localhost:3000/_next/static/chunks/node_modules_next_dist_1e8vcs8._.js:776
[  242569ms] [LOG] [Fast Refresh] done in 3ms @ http://localhost:3000/_next/static/chunks/node_modules_next_dist_1e8vcs8._.js:776
[  242611ms] [LOG] [Fast Refresh] done in 3ms @ http://localhost:3000/_next/static/chunks/node_modules_next_dist_1e8vcs8._.js:776
[  242676ms] [LOG] [Fast Refresh] done in 3ms @ http://localhost:3000/_next/static/chunks/node_modules_next_dist_1e8vcs8._.js:776
[  242731ms] [LOG] [Fast Refresh] done in 3ms @ http://localhost:3000/_next/static/chunks/node_modules_next_dist_1e8vcs8._.js:776
[  242780ms] [LOG] [Fast Refresh] done in 3ms @ http://localhost:3000/_next/static/chunks/node_modules_next_dist_1e8vcs8._.js:776
[  242828ms] [LOG] [Fast Refresh] done in 3ms @ http://localhost:3000/_next/static/chunks/node_modules_next_dist_1e8vcs8._.js:776
[  242877ms] [LOG] [Fast Refresh] done in 3ms @ http://localhost:3000/_next/static/chunks/node_modules_next_dist_1e8vcs8._.js:776
[  242942ms] [LOG] [Fast Refresh] rebuilding @ http://localhost:3000/_next/static/chunks/node_modules_next_dist_1e8vcs8._.js:776
[  242992ms] [LOG] [Fast Refresh] done in 5ms @ http://localhost:3000/_next/static/chunks/node_modules_next_dist_1e8vcs8._.js:776
[  243033ms] [LOG] [Fast Refresh] done in 5ms @ http://localhost:3000/_next/static/chunks/node_modules_next_dist_1e8vcs8._.js:776
[  243075ms] [LOG] [Fast Refresh] done in 5ms @ http://localhost:3000/_next/static/chunks/node_modules_next_dist_1e8vcs8._.js:776
[  243127ms] [LOG] [Fast Refresh] done in 5ms @ http://localhost:3000/_next/static/chunks/node_modules_next_dist_1e8vcs8._.js:776
[  243173ms] [LOG] [Fast Refresh] done in 5ms @ http://localhost:3000/_next/static/chunks/node_modules_next_dist_1e8vcs8._.js:776
[  243224ms] [LOG] [Fast Refresh] done in 5ms @ http://localhost:3000/_next/static/chunks/node_modules_next_dist_1e8vcs8._.js:776
[  243264ms] [LOG] [Fast Refresh] done in 5ms @ http://localhost:3000/_next/static/chunks/node_modules_next_dist_1e8vcs8._.js:776
[  243314ms] [LOG] [Fast Refresh] done in 5ms @ http://localhost:3000/_next/static/chunks/node_modules_next_dist_1e8vcs8._.js:776
[  243353ms] [LOG] [Fast Refresh] done in 5ms @ http://localhost:3000/_next/static/chunks/node_modules_next_dist_1e8vcs8._.js:776
[  243395ms] [LOG] [Fast Refresh] done in 5ms @ http://localhost:3000/_next/static/chunks/node_modules_next_dist_1e8vcs8._.js:776
[  243444ms] [LOG] [Fast Refresh] done in 5ms @ http://localhost:3000/_next/static/chunks/node_modules_next_dist_1e8vcs8._.js:776
[  243486ms] [LOG] [Fast Refresh] done in 5ms @ http://localhost:3000/_next/static/chunks/node_modules_next_dist_1e8vcs8._.js:776
[  243527ms] [LOG] [Fast Refresh] done in 5ms @ http://localhost:3000/_next/static/chunks/node_modules_next_dist_1e8vcs8._.js:776
[  243569ms] [LOG] [Fast Refresh] done in 5ms @ http://localhost:3000/_next/static/chunks/node_modules_next_dist_1e8vcs8._.js:776
[  243623ms] [LOG] [Fast Refresh] done in 5ms @ http://localhost:3000/_next/static/chunks/node_modules_next_dist_1e8vcs8._.js:776
[  243666ms] [LOG] [Fast Refresh] done in 5ms @ http://localhost:3000/_next/static/chunks/node_modules_next_dist_1e8vcs8._.js:776
[  243708ms] [LOG] [Fast Refresh] done in 5ms @ http://localhost:3000/_next/static/chunks/node_modules_next_dist_1e8vcs8._.js:776
[  243763ms] [LOG] [Fast Refresh] done in 5ms @ http://localhost:3000/_next/static/chunks/node_modules_next_dist_1e8vcs8._.js:776
[  243808ms] [LOG] [Fast Refresh] done in 5ms @ http://localhost:3000/_next/static/chunks/node_modules_next_dist_1e8vcs8._.js:776
[  243849ms] [LOG] [Fast Refresh] done in 5ms @ http://localhost:3000/_next/static/chunks/node_modules_next_dist_1e8vcs8._.js:776
[  243894ms] [LOG] [Fast Refresh] done in 5ms @ http://localhost:3000/_next/static/chunks/node_modules_next_dist_1e8vcs8._.js:776
[  243955ms] [LOG] [Fast Refresh] done in 5ms @ http://localhost:3000/_next/static/chunks/node_modules_next_dist_1e8vcs8._.js:776
[  244000ms] [LOG] [Fast Refresh] done in 5ms @ http://localhost:3000/_next/static/chunks/node_modules_next_dist_1e8vcs8._.js:776
[  244047ms] [LOG] [Fast Refresh] done in 5ms @ http://localhost:3000/_next/static/chunks/node_modules_next_dist_1e8vcs8._.js:776
[  244096ms] [LOG] [Fast Refresh] done in 5ms @ http://localhost:3000/_next/static/chunks/node_modules_next_dist_1e8vcs8._.js:776
[  244145ms] [LOG] [Fast Refresh] done in 5ms @ http://localhost:3000/_next/static/chunks/node_modules_next_dist_1e8vcs8._.js:776
[  244187ms] [LOG] [Fast Refresh] done in 5ms @ http://localhost:3000/_next/static/chunks/node_modules_next_dist_1e8vcs8._.js:776
[  244229ms] [LOG] [Fast Refresh] done in 5ms @ http://localhost:3000/_next/static/chunks/node_modules_next_dist_1e8vcs8._.js:776
[  244271ms] [LOG] [Fast Refresh] done in 5ms @ http://localhost:3000/_next/static/chunks/node_modules_next_dist_1e8vcs8._.js:776
[  244318ms] [LOG] [Fast Refresh] done in 5ms @ http://localhost:3000/_next/static/chunks/node_modules_next_dist_1e8vcs8._.js:776
[  244360ms] [LOG] [Fast Refresh] done in 5ms @ http://localhost:3000/_next/static/chunks/node_modules_next_dist_1e8vcs8._.js:776
[  244402ms] [LOG] [Fast Refresh] done in 5ms @ http://localhost:3000/_next/static/chunks/node_modules_next_dist_1e8vcs8._.js:776
[  244444ms] [LOG] [Fast Refresh] done in 5ms @ http://localhost:3000/_next/static/chunks/node_modules_next_dist_1e8vcs8._.js:776
[  244486ms] [LOG] [Fast Refresh] done in 5ms @ http://localhost:3000/_next/static/chunks/node_modules_next_dist_1e8vcs8._.js:776
[  244527ms] [LOG] [Fast Refresh] done in 5ms @ http://localhost:3000/_next/static/chunks/node_modules_next_dist_1e8vcs8._.js:776
[  244569ms] [LOG] [Fast Refresh] done in 5ms @ http://localhost:3000/_next/static/chunks/node_modules_next_dist_1e8vcs8._.js:776
[  244611ms] [LOG] [Fast Refresh] done in 5ms @ http://localhost:3000/_next/static/chunks/node_modules_next_dist_1e8vcs8._.js:776
[  244653ms] [LOG] [Fast Refresh] done in 5ms @ http://localhost:3000/_next/static/chunks/node_modules_next_dist_1e8vcs8._.js:776
[  244694ms] [LOG] [Fast Refresh] done in 5ms @ http://localhost:3000/_next/static/chunks/node_modules_next_dist_1e8vcs8._.js:776
[  244735ms] [LOG] [Fast Refresh] done in 5ms @ http://localhost:3000/_next/static/chunks/node_modules_next_dist_1e8vcs8._.js:776
[  244777ms] [LOG] [Fast Refresh] done in 5ms @ http://localhost:3000/_next/static/chunks/node_modules_next_dist_1e8vcs8._.js:776
[  244818ms] [LOG] [Fast Refresh] done in 5ms @ http://localhost:3000/_next/static/chunks/node_modules_next_dist_1e8vcs8._.js:776
[  244862ms] [LOG] [Fast Refresh] done in 5ms @ http://localhost:3000/_next/static/chunks/node_modules_next_dist_1e8vcs8._.js:776
[  244904ms] [LOG] [Fast Refresh] done in 5ms @ http://localhost:3000/_next/static/chunks/node_modules_next_dist_1e8vcs8._.js:776
[  244952ms] [LOG] [Fast Refresh] done in 5ms @ http://localhost:3000/_next/static/chunks/node_modules_next_dist_1e8vcs8._.js:776
[  244992ms] [LOG] [Fast Refresh] done in 5ms @ http://localhost:3000/_next/static/chunks/node_modules_next_dist_1e8vcs8._.js:776
[  245033ms] [LOG] [Fast Refresh] done in 5ms @ http://localhost:3000/_next/static/chunks/node_modules_next_dist_1e8vcs8._.js:776
[  245075ms] [LOG] [Fast Refresh] done in 5ms @ http://localhost:3000/_next/static/chunks/node_modules_next_dist_1e8vcs8._.js:776
[  245120ms] [LOG] [Fast Refresh] done in 5ms @ http://localhost:3000/_next/static/chunks/node_modules_next_dist_1e8vcs8._.js:776
[  245167ms] [LOG] [Fast Refresh] done in 5ms @ http://localhost:3000/_next/static/chunks/node_modules_next_dist_1e8vcs8._.js:776
[  245225ms] [LOG] [Fast Refresh] done in 5ms @ http://localhost:3000/_next/static/chunks/node_modules_next_dist_1e8vcs8._.js:776
[  245293ms] [LOG] [Fast Refresh] done in 5ms @ http://localhost:3000/_next/static/chunks/node_modules_next_dist_1e8vcs8._.js:776
[  245332ms] [LOG] [Fast Refresh] done in 5ms @ http://localhost:3000/_next/static/chunks/node_modules_next_dist_1e8vcs8._.js:776
[  245394ms] [LOG] [Fast Refresh] done in 5ms @ http://localhost:3000/_next/static/chunks/node_modules_next_dist_1e8vcs8._.js:776
[  245473ms] [LOG] [Fast Refresh] done in 5ms @ http://localhost:3000/_next/static/chunks/node_modules_next_dist_1e8vcs8._.js:776
[  245527ms] [LOG] [Fast Refresh] done in 5ms @ http://localhost:3000/_next/static/chunks/node_modules_next_dist_1e8vcs8._.js:776
[  245591ms] [LOG] [Fast Refresh] done in 5ms @ http://localhost:3000/_next/static/chunks/node_modules_next_dist_1e8vcs8._.js:776
[  245646ms] [LOG] [Fast Refresh] done in 5ms @ http://localhost:3000/_next/static/chunks/node_modules_next_dist_1e8vcs8._.js:776
[  245703ms] [LOG] [Fast Refresh] done in 5ms @ http://localhost:3000/_next/static/chunks/node_modules_next_dist_1e8vcs8._.js:776
[  245762ms] [LOG] [Fast Refresh] done in 5ms @ http://localhost:3000/_next/static/chunks/node_modules_next_dist_1e8vcs8._.js:776
[  245819ms] [LOG] [Fast Refresh] done in 5ms @ http://localhost:3000/_next/static/chunks/node_modules_next_dist_1e8vcs8._.js:776
[  245868ms] [LOG] [Fast Refresh] done in 5ms @ http://localhost:3000/_next/static/chunks/node_modules_next_dist_1e8vcs8._.js:776
[  245923ms] [LOG] [Fast Refresh] done in 5ms @ http://localhost:3000/_next/static/chunks/node_modules_next_dist_1e8vcs8._.js:776
[  245965ms] [WARNING] The resource http://localhost:3000/_next/static/media/6ad0e742fc9cd7a1-s.p.2w_jb288h_vxp.woff2 was preloaded using link preload but not used within a few seconds from the window's load event. Please make sure it has an appropriate `as` value and it is preloaded intentionally. @ http://localhost:3000/terms-of-use:0
[  245965ms] [WARNING] The resource http://localhost:3000/_next/static/media/09401ea35a762f28-s.p.2a85-o2hz8mwr.woff2 was preloaded using link preload but not used within a few seconds from the window's load event. Please make sure it has an appropriate `as` value and it is preloaded intentionally. @ http://localhost:3000/terms-of-use:0
[  245965ms] [WARNING] The resource http://localhost:3000/_next/static/media/0f5cca9b58704ad1-s.p.21odxmnjnk7bd.woff2 was preloaded using link preload but not used within a few seconds from the window's load event. Please make sure it has an appropriate `as` value and it is preloaded intentionally. @ http://localhost:3000/terms-of-use:0
[  245965ms] [WARNING] The resource http://localhost:3000/_next/static/media/22884ed84a506ae6-s.p.0yevzgmhf07yp.woff2 was preloaded using link preload but not used within a few seconds from the window's load event. Please make sure it has an appropriate `as` value and it is preloaded intentionally. @ http://localhost:3000/terms-of-use:0
[  245965ms] [WARNING] The resource http://localhost:3000/_next/static/media/f06bf9da926bae75-s.p.2874ccu1_u7jf.woff2 was preloaded using link preload but not used within a few seconds from the window's load event. Please make sure it has an appropriate `as` value and it is preloaded intentionally. @ http://localhost:3000/terms-of-use:0
[  245965ms] [WARNING] The resource http://localhost:3000/_next/static/media/510598db810e1932-s.p.20g9nkyuy-bea.woff2 was preloaded using link preload but not used within a few seconds from the window's load event. Please make sure it has an appropriate `as` value and it is preloaded intentionally. @ http://localhost:3000/terms-of-use:0
[  245965ms] [WARNING] The resource http://localhost:3000/_next/static/media/f896ef295999667f-s.p.0mkp9y_kaie3k.woff2 was preloaded using link preload but not used within a few seconds from the window's load event. Please make sure it has an appropriate `as` value and it is preloaded intentionally. @ http://localhost:3000/terms-of-use:0
[  245965ms] [WARNING] The resource http://localhost:3000/_next/static/media/eb51f918d7e532f8-s.p.3gcjms7ojp868.woff2 was preloaded using link preload but not used within a few seconds from the window's load event. Please make sure it has an appropriate `as` value and it is preloaded intentionally. @ http://localhost:3000/terms-of-use:0
[  245982ms] [LOG] [Fast Refresh] done in 5ms @ http://localhost:3000/_next/static/chunks/node_modules_next_dist_1e8vcs8._.js:776
[  246033ms] [LOG] [Fast Refresh] done in 5ms @ http://localhost:3000/_next/static/chunks/node_modules_next_dist_1e8vcs8._.js:776
[  246082ms] [LOG] [Fast Refresh] done in 5ms @ http://localhost:3000/_next/static/chunks/node_modules_next_dist_1e8vcs8._.js:776
[  246130ms] [LOG] [Fast Refresh] done in 5ms @ http://localhost:3000/_next/static/chunks/node_modules_next_dist_1e8vcs8._.js:776
[  246185ms] [LOG] [Fast Refresh] done in 5ms @ http://localhost:3000/_next/static/chunks/node_modules_next_dist_1e8vcs8._.js:776
[  246227ms] [LOG] [Fast Refresh] done in 5ms @ http://localhost:3000/_next/static/chunks/node_modules_next_dist_1e8vcs8._.js:776
[  246276ms] [LOG] [Fast Refresh] done in 5ms @ http://localhost:3000/_next/static/chunks/node_modules_next_dist_1e8vcs8._.js:776
[  246328ms] [LOG] [Fast Refresh] done in 5ms @ http://localhost:3000/_next/static/chunks/node_modules_next_dist_1e8vcs8._.js:776
[  246380ms] [LOG] [Fast Refresh] done in 5ms @ http://localhost:3000/_next/static/chunks/node_modules_next_dist_1e8vcs8._.js:776
[  246423ms] [LOG] [Fast Refresh] done in 5ms @ http://localhost:3000/_next/static/chunks/node_modules_next_dist_1e8vcs8._.js:776
[  246464ms] [LOG] [Fast Refresh] done in 5ms @ http://localhost:3000/_next/static/chunks/node_modules_next_dist_1e8vcs8._.js:776
[  246520ms] [LOG] [Fast Refresh] done in 5ms @ http://localhost:3000/_next/static/chunks/node_modules_next_dist_1e8vcs8._.js:776
[  246569ms] [LOG] [Fast Refresh] done in 5ms @ http://localhost:3000/_next/static/chunks/node_modules_next_dist_1e8vcs8._.js:776
[  246618ms] [LOG] [Fast Refresh] done in 5ms @ http://localhost:3000/_next/static/chunks/node_modules_next_dist_1e8vcs8._.js:776
[  246681ms] [LOG] [Fast Refresh] done in 5ms @ http://localhost:3000/_next/static/chunks/node_modules_next_dist_1e8vcs8._.js:776
[  246741ms] [LOG] [Fast Refresh] done in 5ms @ http://localhost:3000/_next/static/chunks/node_modules_next_dist_1e8vcs8._.js:776
[  246796ms] [LOG] [Fast Refresh] done in 5ms @ http://localhost:3000/_next/static/chunks/node_modules_next_dist_1e8vcs8._.js:776
[  246858ms] [LOG] [Fast Refresh] done in 5ms @ http://localhost:3000/_next/static/chunks/node_modules_next_dist_1e8vcs8._.js:776
[  246918ms] [LOG] [Fast Refresh] done in 5ms @ http://localhost:3000/_next/static/chunks/node_modules_next_dist_1e8vcs8._.js:776
[  246976ms] [LOG] [Fast Refresh] done in 5ms @ http://localhost:3000/_next/static/chunks/node_modules_next_dist_1e8vcs8._.js:776
[  247019ms] [LOG] [Fast Refresh] done in 5ms @ http://localhost:3000/_next/static/chunks/node_modules_next_dist_1e8vcs8._.js:776
[  247068ms] [LOG] [Fast Refresh] done in 5ms @ http://localhost:3000/_next/static/chunks/node_modules_next_dist_1e8vcs8._.js:776
[  247130ms] [LOG] [Fast Refresh] done in 5ms @ http://localhost:3000/_next/static/chunks/node_modules_next_dist_1e8vcs8._.js:776
[  247194ms] [LOG] [Fast Refresh] done in 5ms @ http://localhost:3000/_next/static/chunks/node_modules_next_dist_1e8vcs8._.js:776
[  247242ms] [LOG] [Fast Refresh] done in 5ms @ http://localhost:3000/_next/static/chunks/node_modules_next_dist_1e8vcs8._.js:776
[  247298ms] [LOG] [Fast Refresh] done in 5ms @ http://localhost:3000/_next/static/chunks/node_modules_next_dist_1e8vcs8._.js:776
[  247340ms] [LOG] [Fast Refresh] done in 5ms @ http://localhost:3000/_next/static/chunks/node_modules_next_dist_1e8vcs8._.js:776
[  247397ms] [LOG] [Fast Refresh] done in 5ms @ http://localhost:3000/_next/static/chunks/node_modules_next_dist_1e8vcs8._.js:776
[  247436ms] [LOG] [Fast Refresh] done in 5ms @ http://localhost:3000/_next/static/chunks/node_modules_next_dist_1e8vcs8._.js:776
[  247485ms] [LOG] [Fast Refresh] done in 5ms @ http://localhost:3000/_next/static/chunks/node_modules_next_dist_1e8vcs8._.js:776
[  247547ms] [LOG] [Fast Refresh] done in 5ms @ http://localhost:3000/_next/static/chunks/node_modules_next_dist_1e8vcs8._.js:776
[  247603ms] [LOG] [Fast Refresh] done in 5ms @ http://localhost:3000/_next/static/chunks/node_modules_next_dist_1e8vcs8._.js:776
[  247657ms] [LOG] [Fast Refresh] done in 5ms @ http://localhost:3000/_next/static/chunks/node_modules_next_dist_1e8vcs8._.js:776
[  247700ms] [LOG] [Fast Refresh] done in 5ms @ http://localhost:3000/_next/static/chunks/node_modules_next_dist_1e8vcs8._.js:776
[  247741ms] [LOG] [Fast Refresh] done in 5ms @ http://localhost:3000/_next/static/chunks/node_modules_next_dist_1e8vcs8._.js:776
[  247799ms] [LOG] [Fast Refresh] done in 5ms @ http://localhost:3000/_next/static/chunks/node_modules_next_dist_1e8vcs8._.js:776
[  247847ms] [LOG] [Fast Refresh] done in 5ms @ http://localhost:3000/_next/static/chunks/node_modules_next_dist_1e8vcs8._.js:776
[  247891ms] [LOG] [Fast Refresh] done in 5ms @ http://localhost:3000/_next/static/chunks/node_modules_next_dist_1e8vcs8._.js:776
[  247954ms] [LOG] [Fast Refresh] done in 5ms @ http://localhost:3000/_next/static/chunks/node_modules_next_dist_1e8vcs8._.js:776
[  248001ms] [LOG] [Fast Refresh] done in 5ms @ http://localhost:3000/_next/static/chunks/node_modules_next_dist_1e8vcs8._.js:776
[  248040ms] [LOG] [Fast Refresh] done in 5ms @ http://localhost:3000/_next/static/chunks/node_modules_next_dist_1e8vcs8._.js:776
[  248096ms] [LOG] [Fast Refresh] done in 5ms @ http://localhost:3000/_next/static/chunks/node_modules_next_dist_1e8vcs8._.js:776
[  248169ms] [LOG] [Fast Refresh] done in 5ms @ http://localhost:3000/_next/static/chunks/node_modules_next_dist_1e8vcs8._.js:776
[  248223ms] [LOG] [Fast Refresh] done in 5ms @ http://localhost:3000/_next/static/chunks/node_modules_next_dist_1e8vcs8._.js:776
[  248268ms] [LOG] [Fast Refresh] done in 5ms @ http://localhost:3000/_next/static/chunks/node_modules_next_dist_1e8vcs8._.js:776
[  248318ms] [LOG] [Fast Refresh] done in 5ms @ http://localhost:3000/_next/static/chunks/node_modules_next_dist_1e8vcs8._.js:776
[  248375ms] [LOG] [Fast Refresh] done in 5ms @ http://localhost:3000/_next/static/chunks/node_modules_next_dist_1e8vcs8._.js:776
[  248426ms] [LOG] [Fast Refresh] done in 5ms @ http://localhost:3000/_next/static/chunks/node_modules_next_dist_1e8vcs8._.js:776
[  248472ms] [LOG] [Fast Refresh] done in 5ms @ http://localhost:3000/_next/static/chunks/node_modules_next_dist_1e8vcs8._.js:776
[  248526ms] [LOG] [Fast Refresh] done in 5ms @ http://localhost:3000/_next/static/chunks/node_modules_next_dist_1e8vcs8._.js:776
[  248583ms] [LOG] [Fast Refresh] done in 5ms @ http://localhost:3000/_next/static/chunks/node_modules_next_dist_1e8vcs8._.js:776
[  248632ms] [LOG] [Fast Refresh] done in 5ms @ http://localhost:3000/_next/static/chunks/node_modules_next_dist_1e8vcs8._.js:776
[  248687ms] [LOG] [Fast Refresh] done in 5ms @ http://localhost:3000/_next/static/chunks/node_modules_next_dist_1e8vcs8._.js:776
[  248741ms] [LOG] [Fast Refresh] done in 5ms @ http://localhost:3000/_next/static/chunks/node_modules_next_dist_1e8vcs8._.js:776
[  248795ms] [LOG] [Fast Refresh] done in 5ms @ http://localhost:3000/_next/static/chunks/node_modules_next_dist_1e8vcs8._.js:776
[  248847ms] [LOG] [Fast Refresh] done in 5ms @ http://localhost:3000/_next/static/chunks/node_modules_next_dist_1e8vcs8._.js:776
[  248897ms] [LOG] [Fast Refresh] done in 5ms @ http://localhost:3000/_next/static/chunks/node_modules_next_dist_1e8vcs8._.js:776
[  248944ms] [LOG] [Fast Refresh] done in 5ms @ http://localhost:3000/_next/static/chunks/node_modules_next_dist_1e8vcs8._.js:776
[  248991ms] [LOG] [Fast Refresh] done in 5ms @ http://localhost:3000/_next/static/chunks/node_modules_next_dist_1e8vcs8._.js:776
[  249042ms] [LOG] [Fast Refresh] done in 5ms @ http://localhost:3000/_next/static/chunks/node_modules_next_dist_1e8vcs8._.js:776
[  249091ms] [LOG] [Fast Refresh] done in 5ms @ http://localhost:3000/_next/static/chunks/node_modules_next_dist_1e8vcs8._.js:776
[  249130ms] [LOG] [Fast Refresh] done in 5ms @ http://localhost:3000/_next/static/chunks/node_modules_next_dist_1e8vcs8._.js:776
[  249173ms] [LOG] [Fast Refresh] done in 5ms @ http://localhost:3000/_next/static/chunks/node_modules_next_dist_1e8vcs8._.js:776
[  249223ms] [LOG] [Fast Refresh] done in 5ms @ http://localhost:3000/_next/static/chunks/node_modules_next_dist_1e8vcs8._.js:776
[  249280ms] [LOG] [Fast Refresh] done in 5ms @ http://localhost:3000/_next/static/chunks/node_modules_next_dist_1e8vcs8._.js:776
[  249329ms] [LOG] [Fast Refresh] done in 5ms @ http://localhost:3000/_next/static/chunks/node_modules_next_dist_1e8vcs8._.js:776
[  249394ms] [LOG] [Fast Refresh] done in 5ms @ http://localhost:3000/_next/static/chunks/node_modules_next_dist_1e8vcs8._.js:776
[  249443ms] [LOG] [Fast Refresh] done in 5ms @ http://localhost:3000/_next/static/chunks/node_modules_next_dist_1e8vcs8._.js:776
[  249482ms] [LOG] [Fast Refresh] done in 5ms @ http://localhost:3000/_next/static/chunks/node_modules_next_dist_1e8vcs8._.js:776
[  249534ms] [LOG] [Fast Refresh] done in 5ms @ http://localhost:3000/_next/static/chunks/node_modules_next_dist_1e8vcs8._.js:776
[  249575ms] [LOG] [Fast Refresh] done in 5ms @ http://localhost:3000/_next/static/chunks/node_modules_next_dist_1e8vcs8._.js:776
[  249620ms] [LOG] [Fast Refresh] done in 5ms @ http://localhost:3000/_next/static/chunks/node_modules_next_dist_1e8vcs8._.js:776
[  249665ms] [LOG] [Fast Refresh] done in 5ms @ http://localhost:3000/_next/static/chunks/node_modules_next_dist_1e8vcs8._.js:776
[  249721ms] [LOG] [Fast Refresh] done in 5ms @ http://localhost:3000/_next/static/chunks/node_modules_next_dist_1e8vcs8._.js:776
[  249770ms] [LOG] [Fast Refresh] done in 5ms @ http://localhost:3000/_next/static/chunks/node_modules_next_dist_1e8vcs8._.js:776
[  249819ms] [LOG] [Fast Refresh] done in 5ms @ http://localhost:3000/_next/static/chunks/node_modules_next_dist_1e8vcs8._.js:776
[  249874ms] [LOG] [Fast Refresh] done in 5ms @ http://localhost:3000/_next/static/chunks/node_modules_next_dist_1e8vcs8._.js:776
[  249917ms] [LOG] [Fast Refresh] done in 5ms @ http://localhost:3000/_next/static/chunks/node_modules_next_dist_1e8vcs8._.js:776
[  249958ms] [LOG] [Fast Refresh] done in 5ms @ http://localhost:3000/_next/static/chunks/node_modules_next_dist_1e8vcs8._.js:776
[  250000ms] [LOG] [Fast Refresh] done in 5ms @ http://localhost:3000/_next/static/chunks/node_modules_next_dist_1e8vcs8._.js:776
[  250042ms] [LOG] [Fast Refresh] done in 5ms @ http://localhost:3000/_next/static/chunks/node_modules_next_dist_1e8vcs8._.js:776
[  250082ms] [LOG] [Fast Refresh] done in 5ms @ http://localhost:3000/_next/static/chunks/node_modules_next_dist_1e8vcs8._.js:776
[  250125ms] [LOG] [Fast Refresh] done in 5ms @ http://localhost:3000/_next/static/chunks/node_modules_next_dist_1e8vcs8._.js:776
[  250167ms] [LOG] [Fast Refresh] done in 5ms @ http://localhost:3000/_next/static/chunks/node_modules_next_dist_1e8vcs8._.js:776
[  250208ms] [LOG] [Fast Refresh] done in 5ms @ http://localhost:3000/_next/static/chunks/node_modules_next_dist_1e8vcs8._.js:776
[  250250ms] [LOG] [Fast Refresh] done in 5ms @ http://localhost:3000/_next/static/chunks/node_modules_next_dist_1e8vcs8._.js:776
[  250291ms] [LOG] [Fast Refresh] done in 5ms @ http://localhost:3000/_next/static/chunks/node_modules_next_dist_1e8vcs8._.js:776
[  250333ms] [LOG] [Fast Refresh] done in 5ms @ http://localhost:3000/_next/static/chunks/node_modules_next_dist_1e8vcs8._.js:776
[  250375ms] [LOG] [Fast Refresh] done in 5ms @ http://localhost:3000/_next/static/chunks/node_modules_next_dist_1e8vcs8._.js:776
[  250419ms] [LOG] [Fast Refresh] done in 5ms @ http://localhost:3000/_next/static/chunks/node_modules_next_dist_1e8vcs8._.js:776
[  250459ms] [LOG] [Fast Refresh] done in 5ms @ http://localhost:3000/_next/static/chunks/node_modules_next_dist_1e8vcs8._.js:776
[  250499ms] [LOG] [Fast Refresh] done in 5ms @ http://localhost:3000/_next/static/chunks/node_modules_next_dist_1e8vcs8._.js:776
[  250541ms] [LOG] [Fast Refresh] done in 5ms @ http://localhost:3000/_next/static/chunks/node_modules_next_dist_1e8vcs8._.js:776
[  250583ms] [LOG] [Fast Refresh] done in 5ms @ http://localhost:3000/_next/static/chunks/node_modules_next_dist_1e8vcs8._.js:776
[  250627ms] [LOG] [Fast Refresh] done in 5ms @ http://localhost:3000/_next/static/chunks/node_modules_next_dist_1e8vcs8._.js:776
[  250666ms] [LOG] [Fast Refresh] done in 5ms @ http://localhost:3000/_next/static/chunks/node_modules_next_dist_1e8vcs8._.js:776
[  250715ms] [LOG] [Fast Refresh] done in 5ms @ http://localhost:3000/_next/static/chunks/node_modules_next_dist_1e8vcs8._.js:776
[  250763ms] [LOG] [Fast Refresh] done in 5ms @ http://localhost:3000/_next/static/chunks/node_modules_next_dist_1e8vcs8._.js:776
[  250806ms] [LOG] [Fast Refresh] done in 5ms @ http://localhost:3000/_next/static/chunks/node_modules_next_dist_1e8vcs8._.js:776
[  250847ms] [LOG] [Fast Refresh] done in 5ms @ http://localhost:3000/_next/static/chunks/node_modules_next_dist_1e8vcs8._.js:776
[  250888ms] [LOG] [Fast Refresh] done in 5ms @ http://localhost:3000/_next/static/chunks/node_modules_next_dist_1e8vcs8._.js:776
[  250929ms] [LOG] [Fast Refresh] done in 5ms @ http://localhost:3000/_next/static/chunks/node_modules_next_dist_1e8vcs8._.js:776
[  250979ms] [LOG] [Fast Refresh] done in 5ms @ http://localhost:3000/_next/static/chunks/node_modules_next_dist_1e8vcs8._.js:776
[  251034ms] [LOG] [Fast Refresh] done in 5ms @ http://localhost:3000/_next/static/chunks/node_modules_next_dist_1e8vcs8._.js:776
[  251079ms] [LOG] [Fast Refresh] done in 5ms @ http://localhost:3000/_next/static/chunks/node_modules_next_dist_1e8vcs8._.js:776
[  251133ms] [LOG] [Fast Refresh] done in 5ms @ http://localhost:3000/_next/static/chunks/node_modules_next_dist_1e8vcs8._.js:776
[  251179ms] [LOG] [Fast Refresh] done in 5ms @ http://localhost:3000/_next/static/chunks/node_modules_next_dist_1e8vcs8._.js:776
[  251221ms] [LOG] [Fast Refresh] done in 5ms @ http://localhost:3000/_next/static/chunks/node_modules_next_dist_1e8vcs8._.js:776
[  251263ms] [LOG] [Fast Refresh] done in 5ms @ http://localhost:3000/_next/static/chunks/node_modules_next_dist_1e8vcs8._.js:776
[  251312ms] [LOG] [Fast Refresh] done in 5ms @ http://localhost:3000/_next/static/chunks/node_modules_next_dist_1e8vcs8._.js:776
[  251362ms] [LOG] [Fast Refresh] done in 5ms @ http://localhost:3000/_next/static/chunks/node_modules_next_dist_1e8vcs8._.js:776
[  251423ms] [LOG] [Fast Refresh] done in 5ms @ http://localhost:3000/_next/static/chunks/node_modules_next_dist_1e8vcs8._.js:776
[  251466ms] [LOG] [Fast Refresh] done in 5ms @ http://localhost:3000/_next/static/chunks/node_modules_next_dist_1e8vcs8._.js:776
[  251515ms] [LOG] [Fast Refresh] done in 5ms @ http://localhost:3000/_next/static/chunks/node_modules_next_dist_1e8vcs8._.js:776
[  251555ms] [LOG] [Fast Refresh] done in 5ms @ http://localhost:3000/_next/static/chunks/node_modules_next_dist_1e8vcs8._.js:776
[  251595ms] [LOG] [Fast Refresh] done in 5ms @ http://localhost:3000/_next/static/chunks/node_modules_next_dist_1e8vcs8._.js:776
[  251637ms] [LOG] [Fast Refresh] done in 5ms @ http://localhost:3000/_next/static/chunks/node_modules_next_dist_1e8vcs8._.js:776
[  251680ms] [LOG] [Fast Refresh] done in 5ms @ http://localhost:3000/_next/static/chunks/node_modules_next_dist_1e8vcs8._.js:776
[  251722ms] [LOG] [Fast Refresh] done in 5ms @ http://localhost:3000/_next/static/chunks/node_modules_next_dist_1e8vcs8._.js:776
[  251770ms] [LOG] [Fast Refresh] done in 5ms @ http://localhost:3000/_next/static/chunks/node_modules_next_dist_1e8vcs8._.js:776
[  251819ms] [LOG] [Fast Refresh] done in 5ms @ http://localhost:3000/_next/static/chunks/node_modules_next_dist_1e8vcs8._.js:776
[  251860ms] [LOG] [Fast Refresh] done in 5ms @ http://localhost:3000/_next/static/chunks/node_modules_next_dist_1e8vcs8._.js:776
[  251917ms] [LOG] [Fast Refresh] done in 5ms @ http://localhost:3000/_next/static/chunks/node_modules_next_dist_1e8vcs8._.js:776
[  251980ms] [LOG] [Fast Refresh] done in 5ms @ http://localhost:3000/_next/static/chunks/node_modules_next_dist_1e8vcs8._.js:776
[  252020ms] [LOG] [Fast Refresh] done in 5ms @ http://localhost:3000/_next/static/chunks/node_modules_next_dist_1e8vcs8._.js:776
[  252065ms] [LOG] [Fast Refresh] done in 5ms @ http://localhost:3000/_next/static/chunks/node_modules_next_dist_1e8vcs8._.js:776
[  252121ms] [LOG] [Fast Refresh] done in 5ms @ http://localhost:3000/_next/static/chunks/node_modules_next_dist_1e8vcs8._.js:776
[  252174ms] [LOG] [Fast Refresh] done in 5ms @ http://localhost:3000/_next/static/chunks/node_modules_next_dist_1e8vcs8._.js:776
[  252221ms] [LOG] [Fast Refresh] done in 5ms @ http://localhost:3000/_next/static/chunks/node_modules_next_dist_1e8vcs8._.js:776
[  252264ms] [LOG] [Fast Refresh] done in 5ms @ http://localhost:3000/_next/static/chunks/node_modules_next_dist_1e8vcs8._.js:776
[  252318ms] [LOG] [Fast Refresh] done in 5ms @ http://localhost:3000/_next/static/chunks/node_modules_next_dist_1e8vcs8._.js:776
[  252369ms] [LOG] [Fast Refresh] done in 5ms @ http://localhost:3000/_next/static/chunks/node_modules_next_dist_1e8vcs8._.js:776
[  252418ms] [LOG] [Fast Refresh] done in 5ms @ http://localhost:3000/_next/static/chunks/node_modules_next_dist_1e8vcs8._.js:776
[  252464ms] [LOG] [Fast Refresh] done in 5ms @ http://localhost:3000/_next/static/chunks/node_modules_next_dist_1e8vcs8._.js:776
[  252507ms] [LOG] [Fast Refresh] done in 5ms @ http://localhost:3000/_next/static/chunks/node_modules_next_dist_1e8vcs8._.js:776
[  252550ms] [LOG] [Fast Refresh] done in 5ms @ http://localhost:3000/_next/static/chunks/node_modules_next_dist_1e8vcs8._.js:776
[  252619ms] [LOG] [Fast Refresh] done in 5ms @ http://localhost:3000/_next/static/chunks/node_modules_next_dist_1e8vcs8._.js:776
[  252669ms] [LOG] [Fast Refresh] done in 5ms @ http://localhost:3000/_next/static/chunks/node_modules_next_dist_1e8vcs8._.js:776
[  252709ms] [LOG] [Fast Refresh] done in 5ms @ http://localhost:3000/_next/static/chunks/node_modules_next_dist_1e8vcs8._.js:776
[  252764ms] [LOG] [Fast Refresh] done in 5ms @ http://localhost:3000/_next/static/chunks/node_modules_next_dist_1e8vcs8._.js:776
[  252813ms] [LOG] [Fast Refresh] done in 5ms @ http://localhost:3000/_next/static/chunks/node_modules_next_dist_1e8vcs8._.js:776
[  252861ms] [LOG] [Fast Refresh] done in 5ms @ http://localhost:3000/_next/static/chunks/node_modules_next_dist_1e8vcs8._.js:776
[  252903ms] [LOG] [Fast Refresh] done in 5ms @ http://localhost:3000/_next/static/chunks/node_modules_next_dist_1e8vcs8._.js:776
[  252948ms] [LOG] [Fast Refresh] done in 5ms @ http://localhost:3000/_next/static/chunks/node_modules_next_dist_1e8vcs8._.js:776
[  253000ms] [LOG] [Fast Refresh] done in 5ms @ http://localhost:3000/_next/static/chunks/node_modules_next_dist_1e8vcs8._.js:776
[  253041ms] [LOG] [Fast Refresh] done in 5ms @ http://localhost:3000/_next/static/chunks/node_modules_next_dist_1e8vcs8._.js:776
[  253082ms] [LOG] [Fast Refresh] done in 5ms @ http://localhost:3000/_next/static/chunks/node_modules_next_dist_1e8vcs8._.js:776
[  253128ms] [LOG] [Fast Refresh] done in 5ms @ http://localhost:3000/_next/static/chunks/node_modules_next_dist_1e8vcs8._.js:776
[  253187ms] [LOG] [Fast Refresh] done in 5ms @ http://localhost:3000/_next/static/chunks/node_modules_next_dist_1e8vcs8._.js:776
[  253228ms] [LOG] [Fast Refresh] done in 5ms @ http://localhost:3000/_next/static/chunks/node_modules_next_dist_1e8vcs8._.js:776
[  253276ms] [LOG] [Fast Refresh] done in 5ms @ http://localhost:3000/_next/static/chunks/node_modules_next_dist_1e8vcs8._.js:776
[  253325ms] [LOG] [Fast Refresh] done in 5ms @ http://localhost:3000/_next/static/chunks/node_modules_next_dist_1e8vcs8._.js:776
[  253376ms] [LOG] [Fast Refresh] done in 5ms @ http://localhost:3000/_next/static/chunks/node_modules_next_dist_1e8vcs8._.js:776
[  253415ms] [LOG] [Fast Refresh] done in 5ms @ http://localhost:3000/_next/static/chunks/node_modules_next_dist_1e8vcs8._.js:776
[  253460ms] [LOG] [Fast Refresh] done in 5ms @ http://localhost:3000/_next/static/chunks/node_modules_next_dist_1e8vcs8._.js:776
[  253499ms] [LOG] [Fast Refresh] done in 5ms @ http://localhost:3000/_next/static/chunks/node_modules_next_dist_1e8vcs8._.js:776
[  253540ms] [LOG] [Fast Refresh] done in 5ms @ http://localhost:3000/_next/static/chunks/node_modules_next_dist_1e8vcs8._.js:776
[  253583ms] [LOG] [Fast Refresh] done in 5ms @ http://localhost:3000/_next/static/chunks/node_modules_next_dist_1e8vcs8._.js:776
[  253628ms] [LOG] [Fast Refresh] done in 5ms @ http://localhost:3000/_next/static/chunks/node_modules_next_dist_1e8vcs8._.js:776
[  253676ms] [LOG] [Fast Refresh] done in 5ms @ http://localhost:3000/_next/static/chunks/node_modules_next_dist_1e8vcs8._.js:776
[  253729ms] [LOG] [Fast Refresh] done in 5ms @ http://localhost:3000/_next/static/chunks/node_modules_next_dist_1e8vcs8._.js:776
[  253772ms] [LOG] [Fast Refresh] done in 5ms @ http://localhost:3000/_next/static/chunks/node_modules_next_dist_1e8vcs8._.js:776
[  253813ms] [LOG] [Fast Refresh] done in 5ms @ http://localhost:3000/_next/static/chunks/node_modules_next_dist_1e8vcs8._.js:776
[  253858ms] [LOG] [Fast Refresh] done in 5ms @ http://localhost:3000/_next/static/chunks/node_modules_next_dist_1e8vcs8._.js:776
[  253906ms] [LOG] [Fast Refresh] done in 5ms @ http://localhost:3000/_next/static/chunks/node_modules_next_dist_1e8vcs8._.js:776
[  253952ms] [LOG] [Fast Refresh] done in 5ms @ http://localhost:3000/_next/static/chunks/node_modules_next_dist_1e8vcs8._.js:776
[  254014ms] [LOG] [Fast Refresh] done in 5ms @ http://localhost:3000/_next/static/chunks/node_modules_next_dist_1e8vcs8._.js:776
[  254068ms] [LOG] [Fast Refresh] done in 5ms @ http://localhost:3000/_next/static/chunks/node_modules_next_dist_1e8vcs8._.js:776
[  254109ms] [LOG] [Fast Refresh] done in 5ms @ http://localhost:3000/_next/static/chunks/node_modules_next_dist_1e8vcs8._.js:776
[  254160ms] [LOG] [Fast Refresh] done in 5ms @ http://localhost:3000/_next/static/chunks/node_modules_next_dist_1e8vcs8._.js:776
[  254202ms] [LOG] [Fast Refresh] done in 5ms @ http://localhost:3000/_next/static/chunks/node_modules_next_dist_1e8vcs8._.js:776
[  254244ms] [LOG] [Fast Refresh] done in 5ms @ http://localhost:3000/_next/static/chunks/node_modules_next_dist_1e8vcs8._.js:776
[  254284ms] [LOG] [Fast Refresh] done in 5ms @ http://localhost:3000/_next/static/chunks/node_modules_next_dist_1e8vcs8._.js:776
[  254329ms] [LOG] [Fast Refresh] done in 5ms @ http://localhost:3000/_next/static/chunks/node_modules_next_dist_1e8vcs8._.js:776
[  254368ms] [LOG] [Fast Refresh] done in 5ms @ http://localhost:3000/_next/static/chunks/node_modules_next_dist_1e8vcs8._.js:776
[  254409ms] [LOG] [Fast Refresh] done in 5ms @ http://localhost:3000/_next/static/chunks/node_modules_next_dist_1e8vcs8._.js:776
[  254451ms] [LOG] [Fast Refresh] done in 5ms @ http://localhost:3000/_next/static/chunks/node_modules_next_dist_1e8vcs8._.js:776
[  254491ms] [LOG] [Fast Refresh] done in 5ms @ http://localhost:3000/_next/static/chunks/node_modules_next_dist_1e8vcs8._.js:776
[  254540ms] [LOG] [Fast Refresh] done in 5ms @ http://localhost:3000/_next/static/chunks/node_modules_next_dist_1e8vcs8._.js:776
[  254583ms] [LOG] [Fast Refresh] done in 5ms @ http://localhost:3000/_next/static/chunks/node_modules_next_dist_1e8vcs8._.js:776
[  254623ms] [LOG] [Fast Refresh] done in 5ms @ http://localhost:3000/_next/static/chunks/node_modules_next_dist_1e8vcs8._.js:776
[  254661ms] [LOG] [Fast Refresh] done in 5ms @ http://localhost:3000/_next/static/chunks/node_modules_next_dist_1e8vcs8._.js:776
[  254702ms] [LOG] [Fast Refresh] done in 5ms @ http://localhost:3000/_next/static/chunks/node_modules_next_dist_1e8vcs8._.js:776
[  254749ms] [LOG] [Fast Refresh] done in 5ms @ http://localhost:3000/_next/static/chunks/node_modules_next_dist_1e8vcs8._.js:776
[  254797ms] [LOG] [Fast Refresh] done in 5ms @ http://localhost:3000/_next/static/chunks/node_modules_next_dist_1e8vcs8._.js:776
[  254842ms] [LOG] [Fast Refresh] done in 5ms @ http://localhost:3000/_next/static/chunks/node_modules_next_dist_1e8vcs8._.js:776
[  254888ms] [LOG] [Fast Refresh] done in 5ms @ http://localhost:3000/_next/static/chunks/node_modules_next_dist_1e8vcs8._.js:776
[  254932ms] [LOG] [Fast Refresh] done in 5ms @ http://localhost:3000/_next/static/chunks/node_modules_next_dist_1e8vcs8._.js:776
[  254986ms] [LOG] [Fast Refresh] done in 5ms @ http://localhost:3000/_next/static/chunks/node_modules_next_dist_1e8vcs8._.js:776
[  255030ms] [LOG] [Fast Refresh] done in 5ms @ http://localhost:3000/_next/static/chunks/node_modules_next_dist_1e8vcs8._.js:776
[  255077ms] [LOG] [Fast Refresh] done in 5ms @ http://localhost:3000/_next/static/chunks/node_modules_next_dist_1e8vcs8._.js:776
[  255118ms] [LOG] [Fast Refresh] done in 5ms @ http://localhost:3000/_next/static/chunks/node_modules_next_dist_1e8vcs8._.js:776
[  255159ms] [LOG] [Fast Refresh] done in 5ms @ http://localhost:3000/_next/static/chunks/node_modules_next_dist_1e8vcs8._.js:776
[  255201ms] [LOG] [Fast Refresh] done in 5ms @ http://localhost:3000/_next/static/chunks/node_modules_next_dist_1e8vcs8._.js:776
[  255242ms] [LOG] [Fast Refresh] done in 5ms @ http://localhost:3000/_next/static/chunks/node_modules_next_dist_1e8vcs8._.js:776
[  255290ms] [LOG] [Fast Refresh] done in 5ms @ http://localhost:3000/_next/static/chunks/node_modules_next_dist_1e8vcs8._.js:776
[  255342ms] [LOG] [Fast Refresh] done in 5ms @ http://localhost:3000/_next/static/chunks/node_modules_next_dist_1e8vcs8._.js:776
[  255388ms] [LOG] [Fast Refresh] done in 5ms @ http://localhost:3000/_next/static/chunks/node_modules_next_dist_1e8vcs8._.js:776
[  255430ms] [LOG] [Fast Refresh] done in 5ms @ http://localhost:3000/_next/static/chunks/node_modules_next_dist_1e8vcs8._.js:776
[  255479ms] [LOG] [Fast Refresh] done in 5ms @ http://localhost:3000/_next/static/chunks/node_modules_next_dist_1e8vcs8._.js:776
[  255521ms] [LOG] [Fast Refresh] done in 5ms @ http://localhost:3000/_next/static/chunks/node_modules_next_dist_1e8vcs8._.js:776
[  255583ms] [LOG] [Fast Refresh] done in 5ms @ http://localhost:3000/_next/static/chunks/node_modules_next_dist_1e8vcs8._.js:776
[  255624ms] [LOG] [Fast Refresh] done in 5ms @ http://localhost:3000/_next/static/chunks/node_modules_next_dist_1e8vcs8._.js:776
[  255673ms] [LOG] [Fast Refresh] done in 5ms @ http://localhost:3000/_next/static/chunks/node_modules_next_dist_1e8vcs8._.js:776
[  255715ms] [LOG] [Fast Refresh] done in 5ms @ http://localhost:3000/_next/static/chunks/node_modules_next_dist_1e8vcs8._.js:776
[  255756ms] [LOG] [Fast Refresh] done in 5ms @ http://localhost:3000/_next/static/chunks/node_modules_next_dist_1e8vcs8._.js:776
[  255797ms] [LOG] [Fast Refresh] done in 5ms @ http://localhost:3000/_next/static/chunks/node_modules_next_dist_1e8vcs8._.js:776
[  255839ms] [LOG] [Fast Refresh] done in 5ms @ http://localhost:3000/_next/static/chunks/node_modules_next_dist_1e8vcs8._.js:776
[  255888ms] [LOG] [Fast Refresh] done in 5ms @ http://localhost:3000/_next/static/chunks/node_modules_next_dist_1e8vcs8._.js:776
[  255930ms] [LOG] [Fast Refresh] done in 5ms @ http://localhost:3000/_next/static/chunks/node_modules_next_dist_1e8vcs8._.js:776
[  255978ms] [LOG] [Fast Refresh] done in 5ms @ http://localhost:3000/_next/static/chunks/node_modules_next_dist_1e8vcs8._.js:776
[  256027ms] [LOG] [Fast Refresh] done in 5ms @ http://localhost:3000/_next/static/chunks/node_modules_next_dist_1e8vcs8._.js:776
[  256075ms] [LOG] [Fast Refresh] done in 5ms @ http://localhost:3000/_next/static/chunks/node_modules_next_dist_1e8vcs8._.js:776
[  256124ms] [LOG] [Fast Refresh] done in 5ms @ http://localhost:3000/_next/static/chunks/node_modules_next_dist_1e8vcs8._.js:776
[  256167ms] [LOG] [Fast Refresh] done in 5ms @ http://localhost:3000/_next/static/chunks/node_modules_next_dist_1e8vcs8._.js:776
[  256209ms] [LOG] [Fast Refresh] done in 5ms @ http://localhost:3000/_next/static/chunks/node_modules_next_dist_1e8vcs8._.js:776
[  256249ms] [LOG] [Fast Refresh] done in 5ms @ http://localhost:3000/_next/static/chunks/node_modules_next_dist_1e8vcs8._.js:776
[  256290ms] [LOG] [Fast Refresh] done in 5ms @ http://localhost:3000/_next/static/chunks/node_modules_next_dist_1e8vcs8._.js:776
[  256344ms] [LOG] [Fast Refresh] done in 5ms @ http://localhost:3000/_next/static/chunks/node_modules_next_dist_1e8vcs8._.js:776
[  256387ms] [LOG] [Fast Refresh] done in 5ms @ http://localhost:3000/_next/static/chunks/node_modules_next_dist_1e8vcs8._.js:776
[  256445ms] [LOG] [Fast Refresh] done in 5ms @ http://localhost:3000/_next/static/chunks/node_modules_next_dist_1e8vcs8._.js:776
[  256495ms] [LOG] [Fast Refresh] done in 5ms @ http://localhost:3000/_next/static/chunks/node_modules_next_dist_1e8vcs8._.js:776
[  256548ms] [LOG] [Fast Refresh] done in 5ms @ http://localhost:3000/_next/static/chunks/node_modules_next_dist_1e8vcs8._.js:776
[  256610ms] [LOG] [Fast Refresh] done in 5ms @ http://localhost:3000/_next/static/chunks/node_modules_next_dist_1e8vcs8._.js:776
[  256660ms] [LOG] [Fast Refresh] done in 5ms @ http://localhost:3000/_next/static/chunks/node_modules_next_dist_1e8vcs8._.js:776
[  256720ms] [LOG] [Fast Refresh] done in 5ms @ http://localhost:3000/_next/static/chunks/node_modules_next_dist_1e8vcs8._.js:776
[  256768ms] [LOG] [Fast Refresh] done in 5ms @ http://localhost:3000/_next/static/chunks/node_modules_next_dist_1e8vcs8._.js:776
[  256808ms] [LOG] [Fast Refresh] done in 5ms @ http://localhost:3000/_next/static/chunks/node_modules_next_dist_1e8vcs8._.js:776
[  256853ms] [LOG] [Fast Refresh] done in 5ms @ http://localhost:3000/_next/static/chunks/node_modules_next_dist_1e8vcs8._.js:776
[  256895ms] [LOG] [Fast Refresh] done in 5ms @ http://localhost:3000/_next/static/chunks/node_modules_next_dist_1e8vcs8._.js:776
[  256937ms] [LOG] [Fast Refresh] done in 5ms @ http://localhost:3000/_next/static/chunks/node_modules_next_dist_1e8vcs8._.js:776
[  256982ms] [LOG] [Fast Refresh] done in 5ms @ http://localhost:3000/_next/static/chunks/node_modules_next_dist_1e8vcs8._.js:776
[  257030ms] [LOG] [Fast Refresh] done in 5ms @ http://localhost:3000/_next/static/chunks/node_modules_next_dist_1e8vcs8._.js:776
[  257068ms] [LOG] [Fast Refresh] done in 5ms @ http://localhost:3000/_next/static/chunks/node_modules_next_dist_1e8vcs8._.js:776
[  257111ms] [LOG] [Fast Refresh] done in 5ms @ http://localhost:3000/_next/static/chunks/node_modules_next_dist_1e8vcs8._.js:776
[  257176ms] [LOG] [Fast Refresh] done in 5ms @ http://localhost:3000/_next/static/chunks/node_modules_next_dist_1e8vcs8._.js:776
[  257231ms] [LOG] [Fast Refresh] done in 5ms @ http://localhost:3000/_next/static/chunks/node_modules_next_dist_1e8vcs8._.js:776
[  257280ms] [LOG] [Fast Refresh] done in 5ms @ http://localhost:3000/_next/static/chunks/node_modules_next_dist_1e8vcs8._.js:776
[  257327ms] [LOG] [Fast Refresh] done in 5ms @ http://localhost:3000/_next/static/chunks/node_modules_next_dist_1e8vcs8._.js:776
[  257377ms] [LOG] [Fast Refresh] done in 5ms @ http://localhost:3000/_next/static/chunks/node_modules_next_dist_1e8vcs8._.js:776
[  257421ms] [LOG] [Fast Refresh] done in 5ms @ http://localhost:3000/_next/static/chunks/node_modules_next_dist_1e8vcs8._.js:776
[  257464ms] [LOG] [Fast Refresh] done in 5ms @ http://localhost:3000/_next/static/chunks/node_modules_next_dist_1e8vcs8._.js:776
[  257507ms] [LOG] [Fast Refresh] done in 5ms @ http://localhost:3000/_next/static/chunks/node_modules_next_dist_1e8vcs8._.js:776
[  257550ms] [LOG] [Fast Refresh] done in 5ms @ http://localhost:3000/_next/static/chunks/node_modules_next_dist_1e8vcs8._.js:776
[  257596ms] [LOG] [Fast Refresh] done in 5ms @ http://localhost:3000/_next/static/chunks/node_modules_next_dist_1e8vcs8._.js:776
[  257640ms] [LOG] [Fast Refresh] done in 5ms @ http://localhost:3000/_next/static/chunks/node_modules_next_dist_1e8vcs8._.js:776
[  257680ms] [LOG] [Fast Refresh] done in 5ms @ http://localhost:3000/_next/static/chunks/node_modules_next_dist_1e8vcs8._.js:776
[  257729ms] [LOG] [Fast Refresh] done in 5ms @ http://localhost:3000/_next/static/chunks/node_modules_next_dist_1e8vcs8._.js:776
[  257770ms] [LOG] [Fast Refresh] done in 5ms @ http://localhost:3000/_next/static/chunks/node_modules_next_dist_1e8vcs8._.js:776
[  257812ms] [LOG] [Fast Refresh] done in 5ms @ http://localhost:3000/_next/static/chunks/node_modules_next_dist_1e8vcs8._.js:776
[  257853ms] [LOG] [Fast Refresh] done in 5ms @ http://localhost:3000/_next/static/chunks/node_modules_next_dist_1e8vcs8._.js:776
[  257895ms] [LOG] [Fast Refresh] done in 5ms @ http://localhost:3000/_next/static/chunks/node_modules_next_dist_1e8vcs8._.js:776
[  257938ms] [LOG] [Fast Refresh] done in 5ms @ http://localhost:3000/_next/static/chunks/node_modules_next_dist_1e8vcs8._.js:776
[  257978ms] [LOG] [Fast Refresh] done in 5ms @ http://localhost:3000/_next/static/chunks/node_modules_next_dist_1e8vcs8._.js:776
[  258020ms] [LOG] [Fast Refresh] done in 5ms @ http://localhost:3000/_next/static/chunks/node_modules_next_dist_1e8vcs8._.js:776
[  258069ms] [LOG] [Fast Refresh] done in 5ms @ http://localhost:3000/_next/static/chunks/node_modules_next_dist_1e8vcs8._.js:776
[  258117ms] [LOG] [Fast Refresh] done in 5ms @ http://localhost:3000/_next/static/chunks/node_modules_next_dist_1e8vcs8._.js:776
[  258160ms] [LOG] [Fast Refresh] done in 5ms @ http://localhost:3000/_next/static/chunks/node_modules_next_dist_1e8vcs8._.js:776
[  258201ms] [LOG] [Fast Refresh] done in 5ms @ http://localhost:3000/_next/static/chunks/node_modules_next_dist_1e8vcs8._.js:776
[  258249ms] [LOG] [Fast Refresh] done in 5ms @ http://localhost:3000/_next/static/chunks/node_modules_next_dist_1e8vcs8._.js:776
[  258313ms] [LOG] [Fast Refresh] done in 5ms @ http://localhost:3000/_next/static/chunks/node_modules_next_dist_1e8vcs8._.js:776
[  258367ms] [LOG] [Fast Refresh] done in 5ms @ http://localhost:3000/_next/static/chunks/node_modules_next_dist_1e8vcs8._.js:776
[  258409ms] [LOG] [Fast Refresh] done in 5ms @ http://localhost:3000/_next/static/chunks/node_modules_next_dist_1e8vcs8._.js:776
[  258450ms] [LOG] [Fast Refresh] done in 5ms @ http://localhost:3000/_next/static/chunks/node_modules_next_dist_1e8vcs8._.js:776
[  258499ms] [LOG] [Fast Refresh] done in 5ms @ http://localhost:3000/_next/static/chunks/node_modules_next_dist_1e8vcs8._.js:776
[  258548ms] [LOG] [Fast Refresh] done in 5ms @ http://localhost:3000/_next/static/chunks/node_modules_next_dist_1e8vcs8._.js:776
[  258596ms] [LOG] [Fast Refresh] done in 5ms @ http://localhost:3000/_next/static/chunks/node_modules_next_dist_1e8vcs8._.js:776
[  258644ms] [LOG] [Fast Refresh] done in 5ms @ http://localhost:3000/_next/static/chunks/node_modules_next_dist_1e8vcs8._.js:776
[  258700ms] [LOG] [Fast Refresh] done in 5ms @ http://localhost:3000/_next/static/chunks/node_modules_next_dist_1e8vcs8._.js:776
[  258748ms] [LOG] [Fast Refresh] done in 5ms @ http://localhost:3000/_next/static/chunks/node_modules_next_dist_1e8vcs8._.js:776
[  258790ms] [LOG] [Fast Refresh] done in 5ms @ http://localhost:3000/_next/static/chunks/node_modules_next_dist_1e8vcs8._.js:776
[  258832ms] [LOG] [Fast Refresh] done in 5ms @ http://localhost:3000/_next/static/chunks/node_modules_next_dist_1e8vcs8._.js:776
[  258881ms] [LOG] [Fast Refresh] done in 5ms @ http://localhost:3000/_next/static/chunks/node_modules_next_dist_1e8vcs8._.js:776
[  258927ms] [LOG] [Fast Refresh] done in 5ms @ http://localhost:3000/_next/static/chunks/node_modules_next_dist_1e8vcs8._.js:776
[  258973ms] [LOG] [Fast Refresh] done in 5ms @ http://localhost:3000/_next/static/chunks/node_modules_next_dist_1e8vcs8._.js:776
[  259014ms] [LOG] [Fast Refresh] done in 5ms @ http://localhost:3000/_next/static/chunks/node_modules_next_dist_1e8vcs8._.js:776
[  259076ms] [LOG] [Fast Refresh] done in 5ms @ http://localhost:3000/_next/static/chunks/node_modules_next_dist_1e8vcs8._.js:776
[  259131ms] [LOG] [Fast Refresh] done in 5ms @ http://localhost:3000/_next/static/chunks/node_modules_next_dist_1e8vcs8._.js:776
[  259172ms] [LOG] [Fast Refresh] done in 5ms @ http://localhost:3000/_next/static/chunks/node_modules_next_dist_1e8vcs8._.js:776
[  259215ms] [LOG] [Fast Refresh] done in 5ms @ http://localhost:3000/_next/static/chunks/node_modules_next_dist_1e8vcs8._.js:776
[  259262ms] [LOG] [Fast Refresh] done in 5ms @ http://localhost:3000/_next/static/chunks/node_modules_next_dist_1e8vcs8._.js:776
[  259312ms] [LOG] [Fast Refresh] done in 5ms @ http://localhost:3000/_next/static/chunks/node_modules_next_dist_1e8vcs8._.js:776
[  259360ms] [LOG] [Fast Refresh] done in 5ms @ http://localhost:3000/_next/static/chunks/node_modules_next_dist_1e8vcs8._.js:776
[  259397ms] [LOG] [Fast Refresh] done in 5ms @ http://localhost:3000/_next/static/chunks/node_modules_next_dist_1e8vcs8._.js:776
[  259436ms] [LOG] [Fast Refresh] done in 5ms @ http://localhost:3000/_next/static/chunks/node_modules_next_dist_1e8vcs8._.js:776
[  259485ms] [LOG] [Fast Refresh] done in 5ms @ http://localhost:3000/_next/static/chunks/node_modules_next_dist_1e8vcs8._.js:776
[  259529ms] [LOG] [Fast Refresh] done in 5ms @ http://localhost:3000/_next/static/chunks/node_modules_next_dist_1e8vcs8._.js:776
[  259567ms] [LOG] [Fast Refresh] done in 5ms @ http://localhost:3000/_next/static/chunks/node_modules_next_dist_1e8vcs8._.js:776
[  259610ms] [LOG] [Fast Refresh] done in 5ms @ http://localhost:3000/_next/static/chunks/node_modules_next_dist_1e8vcs8._.js:776
[  259652ms] [LOG] [Fast Refresh] done in 5ms @ http://localhost:3000/_next/static/chunks/node_modules_next_dist_1e8vcs8._.js:776
[  259700ms] [LOG] [Fast Refresh] done in 5ms @ http://localhost:3000/_next/static/chunks/node_modules_next_dist_1e8vcs8._.js:776
[  259741ms] [LOG] [Fast Refresh] done in 5ms @ http://localhost:3000/_next/static/chunks/node_modules_next_dist_1e8vcs8._.js:776
[  259784ms] [LOG] [Fast Refresh] done in 5ms @ http://localhost:3000/_next/static/chunks/node_modules_next_dist_1e8vcs8._.js:776
[  259829ms] [LOG] [Fast Refresh] done in 5ms @ http://localhost:3000/_next/static/chunks/node_modules_next_dist_1e8vcs8._.js:776
[  259877ms] [LOG] [Fast Refresh] done in 5ms @ http://localhost:3000/_next/static/chunks/node_modules_next_dist_1e8vcs8._.js:776
[  259926ms] [LOG] [Fast Refresh] done in 5ms @ http://localhost:3000/_next/static/chunks/node_modules_next_dist_1e8vcs8._.js:776
[  259981ms] [LOG] [Fast Refresh] done in 5ms @ http://localhost:3000/_next/static/chunks/node_modules_next_dist_1e8vcs8._.js:776
[  260020ms] [LOG] [Fast Refresh] done in 5ms @ http://localhost:3000/_next/static/chunks/node_modules_next_dist_1e8vcs8._.js:776
[  260063ms] [LOG] [Fast Refresh] done in 5ms @ http://localhost:3000/_next/static/chunks/node_modules_next_dist_1e8vcs8._.js:776
[  260127ms] [LOG] [Fast Refresh] done in 5ms @ http://localhost:3000/_next/static/chunks/node_modules_next_dist_1e8vcs8._.js:776
[  260176ms] [LOG] [Fast Refresh] done in 5ms @ http://localhost:3000/_next/static/chunks/node_modules_next_dist_1e8vcs8._.js:776
[  260223ms] [LOG] [Fast Refresh] done in 5ms @ http://localhost:3000/_next/static/chunks/node_modules_next_dist_1e8vcs8._.js:776
[  260280ms] [LOG] [Fast Refresh] done in 5ms @ http://localhost:3000/_next/static/chunks/node_modules_next_dist_1e8vcs8._.js:776
[  260329ms] [LOG] [Fast Refresh] done in 5ms @ http://localhost:3000/_next/static/chunks/node_modules_next_dist_1e8vcs8._.js:776
[  260378ms] [LOG] [Fast Refresh] done in 5ms @ http://localhost:3000/_next/static/chunks/node_modules_next_dist_1e8vcs8._.js:776
[  260424ms] [LOG] [Fast Refresh] done in 5ms @ http://localhost:3000/_next/static/chunks/node_modules_next_dist_1e8vcs8._.js:776
[  260466ms] [LOG] [Fast Refresh] done in 5ms @ http://localhost:3000/_next/static/chunks/node_modules_next_dist_1e8vcs8._.js:776
[  260505ms] [LOG] [Fast Refresh] done in 5ms @ http://localhost:3000/_next/static/chunks/node_modules_next_dist_1e8vcs8._.js:776
[  260548ms] [LOG] [Fast Refresh] done in 5ms @ http://localhost:3000/_next/static/chunks/node_modules_next_dist_1e8vcs8._.js:776
[  260597ms] [LOG] [Fast Refresh] done in 5ms @ http://localhost:3000/_next/static/chunks/node_modules_next_dist_1e8vcs8._.js:776
[  260639ms] [LOG] [Fast Refresh] done in 5ms @ http://localhost:3000/_next/static/chunks/node_modules_next_dist_1e8vcs8._.js:776
[  260694ms] [LOG] [Fast Refresh] done in 5ms @ http://localhost:3000/_next/static/chunks/node_modules_next_dist_1e8vcs8._.js:776
[  260736ms] [LOG] [Fast Refresh] done in 5ms @ http://localhost:3000/_next/static/chunks/node_modules_next_dist_1e8vcs8._.js:776
[  260780ms] [LOG] [Fast Refresh] done in 5ms @ http://localhost:3000/_next/static/chunks/node_modules_next_dist_1e8vcs8._.js:776
[  260825ms] [LOG] [Fast Refresh] done in 5ms @ http://localhost:3000/_next/static/chunks/node_modules_next_dist_1e8vcs8._.js:776
[  260874ms] [LOG] [Fast Refresh] done in 5ms @ http://localhost:3000/_next/static/chunks/node_modules_next_dist_1e8vcs8._.js:776
[  260916ms] [LOG] [Fast Refresh] done in 5ms @ http://localhost:3000/_next/static/chunks/node_modules_next_dist_1e8vcs8._.js:776
[  260966ms] [LOG] [Fast Refresh] done in 5ms @ http://localhost:3000/_next/static/chunks/node_modules_next_dist_1e8vcs8._.js:776
[  261016ms] [LOG] [Fast Refresh] done in 5ms @ http://localhost:3000/_next/static/chunks/node_modules_next_dist_1e8vcs8._.js:776
[  261054ms] [LOG] [Fast Refresh] done in 5ms @ http://localhost:3000/_next/static/chunks/node_modules_next_dist_1e8vcs8._.js:776
[  261112ms] [LOG] [Fast Refresh] done in 5ms @ http://localhost:3000/_next/static/chunks/node_modules_next_dist_1e8vcs8._.js:776
[  261152ms] [LOG] [Fast Refresh] done in 5ms @ http://localhost:3000/_next/static/chunks/node_modules_next_dist_1e8vcs8._.js:776
[  261194ms] [LOG] [Fast Refresh] done in 5ms @ http://localhost:3000/_next/static/chunks/node_modules_next_dist_1e8vcs8._.js:776
[  261235ms] [LOG] [Fast Refresh] done in 5ms @ http://localhost:3000/_next/static/chunks/node_modules_next_dist_1e8vcs8._.js:776
[  261280ms] [LOG] [Fast Refresh] done in 5ms @ http://localhost:3000/_next/static/chunks/node_modules_next_dist_1e8vcs8._.js:776
[  261333ms] [LOG] [Fast Refresh] done in 5ms @ http://localhost:3000/_next/static/chunks/node_modules_next_dist_1e8vcs8._.js:776
[  261378ms] [LOG] [Fast Refresh] done in 5ms @ http://localhost:3000/_next/static/chunks/node_modules_next_dist_1e8vcs8._.js:776
[  261429ms] [LOG] [Fast Refresh] done in 5ms @ http://localhost:3000/_next/static/chunks/node_modules_next_dist_1e8vcs8._.js:776
[  261482ms] [LOG] [Fast Refresh] done in 5ms @ http://localhost:3000/_next/static/chunks/node_modules_next_dist_1e8vcs8._.js:776
[  261531ms] [LOG] [Fast Refresh] done in 5ms @ http://localhost:3000/_next/static/chunks/node_modules_next_dist_1e8vcs8._.js:776
[  261579ms] [LOG] [Fast Refresh] done in 5ms @ http://localhost:3000/_next/static/chunks/node_modules_next_dist_1e8vcs8._.js:776
[  261629ms] [LOG] [Fast Refresh] done in 5ms @ http://localhost:3000/_next/static/chunks/node_modules_next_dist_1e8vcs8._.js:776
[  261680ms] [LOG] [Fast Refresh] done in 5ms @ http://localhost:3000/_next/static/chunks/node_modules_next_dist_1e8vcs8._.js:776
[  261693ms] [LOG] [Fast Refresh] rebuilding @ http://localhost:3000/_next/static/chunks/node_modules_next_dist_1e8vcs8._.js:776
[  261735ms] [LOG] [Fast Refresh] done in 2ms @ http://localhost:3000/_next/static/chunks/node_modules_next_dist_1e8vcs8._.js:776
[  261781ms] [LOG] [Fast Refresh] done in 2ms @ http://localhost:3000/_next/static/chunks/node_modules_next_dist_1e8vcs8._.js:776
[  261833ms] [LOG] [Fast Refresh] done in 2ms @ http://localhost:3000/_next/static/chunks/node_modules_next_dist_1e8vcs8._.js:776
[  261883ms] [LOG] [Fast Refresh] done in 2ms @ http://localhost:3000/_next/static/chunks/node_modules_next_dist_1e8vcs8._.js:776
[  261923ms] [LOG] [Fast Refresh] done in 2ms @ http://localhost:3000/_next/static/chunks/node_modules_next_dist_1e8vcs8._.js:776
[  261965ms] [LOG] [Fast Refresh] done in 2ms @ http://localhost:3000/_next/static/chunks/node_modules_next_dist_1e8vcs8._.js:776
[  262006ms] [LOG] [Fast Refresh] done in 2ms @ http://localhost:3000/_next/static/chunks/node_modules_next_dist_1e8vcs8._.js:776
[  262048ms] [LOG] [Fast Refresh] done in 2ms @ http://localhost:3000/_next/static/chunks/node_modules_next_dist_1e8vcs8._.js:776
[  262090ms] [LOG] [Fast Refresh] done in 2ms @ http://localhost:3000/_next/static/chunks/node_modules_next_dist_1e8vcs8._.js:776
[  262131ms] [LOG] [Fast Refresh] done in 2ms @ http://localhost:3000/_next/static/chunks/node_modules_next_dist_1e8vcs8._.js:776
[  262183ms] [LOG] [Fast Refresh] done in 2ms @ http://localhost:3000/_next/static/chunks/node_modules_next_dist_1e8vcs8._.js:776
[  262236ms] [LOG] [Fast Refresh] done in 2ms @ http://localhost:3000/_next/static/chunks/node_modules_next_dist_1e8vcs8._.js:776
[  262278ms] [LOG] [Fast Refresh] done in 2ms @ http://localhost:3000/_next/static/chunks/node_modules_next_dist_1e8vcs8._.js:776
[  262325ms] [LOG] [Fast Refresh] done in 2ms @ http://localhost:3000/_next/static/chunks/node_modules_next_dist_1e8vcs8._.js:776
[  262368ms] [LOG] [Fast Refresh] done in 2ms @ http://localhost:3000/_next/static/chunks/node_modules_next_dist_1e8vcs8._.js:776
[  262416ms] [LOG] [Fast Refresh] done in 2ms @ http://localhost:3000/_next/static/chunks/node_modules_next_dist_1e8vcs8._.js:776
[  262459ms] [LOG] [Fast Refresh] done in 2ms @ http://localhost:3000/_next/static/chunks/node_modules_next_dist_1e8vcs8._.js:776
[  262524ms] [LOG] [Fast Refresh] done in 2ms @ http://localhost:3000/_next/static/chunks/node_modules_next_dist_1e8vcs8._.js:776
[  262575ms] [LOG] [Fast Refresh] done in 2ms @ http://localhost:3000/_next/static/chunks/node_modules_next_dist_1e8vcs8._.js:776
[  262630ms] [LOG] [Fast Refresh] done in 2ms @ http://localhost:3000/_next/static/chunks/node_modules_next_dist_1e8vcs8._.js:776
[  262678ms] [LOG] [Fast Refresh] done in 2ms @ http://localhost:3000/_next/static/chunks/node_modules_next_dist_1e8vcs8._.js:776
[  262728ms] [LOG] [Fast Refresh] done in 2ms @ http://localhost:3000/_next/static/chunks/node_modules_next_dist_1e8vcs8._.js:776
[  262770ms] [LOG] [Fast Refresh] done in 2ms @ http://localhost:3000/_next/static/chunks/node_modules_next_dist_1e8vcs8._.js:776
[  262819ms] [LOG] [Fast Refresh] done in 2ms @ http://localhost:3000/_next/static/chunks/node_modules_next_dist_1e8vcs8._.js:776
[  262862ms] [LOG] [Fast Refresh] done in 2ms @ http://localhost:3000/_next/static/chunks/node_modules_next_dist_1e8vcs8._.js:776
[  262903ms] [LOG] [Fast Refresh] done in 2ms @ http://localhost:3000/_next/static/chunks/node_modules_next_dist_1e8vcs8._.js:776
[  262944ms] [LOG] [Fast Refresh] done in 2ms @ http://localhost:3000/_next/static/chunks/node_modules_next_dist_1e8vcs8._.js:776
[  262992ms] [LOG] [Fast Refresh] done in 2ms @ http://localhost:3000/_next/static/chunks/node_modules_next_dist_1e8vcs8._.js:776
[  263033ms] [LOG] [Fast Refresh] done in 2ms @ http://localhost:3000/_next/static/chunks/node_modules_next_dist_1e8vcs8._.js:776
[  263079ms] [LOG] [Fast Refresh] done in 2ms @ http://localhost:3000/_next/static/chunks/node_modules_next_dist_1e8vcs8._.js:776
[  263127ms] [LOG] [Fast Refresh] done in 2ms @ http://localhost:3000/_next/static/chunks/node_modules_next_dist_1e8vcs8._.js:776
[  263167ms] [LOG] [Fast Refresh] done in 2ms @ http://localhost:3000/_next/static/chunks/node_modules_next_dist_1e8vcs8._.js:776
[  263216ms] [LOG] [Fast Refresh] done in 2ms @ http://localhost:3000/_next/static/chunks/node_modules_next_dist_1e8vcs8._.js:776
[  263280ms] [LOG] [Fast Refresh] done in 2ms @ http://localhost:3000/_next/static/chunks/node_modules_next_dist_1e8vcs8._.js:776
[  263330ms] [LOG] [Fast Refresh] done in 2ms @ http://localhost:3000/_next/static/chunks/node_modules_next_dist_1e8vcs8._.js:776
[  263376ms] [LOG] [Fast Refresh] done in 2ms @ http://localhost:3000/_next/static/chunks/node_modules_next_dist_1e8vcs8._.js:776
[  263416ms] [LOG] [Fast Refresh] done in 2ms @ http://localhost:3000/_next/static/chunks/node_modules_next_dist_1e8vcs8._.js:776
[  263458ms] [LOG] [Fast Refresh] done in 2ms @ http://localhost:3000/_next/static/chunks/node_modules_next_dist_1e8vcs8._.js:776
[  263499ms] [LOG] [Fast Refresh] done in 2ms @ http://localhost:3000/_next/static/chunks/node_modules_next_dist_1e8vcs8._.js:776
[  263546ms] [LOG] [Fast Refresh] done in 2ms @ http://localhost:3000/_next/static/chunks/node_modules_next_dist_1e8vcs8._.js:776
[  263589ms] [LOG] [Fast Refresh] done in 2ms @ http://localhost:3000/_next/static/chunks/node_modules_next_dist_1e8vcs8._.js:776
[  263638ms] [LOG] [Fast Refresh] done in 2ms @ http://localhost:3000/_next/static/chunks/node_modules_next_dist_1e8vcs8._.js:776
[  263680ms] [LOG] [Fast Refresh] done in 2ms @ http://localhost:3000/_next/static/chunks/node_modules_next_dist_1e8vcs8._.js:776
[  263722ms] [LOG] [Fast Refresh] done in 2ms @ http://localhost:3000/_next/static/chunks/node_modules_next_dist_1e8vcs8._.js:776
[  263763ms] [LOG] [Fast Refresh] done in 2ms @ http://localhost:3000/_next/static/chunks/node_modules_next_dist_1e8vcs8._.js:776
[  263805ms] [LOG] [Fast Refresh] done in 2ms @ http://localhost:3000/_next/static/chunks/node_modules_next_dist_1e8vcs8._.js:776
[  263846ms] [LOG] [Fast Refresh] done in 2ms @ http://localhost:3000/_next/static/chunks/node_modules_next_dist_1e8vcs8._.js:776
[  263889ms] [LOG] [Fast Refresh] done in 2ms @ http://localhost:3000/_next/static/chunks/node_modules_next_dist_1e8vcs8._.js:776
[  263981ms] [LOG] [Fast Refresh] done in 2ms @ http://localhost:3000/_next/static/chunks/node_modules_next_dist_1e8vcs8._.js:776
[  264028ms] [LOG] [Fast Refresh] done in 2ms @ http://localhost:3000/_next/static/chunks/node_modules_next_dist_1e8vcs8._.js:776
[  264082ms] [LOG] [Fast Refresh] done in 2ms @ http://localhost:3000/_next/static/chunks/node_modules_next_dist_1e8vcs8._.js:776
[  264172ms] [LOG] [Fast Refresh] done in 2ms @ http://localhost:3000/_next/static/chunks/node_modules_next_dist_1e8vcs8._.js:776
[  264238ms] [LOG] [Fast Refresh] done in 2ms @ http://localhost:3000/_next/static/chunks/node_modules_next_dist_1e8vcs8._.js:776
[  264298ms] [LOG] [Fast Refresh] done in 2ms @ http://localhost:3000/_next/static/chunks/node_modules_next_dist_1e8vcs8._.js:776
[  264346ms] [LOG] [Fast Refresh] done in 2ms @ http://localhost:3000/_next/static/chunks/node_modules_next_dist_1e8vcs8._.js:776
[  264410ms] [LOG] [Fast Refresh] done in 2ms @ http://localhost:3000/_next/static/chunks/node_modules_next_dist_1e8vcs8._.js:776
[  264474ms] [LOG] [Fast Refresh] done in 2ms @ http://localhost:3000/_next/static/chunks/node_modules_next_dist_1e8vcs8._.js:776
[  264535ms] [LOG] [Fast Refresh] done in 2ms @ http://localhost:3000/_next/static/chunks/node_modules_next_dist_1e8vcs8._.js:776
[  264585ms] [LOG] [Fast Refresh] done in 2ms @ http://localhost:3000/_next/static/chunks/node_modules_next_dist_1e8vcs8._.js:776
[  264646ms] [LOG] [Fast Refresh] done in 2ms @ http://localhost:3000/_next/static/chunks/node_modules_next_dist_1e8vcs8._.js:776
[  264700ms] [LOG] [Fast Refresh] done in 2ms @ http://localhost:3000/_next/static/chunks/node_modules_next_dist_1e8vcs8._.js:776
[  264701ms] [WARNING] The resource http://localhost:3000/_next/static/media/6ad0e742fc9cd7a1-s.p.2w_jb288h_vxp.woff2 was preloaded using link preload but not used within a few seconds from the window's load event. Please make sure it has an appropriate `as` value and it is preloaded intentionally. @ http://localhost:3000/terms-of-use:0
[  264701ms] [WARNING] The resource http://localhost:3000/_next/static/media/09401ea35a762f28-s.p.2a85-o2hz8mwr.woff2 was preloaded using link preload but not used within a few seconds from the window's load event. Please make sure it has an appropriate `as` value and it is preloaded intentionally. @ http://localhost:3000/terms-of-use:0
[  264701ms] [WARNING] The resource http://localhost:3000/_next/static/media/0f5cca9b58704ad1-s.p.21odxmnjnk7bd.woff2 was preloaded using link preload but not used within a few seconds from the window's load event. Please make sure it has an appropriate `as` value and it is preloaded intentionally. @ http://localhost:3000/terms-of-use:0
[  264701ms] [WARNING] The resource http://localhost:3000/_next/static/media/22884ed84a506ae6-s.p.0yevzgmhf07yp.woff2 was preloaded using link preload but not used within a few seconds from the window's load event. Please make sure it has an appropriate `as` value and it is preloaded intentionally. @ http://localhost:3000/terms-of-use:0
[  264701ms] [WARNING] The resource http://localhost:3000/_next/static/media/f06bf9da926bae75-s.p.2874ccu1_u7jf.woff2 was preloaded using link preload but not used within a few seconds from the window's load event. Please make sure it has an appropriate `as` value and it is preloaded intentionally. @ http://localhost:3000/terms-of-use:0
[  264701ms] [WARNING] The resource http://localhost:3000/_next/static/media/510598db810e1932-s.p.20g9nkyuy-bea.woff2 was preloaded using link preload but not used within a few seconds from the window's load event. Please make sure it has an appropriate `as` value and it is preloaded intentionally. @ http://localhost:3000/terms-of-use:0
[  264701ms] [WARNING] The resource http://localhost:3000/_next/static/media/f896ef295999667f-s.p.0mkp9y_kaie3k.woff2 was preloaded using link preload but not used within a few seconds from the window's load event. Please make sure it has an appropriate `as` value and it is preloaded intentionally. @ http://localhost:3000/terms-of-use:0
[  264701ms] [WARNING] The resource http://localhost:3000/_next/static/media/eb51f918d7e532f8-s.p.3gcjms7ojp868.woff2 was preloaded using link preload but not used within a few seconds from the window's load event. Please make sure it has an appropriate `as` value and it is preloaded intentionally. @ http://localhost:3000/terms-of-use:0
[  264762ms] [LOG] [Fast Refresh] done in 2ms @ http://localhost:3000/_next/static/chunks/node_modules_next_dist_1e8vcs8._.js:776
[  264804ms] [LOG] [Fast Refresh] done in 2ms @ http://localhost:3000/_next/static/chunks/node_modules_next_dist_1e8vcs8._.js:776
[  264861ms] [LOG] [Fast Refresh] done in 2ms @ http://localhost:3000/_next/static/chunks/node_modules_next_dist_1e8vcs8._.js:776
[  264915ms] [LOG] [Fast Refresh] done in 2ms @ http://localhost:3000/_next/static/chunks/node_modules_next_dist_1e8vcs8._.js:776
[  264956ms] [LOG] [Fast Refresh] done in 2ms @ http://localhost:3000/_next/static/chunks/node_modules_next_dist_1e8vcs8._.js:776
[  265013ms] [LOG] [Fast Refresh] done in 2ms @ http://localhost:3000/_next/static/chunks/node_modules_next_dist_1e8vcs8._.js:776
[  265075ms] [LOG] [Fast Refresh] done in 2ms @ http://localhost:3000/_next/static/chunks/node_modules_next_dist_1e8vcs8._.js:776
[  265117ms] [LOG] [Fast Refresh] done in 2ms @ http://localhost:3000/_next/static/chunks/node_modules_next_dist_1e8vcs8._.js:776
[  265162ms] [LOG] [Fast Refresh] done in 2ms @ http://localhost:3000/_next/static/chunks/node_modules_next_dist_1e8vcs8._.js:776
[  265219ms] [LOG] [Fast Refresh] done in 2ms @ http://localhost:3000/_next/static/chunks/node_modules_next_dist_1e8vcs8._.js:776
[  265270ms] [LOG] [Fast Refresh] done in 2ms @ http://localhost:3000/_next/static/chunks/node_modules_next_dist_1e8vcs8._.js:776
[  265333ms] [LOG] [Fast Refresh] done in 2ms @ http://localhost:3000/_next/static/chunks/node_modules_next_dist_1e8vcs8._.js:776
[  265397ms] [LOG] [Fast Refresh] done in 2ms @ http://localhost:3000/_next/static/chunks/node_modules_next_dist_1e8vcs8._.js:776
[  265450ms] [LOG] [Fast Refresh] done in 2ms @ http://localhost:3000/_next/static/chunks/node_modules_next_dist_1e8vcs8._.js:776
[  265512ms] [LOG] [Fast Refresh] done in 2ms @ http://localhost:3000/_next/static/chunks/node_modules_next_dist_1e8vcs8._.js:776
[  265564ms] [LOG] [Fast Refresh] done in 2ms @ http://localhost:3000/_next/static/chunks/node_modules_next_dist_1e8vcs8._.js:776
[  265624ms] [LOG] [Fast Refresh] done in 2ms @ http://localhost:3000/_next/static/chunks/node_modules_next_dist_1e8vcs8._.js:776
[  265678ms] [LOG] [Fast Refresh] done in 2ms @ http://localhost:3000/_next/static/chunks/node_modules_next_dist_1e8vcs8._.js:776
[  265732ms] [LOG] [Fast Refresh] done in 2ms @ http://localhost:3000/_next/static/chunks/node_modules_next_dist_1e8vcs8._.js:776
[  265783ms] [LOG] [Fast Refresh] done in 2ms @ http://localhost:3000/_next/static/chunks/node_modules_next_dist_1e8vcs8._.js:776
[  265832ms] [LOG] [Fast Refresh] done in 2ms @ http://localhost:3000/_next/static/chunks/node_modules_next_dist_1e8vcs8._.js:776
[  265885ms] [LOG] [Fast Refresh] done in 2ms @ http://localhost:3000/_next/static/chunks/node_modules_next_dist_1e8vcs8._.js:776
[  265946ms] [LOG] [Fast Refresh] done in 2ms @ http://localhost:3000/_next/static/chunks/node_modules_next_dist_1e8vcs8._.js:776
[  266008ms] [LOG] [Fast Refresh] done in 2ms @ http://localhost:3000/_next/static/chunks/node_modules_next_dist_1e8vcs8._.js:776
[  266064ms] [LOG] [Fast Refresh] done in 2ms @ http://localhost:3000/_next/static/chunks/node_modules_next_dist_1e8vcs8._.js:776
[  266117ms] [LOG] [Fast Refresh] done in 2ms @ http://localhost:3000/_next/static/chunks/node_modules_next_dist_1e8vcs8._.js:776
[  266159ms] [LOG] [Fast Refresh] done in 2ms @ http://localhost:3000/_next/static/chunks/node_modules_next_dist_1e8vcs8._.js:776
[  266200ms] [LOG] [Fast Refresh] done in 2ms @ http://localhost:3000/_next/static/chunks/node_modules_next_dist_1e8vcs8._.js:776
[  266249ms] [LOG] [Fast Refresh] done in 2ms @ http://localhost:3000/_next/static/chunks/node_modules_next_dist_1e8vcs8._.js:776
[  266298ms] [LOG] [Fast Refresh] done in 2ms @ http://localhost:3000/_next/static/chunks/node_modules_next_dist_1e8vcs8._.js:776
[  266346ms] [LOG] [Fast Refresh] done in 2ms @ http://localhost:3000/_next/static/chunks/node_modules_next_dist_1e8vcs8._.js:776
[  266393ms] [LOG] [Fast Refresh] done in 2ms @ http://localhost:3000/_next/static/chunks/node_modules_next_dist_1e8vcs8._.js:776
[  266437ms] [LOG] [Fast Refresh] done in 2ms @ http://localhost:3000/_next/static/chunks/node_modules_next_dist_1e8vcs8._.js:776
[  266495ms] [LOG] [Fast Refresh] done in 2ms @ http://localhost:3000/_next/static/chunks/node_modules_next_dist_1e8vcs8._.js:776
[  266552ms] [LOG] [Fast Refresh] done in 2ms @ http://localhost:3000/_next/static/chunks/node_modules_next_dist_1e8vcs8._.js:776
[  266609ms] [LOG] [Fast Refresh] done in 2ms @ http://localhost:3000/_next/static/chunks/node_modules_next_dist_1e8vcs8._.js:776
[  266652ms] [LOG] [Fast Refresh] done in 2ms @ http://localhost:3000/_next/static/chunks/node_modules_next_dist_1e8vcs8._.js:776
[  266695ms] [LOG] [Fast Refresh] done in 2ms @ http://localhost:3000/_next/static/chunks/node_modules_next_dist_1e8vcs8._.js:776
[  266737ms] [LOG] [Fast Refresh] done in 2ms @ http://localhost:3000/_next/static/chunks/node_modules_next_dist_1e8vcs8._.js:776
[  266787ms] [LOG] [Fast Refresh] done in 2ms @ http://localhost:3000/_next/static/chunks/node_modules_next_dist_1e8vcs8._.js:776
[  266839ms] [LOG] [Fast Refresh] done in 2ms @ http://localhost:3000/_next/static/chunks/node_modules_next_dist_1e8vcs8._.js:776
[  266881ms] [LOG] [Fast Refresh] done in 2ms @ http://localhost:3000/_next/static/chunks/node_modules_next_dist_1e8vcs8._.js:776
[  266922ms] [LOG] [Fast Refresh] done in 2ms @ http://localhost:3000/_next/static/chunks/node_modules_next_dist_1e8vcs8._.js:776
[  266965ms] [LOG] [Fast Refresh] done in 2ms @ http://localhost:3000/_next/static/chunks/node_modules_next_dist_1e8vcs8._.js:776
[  267020ms] [LOG] [Fast Refresh] done in 2ms @ http://localhost:3000/_next/static/chunks/node_modules_next_dist_1e8vcs8._.js:776
[  267075ms] [LOG] [Fast Refresh] done in 2ms @ http://localhost:3000/_next/static/chunks/node_modules_next_dist_1e8vcs8._.js:776
[  267134ms] [LOG] [Fast Refresh] done in 2ms @ http://localhost:3000/_next/static/chunks/node_modules_next_dist_1e8vcs8._.js:776
[  267198ms] [LOG] [Fast Refresh] done in 2ms @ http://localhost:3000/_next/static/chunks/node_modules_next_dist_1e8vcs8._.js:776
[  267246ms] [LOG] [Fast Refresh] done in 2ms @ http://localhost:3000/_next/static/chunks/node_modules_next_dist_1e8vcs8._.js:776
[  267293ms] [LOG] [Fast Refresh] done in 2ms @ http://localhost:3000/_next/static/chunks/node_modules_next_dist_1e8vcs8._.js:776
[  267340ms] [LOG] [Fast Refresh] done in 2ms @ http://localhost:3000/_next/static/chunks/node_modules_next_dist_1e8vcs8._.js:776
[  267396ms] [LOG] [Fast Refresh] done in 2ms @ http://localhost:3000/_next/static/chunks/node_modules_next_dist_1e8vcs8._.js:776
[  267443ms] [LOG] [Fast Refresh] done in 2ms @ http://localhost:3000/_next/static/chunks/node_modules_next_dist_1e8vcs8._.js:776
[  267500ms] [LOG] [Fast Refresh] done in 2ms @ http://localhost:3000/_next/static/chunks/node_modules_next_dist_1e8vcs8._.js:776
[  267554ms] [LOG] [Fast Refresh] done in 2ms @ http://localhost:3000/_next/static/chunks/node_modules_next_dist_1e8vcs8._.js:776
[  267617ms] [LOG] [Fast Refresh] done in 2ms @ http://localhost:3000/_next/static/chunks/node_modules_next_dist_1e8vcs8._.js:776
[  267658ms] [LOG] [Fast Refresh] done in 2ms @ http://localhost:3000/_next/static/chunks/node_modules_next_dist_1e8vcs8._.js:776
[  267700ms] [LOG] [Fast Refresh] done in 2ms @ http://localhost:3000/_next/static/chunks/node_modules_next_dist_1e8vcs8._.js:776
[  267752ms] [LOG] [Fast Refresh] done in 2ms @ http://localhost:3000/_next/static/chunks/node_modules_next_dist_1e8vcs8._.js:776
[  267798ms] [LOG] [Fast Refresh] done in 2ms @ http://localhost:3000/_next/static/chunks/node_modules_next_dist_1e8vcs8._.js:776
[  267843ms] [LOG] [Fast Refresh] done in 2ms @ http://localhost:3000/_next/static/chunks/node_modules_next_dist_1e8vcs8._.js:776
[  267894ms] [LOG] [Fast Refresh] done in 2ms @ http://localhost:3000/_next/static/chunks/node_modules_next_dist_1e8vcs8._.js:776
[  267940ms] [LOG] [Fast Refresh] done in 2ms @ http://localhost:3000/_next/static/chunks/node_modules_next_dist_1e8vcs8._.js:776
[  267994ms] [LOG] [Fast Refresh] done in 2ms @ http://localhost:3000/_next/static/chunks/node_modules_next_dist_1e8vcs8._.js:776
[  268042ms] [LOG] [Fast Refresh] done in 2ms @ http://localhost:3000/_next/static/chunks/node_modules_next_dist_1e8vcs8._.js:776
[  268083ms] [LOG] [Fast Refresh] done in 2ms @ http://localhost:3000/_next/static/chunks/node_modules_next_dist_1e8vcs8._.js:776
[  268139ms] [LOG] [Fast Refresh] done in 2ms @ http://localhost:3000/_next/static/chunks/node_modules_next_dist_1e8vcs8._.js:776
[  268180ms] [LOG] [Fast Refresh] done in 2ms @ http://localhost:3000/_next/static/chunks/node_modules_next_dist_1e8vcs8._.js:776
[  268229ms] [LOG] [Fast Refresh] done in 2ms @ http://localhost:3000/_next/static/chunks/node_modules_next_dist_1e8vcs8._.js:776
[  268270ms] [LOG] [Fast Refresh] done in 2ms @ http://localhost:3000/_next/static/chunks/node_modules_next_dist_1e8vcs8._.js:776
[  268312ms] [LOG] [Fast Refresh] done in 2ms @ http://localhost:3000/_next/static/chunks/node_modules_next_dist_1e8vcs8._.js:776
[  268361ms] [LOG] [Fast Refresh] done in 2ms @ http://localhost:3000/_next/static/chunks/node_modules_next_dist_1e8vcs8._.js:776
[  268402ms] [LOG] [Fast Refresh] done in 2ms @ http://localhost:3000/_next/static/chunks/node_modules_next_dist_1e8vcs8._.js:776
[  268443ms] [LOG] [Fast Refresh] done in 2ms @ http://localhost:3000/_next/static/chunks/node_modules_next_dist_1e8vcs8._.js:776
[  268492ms] [LOG] [Fast Refresh] done in 2ms @ http://localhost:3000/_next/static/chunks/node_modules_next_dist_1e8vcs8._.js:776
[  268540ms] [LOG] [Fast Refresh] done in 2ms @ http://localhost:3000/_next/static/chunks/node_modules_next_dist_1e8vcs8._.js:776
[  268605ms] [LOG] [Fast Refresh] done in 2ms @ http://localhost:3000/_next/static/chunks/node_modules_next_dist_1e8vcs8._.js:776
[  268658ms] [LOG] [Fast Refresh] done in 2ms @ http://localhost:3000/_next/static/chunks/node_modules_next_dist_1e8vcs8._.js:776
[  268700ms] [LOG] [Fast Refresh] done in 2ms @ http://localhost:3000/_next/static/chunks/node_modules_next_dist_1e8vcs8._.js:776
[  268747ms] [LOG] [Fast Refresh] done in 2ms @ http://localhost:3000/_next/static/chunks/node_modules_next_dist_1e8vcs8._.js:776
[  268801ms] [LOG] [Fast Refresh] done in 2ms @ http://localhost:3000/_next/static/chunks/node_modules_next_dist_1e8vcs8._.js:776
[  268850ms] [LOG] [Fast Refresh] done in 2ms @ http://localhost:3000/_next/static/chunks/node_modules_next_dist_1e8vcs8._.js:776
[  268894ms] [LOG] [Fast Refresh] done in 2ms @ http://localhost:3000/_next/static/chunks/node_modules_next_dist_1e8vcs8._.js:776
[  268945ms] [LOG] [Fast Refresh] done in 2ms @ http://localhost:3000/_next/static/chunks/node_modules_next_dist_1e8vcs8._.js:776
[  268991ms] [LOG] [Fast Refresh] done in 2ms @ http://localhost:3000/_next/static/chunks/node_modules_next_dist_1e8vcs8._.js:776
[  269034ms] [LOG] [Fast Refresh] done in 2ms @ http://localhost:3000/_next/static/chunks/node_modules_next_dist_1e8vcs8._.js:776
[  269090ms] [LOG] [Fast Refresh] done in 2ms @ http://localhost:3000/_next/static/chunks/node_modules_next_dist_1e8vcs8._.js:776
[  269133ms] [LOG] [Fast Refresh] done in 2ms @ http://localhost:3000/_next/static/chunks/node_modules_next_dist_1e8vcs8._.js:776
[  269195ms] [LOG] [Fast Refresh] done in 2ms @ http://localhost:3000/_next/static/chunks/node_modules_next_dist_1e8vcs8._.js:776
[  269236ms] [LOG] [Fast Refresh] done in 2ms @ http://localhost:3000/_next/static/chunks/node_modules_next_dist_1e8vcs8._.js:776
[  269280ms] [LOG] [Fast Refresh] done in 2ms @ http://localhost:3000/_next/static/chunks/node_modules_next_dist_1e8vcs8._.js:776
[  269329ms] [LOG] [Fast Refresh] done in 2ms @ http://localhost:3000/_next/static/chunks/node_modules_next_dist_1e8vcs8._.js:776
[  269377ms] [LOG] [Fast Refresh] done in 2ms @ http://localhost:3000/_next/static/chunks/node_modules_next_dist_1e8vcs8._.js:776
[  269416ms] [LOG] [Fast Refresh] done in 2ms @ http://localhost:3000/_next/static/chunks/node_modules_next_dist_1e8vcs8._.js:776
[  269457ms] [LOG] [Fast Refresh] done in 2ms @ http://localhost:3000/_next/static/chunks/node_modules_next_dist_1e8vcs8._.js:776
[  269499ms] [LOG] [Fast Refresh] done in 2ms @ http://localhost:3000/_next/static/chunks/node_modules_next_dist_1e8vcs8._.js:776
[  269548ms] [LOG] [Fast Refresh] done in 2ms @ http://localhost:3000/_next/static/chunks/node_modules_next_dist_1e8vcs8._.js:776
[  269599ms] [LOG] [Fast Refresh] done in 2ms @ http://localhost:3000/_next/static/chunks/node_modules_next_dist_1e8vcs8._.js:776
[  269645ms] [LOG] [Fast Refresh] done in 2ms @ http://localhost:3000/_next/static/chunks/node_modules_next_dist_1e8vcs8._.js:776
[  269701ms] [LOG] [Fast Refresh] done in 2ms @ http://localhost:3000/_next/static/chunks/node_modules_next_dist_1e8vcs8._.js:776
[  269744ms] [LOG] [Fast Refresh] done in 2ms @ http://localhost:3000/_next/static/chunks/node_modules_next_dist_1e8vcs8._.js:776
[  269793ms] [LOG] [Fast Refresh] done in 2ms @ http://localhost:3000/_next/static/chunks/node_modules_next_dist_1e8vcs8._.js:776
[  269839ms] [LOG] [Fast Refresh] done in 2ms @ http://localhost:3000/_next/static/chunks/node_modules_next_dist_1e8vcs8._.js:776
[  269888ms] [LOG] [Fast Refresh] done in 2ms @ http://localhost:3000/_next/static/chunks/node_modules_next_dist_1e8vcs8._.js:776
[  269930ms] [LOG] [Fast Refresh] done in 2ms @ http://localhost:3000/_next/static/chunks/node_modules_next_dist_1e8vcs8._.js:776
[  269976ms] [LOG] [Fast Refresh] done in 2ms @ http://localhost:3000/_next/static/chunks/node_modules_next_dist_1e8vcs8._.js:776
[  270031ms] [LOG] [Fast Refresh] done in 2ms @ http://localhost:3000/_next/static/chunks/node_modules_next_dist_1e8vcs8._.js:776
[  270079ms] [LOG] [Fast Refresh] done in 2ms @ http://localhost:3000/_next/static/chunks/node_modules_next_dist_1e8vcs8._.js:776
[  270127ms] [LOG] [Fast Refresh] done in 2ms @ http://localhost:3000/_next/static/chunks/node_modules_next_dist_1e8vcs8._.js:776
[  270173ms] [LOG] [Fast Refresh] done in 2ms @ http://localhost:3000/_next/static/chunks/node_modules_next_dist_1e8vcs8._.js:776
[  270215ms] [LOG] [Fast Refresh] done in 2ms @ http://localhost:3000/_next/static/chunks/node_modules_next_dist_1e8vcs8._.js:776
[  270256ms] [LOG] [Fast Refresh] done in 2ms @ http://localhost:3000/_next/static/chunks/node_modules_next_dist_1e8vcs8._.js:776
[  270294ms] [LOG] [Fast Refresh] done in 2ms @ http://localhost:3000/_next/static/chunks/node_modules_next_dist_1e8vcs8._.js:776
[  270362ms] [LOG] [Fast Refresh] done in 2ms @ http://localhost:3000/_next/static/chunks/node_modules_next_dist_1e8vcs8._.js:776
[  270427ms] [LOG] [Fast Refresh] done in 2ms @ http://localhost:3000/_next/static/chunks/node_modules_next_dist_1e8vcs8._.js:776
[  270472ms] [LOG] [Fast Refresh] done in 2ms @ http://localhost:3000/_next/static/chunks/node_modules_next_dist_1e8vcs8._.js:776
[  270514ms] [LOG] [Fast Refresh] done in 2ms @ http://localhost:3000/_next/static/chunks/node_modules_next_dist_1e8vcs8._.js:776
[  270555ms] [LOG] [Fast Refresh] done in 2ms @ http://localhost:3000/_next/static/chunks/node_modules_next_dist_1e8vcs8._.js:776
[  270596ms] [LOG] [Fast Refresh] done in 2ms @ http://localhost:3000/_next/static/chunks/node_modules_next_dist_1e8vcs8._.js:776
[  270648ms] [LOG] [Fast Refresh] done in 2ms @ http://localhost:3000/_next/static/chunks/node_modules_next_dist_1e8vcs8._.js:776
[  270694ms] [LOG] [Fast Refresh] done in 2ms @ http://localhost:3000/_next/static/chunks/node_modules_next_dist_1e8vcs8._.js:776
[  270737ms] [LOG] [Fast Refresh] done in 2ms @ http://localhost:3000/_next/static/chunks/node_modules_next_dist_1e8vcs8._.js:776
[  270780ms] [LOG] [Fast Refresh] done in 2ms @ http://localhost:3000/_next/static/chunks/node_modules_next_dist_1e8vcs8._.js:776
[  270838ms] [LOG] [Fast Refresh] done in 2ms @ http://localhost:3000/_next/static/chunks/node_modules_next_dist_1e8vcs8._.js:776
[  270901ms] [LOG] [Fast Refresh] done in 2ms @ http://localhost:3000/_next/static/chunks/node_modules_next_dist_1e8vcs8._.js:776
[  270948ms] [LOG] [Fast Refresh] done in 2ms @ http://localhost:3000/_next/static/chunks/node_modules_next_dist_1e8vcs8._.js:776
[  271005ms] [LOG] [Fast Refresh] done in 2ms @ http://localhost:3000/_next/static/chunks/node_modules_next_dist_1e8vcs8._.js:776
[  271050ms] [LOG] [Fast Refresh] done in 2ms @ http://localhost:3000/_next/static/chunks/node_modules_next_dist_1e8vcs8._.js:776
[  271104ms] [LOG] [Fast Refresh] done in 2ms @ http://localhost:3000/_next/static/chunks/node_modules_next_dist_1e8vcs8._.js:776
[  271151ms] [LOG] [Fast Refresh] done in 2ms @ http://localhost:3000/_next/static/chunks/node_modules_next_dist_1e8vcs8._.js:776
[  271200ms] [LOG] [Fast Refresh] done in 2ms @ http://localhost:3000/_next/static/chunks/node_modules_next_dist_1e8vcs8._.js:776
[  271252ms] [LOG] [Fast Refresh] done in 2ms @ http://localhost:3000/_next/static/chunks/node_modules_next_dist_1e8vcs8._.js:776
[  271297ms] [LOG] [Fast Refresh] done in 2ms @ http://localhost:3000/_next/static/chunks/node_modules_next_dist_1e8vcs8._.js:776
[  271339ms] [LOG] [Fast Refresh] done in 2ms @ http://localhost:3000/_next/static/chunks/node_modules_next_dist_1e8vcs8._.js:776
[  271388ms] [LOG] [Fast Refresh] done in 2ms @ http://localhost:3000/_next/static/chunks/node_modules_next_dist_1e8vcs8._.js:776
[  271446ms] [LOG] [Fast Refresh] done in 2ms @ http://localhost:3000/_next/static/chunks/node_modules_next_dist_1e8vcs8._.js:776
[  271493ms] [LOG] [Fast Refresh] done in 2ms @ http://localhost:3000/_next/static/chunks/node_modules_next_dist_1e8vcs8._.js:776
[  271548ms] [LOG] [Fast Refresh] done in 2ms @ http://localhost:3000/_next/static/chunks/node_modules_next_dist_1e8vcs8._.js:776
[  271597ms] [LOG] [Fast Refresh] done in 2ms @ http://localhost:3000/_next/static/chunks/node_modules_next_dist_1e8vcs8._.js:776
[  271638ms] [LOG] [Fast Refresh] done in 2ms @ http://localhost:3000/_next/static/chunks/node_modules_next_dist_1e8vcs8._.js:776
[  271682ms] [LOG] [Fast Refresh] done in 2ms @ http://localhost:3000/_next/static/chunks/node_modules_next_dist_1e8vcs8._.js:776
[  271723ms] [LOG] [Fast Refresh] done in 2ms @ http://localhost:3000/_next/static/chunks/node_modules_next_dist_1e8vcs8._.js:776
[  271763ms] [LOG] [Fast Refresh] done in 2ms @ http://localhost:3000/_next/static/chunks/node_modules_next_dist_1e8vcs8._.js:776
[  271806ms] [LOG] [Fast Refresh] done in 2ms @ http://localhost:3000/_next/static/chunks/node_modules_next_dist_1e8vcs8._.js:776
[  271846ms] [LOG] [Fast Refresh] done in 2ms @ http://localhost:3000/_next/static/chunks/node_modules_next_dist_1e8vcs8._.js:776
[  271888ms] [LOG] [Fast Refresh] done in 2ms @ http://localhost:3000/_next/static/chunks/node_modules_next_dist_1e8vcs8._.js:776
[  271937ms] [LOG] [Fast Refresh] done in 2ms @ http://localhost:3000/_next/static/chunks/node_modules_next_dist_1e8vcs8._.js:776
[  271991ms] [LOG] [Fast Refresh] done in 2ms @ http://localhost:3000/_next/static/chunks/node_modules_next_dist_1e8vcs8._.js:776
[  272040ms] [LOG] [Fast Refresh] done in 2ms @ http://localhost:3000/_next/static/chunks/node_modules_next_dist_1e8vcs8._.js:776
[  272083ms] [LOG] [Fast Refresh] done in 2ms @ http://localhost:3000/_next/static/chunks/node_modules_next_dist_1e8vcs8._.js:776
[  272138ms] [LOG] [Fast Refresh] done in 2ms @ http://localhost:3000/_next/static/chunks/node_modules_next_dist_1e8vcs8._.js:776
[  272202ms] [LOG] [Fast Refresh] done in 2ms @ http://localhost:3000/_next/static/chunks/node_modules_next_dist_1e8vcs8._.js:776
[  272256ms] [LOG] [Fast Refresh] done in 2ms @ http://localhost:3000/_next/static/chunks/node_modules_next_dist_1e8vcs8._.js:776
[  272304ms] [LOG] [Fast Refresh] done in 2ms @ http://localhost:3000/_next/static/chunks/node_modules_next_dist_1e8vcs8._.js:776
[  272367ms] [LOG] [Fast Refresh] done in 2ms @ http://localhost:3000/_next/static/chunks/node_modules_next_dist_1e8vcs8._.js:776
[  272428ms] [LOG] [Fast Refresh] done in 2ms @ http://localhost:3000/_next/static/chunks/node_modules_next_dist_1e8vcs8._.js:776
[  272482ms] [LOG] [Fast Refresh] done in 2ms @ http://localhost:3000/_next/static/chunks/node_modules_next_dist_1e8vcs8._.js:776
[  272541ms] [LOG] [Fast Refresh] done in 2ms @ http://localhost:3000/_next/static/chunks/node_modules_next_dist_1e8vcs8._.js:776
[  272600ms] [LOG] [Fast Refresh] done in 2ms @ http://localhost:3000/_next/static/chunks/node_modules_next_dist_1e8vcs8._.js:776
[  272652ms] [LOG] [Fast Refresh] done in 2ms @ http://localhost:3000/_next/static/chunks/node_modules_next_dist_1e8vcs8._.js:776
[  272708ms] [LOG] [Fast Refresh] done in 2ms @ http://localhost:3000/_next/static/chunks/node_modules_next_dist_1e8vcs8._.js:776
[  272764ms] [LOG] [Fast Refresh] done in 2ms @ http://localhost:3000/_next/static/chunks/node_modules_next_dist_1e8vcs8._.js:776
[  272828ms] [LOG] [Fast Refresh] done in 2ms @ http://localhost:3000/_next/static/chunks/node_modules_next_dist_1e8vcs8._.js:776
[  272867ms] [LOG] [Fast Refresh] done in 2ms @ http://localhost:3000/_next/static/chunks/node_modules_next_dist_1e8vcs8._.js:776
[  272909ms] [LOG] [Fast Refresh] done in 2ms @ http://localhost:3000/_next/static/chunks/node_modules_next_dist_1e8vcs8._.js:776
[  272967ms] [LOG] [Fast Refresh] done in 2ms @ http://localhost:3000/_next/static/chunks/node_modules_next_dist_1e8vcs8._.js:776
[  273030ms] [LOG] [Fast Refresh] done in 2ms @ http://localhost:3000/_next/static/chunks/node_modules_next_dist_1e8vcs8._.js:776
[  273079ms] [LOG] [Fast Refresh] done in 2ms @ http://localhost:3000/_next/static/chunks/node_modules_next_dist_1e8vcs8._.js:776
[  273128ms] [LOG] [Fast Refresh] done in 2ms @ http://localhost:3000/_next/static/chunks/node_modules_next_dist_1e8vcs8._.js:776
[  273172ms] [LOG] [Fast Refresh] done in 2ms @ http://localhost:3000/_next/static/chunks/node_modules_next_dist_1e8vcs8._.js:776
[  273213ms] [LOG] [Fast Refresh] done in 2ms @ http://localhost:3000/_next/static/chunks/node_modules_next_dist_1e8vcs8._.js:776
[  273256ms] [LOG] [Fast Refresh] done in 2ms @ http://localhost:3000/_next/static/chunks/node_modules_next_dist_1e8vcs8._.js:776
[  273304ms] [LOG] [Fast Refresh] done in 2ms @ http://localhost:3000/_next/static/chunks/node_modules_next_dist_1e8vcs8._.js:776
[  273354ms] [LOG] [Fast Refresh] done in 2ms @ http://localhost:3000/_next/static/chunks/node_modules_next_dist_1e8vcs8._.js:776
[  273396ms] [LOG] [Fast Refresh] done in 2ms @ http://localhost:3000/_next/static/chunks/node_modules_next_dist_1e8vcs8._.js:776
[  273436ms] [LOG] [Fast Refresh] done in 2ms @ http://localhost:3000/_next/static/chunks/node_modules_next_dist_1e8vcs8._.js:776
[  273487ms] [LOG] [Fast Refresh] done in 2ms @ http://localhost:3000/_next/static/chunks/node_modules_next_dist_1e8vcs8._.js:776
[  273530ms] [LOG] [Fast Refresh] done in 2ms @ http://localhost:3000/_next/static/chunks/node_modules_next_dist_1e8vcs8._.js:776
[  273579ms] [LOG] [Fast Refresh] done in 2ms @ http://localhost:3000/_next/static/chunks/node_modules_next_dist_1e8vcs8._.js:776
[  273627ms] [LOG] [Fast Refresh] done in 2ms @ http://localhost:3000/_next/static/chunks/node_modules_next_dist_1e8vcs8._.js:776
[  273678ms] [LOG] [Fast Refresh] done in 2ms @ http://localhost:3000/_next/static/chunks/node_modules_next_dist_1e8vcs8._.js:776
[  273721ms] [LOG] [Fast Refresh] done in 2ms @ http://localhost:3000/_next/static/chunks/node_modules_next_dist_1e8vcs8._.js:776
[  273763ms] [LOG] [Fast Refresh] done in 2ms @ http://localhost:3000/_next/static/chunks/node_modules_next_dist_1e8vcs8._.js:776
[  273806ms] [LOG] [Fast Refresh] done in 2ms @ http://localhost:3000/_next/static/chunks/node_modules_next_dist_1e8vcs8._.js:776
[  273846ms] [LOG] [Fast Refresh] done in 2ms @ http://localhost:3000/_next/static/chunks/node_modules_next_dist_1e8vcs8._.js:776
[  273895ms] [LOG] [Fast Refresh] done in 2ms @ http://localhost:3000/_next/static/chunks/node_modules_next_dist_1e8vcs8._.js:776
[  273943ms] [LOG] [Fast Refresh] done in 2ms @ http://localhost:3000/_next/static/chunks/node_modules_next_dist_1e8vcs8._.js:776
[  273995ms] [LOG] [Fast Refresh] done in 2ms @ http://localhost:3000/_next/static/chunks/node_modules_next_dist_1e8vcs8._.js:776
[  274041ms] [LOG] [Fast Refresh] done in 2ms @ http://localhost:3000/_next/static/chunks/node_modules_next_dist_1e8vcs8._.js:776
[  274083ms] [LOG] [Fast Refresh] done in 2ms @ http://localhost:3000/_next/static/chunks/node_modules_next_dist_1e8vcs8._.js:776
[  274124ms] [LOG] [Fast Refresh] done in 2ms @ http://localhost:3000/_next/static/chunks/node_modules_next_dist_1e8vcs8._.js:776
[  274176ms] [LOG] [Fast Refresh] done in 2ms @ http://localhost:3000/_next/static/chunks/node_modules_next_dist_1e8vcs8._.js:776
[  274217ms] [LOG] [Fast Refresh] done in 2ms @ http://localhost:3000/_next/static/chunks/node_modules_next_dist_1e8vcs8._.js:776
[  274257ms] [LOG] [Fast Refresh] done in 2ms @ http://localhost:3000/_next/static/chunks/node_modules_next_dist_1e8vcs8._.js:776
[  274304ms] [LOG] [Fast Refresh] done in 2ms @ http://localhost:3000/_next/static/chunks/node_modules_next_dist_1e8vcs8._.js:776
[  274343ms] [LOG] [Fast Refresh] done in 2ms @ http://localhost:3000/_next/static/chunks/node_modules_next_dist_1e8vcs8._.js:776
[  274395ms] [LOG] [Fast Refresh] done in 2ms @ http://localhost:3000/_next/static/chunks/node_modules_next_dist_1e8vcs8._.js:776
[  274451ms] [LOG] [Fast Refresh] done in 2ms @ http://localhost:3000/_next/static/chunks/node_modules_next_dist_1e8vcs8._.js:776
[  274503ms] [LOG] [Fast Refresh] done in 2ms @ http://localhost:3000/_next/static/chunks/node_modules_next_dist_1e8vcs8._.js:776
[  274541ms] [LOG] [Fast Refresh] done in 2ms @ http://localhost:3000/_next/static/chunks/node_modules_next_dist_1e8vcs8._.js:776
[  274596ms] [LOG] [Fast Refresh] done in 2ms @ http://localhost:3000/_next/static/chunks/node_modules_next_dist_1e8vcs8._.js:776
[  274654ms] [LOG] [Fast Refresh] done in 2ms @ http://localhost:3000/_next/static/chunks/node_modules_next_dist_1e8vcs8._.js:776
[  274701ms] [LOG] [Fast Refresh] done in 2ms @ http://localhost:3000/_next/static/chunks/node_modules_next_dist_1e8vcs8._.js:776
[  274756ms] [LOG] [Fast Refresh] done in 2ms @ http://localhost:3000/_next/static/chunks/node_modules_next_dist_1e8vcs8._.js:776
[  274814ms] [LOG] [Fast Refresh] done in 2ms @ http://localhost:3000/_next/static/chunks/node_modules_next_dist_1e8vcs8._.js:776
[  274878ms] [LOG] [Fast Refresh] done in 2ms @ http://localhost:3000/_next/static/chunks/node_modules_next_dist_1e8vcs8._.js:776
[  274927ms] [LOG] [Fast Refresh] done in 2ms @ http://localhost:3000/_next/static/chunks/node_modules_next_dist_1e8vcs8._.js:776
[  274981ms] [LOG] [Fast Refresh] done in 2ms @ http://localhost:3000/_next/static/chunks/node_modules_next_dist_1e8vcs8._.js:776
[  275027ms] [LOG] [Fast Refresh] done in 2ms @ http://localhost:3000/_next/static/chunks/node_modules_next_dist_1e8vcs8._.js:776
[  275079ms] [LOG] [Fast Refresh] done in 2ms @ http://localhost:3000/_next/static/chunks/node_modules_next_dist_1e8vcs8._.js:776
[  275128ms] [LOG] [Fast Refresh] done in 2ms @ http://localhost:3000/_next/static/chunks/node_modules_next_dist_1e8vcs8._.js:776
[  275173ms] [LOG] [Fast Refresh] done in 2ms @ http://localhost:3000/_next/static/chunks/node_modules_next_dist_1e8vcs8._.js:776
[  275224ms] [LOG] [Fast Refresh] done in 2ms @ http://localhost:3000/_next/static/chunks/node_modules_next_dist_1e8vcs8._.js:776
[  275270ms] [LOG] [Fast Refresh] done in 2ms @ http://localhost:3000/_next/static/chunks/node_modules_next_dist_1e8vcs8._.js:776
[  275312ms] [LOG] [Fast Refresh] done in 2ms @ http://localhost:3000/_next/static/chunks/node_modules_next_dist_1e8vcs8._.js:776
[  275354ms] [LOG] [Fast Refresh] done in 2ms @ http://localhost:3000/_next/static/chunks/node_modules_next_dist_1e8vcs8._.js:776
[  275410ms] [LOG] [Fast Refresh] done in 2ms @ http://localhost:3000/_next/static/chunks/node_modules_next_dist_1e8vcs8._.js:776
[  275466ms] [LOG] [Fast Refresh] done in 2ms @ http://localhost:3000/_next/static/chunks/node_modules_next_dist_1e8vcs8._.js:776
[  275518ms] [LOG] [Fast Refresh] done in 2ms @ http://localhost:3000/_next/static/chunks/node_modules_next_dist_1e8vcs8._.js:776
[  275568ms] [LOG] [Fast Refresh] done in 2ms @ http://localhost:3000/_next/static/chunks/node_modules_next_dist_1e8vcs8._.js:776
[  275613ms] [LOG] [Fast Refresh] done in 2ms @ http://localhost:3000/_next/static/chunks/node_modules_next_dist_1e8vcs8._.js:776
[  275659ms] [LOG] [Fast Refresh] done in 2ms @ http://localhost:3000/_next/static/chunks/node_modules_next_dist_1e8vcs8._.js:776
[  275717ms] [LOG] [Fast Refresh] done in 2ms @ http://localhost:3000/_next/static/chunks/node_modules_next_dist_1e8vcs8._.js:776
[  275765ms] [LOG] [Fast Refresh] done in 2ms @ http://localhost:3000/_next/static/chunks/node_modules_next_dist_1e8vcs8._.js:776
[  275817ms] [LOG] [Fast Refresh] done in 2ms @ http://localhost:3000/_next/static/chunks/node_modules_next_dist_1e8vcs8._.js:776
[  275861ms] [LOG] [Fast Refresh] done in 2ms @ http://localhost:3000/_next/static/chunks/node_modules_next_dist_1e8vcs8._.js:776
[  275903ms] [LOG] [Fast Refresh] done in 2ms @ http://localhost:3000/_next/static/chunks/node_modules_next_dist_1e8vcs8._.js:776
[  275943ms] [LOG] [Fast Refresh] done in 2ms @ http://localhost:3000/_next/static/chunks/node_modules_next_dist_1e8vcs8._.js:776
[  275995ms] [LOG] [Fast Refresh] done in 2ms @ http://localhost:3000/_next/static/chunks/node_modules_next_dist_1e8vcs8._.js:776
[  276048ms] [LOG] [Fast Refresh] done in 2ms @ http://localhost:3000/_next/static/chunks/node_modules_next_dist_1e8vcs8._.js:776
[  276105ms] [LOG] [Fast Refresh] done in 2ms @ http://localhost:3000/_next/static/chunks/node_modules_next_dist_1e8vcs8._.js:776
[  276169ms] [LOG] [Fast Refresh] done in 2ms @ http://localhost:3000/_next/static/chunks/node_modules_next_dist_1e8vcs8._.js:776
[  276214ms] [LOG] [Fast Refresh] done in 2ms @ http://localhost:3000/_next/static/chunks/node_modules_next_dist_1e8vcs8._.js:776
[  276256ms] [LOG] [Fast Refresh] done in 2ms @ http://localhost:3000/_next/static/chunks/node_modules_next_dist_1e8vcs8._.js:776
[  276297ms] [LOG] [Fast Refresh] done in 2ms @ http://localhost:3000/_next/static/chunks/node_modules_next_dist_1e8vcs8._.js:776
[  276346ms] [LOG] [Fast Refresh] done in 2ms @ http://localhost:3000/_next/static/chunks/node_modules_next_dist_1e8vcs8._.js:776
[  276391ms] [LOG] [Fast Refresh] done in 2ms @ http://localhost:3000/_next/static/chunks/node_modules_next_dist_1e8vcs8._.js:776
[  276442ms] [LOG] [Fast Refresh] done in 2ms @ http://localhost:3000/_next/static/chunks/node_modules_next_dist_1e8vcs8._.js:776
[  276493ms] [LOG] [Fast Refresh] done in 2ms @ http://localhost:3000/_next/static/chunks/node_modules_next_dist_1e8vcs8._.js:776
[  276548ms] [LOG] [Fast Refresh] done in 2ms @ http://localhost:3000/_next/static/chunks/node_modules_next_dist_1e8vcs8._.js:776
[  276599ms] [LOG] [Fast Refresh] done in 2ms @ http://localhost:3000/_next/static/chunks/node_modules_next_dist_1e8vcs8._.js:776
[  276641ms] [LOG] [Fast Refresh] done in 2ms @ http://localhost:3000/_next/static/chunks/node_modules_next_dist_1e8vcs8._.js:776
[  276703ms] [LOG] [Fast Refresh] done in 2ms @ http://localhost:3000/_next/static/chunks/node_modules_next_dist_1e8vcs8._.js:776
[  276751ms] [LOG] [Fast Refresh] done in 2ms @ http://localhost:3000/_next/static/chunks/node_modules_next_dist_1e8vcs8._.js:776
[  276796ms] [LOG] [Fast Refresh] done in 2ms @ http://localhost:3000/_next/static/chunks/node_modules_next_dist_1e8vcs8._.js:776
[  276850ms] [LOG] [Fast Refresh] done in 2ms @ http://localhost:3000/_next/static/chunks/node_modules_next_dist_1e8vcs8._.js:776
[  276889ms] [LOG] [Fast Refresh] done in 2ms @ http://localhost:3000/_next/static/chunks/node_modules_next_dist_1e8vcs8._.js:776
[  276929ms] [LOG] [Fast Refresh] done in 2ms @ http://localhost:3000/_next/static/chunks/node_modules_next_dist_1e8vcs8._.js:776
[  276969ms] [LOG] [Fast Refresh] done in 2ms @ http://localhost:3000/_next/static/chunks/node_modules_next_dist_1e8vcs8._.js:776
[  277009ms] [LOG] [Fast Refresh] done in 2ms @ http://localhost:3000/_next/static/chunks/node_modules_next_dist_1e8vcs8._.js:776
[  277074ms] [LOG] [Fast Refresh] done in 2ms @ http://localhost:3000/_next/static/chunks/node_modules_next_dist_1e8vcs8._.js:776
[  277125ms] [LOG] [Fast Refresh] done in 2ms @ http://localhost:3000/_next/static/chunks/node_modules_next_dist_1e8vcs8._.js:776
[  277168ms] [LOG] [Fast Refresh] done in 2ms @ http://localhost:3000/_next/static/chunks/node_modules_next_dist_1e8vcs8._.js:776
[  277217ms] [LOG] [Fast Refresh] done in 2ms @ http://localhost:3000/_next/static/chunks/node_modules_next_dist_1e8vcs8._.js:776
[  277266ms] [LOG] [Fast Refresh] done in 2ms @ http://localhost:3000/_next/static/chunks/node_modules_next_dist_1e8vcs8._.js:776
[  277312ms] [LOG] [Fast Refresh] done in 2ms @ http://localhost:3000/_next/static/chunks/node_modules_next_dist_1e8vcs8._.js:776
[  277351ms] [LOG] [Fast Refresh] done in 2ms @ http://localhost:3000/_next/static/chunks/node_modules_next_dist_1e8vcs8._.js:776
[  277402ms] [LOG] [Fast Refresh] done in 2ms @ http://localhost:3000/_next/static/chunks/node_modules_next_dist_1e8vcs8._.js:776
[  277460ms] [LOG] [Fast Refresh] done in 2ms @ http://localhost:3000/_next/static/chunks/node_modules_next_dist_1e8vcs8._.js:776
[  277524ms] [LOG] [Fast Refresh] done in 2ms @ http://localhost:3000/_next/static/chunks/node_modules_next_dist_1e8vcs8._.js:776
[  277577ms] [LOG] [Fast Refresh] done in 2ms @ http://localhost:3000/_next/static/chunks/node_modules_next_dist_1e8vcs8._.js:776
[  277623ms] [LOG] [Fast Refresh] done in 2ms @ http://localhost:3000/_next/static/chunks/node_modules_next_dist_1e8vcs8._.js:776
[  277685ms] [LOG] [Fast Refresh] done in 2ms @ http://localhost:3000/_next/static/chunks/node_modules_next_dist_1e8vcs8._.js:776
[  277748ms] [LOG] [Fast Refresh] done in 2ms @ http://localhost:3000/_next/static/chunks/node_modules_next_dist_1e8vcs8._.js:776
[  277797ms] [LOG] [Fast Refresh] done in 2ms @ http://localhost:3000/_next/static/chunks/node_modules_next_dist_1e8vcs8._.js:776
[  277844ms] [LOG] [Fast Refresh] done in 2ms @ http://localhost:3000/_next/static/chunks/node_modules_next_dist_1e8vcs8._.js:776
[  277895ms] [LOG] [Fast Refresh] done in 2ms @ http://localhost:3000/_next/static/chunks/node_modules_next_dist_1e8vcs8._.js:776
[  277948ms] [LOG] [Fast Refresh] done in 2ms @ http://localhost:3000/_next/static/chunks/node_modules_next_dist_1e8vcs8._.js:776
[  278011ms] [LOG] [Fast Refresh] done in 2ms @ http://localhost:3000/_next/static/chunks/node_modules_next_dist_1e8vcs8._.js:776
[  278063ms] [LOG] [Fast Refresh] done in 2ms @ http://localhost:3000/_next/static/chunks/node_modules_next_dist_1e8vcs8._.js:776
[  278122ms] [LOG] [Fast Refresh] done in 2ms @ http://localhost:3000/_next/static/chunks/node_modules_next_dist_1e8vcs8._.js:776
[  278174ms] [LOG] [Fast Refresh] done in 2ms @ http://localhost:3000/_next/static/chunks/node_modules_next_dist_1e8vcs8._.js:776
[  278228ms] [LOG] [Fast Refresh] done in 2ms @ http://localhost:3000/_next/static/chunks/node_modules_next_dist_1e8vcs8._.js:776
[  278287ms] [LOG] [Fast Refresh] done in 2ms @ http://localhost:3000/_next/static/chunks/node_modules_next_dist_1e8vcs8._.js:776
[  278339ms] [LOG] [Fast Refresh] done in 2ms @ http://localhost:3000/_next/static/chunks/node_modules_next_dist_1e8vcs8._.js:776
[  278393ms] [LOG] [Fast Refresh] done in 2ms @ http://localhost:3000/_next/static/chunks/node_modules_next_dist_1e8vcs8._.js:776
[  278443ms] [LOG] [Fast Refresh] done in 2ms @ http://localhost:3000/_next/static/chunks/node_modules_next_dist_1e8vcs8._.js:776
[  278499ms] [LOG] [Fast Refresh] done in 2ms @ http://localhost:3000/_next/static/chunks/node_modules_next_dist_1e8vcs8._.js:776
[  278544ms] [LOG] [Fast Refresh] done in 2ms @ http://localhost:3000/_next/static/chunks/node_modules_next_dist_1e8vcs8._.js:776
[  278598ms] [LOG] [Fast Refresh] done in 2ms @ http://localhost:3000/_next/static/chunks/node_modules_next_dist_1e8vcs8._.js:776
[  278652ms] [LOG] [Fast Refresh] done in 2ms @ http://localhost:3000/_next/static/chunks/node_modules_next_dist_1e8vcs8._.js:776
[  278701ms] [LOG] [Fast Refresh] done in 2ms @ http://localhost:3000/_next/static/chunks/node_modules_next_dist_1e8vcs8._.js:776
[  278753ms] [LOG] [Fast Refresh] done in 2ms @ http://localhost:3000/_next/static/chunks/node_modules_next_dist_1e8vcs8._.js:776
[  278797ms] [LOG] [Fast Refresh] done in 2ms @ http://localhost:3000/_next/static/chunks/node_modules_next_dist_1e8vcs8._.js:776
[  278846ms] [LOG] [Fast Refresh] done in 2ms @ http://localhost:3000/_next/static/chunks/node_modules_next_dist_1e8vcs8._.js:776
[  278890ms] [LOG] [Fast Refresh] done in 2ms @ http://localhost:3000/_next/static/chunks/node_modules_next_dist_1e8vcs8._.js:776
[  278930ms] [LOG] [Fast Refresh] done in 2ms @ http://localhost:3000/_next/static/chunks/node_modules_next_dist_1e8vcs8._.js:776
[  278982ms] [LOG] [Fast Refresh] done in 2ms @ http://localhost:3000/_next/static/chunks/node_modules_next_dist_1e8vcs8._.js:776
[  279036ms] [LOG] [Fast Refresh] done in 2ms @ http://localhost:3000/_next/static/chunks/node_modules_next_dist_1e8vcs8._.js:776
[  279091ms] [LOG] [Fast Refresh] done in 2ms @ http://localhost:3000/_next/static/chunks/node_modules_next_dist_1e8vcs8._.js:776
[  279140ms] [LOG] [Fast Refresh] done in 2ms @ http://localhost:3000/_next/static/chunks/node_modules_next_dist_1e8vcs8._.js:776
[  279180ms] [LOG] [Fast Refresh] done in 2ms @ http://localhost:3000/_next/static/chunks/node_modules_next_dist_1e8vcs8._.js:776
[  279222ms] [LOG] [Fast Refresh] done in 2ms @ http://localhost:3000/_next/static/chunks/node_modules_next_dist_1e8vcs8._.js:776
[  279270ms] [LOG] [Fast Refresh] done in 2ms @ http://localhost:3000/_next/static/chunks/node_modules_next_dist_1e8vcs8._.js:776
[  279327ms] [LOG] [Fast Refresh] done in 2ms @ http://localhost:3000/_next/static/chunks/node_modules_next_dist_1e8vcs8._.js:776
[  279391ms] [LOG] [Fast Refresh] done in 2ms @ http://localhost:3000/_next/static/chunks/node_modules_next_dist_1e8vcs8._.js:776
[  279450ms] [LOG] [Fast Refresh] done in 2ms @ http://localhost:3000/_next/static/chunks/node_modules_next_dist_1e8vcs8._.js:776
[  279499ms] [LOG] [Fast Refresh] done in 2ms @ http://localhost:3000/_next/static/chunks/node_modules_next_dist_1e8vcs8._.js:776
[  279542ms] [LOG] [Fast Refresh] done in 2ms @ http://localhost:3000/_next/static/chunks/node_modules_next_dist_1e8vcs8._.js:776
[  279591ms] [LOG] [Fast Refresh] done in 2ms @ http://localhost:3000/_next/static/chunks/node_modules_next_dist_1e8vcs8._.js:776
[  279645ms] [LOG] [Fast Refresh] done in 2ms @ http://localhost:3000/_next/static/chunks/node_modules_next_dist_1e8vcs8._.js:776
[  279694ms] [LOG] [Fast Refresh] done in 2ms @ http://localhost:3000/_next/static/chunks/node_modules_next_dist_1e8vcs8._.js:776
[  279742ms] [LOG] [Fast Refresh] done in 2ms @ http://localhost:3000/_next/static/chunks/node_modules_next_dist_1e8vcs8._.js:776
[  279784ms] [LOG] [Fast Refresh] done in 2ms @ http://localhost:3000/_next/static/chunks/node_modules_next_dist_1e8vcs8._.js:776
[  279825ms] [LOG] [Fast Refresh] done in 2ms @ http://localhost:3000/_next/static/chunks/node_modules_next_dist_1e8vcs8._.js:776
[  279885ms] [LOG] [Fast Refresh] done in 2ms @ http://localhost:3000/_next/static/chunks/node_modules_next_dist_1e8vcs8._.js:776
[  279937ms] [LOG] [Fast Refresh] done in 2ms @ http://localhost:3000/_next/static/chunks/node_modules_next_dist_1e8vcs8._.js:776
[  279981ms] [LOG] [Fast Refresh] done in 2ms @ http://localhost:3000/_next/static/chunks/node_modules_next_dist_1e8vcs8._.js:776
[  280030ms] [LOG] [Fast Refresh] done in 2ms @ http://localhost:3000/_next/static/chunks/node_modules_next_dist_1e8vcs8._.js:776
[  280079ms] [LOG] [Fast Refresh] done in 2ms @ http://localhost:3000/_next/static/chunks/node_modules_next_dist_1e8vcs8._.js:776
[  280118ms] [LOG] [Fast Refresh] done in 2ms @ http://localhost:3000/_next/static/chunks/node_modules_next_dist_1e8vcs8._.js:776
[  280162ms] [LOG] [Fast Refresh] done in 2ms @ http://localhost:3000/_next/static/chunks/node_modules_next_dist_1e8vcs8._.js:776
[  280208ms] [LOG] [Fast Refresh] done in 2ms @ http://localhost:3000/_next/static/chunks/node_modules_next_dist_1e8vcs8._.js:776
[  280262ms] [LOG] [Fast Refresh] done in 2ms @ http://localhost:3000/_next/static/chunks/node_modules_next_dist_1e8vcs8._.js:776
[  280309ms] [LOG] [Fast Refresh] done in 2ms @ http://localhost:3000/_next/static/chunks/node_modules_next_dist_1e8vcs8._.js:776
[  280361ms] [LOG] [Fast Refresh] done in 2ms @ http://localhost:3000/_next/static/chunks/node_modules_next_dist_1e8vcs8._.js:776
[  280409ms] [LOG] [Fast Refresh] done in 2ms @ http://localhost:3000/_next/static/chunks/node_modules_next_dist_1e8vcs8._.js:776
[  280450ms] [LOG] [Fast Refresh] done in 2ms @ http://localhost:3000/_next/static/chunks/node_modules_next_dist_1e8vcs8._.js:776
[  280492ms] [LOG] [Fast Refresh] done in 2ms @ http://localhost:3000/_next/static/chunks/node_modules_next_dist_1e8vcs8._.js:776
[  280550ms] [LOG] [Fast Refresh] done in 2ms @ http://localhost:3000/_next/static/chunks/node_modules_next_dist_1e8vcs8._.js:776
[  280608ms] [LOG] [Fast Refresh] done in 2ms @ http://localhost:3000/_next/static/chunks/node_modules_next_dist_1e8vcs8._.js:776
[  280654ms] [LOG] [Fast Refresh] done in 2ms @ http://localhost:3000/_next/static/chunks/node_modules_next_dist_1e8vcs8._.js:776
[  280702ms] [LOG] [Fast Refresh] done in 2ms @ http://localhost:3000/_next/static/chunks/node_modules_next_dist_1e8vcs8._.js:776
[  280743ms] [LOG] [Fast Refresh] done in 2ms @ http://localhost:3000/_next/static/chunks/node_modules_next_dist_1e8vcs8._.js:776
[  280790ms] [LOG] [Fast Refresh] done in 2ms @ http://localhost:3000/_next/static/chunks/node_modules_next_dist_1e8vcs8._.js:776
[  280844ms] [LOG] [Fast Refresh] done in 2ms @ http://localhost:3000/_next/static/chunks/node_modules_next_dist_1e8vcs8._.js:776
[  280888ms] [LOG] [Fast Refresh] done in 2ms @ http://localhost:3000/_next/static/chunks/node_modules_next_dist_1e8vcs8._.js:776
[  280944ms] [LOG] [Fast Refresh] done in 2ms @ http://localhost:3000/_next/static/chunks/node_modules_next_dist_1e8vcs8._.js:776
[  280988ms] [LOG] [Fast Refresh] done in 2ms @ http://localhost:3000/_next/static/chunks/node_modules_next_dist_1e8vcs8._.js:776
[  281043ms] [LOG] [Fast Refresh] done in 2ms @ http://localhost:3000/_next/static/chunks/node_modules_next_dist_1e8vcs8._.js:776
[  281089ms] [LOG] [Fast Refresh] done in 2ms @ http://localhost:3000/_next/static/chunks/node_modules_next_dist_1e8vcs8._.js:776
[  281135ms] [LOG] [Fast Refresh] done in 2ms @ http://localhost:3000/_next/static/chunks/node_modules_next_dist_1e8vcs8._.js:776
[  281187ms] [LOG] [Fast Refresh] done in 2ms @ http://localhost:3000/_next/static/chunks/node_modules_next_dist_1e8vcs8._.js:776
[  281229ms] [LOG] [Fast Refresh] done in 2ms @ http://localhost:3000/_next/static/chunks/node_modules_next_dist_1e8vcs8._.js:776
[  281282ms] [LOG] [Fast Refresh] done in 2ms @ http://localhost:3000/_next/static/chunks/node_modules_next_dist_1e8vcs8._.js:776
[  281333ms] [LOG] [Fast Refresh] done in 2ms @ http://localhost:3000/_next/static/chunks/node_modules_next_dist_1e8vcs8._.js:776
[  281375ms] [LOG] [Fast Refresh] done in 2ms @ http://localhost:3000/_next/static/chunks/node_modules_next_dist_1e8vcs8._.js:776
[  281416ms] [LOG] [Fast Refresh] done in 2ms @ http://localhost:3000/_next/static/chunks/node_modules_next_dist_1e8vcs8._.js:776
[  281461ms] [LOG] [Fast Refresh] done in 2ms @ http://localhost:3000/_next/static/chunks/node_modules_next_dist_1e8vcs8._.js:776
[  281504ms] [LOG] [Fast Refresh] done in 2ms @ http://localhost:3000/_next/static/chunks/node_modules_next_dist_1e8vcs8._.js:776
[  281549ms] [LOG] [Fast Refresh] done in 2ms @ http://localhost:3000/_next/static/chunks/node_modules_next_dist_1e8vcs8._.js:776
[  281596ms] [LOG] [Fast Refresh] done in 2ms @ http://localhost:3000/_next/static/chunks/node_modules_next_dist_1e8vcs8._.js:776
[  281651ms] [LOG] [Fast Refresh] done in 2ms @ http://localhost:3000/_next/static/chunks/node_modules_next_dist_1e8vcs8._.js:776
[  281699ms] [LOG] [Fast Refresh] done in 2ms @ http://localhost:3000/_next/static/chunks/node_modules_next_dist_1e8vcs8._.js:776
[  281743ms] [LOG] [Fast Refresh] done in 2ms @ http://localhost:3000/_next/static/chunks/node_modules_next_dist_1e8vcs8._.js:776
[  281802ms] [LOG] [Fast Refresh] done in 2ms @ http://localhost:3000/_next/static/chunks/node_modules_next_dist_1e8vcs8._.js:776
[  281854ms] [LOG] [Fast Refresh] done in 2ms @ http://localhost:3000/_next/static/chunks/node_modules_next_dist_1e8vcs8._.js:776
[  281910ms] [LOG] [Fast Refresh] done in 2ms @ http://localhost:3000/_next/static/chunks/node_modules_next_dist_1e8vcs8._.js:776
[  281964ms] [LOG] [Fast Refresh] done in 2ms @ http://localhost:3000/_next/static/chunks/node_modules_next_dist_1e8vcs8._.js:776
[  282006ms] [LOG] [Fast Refresh] done in 2ms @ http://localhost:3000/_next/static/chunks/node_modules_next_dist_1e8vcs8._.js:776
[  282055ms] [LOG] [Fast Refresh] done in 2ms @ http://localhost:3000/_next/static/chunks/node_modules_next_dist_1e8vcs8._.js:776
[  282098ms] [LOG] [Fast Refresh] done in 2ms @ http://localhost:3000/_next/static/chunks/node_modules_next_dist_1e8vcs8._.js:776
[  282147ms] [LOG] [Fast Refresh] done in 2ms @ http://localhost:3000/_next/static/chunks/node_modules_next_dist_1e8vcs8._.js:776
[  282202ms] [LOG] [Fast Refresh] done in 2ms @ http://localhost:3000/_next/static/chunks/node_modules_next_dist_1e8vcs8._.js:776
[  282251ms] [LOG] [Fast Refresh] done in 2ms @ http://localhost:3000/_next/static/chunks/node_modules_next_dist_1e8vcs8._.js:776
[  282298ms] [LOG] [Fast Refresh] done in 2ms @ http://localhost:3000/_next/static/chunks/node_modules_next_dist_1e8vcs8._.js:776
[  282346ms] [LOG] [Fast Refresh] done in 2ms @ http://localhost:3000/_next/static/chunks/node_modules_next_dist_1e8vcs8._.js:776
[  282403ms] [LOG] [Fast Refresh] done in 2ms @ http://localhost:3000/_next/static/chunks/node_modules_next_dist_1e8vcs8._.js:776
[  282457ms] [LOG] [Fast Refresh] done in 2ms @ http://localhost:3000/_next/static/chunks/node_modules_next_dist_1e8vcs8._.js:776
[  282499ms] [LOG] [Fast Refresh] done in 2ms @ http://localhost:3000/_next/static/chunks/node_modules_next_dist_1e8vcs8._.js:776
[  282548ms] [LOG] [Fast Refresh] done in 2ms @ http://localhost:3000/_next/static/chunks/node_modules_next_dist_1e8vcs8._.js:776
[  282593ms] [LOG] [Fast Refresh] done in 2ms @ http://localhost:3000/_next/static/chunks/node_modules_next_dist_1e8vcs8._.js:776
[  282657ms] [LOG] [Fast Refresh] done in 2ms @ http://localhost:3000/_next/static/chunks/node_modules_next_dist_1e8vcs8._.js:776
[  282701ms] [LOG] [Fast Refresh] done in 2ms @ http://localhost:3000/_next/static/chunks/node_modules_next_dist_1e8vcs8._.js:776
[  282753ms] [LOG] [Fast Refresh] done in 2ms @ http://localhost:3000/_next/static/chunks/node_modules_next_dist_1e8vcs8._.js:776
[  282798ms] [LOG] [Fast Refresh] done in 2ms @ http://localhost:3000/_next/static/chunks/node_modules_next_dist_1e8vcs8._.js:776
[  282850ms] [LOG] [Fast Refresh] done in 2ms @ http://localhost:3000/_next/static/chunks/node_modules_next_dist_1e8vcs8._.js:776
[  282889ms] [LOG] [Fast Refresh] done in 2ms @ http://localhost:3000/_next/static/chunks/node_modules_next_dist_1e8vcs8._.js:776
[  282937ms] [LOG] [Fast Refresh] done in 2ms @ http://localhost:3000/_next/static/chunks/node_modules_next_dist_1e8vcs8._.js:776
[  282979ms] [LOG] [Fast Refresh] done in 2ms @ http://localhost:3000/_next/static/chunks/node_modules_next_dist_1e8vcs8._.js:776
[  283033ms] [LOG] [Fast Refresh] done in 2ms @ http://localhost:3000/_next/static/chunks/node_modules_next_dist_1e8vcs8._.js:776
[  283083ms] [LOG] [Fast Refresh] done in 2ms @ http://localhost:3000/_next/static/chunks/node_modules_next_dist_1e8vcs8._.js:776
[  283137ms] [LOG] [Fast Refresh] done in 2ms @ http://localhost:3000/_next/static/chunks/node_modules_next_dist_1e8vcs8._.js:776
[  283181ms] [LOG] [Fast Refresh] done in 2ms @ http://localhost:3000/_next/static/chunks/node_modules_next_dist_1e8vcs8._.js:776
[  283233ms] [LOG] [Fast Refresh] done in 2ms @ http://localhost:3000/_next/static/chunks/node_modules_next_dist_1e8vcs8._.js:776
[  283283ms] [LOG] [Fast Refresh] done in 2ms @ http://localhost:3000/_next/static/chunks/node_modules_next_dist_1e8vcs8._.js:776
[  283343ms] [LOG] [Fast Refresh] done in 2ms @ http://localhost:3000/_next/static/chunks/node_modules_next_dist_1e8vcs8._.js:776
[  283390ms] [LOG] [Fast Refresh] done in 2ms @ http://localhost:3000/_next/static/chunks/node_modules_next_dist_1e8vcs8._.js:776
[  283444ms] [LOG] [Fast Refresh] done in 2ms @ http://localhost:3000/_next/static/chunks/node_modules_next_dist_1e8vcs8._.js:776
[  283492ms] [LOG] [Fast Refresh] done in 2ms @ http://localhost:3000/_next/static/chunks/node_modules_next_dist_1e8vcs8._.js:776
[  283558ms] [LOG] [Fast Refresh] done in 2ms @ http://localhost:3000/_next/static/chunks/node_modules_next_dist_1e8vcs8._.js:776
[  283610ms] [LOG] [Fast Refresh] done in 2ms @ http://localhost:3000/_next/static/chunks/node_modules_next_dist_1e8vcs8._.js:776
[  283659ms] [LOG] [Fast Refresh] done in 2ms @ http://localhost:3000/_next/static/chunks/node_modules_next_dist_1e8vcs8._.js:776
[  283711ms] [LOG] [Fast Refresh] done in 2ms @ http://localhost:3000/_next/static/chunks/node_modules_next_dist_1e8vcs8._.js:776
[  283768ms] [LOG] [Fast Refresh] done in 2ms @ http://localhost:3000/_next/static/chunks/node_modules_next_dist_1e8vcs8._.js:776
[  283812ms] [LOG] [Fast Refresh] done in 2ms @ http://localhost:3000/_next/static/chunks/node_modules_next_dist_1e8vcs8._.js:776
[  283862ms] [LOG] [Fast Refresh] done in 2ms @ http://localhost:3000/_next/static/chunks/node_modules_next_dist_1e8vcs8._.js:776
[  283911ms] [LOG] [Fast Refresh] done in 2ms @ http://localhost:3000/_next/static/chunks/node_modules_next_dist_1e8vcs8._.js:776
[  283951ms] [LOG] [Fast Refresh] done in 2ms @ http://localhost:3000/_next/static/chunks/node_modules_next_dist_1e8vcs8._.js:776
[  283999ms] [LOG] [Fast Refresh] done in 2ms @ http://localhost:3000/_next/static/chunks/node_modules_next_dist_1e8vcs8._.js:776
[  284041ms] [LOG] [Fast Refresh] done in 2ms @ http://localhost:3000/_next/static/chunks/node_modules_next_dist_1e8vcs8._.js:776
[  284091ms] [LOG] [Fast Refresh] done in 2ms @ http://localhost:3000/_next/static/chunks/node_modules_next_dist_1e8vcs8._.js:776
[  284138ms] [LOG] [Fast Refresh] done in 2ms @ http://localhost:3000/_next/static/chunks/node_modules_next_dist_1e8vcs8._.js:776
[  284193ms] [LOG] [Fast Refresh] done in 2ms @ http://localhost:3000/_next/static/chunks/node_modules_next_dist_1e8vcs8._.js:776
[  284248ms] [LOG] [Fast Refresh] done in 2ms @ http://localhost:3000/_next/static/chunks/node_modules_next_dist_1e8vcs8._.js:776
[  284302ms] [LOG] [Fast Refresh] done in 2ms @ http://localhost:3000/_next/static/chunks/node_modules_next_dist_1e8vcs8._.js:776
[  284360ms] [LOG] [Fast Refresh] done in 2ms @ http://localhost:3000/_next/static/chunks/node_modules_next_dist_1e8vcs8._.js:776
[  284417ms] [LOG] [Fast Refresh] done in 2ms @ http://localhost:3000/_next/static/chunks/node_modules_next_dist_1e8vcs8._.js:776
[  284477ms] [LOG] [Fast Refresh] done in 2ms @ http://localhost:3000/_next/static/chunks/node_modules_next_dist_1e8vcs8._.js:776
[  284527ms] [LOG] [Fast Refresh] done in 2ms @ http://localhost:3000/_next/static/chunks/node_modules_next_dist_1e8vcs8._.js:776
[  284576ms] [LOG] [Fast Refresh] done in 2ms @ http://localhost:3000/_next/static/chunks/node_modules_next_dist_1e8vcs8._.js:776
[  284627ms] [LOG] [Fast Refresh] done in 2ms @ http://localhost:3000/_next/static/chunks/node_modules_next_dist_1e8vcs8._.js:776
[  284679ms] [LOG] [Fast Refresh] done in 2ms @ http://localhost:3000/_next/static/chunks/node_modules_next_dist_1e8vcs8._.js:776
[  284736ms] [LOG] [Fast Refresh] done in 2ms @ http://localhost:3000/_next/static/chunks/node_modules_next_dist_1e8vcs8._.js:776
[  284793ms] [LOG] [Fast Refresh] done in 2ms @ http://localhost:3000/_next/static/chunks/node_modules_next_dist_1e8vcs8._.js:776
[  284846ms] [LOG] [Fast Refresh] done in 2ms @ http://localhost:3000/_next/static/chunks/node_modules_next_dist_1e8vcs8._.js:776
[  284909ms] [LOG] [Fast Refresh] done in 2ms @ http://localhost:3000/_next/static/chunks/node_modules_next_dist_1e8vcs8._.js:776
[  284958ms] [LOG] [Fast Refresh] done in 2ms @ http://localhost:3000/_next/static/chunks/node_modules_next_dist_1e8vcs8._.js:776
[  285005ms] [LOG] [Fast Refresh] done in 2ms @ http://localhost:3000/_next/static/chunks/node_modules_next_dist_1e8vcs8._.js:776
[  285055ms] [LOG] [Fast Refresh] done in 2ms @ http://localhost:3000/_next/static/chunks/node_modules_next_dist_1e8vcs8._.js:776
[  285096ms] [LOG] [Fast Refresh] done in 2ms @ http://localhost:3000/_next/static/chunks/node_modules_next_dist_1e8vcs8._.js:776
[  285152ms] [LOG] [Fast Refresh] done in 2ms @ http://localhost:3000/_next/static/chunks/node_modules_next_dist_1e8vcs8._.js:776
[  285195ms] [LOG] [Fast Refresh] done in 2ms @ http://localhost:3000/_next/static/chunks/node_modules_next_dist_1e8vcs8._.js:776
[  285237ms] [LOG] [Fast Refresh] done in 2ms @ http://localhost:3000/_next/static/chunks/node_modules_next_dist_1e8vcs8._.js:776
[  285277ms] [LOG] [Fast Refresh] done in 2ms @ http://localhost:3000/_next/static/chunks/node_modules_next_dist_1e8vcs8._.js:776
[  285334ms] [LOG] [Fast Refresh] done in 2ms @ http://localhost:3000/_next/static/chunks/node_modules_next_dist_1e8vcs8._.js:776
[  285379ms] [LOG] [Fast Refresh] done in 2ms @ http://localhost:3000/_next/static/chunks/node_modules_next_dist_1e8vcs8._.js:776
[  285427ms] [LOG] [Fast Refresh] done in 2ms @ http://localhost:3000/_next/static/chunks/node_modules_next_dist_1e8vcs8._.js:776
[  285485ms] [LOG] [Fast Refresh] done in 2ms @ http://localhost:3000/_next/static/chunks/node_modules_next_dist_1e8vcs8._.js:776
[  285527ms] [LOG] [Fast Refresh] done in 2ms @ http://localhost:3000/_next/static/chunks/node_modules_next_dist_1e8vcs8._.js:776
[  285579ms] [LOG] [Fast Refresh] done in 2ms @ http://localhost:3000/_next/static/chunks/node_modules_next_dist_1e8vcs8._.js:776
[  285618ms] [LOG] [Fast Refresh] done in 2ms @ http://localhost:3000/_next/static/chunks/node_modules_next_dist_1e8vcs8._.js:776
[  285666ms] [LOG] [Fast Refresh] done in 2ms @ http://localhost:3000/_next/static/chunks/node_modules_next_dist_1e8vcs8._.js:776
[  285717ms] [LOG] [Fast Refresh] done in 2ms @ http://localhost:3000/_next/static/chunks/node_modules_next_dist_1e8vcs8._.js:776
[  285763ms] [LOG] [Fast Refresh] done in 2ms @ http://localhost:3000/_next/static/chunks/node_modules_next_dist_1e8vcs8._.js:776
[  285808ms] [LOG] [Fast Refresh] done in 2ms @ http://localhost:3000/_next/static/chunks/node_modules_next_dist_1e8vcs8._.js:776
[  285849ms] [LOG] [Fast Refresh] done in 2ms @ http://localhost:3000/_next/static/chunks/node_modules_next_dist_1e8vcs8._.js:776
[  285890ms] [LOG] [Fast Refresh] done in 2ms @ http://localhost:3000/_next/static/chunks/node_modules_next_dist_1e8vcs8._.js:776
[  285939ms] [LOG] [Fast Refresh] done in 2ms @ http://localhost:3000/_next/static/chunks/node_modules_next_dist_1e8vcs8._.js:776
[  285979ms] [LOG] [Fast Refresh] done in 2ms @ http://localhost:3000/_next/static/chunks/node_modules_next_dist_1e8vcs8._.js:776
[  286031ms] [LOG] [Fast Refresh] done in 2ms @ http://localhost:3000/_next/static/chunks/node_modules_next_dist_1e8vcs8._.js:776
[  286086ms] [LOG] [Fast Refresh] done in 2ms @ http://localhost:3000/_next/static/chunks/node_modules_next_dist_1e8vcs8._.js:776
[  286134ms] [LOG] [Fast Refresh] done in 2ms @ http://localhost:3000/_next/static/chunks/node_modules_next_dist_1e8vcs8._.js:776
[  286173ms] [LOG] [Fast Refresh] done in 2ms @ http://localhost:3000/_next/static/chunks/node_modules_next_dist_1e8vcs8._.js:776
[  286216ms] [LOG] [Fast Refresh] done in 2ms @ http://localhost:3000/_next/static/chunks/node_modules_next_dist_1e8vcs8._.js:776
[  286265ms] [LOG] [Fast Refresh] done in 2ms @ http://localhost:3000/_next/static/chunks/node_modules_next_dist_1e8vcs8._.js:776
[  286314ms] [LOG] [Fast Refresh] done in 2ms @ http://localhost:3000/_next/static/chunks/node_modules_next_dist_1e8vcs8._.js:776
[  286362ms] [LOG] [Fast Refresh] done in 2ms @ http://localhost:3000/_next/static/chunks/node_modules_next_dist_1e8vcs8._.js:776
[  286418ms] [LOG] [Fast Refresh] done in 2ms @ http://localhost:3000/_next/static/chunks/node_modules_next_dist_1e8vcs8._.js:776
[  286464ms] [LOG] [Fast Refresh] done in 2ms @ http://localhost:3000/_next/static/chunks/node_modules_next_dist_1e8vcs8._.js:776
[  286514ms] [LOG] [Fast Refresh] done in 2ms @ http://localhost:3000/_next/static/chunks/node_modules_next_dist_1e8vcs8._.js:776
[  286563ms] [LOG] [Fast Refresh] done in 2ms @ http://localhost:3000/_next/static/chunks/node_modules_next_dist_1e8vcs8._.js:776
[  286615ms] [LOG] [Fast Refresh] done in 2ms @ http://localhost:3000/_next/static/chunks/node_modules_next_dist_1e8vcs8._.js:776
[  286661ms] [LOG] [Fast Refresh] done in 2ms @ http://localhost:3000/_next/static/chunks/node_modules_next_dist_1e8vcs8._.js:776
[  286709ms] [LOG] [Fast Refresh] done in 2ms @ http://localhost:3000/_next/static/chunks/node_modules_next_dist_1e8vcs8._.js:776
[  286764ms] [LOG] [Fast Refresh] done in 2ms @ http://localhost:3000/_next/static/chunks/node_modules_next_dist_1e8vcs8._.js:776
[  286813ms] [LOG] [Fast Refresh] done in 2ms @ http://localhost:3000/_next/static/chunks/node_modules_next_dist_1e8vcs8._.js:776
[  286854ms] [LOG] [Fast Refresh] done in 2ms @ http://localhost:3000/_next/static/chunks/node_modules_next_dist_1e8vcs8._.js:776
[  286896ms] [LOG] [Fast Refresh] done in 2ms @ http://localhost:3000/_next/static/chunks/node_modules_next_dist_1e8vcs8._.js:776
[  286938ms] [LOG] [Fast Refresh] done in 2ms @ http://localhost:3000/_next/static/chunks/node_modules_next_dist_1e8vcs8._.js:776
[  286980ms] [LOG] [Fast Refresh] done in 2ms @ http://localhost:3000/_next/static/chunks/node_modules_next_dist_1e8vcs8._.js:776
[  287021ms] [LOG] [Fast Refresh] done in 2ms @ http://localhost:3000/_next/static/chunks/node_modules_next_dist_1e8vcs8._.js:776
[  287063ms] [LOG] [Fast Refresh] done in 2ms @ http://localhost:3000/_next/static/chunks/node_modules_next_dist_1e8vcs8._.js:776
[  287104ms] [LOG] [Fast Refresh] done in 2ms @ http://localhost:3000/_next/static/chunks/node_modules_next_dist_1e8vcs8._.js:776
[  287146ms] [LOG] [Fast Refresh] done in 2ms @ http://localhost:3000/_next/static/chunks/node_modules_next_dist_1e8vcs8._.js:776
[  287188ms] [LOG] [Fast Refresh] done in 2ms @ http://localhost:3000/_next/static/chunks/node_modules_next_dist_1e8vcs8._.js:776
[  287231ms] [LOG] [Fast Refresh] done in 2ms @ http://localhost:3000/_next/static/chunks/node_modules_next_dist_1e8vcs8._.js:776
[  287280ms] [LOG] [Fast Refresh] done in 2ms @ http://localhost:3000/_next/static/chunks/node_modules_next_dist_1e8vcs8._.js:776
[  287329ms] [LOG] [Fast Refresh] done in 2ms @ http://localhost:3000/_next/static/chunks/node_modules_next_dist_1e8vcs8._.js:776
[  287375ms] [LOG] [Fast Refresh] done in 2ms @ http://localhost:3000/_next/static/chunks/node_modules_next_dist_1e8vcs8._.js:776
[  287425ms] [LOG] [Fast Refresh] done in 2ms @ http://localhost:3000/_next/static/chunks/node_modules_next_dist_1e8vcs8._.js:776
[  287472ms] [LOG] [Fast Refresh] done in 2ms @ http://localhost:3000/_next/static/chunks/node_modules_next_dist_1e8vcs8._.js:776
[  287515ms] [LOG] [Fast Refresh] done in 2ms @ http://localhost:3000/_next/static/chunks/node_modules_next_dist_1e8vcs8._.js:776
[  287564ms] [LOG] [Fast Refresh] done in 2ms @ http://localhost:3000/_next/static/chunks/node_modules_next_dist_1e8vcs8._.js:776
[  287619ms] [LOG] [Fast Refresh] done in 2ms @ http://localhost:3000/_next/static/chunks/node_modules_next_dist_1e8vcs8._.js:776
[  287667ms] [LOG] [Fast Refresh] done in 2ms @ http://localhost:3000/_next/static/chunks/node_modules_next_dist_1e8vcs8._.js:776
[  287726ms] [LOG] [Fast Refresh] done in 2ms @ http://localhost:3000/_next/static/chunks/node_modules_next_dist_1e8vcs8._.js:776
[  287781ms] [LOG] [Fast Refresh] done in 2ms @ http://localhost:3000/_next/static/chunks/node_modules_next_dist_1e8vcs8._.js:776
[  287829ms] [LOG] [Fast Refresh] done in 2ms @ http://localhost:3000/_next/static/chunks/node_modules_next_dist_1e8vcs8._.js:776
[  287870ms] [LOG] [Fast Refresh] done in 2ms @ http://localhost:3000/_next/static/chunks/node_modules_next_dist_1e8vcs8._.js:776
[  287920ms] [LOG] [Fast Refresh] done in 2ms @ http://localhost:3000/_next/static/chunks/node_modules_next_dist_1e8vcs8._.js:776
[  287967ms] [LOG] [Fast Refresh] done in 2ms @ http://localhost:3000/_next/static/chunks/node_modules_next_dist_1e8vcs8._.js:776
[  288006ms] [LOG] [Fast Refresh] done in 2ms @ http://localhost:3000/_next/static/chunks/node_modules_next_dist_1e8vcs8._.js:776
[  288048ms] [LOG] [Fast Refresh] done in 2ms @ http://localhost:3000/_next/static/chunks/node_modules_next_dist_1e8vcs8._.js:776
[  288098ms] [LOG] [Fast Refresh] done in 2ms @ http://localhost:3000/_next/static/chunks/node_modules_next_dist_1e8vcs8._.js:776
[  288139ms] [LOG] [Fast Refresh] done in 2ms @ http://localhost:3000/_next/static/chunks/node_modules_next_dist_1e8vcs8._.js:776
[  288188ms] [LOG] [Fast Refresh] done in 2ms @ http://localhost:3000/_next/static/chunks/node_modules_next_dist_1e8vcs8._.js:776
[  288232ms] [LOG] [Fast Refresh] done in 2ms @ http://localhost:3000/_next/static/chunks/node_modules_next_dist_1e8vcs8._.js:776
[  288276ms] [LOG] [Fast Refresh] done in 2ms @ http://localhost:3000/_next/static/chunks/node_modules_next_dist_1e8vcs8._.js:776
[  288326ms] [LOG] [Fast Refresh] done in 2ms @ http://localhost:3000/_next/static/chunks/node_modules_next_dist_1e8vcs8._.js:776
[  288367ms] [LOG] [Fast Refresh] done in 2ms @ http://localhost:3000/_next/static/chunks/node_modules_next_dist_1e8vcs8._.js:776
[  288411ms] [LOG] [Fast Refresh] done in 2ms @ http://localhost:3000/_next/static/chunks/node_modules_next_dist_1e8vcs8._.js:776
[  288466ms] [LOG] [Fast Refresh] done in 2ms @ http://localhost:3000/_next/static/chunks/node_modules_next_dist_1e8vcs8._.js:776
[  288531ms] [LOG] [Fast Refresh] done in 2ms @ http://localhost:3000/_next/static/chunks/node_modules_next_dist_1e8vcs8._.js:776
[  288579ms] [LOG] [Fast Refresh] done in 2ms @ http://localhost:3000/_next/static/chunks/node_modules_next_dist_1e8vcs8._.js:776
[  288628ms] [LOG] [Fast Refresh] done in 2ms @ http://localhost:3000/_next/static/chunks/node_modules_next_dist_1e8vcs8._.js:776
[  288668ms] [LOG] [Fast Refresh] done in 2ms @ http://localhost:3000/_next/static/chunks/node_modules_next_dist_1e8vcs8._.js:776
[  288716ms] [LOG] [Fast Refresh] done in 2ms @ http://localhost:3000/_next/static/chunks/node_modules_next_dist_1e8vcs8._.js:776
[  288764ms] [LOG] [Fast Refresh] done in 2ms @ http://localhost:3000/_next/static/chunks/node_modules_next_dist_1e8vcs8._.js:776
[  288812ms] [LOG] [Fast Refresh] done in 2ms @ http://localhost:3000/_next/static/chunks/node_modules_next_dist_1e8vcs8._.js:776
[  288857ms] [LOG] [Fast Refresh] done in 2ms @ http://localhost:3000/_next/static/chunks/node_modules_next_dist_1e8vcs8._.js:776
[  288911ms] [LOG] [Fast Refresh] done in 2ms @ http://localhost:3000/_next/static/chunks/node_modules_next_dist_1e8vcs8._.js:776
[  288966ms] [LOG] [Fast Refresh] done in 2ms @ http://localhost:3000/_next/static/chunks/node_modules_next_dist_1e8vcs8._.js:776
[  289029ms] [LOG] [Fast Refresh] done in 2ms @ http://localhost:3000/_next/static/chunks/node_modules_next_dist_1e8vcs8._.js:776
[  289082ms] [LOG] [Fast Refresh] done in 2ms @ http://localhost:3000/_next/static/chunks/node_modules_next_dist_1e8vcs8._.js:776
[  289128ms] [LOG] [Fast Refresh] done in 2ms @ http://localhost:3000/_next/static/chunks/node_modules_next_dist_1e8vcs8._.js:776
[  289167ms] [LOG] [Fast Refresh] done in 2ms @ http://localhost:3000/_next/static/chunks/node_modules_next_dist_1e8vcs8._.js:776
[  289208ms] [LOG] [Fast Refresh] done in 2ms @ http://localhost:3000/_next/static/chunks/node_modules_next_dist_1e8vcs8._.js:776
[  289265ms] [LOG] [Fast Refresh] done in 2ms @ http://localhost:3000/_next/static/chunks/node_modules_next_dist_1e8vcs8._.js:776
[  289328ms] [LOG] [Fast Refresh] done in 2ms @ http://localhost:3000/_next/static/chunks/node_modules_next_dist_1e8vcs8._.js:776
[  289368ms] [LOG] [Fast Refresh] done in 2ms @ http://localhost:3000/_next/static/chunks/node_modules_next_dist_1e8vcs8._.js:776
[  289413ms] [LOG] [Fast Refresh] done in 2ms @ http://localhost:3000/_next/static/chunks/node_modules_next_dist_1e8vcs8._.js:776
[  289454ms] [LOG] [Fast Refresh] done in 2ms @ http://localhost:3000/_next/static/chunks/node_modules_next_dist_1e8vcs8._.js:776
[  289494ms] [LOG] [Fast Refresh] done in 2ms @ http://localhost:3000/_next/static/chunks/node_modules_next_dist_1e8vcs8._.js:776
[  289535ms] [LOG] [Fast Refresh] done in 2ms @ http://localhost:3000/_next/static/chunks/node_modules_next_dist_1e8vcs8._.js:776
[  289577ms] [LOG] [Fast Refresh] done in 2ms @ http://localhost:3000/_next/static/chunks/node_modules_next_dist_1e8vcs8._.js:776
[  289618ms] [LOG] [Fast Refresh] done in 2ms @ http://localhost:3000/_next/static/chunks/node_modules_next_dist_1e8vcs8._.js:776
[  289660ms] [LOG] [Fast Refresh] done in 2ms @ http://localhost:3000/_next/static/chunks/node_modules_next_dist_1e8vcs8._.js:776
[  289701ms] [LOG] [Fast Refresh] done in 2ms @ http://localhost:3000/_next/static/chunks/node_modules_next_dist_1e8vcs8._.js:776
[  289743ms] [LOG] [Fast Refresh] done in 2ms @ http://localhost:3000/_next/static/chunks/node_modules_next_dist_1e8vcs8._.js:776
[  289786ms] [LOG] [Fast Refresh] done in 2ms @ http://localhost:3000/_next/static/chunks/node_modules_next_dist_1e8vcs8._.js:776
[  289833ms] [LOG] [Fast Refresh] done in 2ms @ http://localhost:3000/_next/static/chunks/node_modules_next_dist_1e8vcs8._.js:776
[  289878ms] [LOG] [Fast Refresh] done in 2ms @ http://localhost:3000/_next/static/chunks/node_modules_next_dist_1e8vcs8._.js:776
[  289928ms] [LOG] [Fast Refresh] done in 2ms @ http://localhost:3000/_next/static/chunks/node_modules_next_dist_1e8vcs8._.js:776
[  289983ms] [LOG] [Fast Refresh] done in 2ms @ http://localhost:3000/_next/static/chunks/node_modules_next_dist_1e8vcs8._.js:776
[  290031ms] [LOG] [Fast Refresh] done in 2ms @ http://localhost:3000/_next/static/chunks/node_modules_next_dist_1e8vcs8._.js:776
[  290079ms] [LOG] [Fast Refresh] done in 2ms @ http://localhost:3000/_next/static/chunks/node_modules_next_dist_1e8vcs8._.js:776
[  290128ms] [LOG] [Fast Refresh] done in 2ms @ http://localhost:3000/_next/static/chunks/node_modules_next_dist_1e8vcs8._.js:776
[  290176ms] [LOG] [Fast Refresh] done in 2ms @ http://localhost:3000/_next/static/chunks/node_modules_next_dist_1e8vcs8._.js:776
[  290230ms] [LOG] [Fast Refresh] done in 2ms @ http://localhost:3000/_next/static/chunks/node_modules_next_dist_1e8vcs8._.js:776
[  290272ms] [LOG] [Fast Refresh] done in 2ms @ http://localhost:3000/_next/static/chunks/node_modules_next_dist_1e8vcs8._.js:776
[  290324ms] [LOG] [Fast Refresh] done in 2ms @ http://localhost:3000/_next/static/chunks/node_modules_next_dist_1e8vcs8._.js:776
[  290380ms] [LOG] [Fast Refresh] done in 2ms @ http://localhost:3000/_next/static/chunks/node_modules_next_dist_1e8vcs8._.js:776
[  290430ms] [LOG] [Fast Refresh] done in 2ms @ http://localhost:3000/_next/static/chunks/node_modules_next_dist_1e8vcs8._.js:776
[  290472ms] [LOG] [Fast Refresh] done in 2ms @ http://localhost:3000/_next/static/chunks/node_modules_next_dist_1e8vcs8._.js:776
[  290518ms] [LOG] [Fast Refresh] done in 2ms @ http://localhost:3000/_next/static/chunks/node_modules_next_dist_1e8vcs8._.js:776
[  290579ms] [LOG] [Fast Refresh] done in 2ms @ http://localhost:3000/_next/static/chunks/node_modules_next_dist_1e8vcs8._.js:776
[  290628ms] [LOG] [Fast Refresh] done in 2ms @ http://localhost:3000/_next/static/chunks/node_modules_next_dist_1e8vcs8._.js:776
[  290677ms] [LOG] [Fast Refresh] done in 2ms @ http://localhost:3000/_next/static/chunks/node_modules_next_dist_1e8vcs8._.js:776
[  290725ms] [LOG] [Fast Refresh] done in 2ms @ http://localhost:3000/_next/static/chunks/node_modules_next_dist_1e8vcs8._.js:776
[  290785ms] [LOG] [Fast Refresh] done in 2ms @ http://localhost:3000/_next/static/chunks/node_modules_next_dist_1e8vcs8._.js:776
[  290830ms] [LOG] [Fast Refresh] done in 2ms @ http://localhost:3000/_next/static/chunks/node_modules_next_dist_1e8vcs8._.js:776
[  290878ms] [LOG] [Fast Refresh] done in 2ms @ http://localhost:3000/_next/static/chunks/node_modules_next_dist_1e8vcs8._.js:776
[  290923ms] [LOG] [Fast Refresh] done in 2ms @ http://localhost:3000/_next/static/chunks/node_modules_next_dist_1e8vcs8._.js:776
[  290966ms] [LOG] [Fast Refresh] done in 2ms @ http://localhost:3000/_next/static/chunks/node_modules_next_dist_1e8vcs8._.js:776
[  291008ms] [LOG] [Fast Refresh] done in 2ms @ http://localhost:3000/_next/static/chunks/node_modules_next_dist_1e8vcs8._.js:776
[  291049ms] [LOG] [Fast Refresh] done in 2ms @ http://localhost:3000/_next/static/chunks/node_modules_next_dist_1e8vcs8._.js:776
[  291097ms] [LOG] [Fast Refresh] done in 2ms @ http://localhost:3000/_next/static/chunks/node_modules_next_dist_1e8vcs8._.js:776
[  291146ms] [LOG] [Fast Refresh] done in 2ms @ http://localhost:3000/_next/static/chunks/node_modules_next_dist_1e8vcs8._.js:776
[  291186ms] [LOG] [Fast Refresh] done in 2ms @ http://localhost:3000/_next/static/chunks/node_modules_next_dist_1e8vcs8._.js:776
[  291230ms] [LOG] [Fast Refresh] done in 2ms @ http://localhost:3000/_next/static/chunks/node_modules_next_dist_1e8vcs8._.js:776
[  291278ms] [LOG] [Fast Refresh] done in 2ms @ http://localhost:3000/_next/static/chunks/node_modules_next_dist_1e8vcs8._.js:776
[  291321ms] [LOG] [Fast Refresh] done in 2ms @ http://localhost:3000/_next/static/chunks/node_modules_next_dist_1e8vcs8._.js:776
[  291366ms] [LOG] [Fast Refresh] done in 2ms @ http://localhost:3000/_next/static/chunks/node_modules_next_dist_1e8vcs8._.js:776
[  291425ms] [LOG] [Fast Refresh] done in 2ms @ http://localhost:3000/_next/static/chunks/node_modules_next_dist_1e8vcs8._.js:776
[  291476ms] [LOG] [Fast Refresh] done in 2ms @ http://localhost:3000/_next/static/chunks/node_modules_next_dist_1e8vcs8._.js:776
[  291532ms] [LOG] [Fast Refresh] done in 2ms @ http://localhost:3000/_next/static/chunks/node_modules_next_dist_1e8vcs8._.js:776
[  291580ms] [LOG] [Fast Refresh] done in 2ms @ http://localhost:3000/_next/static/chunks/node_modules_next_dist_1e8vcs8._.js:776
[  291628ms] [LOG] [Fast Refresh] done in 2ms @ http://localhost:3000/_next/static/chunks/node_modules_next_dist_1e8vcs8._.js:776
[  291673ms] [LOG] [Fast Refresh] done in 2ms @ http://localhost:3000/_next/static/chunks/node_modules_next_dist_1e8vcs8._.js:776
[  291725ms] [LOG] [Fast Refresh] done in 2ms @ http://localhost:3000/_next/static/chunks/node_modules_next_dist_1e8vcs8._.js:776
[  291780ms] [LOG] [Fast Refresh] done in 2ms @ http://localhost:3000/_next/static/chunks/node_modules_next_dist_1e8vcs8._.js:776
[  291821ms] [LOG] [Fast Refresh] done in 2ms @ http://localhost:3000/_next/static/chunks/node_modules_next_dist_1e8vcs8._.js:776
[  291862ms] [LOG] [Fast Refresh] done in 2ms @ http://localhost:3000/_next/static/chunks/node_modules_next_dist_1e8vcs8._.js:776
[  291900ms] [LOG] [Fast Refresh] done in 2ms @ http://localhost:3000/_next/static/chunks/node_modules_next_dist_1e8vcs8._.js:776
[  291953ms] [LOG] [Fast Refresh] done in 2ms @ http://localhost:3000/_next/static/chunks/node_modules_next_dist_1e8vcs8._.js:776
[  292014ms] [LOG] [Fast Refresh] done in 2ms @ http://localhost:3000/_next/static/chunks/node_modules_next_dist_1e8vcs8._.js:776
[  292063ms] [LOG] [Fast Refresh] done in 2ms @ http://localhost:3000/_next/static/chunks/node_modules_next_dist_1e8vcs8._.js:776
[  292112ms] [LOG] [Fast Refresh] done in 2ms @ http://localhost:3000/_next/static/chunks/node_modules_next_dist_1e8vcs8._.js:776
[  292177ms] [LOG] [Fast Refresh] done in 2ms @ http://localhost:3000/_next/static/chunks/node_modules_next_dist_1e8vcs8._.js:776
[  292227ms] [LOG] [Fast Refresh] done in 2ms @ http://localhost:3000/_next/static/chunks/node_modules_next_dist_1e8vcs8._.js:776
[  292281ms] [LOG] [Fast Refresh] done in 2ms @ http://localhost:3000/_next/static/chunks/node_modules_next_dist_1e8vcs8._.js:776
[  292321ms] [LOG] [Fast Refresh] done in 2ms @ http://localhost:3000/_next/static/chunks/node_modules_next_dist_1e8vcs8._.js:776
[  292361ms] [LOG] [Fast Refresh] done in 2ms @ http://localhost:3000/_next/static/chunks/node_modules_next_dist_1e8vcs8._.js:776
[  292411ms] [LOG] [Fast Refresh] done in 2ms @ http://localhost:3000/_next/static/chunks/node_modules_next_dist_1e8vcs8._.js:776
[  292469ms] [LOG] [Fast Refresh] done in 2ms @ http://localhost:3000/_next/static/chunks/node_modules_next_dist_1e8vcs8._.js:776
[  292530ms] [LOG] [Fast Refresh] done in 2ms @ http://localhost:3000/_next/static/chunks/node_modules_next_dist_1e8vcs8._.js:776
[  292579ms] [LOG] [Fast Refresh] done in 2ms @ http://localhost:3000/_next/static/chunks/node_modules_next_dist_1e8vcs8._.js:776
[  292628ms] [LOG] [Fast Refresh] done in 2ms @ http://localhost:3000/_next/static/chunks/node_modules_next_dist_1e8vcs8._.js:776
[  292677ms] [LOG] [Fast Refresh] done in 2ms @ http://localhost:3000/_next/static/chunks/node_modules_next_dist_1e8vcs8._.js:776
[  292726ms] [LOG] [Fast Refresh] done in 2ms @ http://localhost:3000/_next/static/chunks/node_modules_next_dist_1e8vcs8._.js:776
[  292781ms] [LOG] [Fast Refresh] done in 2ms @ http://localhost:3000/_next/static/chunks/node_modules_next_dist_1e8vcs8._.js:776
[  292840ms] [LOG] [Fast Refresh] done in 2ms @ http://localhost:3000/_next/static/chunks/node_modules_next_dist_1e8vcs8._.js:776
[  292883ms] [LOG] [Fast Refresh] done in 2ms @ http://localhost:3000/_next/static/chunks/node_modules_next_dist_1e8vcs8._.js:776
[  292923ms] [LOG] [Fast Refresh] done in 2ms @ http://localhost:3000/_next/static/chunks/node_modules_next_dist_1e8vcs8._.js:776
[  292966ms] [LOG] [Fast Refresh] done in 2ms @ http://localhost:3000/_next/static/chunks/node_modules_next_dist_1e8vcs8._.js:776
[  293008ms] [LOG] [Fast Refresh] done in 2ms @ http://localhost:3000/_next/static/chunks/node_modules_next_dist_1e8vcs8._.js:776
[  293049ms] [LOG] [Fast Refresh] done in 2ms @ http://localhost:3000/_next/static/chunks/node_modules_next_dist_1e8vcs8._.js:776
[  293090ms] [LOG] [Fast Refresh] done in 2ms @ http://localhost:3000/_next/static/chunks/node_modules_next_dist_1e8vcs8._.js:776
[  293133ms] [LOG] [Fast Refresh] done in 2ms @ http://localhost:3000/_next/static/chunks/node_modules_next_dist_1e8vcs8._.js:776
[  293174ms] [LOG] [Fast Refresh] done in 2ms @ http://localhost:3000/_next/static/chunks/node_modules_next_dist_1e8vcs8._.js:776
[  293216ms] [LOG] [Fast Refresh] done in 2ms @ http://localhost:3000/_next/static/chunks/node_modules_next_dist_1e8vcs8._.js:776
[  293256ms] [LOG] [Fast Refresh] done in 2ms @ http://localhost:3000/_next/static/chunks/node_modules_next_dist_1e8vcs8._.js:776
[  293300ms] [LOG] [Fast Refresh] done in 2ms @ http://localhost:3000/_next/static/chunks/node_modules_next_dist_1e8vcs8._.js:776
[  293341ms] [LOG] [Fast Refresh] done in 2ms @ http://localhost:3000/_next/static/chunks/node_modules_next_dist_1e8vcs8._.js:776
[  293383ms] [LOG] [Fast Refresh] done in 2ms @ http://localhost:3000/_next/static/chunks/node_modules_next_dist_1e8vcs8._.js:776
[  293424ms] [LOG] [Fast Refresh] done in 2ms @ http://localhost:3000/_next/static/chunks/node_modules_next_dist_1e8vcs8._.js:776
[  293469ms] [LOG] [Fast Refresh] done in 2ms @ http://localhost:3000/_next/static/chunks/node_modules_next_dist_1e8vcs8._.js:776
[  293508ms] [LOG] [Fast Refresh] done in 2ms @ http://localhost:3000/_next/static/chunks/node_modules_next_dist_1e8vcs8._.js:776
[  293562ms] [LOG] [Fast Refresh] done in 2ms @ http://localhost:3000/_next/static/chunks/node_modules_next_dist_1e8vcs8._.js:776
[  293612ms] [LOG] [Fast Refresh] done in 2ms @ http://localhost:3000/_next/static/chunks/node_modules_next_dist_1e8vcs8._.js:776
[  293678ms] [LOG] [Fast Refresh] done in 2ms @ http://localhost:3000/_next/static/chunks/node_modules_next_dist_1e8vcs8._.js:776
[  293727ms] [LOG] [Fast Refresh] done in 2ms @ http://localhost:3000/_next/static/chunks/node_modules_next_dist_1e8vcs8._.js:776
[  293781ms] [LOG] [Fast Refresh] done in 2ms @ http://localhost:3000/_next/static/chunks/node_modules_next_dist_1e8vcs8._.js:776
[  293830ms] [LOG] [Fast Refresh] done in 2ms @ http://localhost:3000/_next/static/chunks/node_modules_next_dist_1e8vcs8._.js:776
[  293879ms] [LOG] [Fast Refresh] done in 2ms @ http://localhost:3000/_next/static/chunks/node_modules_next_dist_1e8vcs8._.js:776
[  293927ms] [LOG] [Fast Refresh] done in 2ms @ http://localhost:3000/_next/static/chunks/node_modules_next_dist_1e8vcs8._.js:776
[  293966ms] [LOG] [Fast Refresh] done in 2ms @ http://localhost:3000/_next/static/chunks/node_modules_next_dist_1e8vcs8._.js:776
[  294007ms] [LOG] [Fast Refresh] done in 2ms @ http://localhost:3000/_next/static/chunks/node_modules_next_dist_1e8vcs8._.js:776
[  294049ms] [LOG] [Fast Refresh] done in 2ms @ http://localhost:3000/_next/static/chunks/node_modules_next_dist_1e8vcs8._.js:776
[  294091ms] [LOG] [Fast Refresh] done in 2ms @ http://localhost:3000/_next/static/chunks/node_modules_next_dist_1e8vcs8._.js:776
[  294132ms] [LOG] [Fast Refresh] done in 2ms @ http://localhost:3000/_next/static/chunks/node_modules_next_dist_1e8vcs8._.js:776
[  294174ms] [LOG] [Fast Refresh] done in 2ms @ http://localhost:3000/_next/static/chunks/node_modules_next_dist_1e8vcs8._.js:776
[  294216ms] [LOG] [Fast Refresh] done in 2ms @ http://localhost:3000/_next/static/chunks/node_modules_next_dist_1e8vcs8._.js:776
[  294258ms] [LOG] [Fast Refresh] done in 2ms @ http://localhost:3000/_next/static/chunks/node_modules_next_dist_1e8vcs8._.js:776
[  294299ms] [LOG] [Fast Refresh] done in 2ms @ http://localhost:3000/_next/static/chunks/node_modules_next_dist_1e8vcs8._.js:776
[  294341ms] [LOG] [Fast Refresh] done in 2ms @ http://localhost:3000/_next/static/chunks/node_modules_next_dist_1e8vcs8._.js:776
[  294382ms] [LOG] [Fast Refresh] done in 2ms @ http://localhost:3000/_next/static/chunks/node_modules_next_dist_1e8vcs8._.js:776
[  294424ms] [LOG] [Fast Refresh] done in 2ms @ http://localhost:3000/_next/static/chunks/node_modules_next_dist_1e8vcs8._.js:776
[  294467ms] [LOG] [Fast Refresh] done in 2ms @ http://localhost:3000/_next/static/chunks/node_modules_next_dist_1e8vcs8._.js:776
[  294508ms] [LOG] [Fast Refresh] done in 2ms @ http://localhost:3000/_next/static/chunks/node_modules_next_dist_1e8vcs8._.js:776
[  294549ms] [LOG] [Fast Refresh] done in 2ms @ http://localhost:3000/_next/static/chunks/node_modules_next_dist_1e8vcs8._.js:776
[  294591ms] [LOG] [Fast Refresh] done in 2ms @ http://localhost:3000/_next/static/chunks/node_modules_next_dist_1e8vcs8._.js:776
[  294633ms] [LOG] [Fast Refresh] done in 2ms @ http://localhost:3000/_next/static/chunks/node_modules_next_dist_1e8vcs8._.js:776
[  294675ms] [LOG] [Fast Refresh] done in 2ms @ http://localhost:3000/_next/static/chunks/node_modules_next_dist_1e8vcs8._.js:776
[  294716ms] [LOG] [Fast Refresh] done in 2ms @ http://localhost:3000/_next/static/chunks/node_modules_next_dist_1e8vcs8._.js:776
[  294757ms] [LOG] [Fast Refresh] done in 2ms @ http://localhost:3000/_next/static/chunks/node_modules_next_dist_1e8vcs8._.js:776
[  294799ms] [LOG] [Fast Refresh] done in 2ms @ http://localhost:3000/_next/static/chunks/node_modules_next_dist_1e8vcs8._.js:776
[  294841ms] [LOG] [Fast Refresh] done in 2ms @ http://localhost:3000/_next/static/chunks/node_modules_next_dist_1e8vcs8._.js:776
[  294883ms] [LOG] [Fast Refresh] done in 2ms @ http://localhost:3000/_next/static/chunks/node_modules_next_dist_1e8vcs8._.js:776
[  294927ms] [LOG] [Fast Refresh] done in 2ms @ http://localhost:3000/_next/static/chunks/node_modules_next_dist_1e8vcs8._.js:776
[  294979ms] [LOG] [Fast Refresh] done in 2ms @ http://localhost:3000/_next/static/chunks/node_modules_next_dist_1e8vcs8._.js:776
[  295029ms] [LOG] [Fast Refresh] done in 2ms @ http://localhost:3000/_next/static/chunks/node_modules_next_dist_1e8vcs8._.js:776
[  295080ms] [LOG] [Fast Refresh] done in 2ms @ http://localhost:3000/_next/static/chunks/node_modules_next_dist_1e8vcs8._.js:776
[  295128ms] [LOG] [Fast Refresh] done in 2ms @ http://localhost:3000/_next/static/chunks/node_modules_next_dist_1e8vcs8._.js:776
[  295174ms] [LOG] [Fast Refresh] done in 2ms @ http://localhost:3000/_next/static/chunks/node_modules_next_dist_1e8vcs8._.js:776
[  295216ms] [LOG] [Fast Refresh] done in 2ms @ http://localhost:3000/_next/static/chunks/node_modules_next_dist_1e8vcs8._.js:776
[  295258ms] [LOG] [Fast Refresh] done in 2ms @ http://localhost:3000/_next/static/chunks/node_modules_next_dist_1e8vcs8._.js:776
[  295298ms] [LOG] [Fast Refresh] done in 2ms @ http://localhost:3000/_next/static/chunks/node_modules_next_dist_1e8vcs8._.js:776
[  295341ms] [LOG] [Fast Refresh] done in 2ms @ http://localhost:3000/_next/static/chunks/node_modules_next_dist_1e8vcs8._.js:776
[  295382ms] [LOG] [Fast Refresh] done in 2ms @ http://localhost:3000/_next/static/chunks/node_modules_next_dist_1e8vcs8._.js:776
[  295427ms] [LOG] [Fast Refresh] done in 2ms @ http://localhost:3000/_next/static/chunks/node_modules_next_dist_1e8vcs8._.js:776
[  295478ms] [LOG] [Fast Refresh] done in 2ms @ http://localhost:3000/_next/static/chunks/node_modules_next_dist_1e8vcs8._.js:776
[  295530ms] [LOG] [Fast Refresh] done in 2ms @ http://localhost:3000/_next/static/chunks/node_modules_next_dist_1e8vcs8._.js:776
[  295570ms] [LOG] [Fast Refresh] done in 2ms @ http://localhost:3000/_next/static/chunks/node_modules_next_dist_1e8vcs8._.js:776
[  295628ms] [LOG] [Fast Refresh] done in 2ms @ http://localhost:3000/_next/static/chunks/node_modules_next_dist_1e8vcs8._.js:776
[  295676ms] [LOG] [Fast Refresh] done in 2ms @ http://localhost:3000/_next/static/chunks/node_modules_next_dist_1e8vcs8._.js:776
[  295727ms] [LOG] [Fast Refresh] done in 2ms @ http://localhost:3000/_next/static/chunks/node_modules_next_dist_1e8vcs8._.js:776
[  295772ms] [LOG] [Fast Refresh] done in 2ms @ http://localhost:3000/_next/static/chunks/node_modules_next_dist_1e8vcs8._.js:776
[  295814ms] [LOG] [Fast Refresh] done in 2ms @ http://localhost:3000/_next/static/chunks/node_modules_next_dist_1e8vcs8._.js:776
[  295855ms] [LOG] [Fast Refresh] done in 2ms @ http://localhost:3000/_next/static/chunks/node_modules_next_dist_1e8vcs8._.js:776
[  295896ms] [LOG] [Fast Refresh] done in 2ms @ http://localhost:3000/_next/static/chunks/node_modules_next_dist_1e8vcs8._.js:776
[  295945ms] [LOG] [Fast Refresh] done in 2ms @ http://localhost:3000/_next/static/chunks/node_modules_next_dist_1e8vcs8._.js:776
[  295994ms] [LOG] [Fast Refresh] done in 2ms @ http://localhost:3000/_next/static/chunks/node_modules_next_dist_1e8vcs8._.js:776
[  296034ms] [LOG] [Fast Refresh] done in 2ms @ http://localhost:3000/_next/static/chunks/node_modules_next_dist_1e8vcs8._.js:776
[  296076ms] [LOG] [Fast Refresh] done in 2ms @ http://localhost:3000/_next/static/chunks/node_modules_next_dist_1e8vcs8._.js:776
[  296118ms] [LOG] [Fast Refresh] done in 2ms @ http://localhost:3000/_next/static/chunks/node_modules_next_dist_1e8vcs8._.js:776
[  296161ms] [LOG] [Fast Refresh] done in 2ms @ http://localhost:3000/_next/static/chunks/node_modules_next_dist_1e8vcs8._.js:776
[  296201ms] [LOG] [Fast Refresh] done in 2ms @ http://localhost:3000/_next/static/chunks/node_modules_next_dist_1e8vcs8._.js:776
[  296244ms] [LOG] [Fast Refresh] done in 2ms @ http://localhost:3000/_next/static/chunks/node_modules_next_dist_1e8vcs8._.js:776
[  296285ms] [LOG] [Fast Refresh] done in 2ms @ http://localhost:3000/_next/static/chunks/node_modules_next_dist_1e8vcs8._.js:776
[  296327ms] [LOG] [Fast Refresh] done in 2ms @ http://localhost:3000/_next/static/chunks/node_modules_next_dist_1e8vcs8._.js:776
[  296370ms] [LOG] [Fast Refresh] done in 2ms @ http://localhost:3000/_next/static/chunks/node_modules_next_dist_1e8vcs8._.js:776
[  296410ms] [LOG] [Fast Refresh] done in 2ms @ http://localhost:3000/_next/static/chunks/node_modules_next_dist_1e8vcs8._.js:776
[  296451ms] [LOG] [Fast Refresh] done in 2ms @ http://localhost:3000/_next/static/chunks/node_modules_next_dist_1e8vcs8._.js:776
[  296494ms] [LOG] [Fast Refresh] done in 2ms @ http://localhost:3000/_next/static/chunks/node_modules_next_dist_1e8vcs8._.js:776
[  296543ms] [LOG] [Fast Refresh] done in 2ms @ http://localhost:3000/_next/static/chunks/node_modules_next_dist_1e8vcs8._.js:776
[  296584ms] [LOG] [Fast Refresh] done in 2ms @ http://localhost:3000/_next/static/chunks/node_modules_next_dist_1e8vcs8._.js:776
[  296628ms] [LOG] [Fast Refresh] done in 2ms @ http://localhost:3000/_next/static/chunks/node_modules_next_dist_1e8vcs8._.js:776
[  296678ms] [LOG] [Fast Refresh] done in 2ms @ http://localhost:3000/_next/static/chunks/node_modules_next_dist_1e8vcs8._.js:776
[  296726ms] [LOG] [Fast Refresh] done in 2ms @ http://localhost:3000/_next/static/chunks/node_modules_next_dist_1e8vcs8._.js:776
[  296781ms] [LOG] [Fast Refresh] done in 2ms @ http://localhost:3000/_next/static/chunks/node_modules_next_dist_1e8vcs8._.js:776
[  296830ms] [LOG] [Fast Refresh] done in 2ms @ http://localhost:3000/_next/static/chunks/node_modules_next_dist_1e8vcs8._.js:776
[  296879ms] [LOG] [Fast Refresh] done in 2ms @ http://localhost:3000/_next/static/chunks/node_modules_next_dist_1e8vcs8._.js:776
[  296927ms] [LOG] [Fast Refresh] done in 2ms @ http://localhost:3000/_next/static/chunks/node_modules_next_dist_1e8vcs8._.js:776
[  296978ms] [LOG] [Fast Refresh] done in 2ms @ http://localhost:3000/_next/static/chunks/node_modules_next_dist_1e8vcs8._.js:776
[  297031ms] [LOG] [Fast Refresh] done in 2ms @ http://localhost:3000/_next/static/chunks/node_modules_next_dist_1e8vcs8._.js:776
[  297081ms] [LOG] [Fast Refresh] done in 2ms @ http://localhost:3000/_next/static/chunks/node_modules_next_dist_1e8vcs8._.js:776
[  297126ms] [LOG] [Fast Refresh] done in 2ms @ http://localhost:3000/_next/static/chunks/node_modules_next_dist_1e8vcs8._.js:776
[  297177ms] [LOG] [Fast Refresh] done in 2ms @ http://localhost:3000/_next/static/chunks/node_modules_next_dist_1e8vcs8._.js:776
[  297226ms] [LOG] [Fast Refresh] done in 2ms @ http://localhost:3000/_next/static/chunks/node_modules_next_dist_1e8vcs8._.js:776
[  297281ms] [LOG] [Fast Refresh] done in 2ms @ http://localhost:3000/_next/static/chunks/node_modules_next_dist_1e8vcs8._.js:776
[  297330ms] [LOG] [Fast Refresh] done in 2ms @ http://localhost:3000/_next/static/chunks/node_modules_next_dist_1e8vcs8._.js:776
[  297378ms] [LOG] [Fast Refresh] done in 2ms @ http://localhost:3000/_next/static/chunks/node_modules_next_dist_1e8vcs8._.js:776
[  297427ms] [LOG] [Fast Refresh] done in 2ms @ http://localhost:3000/_next/static/chunks/node_modules_next_dist_1e8vcs8._.js:776
[  297478ms] [LOG] [Fast Refresh] done in 2ms @ http://localhost:3000/_next/static/chunks/node_modules_next_dist_1e8vcs8._.js:776
[  297531ms] [LOG] [Fast Refresh] done in 2ms @ http://localhost:3000/_next/static/chunks/node_modules_next_dist_1e8vcs8._.js:776
[  297577ms] [LOG] [Fast Refresh] done in 2ms @ http://localhost:3000/_next/static/chunks/node_modules_next_dist_1e8vcs8._.js:776
[  297620ms] [LOG] [Fast Refresh] done in 2ms @ http://localhost:3000/_next/static/chunks/node_modules_next_dist_1e8vcs8._.js:776
[  297667ms] [LOG] [Fast Refresh] done in 2ms @ http://localhost:3000/_next/static/chunks/node_modules_next_dist_1e8vcs8._.js:776
[  297708ms] [LOG] [Fast Refresh] done in 2ms @ http://localhost:3000/_next/static/chunks/node_modules_next_dist_1e8vcs8._.js:776
[  297750ms] [LOG] [Fast Refresh] done in 2ms @ http://localhost:3000/_next/static/chunks/node_modules_next_dist_1e8vcs8._.js:776
[  297814ms] [LOG] [Fast Refresh] done in 2ms @ http://localhost:3000/_next/static/chunks/node_modules_next_dist_1e8vcs8._.js:776
[  297864ms] [LOG] [Fast Refresh] done in 2ms @ http://localhost:3000/_next/static/chunks/node_modules_next_dist_1e8vcs8._.js:776
[  297928ms] [LOG] [Fast Refresh] done in 2ms @ http://localhost:3000/_next/static/chunks/node_modules_next_dist_1e8vcs8._.js:776
[  297982ms] [LOG] [Fast Refresh] done in 2ms @ http://localhost:3000/_next/static/chunks/node_modules_next_dist_1e8vcs8._.js:776
[  298030ms] [LOG] [Fast Refresh] done in 2ms @ http://localhost:3000/_next/static/chunks/node_modules_next_dist_1e8vcs8._.js:776
[  298087ms] [LOG] [Fast Refresh] done in 2ms @ http://localhost:3000/_next/static/chunks/node_modules_next_dist_1e8vcs8._.js:776
[  298134ms] [LOG] [Fast Refresh] done in 2ms @ http://localhost:3000/_next/static/chunks/node_modules_next_dist_1e8vcs8._.js:776
[  298181ms] [LOG] [Fast Refresh] done in 2ms @ http://localhost:3000/_next/static/chunks/node_modules_next_dist_1e8vcs8._.js:776
[  298226ms] [LOG] [Fast Refresh] done in 2ms @ http://localhost:3000/_next/static/chunks/node_modules_next_dist_1e8vcs8._.js:776
[  298281ms] [LOG] [Fast Refresh] done in 2ms @ http://localhost:3000/_next/static/chunks/node_modules_next_dist_1e8vcs8._.js:776
[  298330ms] [LOG] [Fast Refresh] done in 2ms @ http://localhost:3000/_next/static/chunks/node_modules_next_dist_1e8vcs8._.js:776
[  298378ms] [LOG] [Fast Refresh] done in 2ms @ http://localhost:3000/_next/static/chunks/node_modules_next_dist_1e8vcs8._.js:776
[  298427ms] [LOG] [Fast Refresh] done in 2ms @ http://localhost:3000/_next/static/chunks/node_modules_next_dist_1e8vcs8._.js:776
[  298479ms] [LOG] [Fast Refresh] done in 2ms @ http://localhost:3000/_next/static/chunks/node_modules_next_dist_1e8vcs8._.js:776
[  298528ms] [LOG] [Fast Refresh] done in 2ms @ http://localhost:3000/_next/static/chunks/node_modules_next_dist_1e8vcs8._.js:776
[  298579ms] [LOG] [Fast Refresh] done in 2ms @ http://localhost:3000/_next/static/chunks/node_modules_next_dist_1e8vcs8._.js:776
[  298628ms] [LOG] [Fast Refresh] done in 2ms @ http://localhost:3000/_next/static/chunks/node_modules_next_dist_1e8vcs8._.js:776
[  298681ms] [LOG] [Fast Refresh] done in 2ms @ http://localhost:3000/_next/static/chunks/node_modules_next_dist_1e8vcs8._.js:776
[  298723ms] [LOG] [Fast Refresh] done in 2ms @ http://localhost:3000/_next/static/chunks/node_modules_next_dist_1e8vcs8._.js:776
[  298765ms] [LOG] [Fast Refresh] done in 2ms @ http://localhost:3000/_next/static/chunks/node_modules_next_dist_1e8vcs8._.js:776
[  298822ms] [LOG] [Fast Refresh] done in 2ms @ http://localhost:3000/_next/static/chunks/node_modules_next_dist_1e8vcs8._.js:776
[  298875ms] [LOG] [Fast Refresh] done in 2ms @ http://localhost:3000/_next/static/chunks/node_modules_next_dist_1e8vcs8._.js:776
[  298917ms] [LOG] [Fast Refresh] done in 2ms @ http://localhost:3000/_next/static/chunks/node_modules_next_dist_1e8vcs8._.js:776
[  298968ms] [LOG] [Fast Refresh] done in 2ms @ http://localhost:3000/_next/static/chunks/node_modules_next_dist_1e8vcs8._.js:776
[  299031ms] [LOG] [Fast Refresh] done in 2ms @ http://localhost:3000/_next/static/chunks/node_modules_next_dist_1e8vcs8._.js:776
[  299080ms] [LOG] [Fast Refresh] done in 2ms @ http://localhost:3000/_next/static/chunks/node_modules_next_dist_1e8vcs8._.js:776
[  299128ms] [LOG] [Fast Refresh] done in 2ms @ http://localhost:3000/_next/static/chunks/node_modules_next_dist_1e8vcs8._.js:776
[  299176ms] [LOG] [Fast Refresh] done in 2ms @ http://localhost:3000/_next/static/chunks/node_modules_next_dist_1e8vcs8._.js:776
[  299226ms] [LOG] [Fast Refresh] done in 2ms @ http://localhost:3000/_next/static/chunks/node_modules_next_dist_1e8vcs8._.js:776
[  299278ms] [LOG] [Fast Refresh] done in 2ms @ http://localhost:3000/_next/static/chunks/node_modules_next_dist_1e8vcs8._.js:776
[  299327ms] [LOG] [Fast Refresh] done in 2ms @ http://localhost:3000/_next/static/chunks/node_modules_next_dist_1e8vcs8._.js:776
[  299382ms] [LOG] [Fast Refresh] done in 2ms @ http://localhost:3000/_next/static/chunks/node_modules_next_dist_1e8vcs8._.js:776
[  299427ms] [LOG] [Fast Refresh] done in 2ms @ http://localhost:3000/_next/static/chunks/node_modules_next_dist_1e8vcs8._.js:776
[  299472ms] [LOG] [Fast Refresh] done in 2ms @ http://localhost:3000/_next/static/chunks/node_modules_next_dist_1e8vcs8._.js:776
[  299517ms] [LOG] [Fast Refresh] done in 2ms @ http://localhost:3000/_next/static/chunks/node_modules_next_dist_1e8vcs8._.js:776
[  299564ms] [LOG] [Fast Refresh] done in 2ms @ http://localhost:3000/_next/static/chunks/node_modules_next_dist_1e8vcs8._.js:776
[  299628ms] [LOG] [Fast Refresh] done in 2ms @ http://localhost:3000/_next/static/chunks/node_modules_next_dist_1e8vcs8._.js:776
[  299677ms] [LOG] [Fast Refresh] done in 2ms @ http://localhost:3000/_next/static/chunks/node_modules_next_dist_1e8vcs8._.js:776
[  299726ms] [LOG] [Fast Refresh] done in 2ms @ http://localhost:3000/_next/static/chunks/node_modules_next_dist_1e8vcs8._.js:776
[  299772ms] [LOG] [Fast Refresh] done in 2ms @ http://localhost:3000/_next/static/chunks/node_modules_next_dist_1e8vcs8._.js:776
[  299814ms] [LOG] [Fast Refresh] done in 2ms @ http://localhost:3000/_next/static/chunks/node_modules_next_dist_1e8vcs8._.js:776
[  299862ms] [LOG] [Fast Refresh] done in 2ms @ http://localhost:3000/_next/static/chunks/node_modules_next_dist_1e8vcs8._.js:776
[  299927ms] [LOG] [Fast Refresh] done in 2ms @ http://localhost:3000/_next/static/chunks/node_modules_next_dist_1e8vcs8._.js:776
[  299966ms] [LOG] [Fast Refresh] done in 2ms @ http://localhost:3000/_next/static/chunks/node_modules_next_dist_1e8vcs8._.js:776
[  300015ms] [LOG] [Fast Refresh] done in 2ms @ http://localhost:3000/_next/static/chunks/node_modules_next_dist_1e8vcs8._.js:776
[  300056ms] [LOG] [Fast Refresh] done in 2ms @ http://localhost:3000/_next/static/chunks/node_modules_next_dist_1e8vcs8._.js:776
[  300098ms] [LOG] [Fast Refresh] done in 2ms @ http://localhost:3000/_next/static/chunks/node_modules_next_dist_1e8vcs8._.js:776
[  300140ms] [LOG] [Fast Refresh] done in 2ms @ http://localhost:3000/_next/static/chunks/node_modules_next_dist_1e8vcs8._.js:776
[  300181ms] [LOG] [Fast Refresh] done in 2ms @ http://localhost:3000/_next/static/chunks/node_modules_next_dist_1e8vcs8._.js:776
[  300226ms] [LOG] [Fast Refresh] done in 2ms @ http://localhost:3000/_next/static/chunks/node_modules_next_dist_1e8vcs8._.js:776
[  300272ms] [LOG] [Fast Refresh] done in 2ms @ http://localhost:3000/_next/static/chunks/node_modules_next_dist_1e8vcs8._.js:776
[  300314ms] [LOG] [Fast Refresh] done in 2ms @ http://localhost:3000/_next/static/chunks/node_modules_next_dist_1e8vcs8._.js:776
[  300375ms] [LOG] [Fast Refresh] done in 2ms @ http://localhost:3000/_next/static/chunks/node_modules_next_dist_1e8vcs8._.js:776
[  300416ms] [LOG] [Fast Refresh] done in 2ms @ http://localhost:3000/_next/static/chunks/node_modules_next_dist_1e8vcs8._.js:776
[  300473ms] [LOG] [Fast Refresh] done in 2ms @ http://localhost:3000/_next/static/chunks/node_modules_next_dist_1e8vcs8._.js:776
[  300514ms] [LOG] [Fast Refresh] done in 2ms @ http://localhost:3000/_next/static/chunks/node_modules_next_dist_1e8vcs8._.js:776
[  300556ms] [LOG] [Fast Refresh] done in 2ms @ http://localhost:3000/_next/static/chunks/node_modules_next_dist_1e8vcs8._.js:776
[  300598ms] [LOG] [Fast Refresh] done in 2ms @ http://localhost:3000/_next/static/chunks/node_modules_next_dist_1e8vcs8._.js:776
[  300641ms] [LOG] [Fast Refresh] done in 2ms @ http://localhost:3000/_next/static/chunks/node_modules_next_dist_1e8vcs8._.js:776
[  300681ms] [LOG] [Fast Refresh] done in 2ms @ http://localhost:3000/_next/static/chunks/node_modules_next_dist_1e8vcs8._.js:776
[  300722ms] [LOG] [Fast Refresh] done in 2ms @ http://localhost:3000/_next/static/chunks/node_modules_next_dist_1e8vcs8._.js:776
[  300765ms] [LOG] [Fast Refresh] done in 2ms @ http://localhost:3000/_next/static/chunks/node_modules_next_dist_1e8vcs8._.js:776
[  300807ms] [LOG] [Fast Refresh] done in 2ms @ http://localhost:3000/_next/static/chunks/node_modules_next_dist_1e8vcs8._.js:776
[  300855ms] [LOG] [Fast Refresh] done in 2ms @ http://localhost:3000/_next/static/chunks/node_modules_next_dist_1e8vcs8._.js:776
[  300896ms] [LOG] [Fast Refresh] done in 2ms @ http://localhost:3000/_next/static/chunks/node_modules_next_dist_1e8vcs8._.js:776
[  300938ms] [LOG] [Fast Refresh] done in 2ms @ http://localhost:3000/_next/static/chunks/node_modules_next_dist_1e8vcs8._.js:776
[  300980ms] [LOG] [Fast Refresh] done in 2ms @ http://localhost:3000/_next/static/chunks/node_modules_next_dist_1e8vcs8._.js:776
[  301022ms] [LOG] [Fast Refresh] done in 2ms @ http://localhost:3000/_next/static/chunks/node_modules_next_dist_1e8vcs8._.js:776
[  301063ms] [LOG] [Fast Refresh] done in 2ms @ http://localhost:3000/_next/static/chunks/node_modules_next_dist_1e8vcs8._.js:776
[  301119ms] [LOG] [Fast Refresh] done in 2ms @ http://localhost:3000/_next/static/chunks/node_modules_next_dist_1e8vcs8._.js:776
[  301167ms] [LOG] [Fast Refresh] done in 2ms @ http://localhost:3000/_next/static/chunks/node_modules_next_dist_1e8vcs8._.js:776
[  301231ms] [LOG] [Fast Refresh] done in 2ms @ http://localhost:3000/_next/static/chunks/node_modules_next_dist_1e8vcs8._.js:776
[  301293ms] [LOG] [Fast Refresh] done in 2ms @ http://localhost:3000/_next/static/chunks/node_modules_next_dist_1e8vcs8._.js:776
[  301356ms] [LOG] [Fast Refresh] done in 2ms @ http://localhost:3000/_next/static/chunks/node_modules_next_dist_1e8vcs8._.js:776
[  301410ms] [LOG] [Fast Refresh] done in 2ms @ http://localhost:3000/_next/static/chunks/node_modules_next_dist_1e8vcs8._.js:776
[  301458ms] [LOG] [Fast Refresh] done in 2ms @ http://localhost:3000/_next/static/chunks/node_modules_next_dist_1e8vcs8._.js:776
[  301499ms] [LOG] [Fast Refresh] done in 2ms @ http://localhost:3000/_next/static/chunks/node_modules_next_dist_1e8vcs8._.js:776
[  301542ms] [LOG] [Fast Refresh] done in 2ms @ http://localhost:3000/_next/static/chunks/node_modules_next_dist_1e8vcs8._.js:776
[  301598ms] [LOG] [Fast Refresh] done in 2ms @ http://localhost:3000/_next/static/chunks/node_modules_next_dist_1e8vcs8._.js:776
[  301642ms] [LOG] [Fast Refresh] done in 2ms @ http://localhost:3000/_next/static/chunks/node_modules_next_dist_1e8vcs8._.js:776
[  301688ms] [LOG] [Fast Refresh] done in 2ms @ http://localhost:3000/_next/static/chunks/node_modules_next_dist_1e8vcs8._.js:776
[  301729ms] [LOG] [Fast Refresh] done in 2ms @ http://localhost:3000/_next/static/chunks/node_modules_next_dist_1e8vcs8._.js:776
[  301779ms] [LOG] [Fast Refresh] done in 2ms @ http://localhost:3000/_next/static/chunks/node_modules_next_dist_1e8vcs8._.js:776
[  301828ms] [LOG] [Fast Refresh] done in 2ms @ http://localhost:3000/_next/static/chunks/node_modules_next_dist_1e8vcs8._.js:776
[  301870ms] [LOG] [Fast Refresh] done in 2ms @ http://localhost:3000/_next/static/chunks/node_modules_next_dist_1e8vcs8._.js:776
[  301931ms] [LOG] [Fast Refresh] done in 2ms @ http://localhost:3000/_next/static/chunks/node_modules_next_dist_1e8vcs8._.js:776
[  301976ms] [LOG] [Fast Refresh] done in 2ms @ http://localhost:3000/_next/static/chunks/node_modules_next_dist_1e8vcs8._.js:776
[  302026ms] [LOG] [Fast Refresh] done in 2ms @ http://localhost:3000/_next/static/chunks/node_modules_next_dist_1e8vcs8._.js:776
[  302079ms] [LOG] [Fast Refresh] done in 2ms @ http://localhost:3000/_next/static/chunks/node_modules_next_dist_1e8vcs8._.js:776
[  302124ms] [LOG] [Fast Refresh] done in 2ms @ http://localhost:3000/_next/static/chunks/node_modules_next_dist_1e8vcs8._.js:776
[  302162ms] [LOG] [Fast Refresh] done in 2ms @ http://localhost:3000/_next/static/chunks/node_modules_next_dist_1e8vcs8._.js:776
[  302212ms] [LOG] [Fast Refresh] done in 2ms @ http://localhost:3000/_next/static/chunks/node_modules_next_dist_1e8vcs8._.js:776
[  302271ms] [LOG] [Fast Refresh] done in 2ms @ http://localhost:3000/_next/static/chunks/node_modules_next_dist_1e8vcs8._.js:776
[  302321ms] [LOG] [Fast Refresh] done in 2ms @ http://localhost:3000/_next/static/chunks/node_modules_next_dist_1e8vcs8._.js:776
[  302374ms] [LOG] [Fast Refresh] done in 2ms @ http://localhost:3000/_next/static/chunks/node_modules_next_dist_1e8vcs8._.js:776
[  302423ms] [LOG] [Fast Refresh] done in 2ms @ http://localhost:3000/_next/static/chunks/node_modules_next_dist_1e8vcs8._.js:776
[  302472ms] [LOG] [Fast Refresh] done in 2ms @ http://localhost:3000/_next/static/chunks/node_modules_next_dist_1e8vcs8._.js:776
[  302525ms] [LOG] [Fast Refresh] done in 2ms @ http://localhost:3000/_next/static/chunks/node_modules_next_dist_1e8vcs8._.js:776
[  302576ms] [LOG] [Fast Refresh] done in 2ms @ http://localhost:3000/_next/static/chunks/node_modules_next_dist_1e8vcs8._.js:776
[  302641ms] [LOG] [Fast Refresh] done in 2ms @ http://localhost:3000/_next/static/chunks/node_modules_next_dist_1e8vcs8._.js:776
[  302680ms] [LOG] [Fast Refresh] done in 2ms @ http://localhost:3000/_next/static/chunks/node_modules_next_dist_1e8vcs8._.js:776
[  302725ms] [LOG] [Fast Refresh] done in 2ms @ http://localhost:3000/_next/static/chunks/node_modules_next_dist_1e8vcs8._.js:776
[  302777ms] [LOG] [Fast Refresh] done in 2ms @ http://localhost:3000/_next/static/chunks/node_modules_next_dist_1e8vcs8._.js:776
[  302826ms] [LOG] [Fast Refresh] done in 2ms @ http://localhost:3000/_next/static/chunks/node_modules_next_dist_1e8vcs8._.js:776
[  302880ms] [LOG] [Fast Refresh] done in 2ms @ http://localhost:3000/_next/static/chunks/node_modules_next_dist_1e8vcs8._.js:776
[  302929ms] [LOG] [Fast Refresh] done in 2ms @ http://localhost:3000/_next/static/chunks/node_modules_next_dist_1e8vcs8._.js:776
[  302972ms] [LOG] [Fast Refresh] done in 2ms @ http://localhost:3000/_next/static/chunks/node_modules_next_dist_1e8vcs8._.js:776
[  303012ms] [LOG] [Fast Refresh] done in 2ms @ http://localhost:3000/_next/static/chunks/node_modules_next_dist_1e8vcs8._.js:776
[  303054ms] [LOG] [Fast Refresh] done in 2ms @ http://localhost:3000/_next/static/chunks/node_modules_next_dist_1e8vcs8._.js:776
[  303111ms] [LOG] [Fast Refresh] done in 2ms @ http://localhost:3000/_next/static/chunks/node_modules_next_dist_1e8vcs8._.js:776
[  303159ms] [LOG] [Fast Refresh] done in 2ms @ http://localhost:3000/_next/static/chunks/node_modules_next_dist_1e8vcs8._.js:776
[  303209ms] [LOG] [Fast Refresh] done in 2ms @ http://localhost:3000/_next/static/chunks/node_modules_next_dist_1e8vcs8._.js:776
[  303254ms] [LOG] [Fast Refresh] done in 2ms @ http://localhost:3000/_next/static/chunks/node_modules_next_dist_1e8vcs8._.js:776
[  303311ms] [LOG] [Fast Refresh] done in 2ms @ http://localhost:3000/_next/static/chunks/node_modules_next_dist_1e8vcs8._.js:776
[  303351ms] [LOG] [Fast Refresh] done in 2ms @ http://localhost:3000/_next/static/chunks/node_modules_next_dist_1e8vcs8._.js:776
[  303392ms] [LOG] [Fast Refresh] done in 2ms @ http://localhost:3000/_next/static/chunks/node_modules_next_dist_1e8vcs8._.js:776
[  303438ms] [LOG] [Fast Refresh] done in 2ms @ http://localhost:3000/_next/static/chunks/node_modules_next_dist_1e8vcs8._.js:776
[  303492ms] [LOG] [Fast Refresh] done in 2ms @ http://localhost:3000/_next/static/chunks/node_modules_next_dist_1e8vcs8._.js:776
[  303545ms] [LOG] [Fast Refresh] done in 2ms @ http://localhost:3000/_next/static/chunks/node_modules_next_dist_1e8vcs8._.js:776
[  303589ms] [LOG] [Fast Refresh] done in 2ms @ http://localhost:3000/_next/static/chunks/node_modules_next_dist_1e8vcs8._.js:776
[  303638ms] [LOG] [Fast Refresh] done in 2ms @ http://localhost:3000/_next/static/chunks/node_modules_next_dist_1e8vcs8._.js:776
[  303685ms] [LOG] [Fast Refresh] done in 2ms @ http://localhost:3000/_next/static/chunks/node_modules_next_dist_1e8vcs8._.js:776
[  303745ms] [LOG] [Fast Refresh] done in 2ms @ http://localhost:3000/_next/static/chunks/node_modules_next_dist_1e8vcs8._.js:776
[  303793ms] [LOG] [Fast Refresh] done in 2ms @ http://localhost:3000/_next/static/chunks/node_modules_next_dist_1e8vcs8._.js:776
[  303837ms] [LOG] [Fast Refresh] done in 2ms @ http://localhost:3000/_next/static/chunks/node_modules_next_dist_1e8vcs8._.js:776
[  303888ms] [LOG] [Fast Refresh] done in 2ms @ http://localhost:3000/_next/static/chunks/node_modules_next_dist_1e8vcs8._.js:776
[  303935ms] [LOG] [Fast Refresh] done in 2ms @ http://localhost:3000/_next/static/chunks/node_modules_next_dist_1e8vcs8._.js:776
[  303978ms] [LOG] [Fast Refresh] done in 2ms @ http://localhost:3000/_next/static/chunks/node_modules_next_dist_1e8vcs8._.js:776
[  304029ms] [LOG] [Fast Refresh] done in 2ms @ http://localhost:3000/_next/static/chunks/node_modules_next_dist_1e8vcs8._.js:776
[  304081ms] [LOG] [Fast Refresh] done in 2ms @ http://localhost:3000/_next/static/chunks/node_modules_next_dist_1e8vcs8._.js:776
[  304131ms] [LOG] [Fast Refresh] done in 2ms @ http://localhost:3000/_next/static/chunks/node_modules_next_dist_1e8vcs8._.js:776
[  304184ms] [LOG] [Fast Refresh] done in 2ms @ http://localhost:3000/_next/static/chunks/node_modules_next_dist_1e8vcs8._.js:776
[  304240ms] [LOG] [Fast Refresh] done in 2ms @ http://localhost:3000/_next/static/chunks/node_modules_next_dist_1e8vcs8._.js:776
[  304292ms] [LOG] [Fast Refresh] done in 2ms @ http://localhost:3000/_next/static/chunks/node_modules_next_dist_1e8vcs8._.js:776
[  304354ms] [LOG] [Fast Refresh] done in 2ms @ http://localhost:3000/_next/static/chunks/node_modules_next_dist_1e8vcs8._.js:776
[  304405ms] [LOG] [Fast Refresh] done in 2ms @ http://localhost:3000/_next/static/chunks/node_modules_next_dist_1e8vcs8._.js:776
[  304454ms] [LOG] [Fast Refresh] done in 2ms @ http://localhost:3000/_next/static/chunks/node_modules_next_dist_1e8vcs8._.js:776
[  304502ms] [LOG] [Fast Refresh] done in 2ms @ http://localhost:3000/_next/static/chunks/node_modules_next_dist_1e8vcs8._.js:776
[  304548ms] [LOG] [Fast Refresh] done in 2ms @ http://localhost:3000/_next/static/chunks/node_modules_next_dist_1e8vcs8._.js:776
[  304593ms] [LOG] [Fast Refresh] done in 2ms @ http://localhost:3000/_next/static/chunks/node_modules_next_dist_1e8vcs8._.js:776
[  304645ms] [LOG] [Fast Refresh] done in 2ms @ http://localhost:3000/_next/static/chunks/node_modules_next_dist_1e8vcs8._.js:776
[  304688ms] [LOG] [Fast Refresh] done in 2ms @ http://localhost:3000/_next/static/chunks/node_modules_next_dist_1e8vcs8._.js:776
[  304742ms] [LOG] [Fast Refresh] done in 2ms @ http://localhost:3000/_next/static/chunks/node_modules_next_dist_1e8vcs8._.js:776
[  304793ms] [LOG] [Fast Refresh] done in 2ms @ http://localhost:3000/_next/static/chunks/node_modules_next_dist_1e8vcs8._.js:776
[  304841ms] [LOG] [Fast Refresh] done in 2ms @ http://localhost:3000/_next/static/chunks/node_modules_next_dist_1e8vcs8._.js:776
[  304896ms] [LOG] [Fast Refresh] done in 2ms @ http://localhost:3000/_next/static/chunks/node_modules_next_dist_1e8vcs8._.js:776
[  304950ms] [LOG] [Fast Refresh] done in 2ms @ http://localhost:3000/_next/static/chunks/node_modules_next_dist_1e8vcs8._.js:776
[  305000ms] [LOG] [Fast Refresh] done in 2ms @ http://localhost:3000/_next/static/chunks/node_modules_next_dist_1e8vcs8._.js:776
[  305048ms] [LOG] [Fast Refresh] done in 2ms @ http://localhost:3000/_next/static/chunks/node_modules_next_dist_1e8vcs8._.js:776
[  305091ms] [LOG] [Fast Refresh] done in 2ms @ http://localhost:3000/_next/static/chunks/node_modules_next_dist_1e8vcs8._.js:776
[  305140ms] [LOG] [Fast Refresh] done in 2ms @ http://localhost:3000/_next/static/chunks/node_modules_next_dist_1e8vcs8._.js:776
[  305191ms] [LOG] [Fast Refresh] done in 2ms @ http://localhost:3000/_next/static/chunks/node_modules_next_dist_1e8vcs8._.js:776
[  305243ms] [LOG] [Fast Refresh] done in 2ms @ http://localhost:3000/_next/static/chunks/node_modules_next_dist_1e8vcs8._.js:776
[  305290ms] [LOG] [Fast Refresh] done in 2ms @ http://localhost:3000/_next/static/chunks/node_modules_next_dist_1e8vcs8._.js:776
[  305353ms] [LOG] [Fast Refresh] done in 2ms @ http://localhost:3000/_next/static/chunks/node_modules_next_dist_1e8vcs8._.js:776
[  305401ms] [LOG] [Fast Refresh] done in 2ms @ http://localhost:3000/_next/static/chunks/node_modules_next_dist_1e8vcs8._.js:776
[  305455ms] [LOG] [Fast Refresh] done in 2ms @ http://localhost:3000/_next/static/chunks/node_modules_next_dist_1e8vcs8._.js:776
[  305506ms] [LOG] [Fast Refresh] done in 2ms @ http://localhost:3000/_next/static/chunks/node_modules_next_dist_1e8vcs8._.js:776
[  305568ms] [LOG] [Fast Refresh] done in 2ms @ http://localhost:3000/_next/static/chunks/node_modules_next_dist_1e8vcs8._.js:776
[  305610ms] [LOG] [Fast Refresh] done in 2ms @ http://localhost:3000/_next/static/chunks/node_modules_next_dist_1e8vcs8._.js:776
[  305669ms] [LOG] [Fast Refresh] done in 2ms @ http://localhost:3000/_next/static/chunks/node_modules_next_dist_1e8vcs8._.js:776
[  305719ms] [LOG] [Fast Refresh] done in 2ms @ http://localhost:3000/_next/static/chunks/node_modules_next_dist_1e8vcs8._.js:776
[  305775ms] [LOG] [Fast Refresh] done in 2ms @ http://localhost:3000/_next/static/chunks/node_modules_next_dist_1e8vcs8._.js:776
[  305825ms] [LOG] [Fast Refresh] done in 2ms @ http://localhost:3000/_next/static/chunks/node_modules_next_dist_1e8vcs8._.js:776
[  305875ms] [LOG] [Fast Refresh] done in 2ms @ http://localhost:3000/_next/static/chunks/node_modules_next_dist_1e8vcs8._.js:776
[  305932ms] [LOG] [Fast Refresh] done in 2ms @ http://localhost:3000/_next/static/chunks/node_modules_next_dist_1e8vcs8._.js:776
[  305985ms] [LOG] [Fast Refresh] done in 2ms @ http://localhost:3000/_next/static/chunks/node_modules_next_dist_1e8vcs8._.js:776
[  306044ms] [LOG] [Fast Refresh] done in 2ms @ http://localhost:3000/_next/static/chunks/node_modules_next_dist_1e8vcs8._.js:776
[  306090ms] [LOG] [Fast Refresh] done in 2ms @ http://localhost:3000/_next/static/chunks/node_modules_next_dist_1e8vcs8._.js:776
[  306132ms] [LOG] [Fast Refresh] done in 2ms @ http://localhost:3000/_next/static/chunks/node_modules_next_dist_1e8vcs8._.js:776
[  306173ms] [LOG] [Fast Refresh] done in 2ms @ http://localhost:3000/_next/static/chunks/node_modules_next_dist_1e8vcs8._.js:776
[  306236ms] [LOG] [Fast Refresh] done in 2ms @ http://localhost:3000/_next/static/chunks/node_modules_next_dist_1e8vcs8._.js:776
[  306281ms] [LOG] [Fast Refresh] done in 2ms @ http://localhost:3000/_next/static/chunks/node_modules_next_dist_1e8vcs8._.js:776
[  306322ms] [LOG] [Fast Refresh] done in 2ms @ http://localhost:3000/_next/static/chunks/node_modules_next_dist_1e8vcs8._.js:776
[  306373ms] [LOG] [Fast Refresh] done in 2ms @ http://localhost:3000/_next/static/chunks/node_modules_next_dist_1e8vcs8._.js:776
[  306424ms] [LOG] [Fast Refresh] done in 2ms @ http://localhost:3000/_next/static/chunks/node_modules_next_dist_1e8vcs8._.js:776
[  306478ms] [LOG] [Fast Refresh] done in 2ms @ http://localhost:3000/_next/static/chunks/node_modules_next_dist_1e8vcs8._.js:776
[  306533ms] [LOG] [Fast Refresh] done in 2ms @ http://localhost:3000/_next/static/chunks/node_modules_next_dist_1e8vcs8._.js:776
[  306587ms] [LOG] [Fast Refresh] done in 2ms @ http://localhost:3000/_next/static/chunks/node_modules_next_dist_1e8vcs8._.js:776
[  306646ms] [LOG] [Fast Refresh] done in 2ms @ http://localhost:3000/_next/static/chunks/node_modules_next_dist_1e8vcs8._.js:776
[  306692ms] [LOG] [Fast Refresh] done in 2ms @ http://localhost:3000/_next/static/chunks/node_modules_next_dist_1e8vcs8._.js:776
[  306744ms] [LOG] [Fast Refresh] done in 2ms @ http://localhost:3000/_next/static/chunks/node_modules_next_dist_1e8vcs8._.js:776
[  306784ms] [LOG] [Fast Refresh] done in 2ms @ http://localhost:3000/_next/static/chunks/node_modules_next_dist_1e8vcs8._.js:776
[  306824ms] [LOG] [Fast Refresh] done in 2ms @ http://localhost:3000/_next/static/chunks/node_modules_next_dist_1e8vcs8._.js:776
[  306869ms] [LOG] [Fast Refresh] done in 2ms @ http://localhost:3000/_next/static/chunks/node_modules_next_dist_1e8vcs8._.js:776
[  306913ms] [LOG] [Fast Refresh] done in 2ms @ http://localhost:3000/_next/static/chunks/node_modules_next_dist_1e8vcs8._.js:776
[  306952ms] [LOG] [Fast Refresh] done in 2ms @ http://localhost:3000/_next/static/chunks/node_modules_next_dist_1e8vcs8._.js:776
[  307003ms] [LOG] [Fast Refresh] done in 2ms @ http://localhost:3000/_next/static/chunks/node_modules_next_dist_1e8vcs8._.js:776
[  307048ms] [LOG] [Fast Refresh] done in 2ms @ http://localhost:3000/_next/static/chunks/node_modules_next_dist_1e8vcs8._.js:776
[  307093ms] [LOG] [Fast Refresh] done in 2ms @ http://localhost:3000/_next/static/chunks/node_modules_next_dist_1e8vcs8._.js:776
[  307145ms] [LOG] [Fast Refresh] done in 2ms @ http://localhost:3000/_next/static/chunks/node_modules_next_dist_1e8vcs8._.js:776
[  307189ms] [LOG] [Fast Refresh] done in 2ms @ http://localhost:3000/_next/static/chunks/node_modules_next_dist_1e8vcs8._.js:776
[  307251ms] [LOG] [Fast Refresh] done in 2ms @ http://localhost:3000/_next/static/chunks/node_modules_next_dist_1e8vcs8._.js:776
[  307300ms] [LOG] [Fast Refresh] done in 2ms @ http://localhost:3000/_next/static/chunks/node_modules_next_dist_1e8vcs8._.js:776
[  307354ms] [LOG] [Fast Refresh] done in 2ms @ http://localhost:3000/_next/static/chunks/node_modules_next_dist_1e8vcs8._.js:776
[  307416ms] [LOG] [Fast Refresh] done in 2ms @ http://localhost:3000/_next/static/chunks/node_modules_next_dist_1e8vcs8._.js:776
[  307468ms] [LOG] [Fast Refresh] done in 2ms @ http://localhost:3000/_next/static/chunks/node_modules_next_dist_1e8vcs8._.js:776
[  307528ms] [LOG] [Fast Refresh] done in 2ms @ http://localhost:3000/_next/static/chunks/node_modules_next_dist_1e8vcs8._.js:776
[  307585ms] [LOG] [Fast Refresh] done in 2ms @ http://localhost:3000/_next/static/chunks/node_modules_next_dist_1e8vcs8._.js:776
[  307626ms] [LOG] [Fast Refresh] done in 2ms @ http://localhost:3000/_next/static/chunks/node_modules_next_dist_1e8vcs8._.js:776
[  307676ms] [LOG] [Fast Refresh] done in 2ms @ http://localhost:3000/_next/static/chunks/node_modules_next_dist_1e8vcs8._.js:776
[  307717ms] [LOG] [Fast Refresh] done in 2ms @ http://localhost:3000/_next/static/chunks/node_modules_next_dist_1e8vcs8._.js:776
[  307754ms] [LOG] [Fast Refresh] done in 2ms @ http://localhost:3000/_next/static/chunks/node_modules_next_dist_1e8vcs8._.js:776
[  307807ms] [LOG] [Fast Refresh] done in 2ms @ http://localhost:3000/_next/static/chunks/node_modules_next_dist_1e8vcs8._.js:776
[  307847ms] [LOG] [Fast Refresh] done in 2ms @ http://localhost:3000/_next/static/chunks/node_modules_next_dist_1e8vcs8._.js:776
[  307901ms] [LOG] [Fast Refresh] done in 2ms @ http://localhost:3000/_next/static/chunks/node_modules_next_dist_1e8vcs8._.js:776
[  307955ms] [LOG] [Fast Refresh] done in 2ms @ http://localhost:3000/_next/static/chunks/node_modules_next_dist_1e8vcs8._.js:776
[  308004ms] [LOG] [Fast Refresh] done in 2ms @ http://localhost:3000/_next/static/chunks/node_modules_next_dist_1e8vcs8._.js:776
[  308048ms] [LOG] [Fast Refresh] done in 2ms @ http://localhost:3000/_next/static/chunks/node_modules_next_dist_1e8vcs8._.js:776
[  308097ms] [LOG] [Fast Refresh] done in 2ms @ http://localhost:3000/_next/static/chunks/node_modules_next_dist_1e8vcs8._.js:776
[  308152ms] [LOG] [Fast Refresh] done in 2ms @ http://localhost:3000/_next/static/chunks/node_modules_next_dist_1e8vcs8._.js:776
[  308194ms] [LOG] [Fast Refresh] done in 2ms @ http://localhost:3000/_next/static/chunks/node_modules_next_dist_1e8vcs8._.js:776
[  308250ms] [LOG] [Fast Refresh] done in 2ms @ http://localhost:3000/_next/static/chunks/node_modules_next_dist_1e8vcs8._.js:776
[  308287ms] [LOG] [Fast Refresh] done in 2ms @ http://localhost:3000/_next/static/chunks/node_modules_next_dist_1e8vcs8._.js:776
[  308345ms] [LOG] [Fast Refresh] done in 2ms @ http://localhost:3000/_next/static/chunks/node_modules_next_dist_1e8vcs8._.js:776
[  308398ms] [LOG] [Fast Refresh] done in 2ms @ http://localhost:3000/_next/static/chunks/node_modules_next_dist_1e8vcs8._.js:776
[  308437ms] [LOG] [Fast Refresh] done in 2ms @ http://localhost:3000/_next/static/chunks/node_modules_next_dist_1e8vcs8._.js:776
[  308478ms] [LOG] [Fast Refresh] done in 2ms @ http://localhost:3000/_next/static/chunks/node_modules_next_dist_1e8vcs8._.js:776
[  308540ms] [LOG] [Fast Refresh] done in 2ms @ http://localhost:3000/_next/static/chunks/node_modules_next_dist_1e8vcs8._.js:776
[  308592ms] [LOG] [Fast Refresh] done in 2ms @ http://localhost:3000/_next/static/chunks/node_modules_next_dist_1e8vcs8._.js:776
[  308656ms] [LOG] [Fast Refresh] done in 2ms @ http://localhost:3000/_next/static/chunks/node_modules_next_dist_1e8vcs8._.js:776
[  308708ms] [LOG] [Fast Refresh] done in 2ms @ http://localhost:3000/_next/static/chunks/node_modules_next_dist_1e8vcs8._.js:776
[  308756ms] [LOG] [Fast Refresh] done in 2ms @ http://localhost:3000/_next/static/chunks/node_modules_next_dist_1e8vcs8._.js:776
[  308798ms] [LOG] [Fast Refresh] done in 2ms @ http://localhost:3000/_next/static/chunks/node_modules_next_dist_1e8vcs8._.js:776
[  308848ms] [LOG] [Fast Refresh] done in 2ms @ http://localhost:3000/_next/static/chunks/node_modules_next_dist_1e8vcs8._.js:776
[  308889ms] [LOG] [Fast Refresh] done in 2ms @ http://localhost:3000/_next/static/chunks/node_modules_next_dist_1e8vcs8._.js:776
[  308948ms] [LOG] [Fast Refresh] done in 2ms @ http://localhost:3000/_next/static/chunks/node_modules_next_dist_1e8vcs8._.js:776
[  308985ms] [LOG] [Fast Refresh] done in 2ms @ http://localhost:3000/_next/static/chunks/node_modules_next_dist_1e8vcs8._.js:776
[  309033ms] [LOG] [Fast Refresh] done in 2ms @ http://localhost:3000/_next/static/chunks/node_modules_next_dist_1e8vcs8._.js:776
[  309086ms] [LOG] [Fast Refresh] done in 2ms @ http://localhost:3000/_next/static/chunks/node_modules_next_dist_1e8vcs8._.js:776
[  309127ms] [LOG] [Fast Refresh] done in 2ms @ http://localhost:3000/_next/static/chunks/node_modules_next_dist_1e8vcs8._.js:776
[  309183ms] [LOG] [Fast Refresh] done in 2ms @ http://localhost:3000/_next/static/chunks/node_modules_next_dist_1e8vcs8._.js:776
[  309230ms] [LOG] [Fast Refresh] done in 2ms @ http://localhost:3000/_next/static/chunks/node_modules_next_dist_1e8vcs8._.js:776
[  309279ms] [LOG] [Fast Refresh] done in 2ms @ http://localhost:3000/_next/static/chunks/node_modules_next_dist_1e8vcs8._.js:776
[  309335ms] [LOG] [Fast Refresh] done in 2ms @ http://localhost:3000/_next/static/chunks/node_modules_next_dist_1e8vcs8._.js:776
[  309395ms] [LOG] [Fast Refresh] done in 2ms @ http://localhost:3000/_next/static/chunks/node_modules_next_dist_1e8vcs8._.js:776
[  309445ms] [LOG] [Fast Refresh] done in 2ms @ http://localhost:3000/_next/static/chunks/node_modules_next_dist_1e8vcs8._.js:776
[  309500ms] [LOG] [Fast Refresh] done in 2ms @ http://localhost:3000/_next/static/chunks/node_modules_next_dist_1e8vcs8._.js:776
[  309543ms] [LOG] [Fast Refresh] done in 2ms @ http://localhost:3000/_next/static/chunks/node_modules_next_dist_1e8vcs8._.js:776
[  309597ms] [LOG] [Fast Refresh] done in 2ms @ http://localhost:3000/_next/static/chunks/node_modules_next_dist_1e8vcs8._.js:776
[  309640ms] [LOG] [Fast Refresh] done in 2ms @ http://localhost:3000/_next/static/chunks/node_modules_next_dist_1e8vcs8._.js:776
[  309688ms] [LOG] [Fast Refresh] done in 2ms @ http://localhost:3000/_next/static/chunks/node_modules_next_dist_1e8vcs8._.js:776
[  309744ms] [LOG] [Fast Refresh] done in 2ms @ http://localhost:3000/_next/static/chunks/node_modules_next_dist_1e8vcs8._.js:776
[  309793ms] [LOG] [Fast Refresh] done in 2ms @ http://localhost:3000/_next/static/chunks/node_modules_next_dist_1e8vcs8._.js:776
[  309847ms] [LOG] [Fast Refresh] done in 2ms @ http://localhost:3000/_next/static/chunks/node_modules_next_dist_1e8vcs8._.js:776
[  309896ms] [LOG] [Fast Refresh] done in 2ms @ http://localhost:3000/_next/static/chunks/node_modules_next_dist_1e8vcs8._.js:776
[  309944ms] [LOG] [Fast Refresh] done in 2ms @ http://localhost:3000/_next/static/chunks/node_modules_next_dist_1e8vcs8._.js:776
[  309996ms] [LOG] [Fast Refresh] done in 2ms @ http://localhost:3000/_next/static/chunks/node_modules_next_dist_1e8vcs8._.js:776
[  310041ms] [LOG] [Fast Refresh] done in 2ms @ http://localhost:3000/_next/static/chunks/node_modules_next_dist_1e8vcs8._.js:776
[  310092ms] [LOG] [Fast Refresh] done in 2ms @ http://localhost:3000/_next/static/chunks/node_modules_next_dist_1e8vcs8._.js:776
[  310141ms] [LOG] [Fast Refresh] done in 2ms @ http://localhost:3000/_next/static/chunks/node_modules_next_dist_1e8vcs8._.js:776
[  310195ms] [LOG] [Fast Refresh] done in 2ms @ http://localhost:3000/_next/static/chunks/node_modules_next_dist_1e8vcs8._.js:776
[  310236ms] [LOG] [Fast Refresh] done in 2ms @ http://localhost:3000/_next/static/chunks/node_modules_next_dist_1e8vcs8._.js:776
[  310284ms] [LOG] [Fast Refresh] done in 2ms @ http://localhost:3000/_next/static/chunks/node_modules_next_dist_1e8vcs8._.js:776
[  310340ms] [LOG] [Fast Refresh] done in 2ms @ http://localhost:3000/_next/static/chunks/node_modules_next_dist_1e8vcs8._.js:776
[  310394ms] [LOG] [Fast Refresh] done in 2ms @ http://localhost:3000/_next/static/chunks/node_modules_next_dist_1e8vcs8._.js:776
[  310435ms] [LOG] [Fast Refresh] done in 2ms @ http://localhost:3000/_next/static/chunks/node_modules_next_dist_1e8vcs8._.js:776
[  310479ms] [LOG] [Fast Refresh] done in 2ms @ http://localhost:3000/_next/static/chunks/node_modules_next_dist_1e8vcs8._.js:776
[  310541ms] [LOG] [Fast Refresh] done in 2ms @ http://localhost:3000/_next/static/chunks/node_modules_next_dist_1e8vcs8._.js:776
[  310591ms] [LOG] [Fast Refresh] done in 2ms @ http://localhost:3000/_next/static/chunks/node_modules_next_dist_1e8vcs8._.js:776
[  310634ms] [LOG] [Fast Refresh] done in 2ms @ http://localhost:3000/_next/static/chunks/node_modules_next_dist_1e8vcs8._.js:776
[  310689ms] [LOG] [Fast Refresh] done in 2ms @ http://localhost:3000/_next/static/chunks/node_modules_next_dist_1e8vcs8._.js:776
[  310729ms] [LOG] [Fast Refresh] done in 2ms @ http://localhost:3000/_next/static/chunks/node_modules_next_dist_1e8vcs8._.js:776
[  310786ms] [LOG] [Fast Refresh] done in 2ms @ http://localhost:3000/_next/static/chunks/node_modules_next_dist_1e8vcs8._.js:776
[  310847ms] [LOG] [Fast Refresh] done in 2ms @ http://localhost:3000/_next/static/chunks/node_modules_next_dist_1e8vcs8._.js:776
[  310888ms] [LOG] [Fast Refresh] done in 2ms @ http://localhost:3000/_next/static/chunks/node_modules_next_dist_1e8vcs8._.js:776
[  310945ms] [LOG] [Fast Refresh] done in 2ms @ http://localhost:3000/_next/static/chunks/node_modules_next_dist_1e8vcs8._.js:776
[  310993ms] [LOG] [Fast Refresh] done in 2ms @ http://localhost:3000/_next/static/chunks/node_modules_next_dist_1e8vcs8._.js:776
[  311043ms] [LOG] [Fast Refresh] done in 2ms @ http://localhost:3000/_next/static/chunks/node_modules_next_dist_1e8vcs8._.js:776
[  311095ms] [LOG] [Fast Refresh] done in 2ms @ http://localhost:3000/_next/static/chunks/node_modules_next_dist_1e8vcs8._.js:776
[  311139ms] [LOG] [Fast Refresh] done in 2ms @ http://localhost:3000/_next/static/chunks/node_modules_next_dist_1e8vcs8._.js:776
[  311181ms] [LOG] [Fast Refresh] done in 2ms @ http://localhost:3000/_next/static/chunks/node_modules_next_dist_1e8vcs8._.js:776
[  311225ms] [LOG] [Fast Refresh] done in 2ms @ http://localhost:3000/_next/static/chunks/node_modules_next_dist_1e8vcs8._.js:776
[  311278ms] [LOG] [Fast Refresh] done in 2ms @ http://localhost:3000/_next/static/chunks/node_modules_next_dist_1e8vcs8._.js:776
[  311326ms] [LOG] [Fast Refresh] done in 2ms @ http://localhost:3000/_next/static/chunks/node_modules_next_dist_1e8vcs8._.js:776
[  311392ms] [LOG] [Fast Refresh] done in 2ms @ http://localhost:3000/_next/static/chunks/node_modules_next_dist_1e8vcs8._.js:776
[  311442ms] [LOG] [Fast Refresh] done in 2ms @ http://localhost:3000/_next/static/chunks/node_modules_next_dist_1e8vcs8._.js:776
[  311486ms] [LOG] [Fast Refresh] done in 2ms @ http://localhost:3000/_next/static/chunks/node_modules_next_dist_1e8vcs8._.js:776
[  311539ms] [LOG] [Fast Refresh] done in 2ms @ http://localhost:3000/_next/static/chunks/node_modules_next_dist_1e8vcs8._.js:776
[  311594ms] [LOG] [Fast Refresh] done in 2ms @ http://localhost:3000/_next/static/chunks/node_modules_next_dist_1e8vcs8._.js:776
[  311633ms] [LOG] [Fast Refresh] done in 2ms @ http://localhost:3000/_next/static/chunks/node_modules_next_dist_1e8vcs8._.js:776
[  311695ms] [LOG] [Fast Refresh] done in 2ms @ http://localhost:3000/_next/static/chunks/node_modules_next_dist_1e8vcs8._.js:776
[  311744ms] [LOG] [Fast Refresh] done in 2ms @ http://localhost:3000/_next/static/chunks/node_modules_next_dist_1e8vcs8._.js:776
[  311798ms] [LOG] [Fast Refresh] done in 2ms @ http://localhost:3000/_next/static/chunks/node_modules_next_dist_1e8vcs8._.js:776
[  311847ms] [LOG] [Fast Refresh] done in 2ms @ http://localhost:3000/_next/static/chunks/node_modules_next_dist_1e8vcs8._.js:776
[  311890ms] [LOG] [Fast Refresh] done in 2ms @ http://localhost:3000/_next/static/chunks/node_modules_next_dist_1e8vcs8._.js:776
[  311945ms] [LOG] [Fast Refresh] done in 2ms @ http://localhost:3000/_next/static/chunks/node_modules_next_dist_1e8vcs8._.js:776
[  311996ms] [LOG] [Fast Refresh] done in 2ms @ http://localhost:3000/_next/static/chunks/node_modules_next_dist_1e8vcs8._.js:776
[  312048ms] [LOG] [Fast Refresh] done in 2ms @ http://localhost:3000/_next/static/chunks/node_modules_next_dist_1e8vcs8._.js:776
[  312104ms] [LOG] [Fast Refresh] done in 2ms @ http://localhost:3000/_next/static/chunks/node_modules_next_dist_1e8vcs8._.js:776
[  312149ms] [LOG] [Fast Refresh] done in 2ms @ http://localhost:3000/_next/static/chunks/node_modules_next_dist_1e8vcs8._.js:776
[  312188ms] [LOG] [Fast Refresh] done in 2ms @ http://localhost:3000/_next/static/chunks/node_modules_next_dist_1e8vcs8._.js:776
[  312229ms] [LOG] [Fast Refresh] done in 2ms @ http://localhost:3000/_next/static/chunks/node_modules_next_dist_1e8vcs8._.js:776
[  312277ms] [LOG] [Fast Refresh] done in 2ms @ http://localhost:3000/_next/static/chunks/node_modules_next_dist_1e8vcs8._.js:776
[  312329ms] [LOG] [Fast Refresh] done in 2ms @ http://localhost:3000/_next/static/chunks/node_modules_next_dist_1e8vcs8._.js:776
[  312378ms] [LOG] [Fast Refresh] done in 2ms @ http://localhost:3000/_next/static/chunks/node_modules_next_dist_1e8vcs8._.js:776
[  312427ms] [LOG] [Fast Refresh] done in 2ms @ http://localhost:3000/_next/static/chunks/node_modules_next_dist_1e8vcs8._.js:776
[  312476ms] [LOG] [Fast Refresh] done in 2ms @ http://localhost:3000/_next/static/chunks/node_modules_next_dist_1e8vcs8._.js:776
[  312521ms] [LOG] [Fast Refresh] done in 2ms @ http://localhost:3000/_next/static/chunks/node_modules_next_dist_1e8vcs8._.js:776
[  312563ms] [LOG] [Fast Refresh] done in 2ms @ http://localhost:3000/_next/static/chunks/node_modules_next_dist_1e8vcs8._.js:776
[  312604ms] [LOG] [Fast Refresh] done in 2ms @ http://localhost:3000/_next/static/chunks/node_modules_next_dist_1e8vcs8._.js:776
[  312648ms] [LOG] [Fast Refresh] done in 2ms @ http://localhost:3000/_next/static/chunks/node_modules_next_dist_1e8vcs8._.js:776
[  312709ms] [LOG] [Fast Refresh] done in 2ms @ http://localhost:3000/_next/static/chunks/node_modules_next_dist_1e8vcs8._.js:776
[  312763ms] [LOG] [Fast Refresh] done in 2ms @ http://localhost:3000/_next/static/chunks/node_modules_next_dist_1e8vcs8._.js:776
[  312803ms] [LOG] [Fast Refresh] done in 2ms @ http://localhost:3000/_next/static/chunks/node_modules_next_dist_1e8vcs8._.js:776
[  312860ms] [LOG] [Fast Refresh] done in 2ms @ http://localhost:3000/_next/static/chunks/node_modules_next_dist_1e8vcs8._.js:776
[  312910ms] [LOG] [Fast Refresh] done in 2ms @ http://localhost:3000/_next/static/chunks/node_modules_next_dist_1e8vcs8._.js:776
[  312955ms] [LOG] [Fast Refresh] done in 2ms @ http://localhost:3000/_next/static/chunks/node_modules_next_dist_1e8vcs8._.js:776
[  313007ms] [LOG] [Fast Refresh] done in 2ms @ http://localhost:3000/_next/static/chunks/node_modules_next_dist_1e8vcs8._.js:776
[  313048ms] [LOG] [Fast Refresh] done in 2ms @ http://localhost:3000/_next/static/chunks/node_modules_next_dist_1e8vcs8._.js:776
[  313111ms] [LOG] [Fast Refresh] done in 2ms @ http://localhost:3000/_next/static/chunks/node_modules_next_dist_1e8vcs8._.js:776
[  313159ms] [LOG] [Fast Refresh] done in 2ms @ http://localhost:3000/_next/static/chunks/node_modules_next_dist_1e8vcs8._.js:776
[  313209ms] [LOG] [Fast Refresh] done in 2ms @ http://localhost:3000/_next/static/chunks/node_modules_next_dist_1e8vcs8._.js:776
[  313250ms] [LOG] [Fast Refresh] done in 2ms @ http://localhost:3000/_next/static/chunks/node_modules_next_dist_1e8vcs8._.js:776
[  313301ms] [LOG] [Fast Refresh] done in 2ms @ http://localhost:3000/_next/static/chunks/node_modules_next_dist_1e8vcs8._.js:776
[  313359ms] [LOG] [Fast Refresh] done in 2ms @ http://localhost:3000/_next/static/chunks/node_modules_next_dist_1e8vcs8._.js:776
[  313404ms] [LOG] [Fast Refresh] done in 2ms @ http://localhost:3000/_next/static/chunks/node_modules_next_dist_1e8vcs8._.js:776
[  313454ms] [LOG] [Fast Refresh] done in 2ms @ http://localhost:3000/_next/static/chunks/node_modules_next_dist_1e8vcs8._.js:776
[  313492ms] [LOG] [Fast Refresh] done in 2ms @ http://localhost:3000/_next/static/chunks/node_modules_next_dist_1e8vcs8._.js:776
[  313549ms] [LOG] [Fast Refresh] done in 2ms @ http://localhost:3000/_next/static/chunks/node_modules_next_dist_1e8vcs8._.js:776
[  313605ms] [LOG] [Fast Refresh] done in 2ms @ http://localhost:3000/_next/static/chunks/node_modules_next_dist_1e8vcs8._.js:776
[  313652ms] [LOG] [Fast Refresh] done in 2ms @ http://localhost:3000/_next/static/chunks/node_modules_next_dist_1e8vcs8._.js:776
[  313694ms] [LOG] [Fast Refresh] done in 2ms @ http://localhost:3000/_next/static/chunks/node_modules_next_dist_1e8vcs8._.js:776
[  313745ms] [LOG] [Fast Refresh] done in 2ms @ http://localhost:3000/_next/static/chunks/node_modules_next_dist_1e8vcs8._.js:776
[  313795ms] [LOG] [Fast Refresh] done in 2ms @ http://localhost:3000/_next/static/chunks/node_modules_next_dist_1e8vcs8._.js:776
[  313850ms] [LOG] [Fast Refresh] done in 2ms @ http://localhost:3000/_next/static/chunks/node_modules_next_dist_1e8vcs8._.js:776
[  313897ms] [LOG] [Fast Refresh] done in 2ms @ http://localhost:3000/_next/static/chunks/node_modules_next_dist_1e8vcs8._.js:776
[  313937ms] [LOG] [Fast Refresh] done in 2ms @ http://localhost:3000/_next/static/chunks/node_modules_next_dist_1e8vcs8._.js:776
[  313978ms] [LOG] [Fast Refresh] done in 2ms @ http://localhost:3000/_next/static/chunks/node_modules_next_dist_1e8vcs8._.js:776
[  314033ms] [LOG] [Fast Refresh] done in 2ms @ http://localhost:3000/_next/static/chunks/node_modules_next_dist_1e8vcs8._.js:776
[  314079ms] [LOG] [Fast Refresh] done in 2ms @ http://localhost:3000/_next/static/chunks/node_modules_next_dist_1e8vcs8._.js:776
[  314133ms] [LOG] [Fast Refresh] done in 2ms @ http://localhost:3000/_next/static/chunks/node_modules_next_dist_1e8vcs8._.js:776
[  314181ms] [LOG] [Fast Refresh] done in 2ms @ http://localhost:3000/_next/static/chunks/node_modules_next_dist_1e8vcs8._.js:776
[  314227ms] [LOG] [Fast Refresh] done in 2ms @ http://localhost:3000/_next/static/chunks/node_modules_next_dist_1e8vcs8._.js:776
[  314281ms] [LOG] [Fast Refresh] done in 2ms @ http://localhost:3000/_next/static/chunks/node_modules_next_dist_1e8vcs8._.js:776
[  314326ms] [LOG] [Fast Refresh] done in 2ms @ http://localhost:3000/_next/static/chunks/node_modules_next_dist_1e8vcs8._.js:776
[  314375ms] [LOG] [Fast Refresh] done in 2ms @ http://localhost:3000/_next/static/chunks/node_modules_next_dist_1e8vcs8._.js:776
[  314426ms] [LOG] [Fast Refresh] done in 2ms @ http://localhost:3000/_next/static/chunks/node_modules_next_dist_1e8vcs8._.js:776
[  314475ms] [LOG] [Fast Refresh] done in 2ms @ http://localhost:3000/_next/static/chunks/node_modules_next_dist_1e8vcs8._.js:776
[  314515ms] [LOG] [Fast Refresh] done in 2ms @ http://localhost:3000/_next/static/chunks/node_modules_next_dist_1e8vcs8._.js:776
[  314564ms] [LOG] [Fast Refresh] done in 2ms @ http://localhost:3000/_next/static/chunks/node_modules_next_dist_1e8vcs8._.js:776
[  314632ms] [LOG] [Fast Refresh] done in 2ms @ http://localhost:3000/_next/static/chunks/node_modules_next_dist_1e8vcs8._.js:776
[  314694ms] [LOG] [Fast Refresh] done in 2ms @ http://localhost:3000/_next/static/chunks/node_modules_next_dist_1e8vcs8._.js:776
[  314750ms] [LOG] [Fast Refresh] done in 2ms @ http://localhost:3000/_next/static/chunks/node_modules_next_dist_1e8vcs8._.js:776
[  314796ms] [LOG] [Fast Refresh] done in 2ms @ http://localhost:3000/_next/static/chunks/node_modules_next_dist_1e8vcs8._.js:776
[  314848ms] [LOG] [Fast Refresh] done in 2ms @ http://localhost:3000/_next/static/chunks/node_modules_next_dist_1e8vcs8._.js:776
[  314911ms] [LOG] [Fast Refresh] done in 2ms @ http://localhost:3000/_next/static/chunks/node_modules_next_dist_1e8vcs8._.js:776
[  314967ms] [LOG] [Fast Refresh] done in 2ms @ http://localhost:3000/_next/static/chunks/node_modules_next_dist_1e8vcs8._.js:776
[  315015ms] [LOG] [Fast Refresh] done in 2ms @ http://localhost:3000/_next/static/chunks/node_modules_next_dist_1e8vcs8._.js:776
[  315070ms] [LOG] [Fast Refresh] done in 2ms @ http://localhost:3000/_next/static/chunks/node_modules_next_dist_1e8vcs8._.js:776
[  315112ms] [LOG] [Fast Refresh] done in 2ms @ http://localhost:3000/_next/static/chunks/node_modules_next_dist_1e8vcs8._.js:776
[  315167ms] [LOG] [Fast Refresh] done in 2ms @ http://localhost:3000/_next/static/chunks/node_modules_next_dist_1e8vcs8._.js:776
[  315235ms] [LOG] [Fast Refresh] done in 2ms @ http://localhost:3000/_next/static/chunks/node_modules_next_dist_1e8vcs8._.js:776
[  315281ms] [LOG] [Fast Refresh] done in 2ms @ http://localhost:3000/_next/static/chunks/node_modules_next_dist_1e8vcs8._.js:776
[  315329ms] [LOG] [Fast Refresh] done in 2ms @ http://localhost:3000/_next/static/chunks/node_modules_next_dist_1e8vcs8._.js:776
[  315379ms] [LOG] [Fast Refresh] done in 2ms @ http://localhost:3000/_next/static/chunks/node_modules_next_dist_1e8vcs8._.js:776
[  315426ms] [LOG] [Fast Refresh] done in 2ms @ http://localhost:3000/_next/static/chunks/node_modules_next_dist_1e8vcs8._.js:776
[  315475ms] [LOG] [Fast Refresh] done in 2ms @ http://localhost:3000/_next/static/chunks/node_modules_next_dist_1e8vcs8._.js:776
[  315531ms] [LOG] [Fast Refresh] done in 2ms @ http://localhost:3000/_next/static/chunks/node_modules_next_dist_1e8vcs8._.js:776
[  315579ms] [LOG] [Fast Refresh] done in 2ms @ http://localhost:3000/_next/static/chunks/node_modules_next_dist_1e8vcs8._.js:776
[  315628ms] [LOG] [Fast Refresh] done in 2ms @ http://localhost:3000/_next/static/chunks/node_modules_next_dist_1e8vcs8._.js:776
[  315675ms] [LOG] [Fast Refresh] done in 2ms @ http://localhost:3000/_next/static/chunks/node_modules_next_dist_1e8vcs8._.js:776
[  315726ms] [LOG] [Fast Refresh] done in 2ms @ http://localhost:3000/_next/static/chunks/node_modules_next_dist_1e8vcs8._.js:776
[  315782ms] [LOG] [Fast Refresh] done in 2ms @ http://localhost:3000/_next/static/chunks/node_modules_next_dist_1e8vcs8._.js:776
[  315825ms] [LOG] [Fast Refresh] done in 2ms @ http://localhost:3000/_next/static/chunks/node_modules_next_dist_1e8vcs8._.js:776
[  315876ms] [LOG] [Fast Refresh] done in 2ms @ http://localhost:3000/_next/static/chunks/node_modules_next_dist_1e8vcs8._.js:776
[  315922ms] [LOG] [Fast Refresh] done in 2ms @ http://localhost:3000/_next/static/chunks/node_modules_next_dist_1e8vcs8._.js:776
[  315962ms] [LOG] [Fast Refresh] done in 2ms @ http://localhost:3000/_next/static/chunks/node_modules_next_dist_1e8vcs8._.js:776
[  316009ms] [LOG] [Fast Refresh] done in 2ms @ http://localhost:3000/_next/static/chunks/node_modules_next_dist_1e8vcs8._.js:776
[  316057ms] [LOG] [Fast Refresh] done in 2ms @ http://localhost:3000/_next/static/chunks/node_modules_next_dist_1e8vcs8._.js:776
[  316104ms] [LOG] [Fast Refresh] done in 2ms @ http://localhost:3000/_next/static/chunks/node_modules_next_dist_1e8vcs8._.js:776
[  316146ms] [LOG] [Fast Refresh] done in 2ms @ http://localhost:3000/_next/static/chunks/node_modules_next_dist_1e8vcs8._.js:776
[  316189ms] [LOG] [Fast Refresh] done in 2ms @ http://localhost:3000/_next/static/chunks/node_modules_next_dist_1e8vcs8._.js:776
[  316233ms] [LOG] [Fast Refresh] done in 2ms @ http://localhost:3000/_next/static/chunks/node_modules_next_dist_1e8vcs8._.js:776
[  316277ms] [LOG] [Fast Refresh] done in 2ms @ http://localhost:3000/_next/static/chunks/node_modules_next_dist_1e8vcs8._.js:776
[  316328ms] [LOG] [Fast Refresh] done in 2ms @ http://localhost:3000/_next/static/chunks/node_modules_next_dist_1e8vcs8._.js:776
[  316382ms] [LOG] [Fast Refresh] done in 2ms @ http://localhost:3000/_next/static/chunks/node_modules_next_dist_1e8vcs8._.js:776
[  316431ms] [LOG] [Fast Refresh] done in 2ms @ http://localhost:3000/_next/static/chunks/node_modules_next_dist_1e8vcs8._.js:776
[  316475ms] [LOG] [Fast Refresh] done in 2ms @ http://localhost:3000/_next/static/chunks/node_modules_next_dist_1e8vcs8._.js:776
[  316516ms] [LOG] [Fast Refresh] done in 2ms @ http://localhost:3000/_next/static/chunks/node_modules_next_dist_1e8vcs8._.js:776
[  316564ms] [LOG] [Fast Refresh] done in 2ms @ http://localhost:3000/_next/static/chunks/node_modules_next_dist_1e8vcs8._.js:776
[  316613ms] [LOG] [Fast Refresh] done in 2ms @ http://localhost:3000/_next/static/chunks/node_modules_next_dist_1e8vcs8._.js:776
[  316675ms] [LOG] [Fast Refresh] done in 2ms @ http://localhost:3000/_next/static/chunks/node_modules_next_dist_1e8vcs8._.js:776
[  316722ms] [LOG] [Fast Refresh] done in 2ms @ http://localhost:3000/_next/static/chunks/node_modules_next_dist_1e8vcs8._.js:776
[  316781ms] [LOG] [Fast Refresh] done in 2ms @ http://localhost:3000/_next/static/chunks/node_modules_next_dist_1e8vcs8._.js:776
[  316820ms] [LOG] [Fast Refresh] done in 2ms @ http://localhost:3000/_next/static/chunks/node_modules_next_dist_1e8vcs8._.js:776
[  316861ms] [LOG] [Fast Refresh] done in 2ms @ http://localhost:3000/_next/static/chunks/node_modules_next_dist_1e8vcs8._.js:776
[  316902ms] [LOG] [Fast Refresh] done in 2ms @ http://localhost:3000/_next/static/chunks/node_modules_next_dist_1e8vcs8._.js:776
[  316965ms] [LOG] [Fast Refresh] done in 2ms @ http://localhost:3000/_next/static/chunks/node_modules_next_dist_1e8vcs8._.js:776
[  317021ms] [LOG] [Fast Refresh] done in 2ms @ http://localhost:3000/_next/static/chunks/node_modules_next_dist_1e8vcs8._.js:776
[  317070ms] [LOG] [Fast Refresh] done in 2ms @ http://localhost:3000/_next/static/chunks/node_modules_next_dist_1e8vcs8._.js:776
[  317119ms] [LOG] [Fast Refresh] done in 2ms @ http://localhost:3000/_next/static/chunks/node_modules_next_dist_1e8vcs8._.js:776
[  317163ms] [LOG] [Fast Refresh] done in 2ms @ http://localhost:3000/_next/static/chunks/node_modules_next_dist_1e8vcs8._.js:776
[  317214ms] [LOG] [Fast Refresh] done in 2ms @ http://localhost:3000/_next/static/chunks/node_modules_next_dist_1e8vcs8._.js:776
[  317258ms] [LOG] [Fast Refresh] done in 2ms @ http://localhost:3000/_next/static/chunks/node_modules_next_dist_1e8vcs8._.js:776
[  317299ms] [LOG] [Fast Refresh] done in 2ms @ http://localhost:3000/_next/static/chunks/node_modules_next_dist_1e8vcs8._.js:776
[  317347ms] [LOG] [Fast Refresh] done in 2ms @ http://localhost:3000/_next/static/chunks/node_modules_next_dist_1e8vcs8._.js:776
[  317396ms] [LOG] [Fast Refresh] done in 2ms @ http://localhost:3000/_next/static/chunks/node_modules_next_dist_1e8vcs8._.js:776
[  317444ms] [LOG] [Fast Refresh] done in 2ms @ http://localhost:3000/_next/static/chunks/node_modules_next_dist_1e8vcs8._.js:776
[  317486ms] [LOG] [Fast Refresh] done in 2ms @ http://localhost:3000/_next/static/chunks/node_modules_next_dist_1e8vcs8._.js:776
[  317541ms] [LOG] [Fast Refresh] done in 2ms @ http://localhost:3000/_next/static/chunks/node_modules_next_dist_1e8vcs8._.js:776
[  317583ms] [LOG] [Fast Refresh] done in 2ms @ http://localhost:3000/_next/static/chunks/node_modules_next_dist_1e8vcs8._.js:776
[  317639ms] [LOG] [Fast Refresh] done in 2ms @ http://localhost:3000/_next/static/chunks/node_modules_next_dist_1e8vcs8._.js:776
[  317681ms] [LOG] [Fast Refresh] done in 2ms @ http://localhost:3000/_next/static/chunks/node_modules_next_dist_1e8vcs8._.js:776
[  317722ms] [LOG] [Fast Refresh] done in 2ms @ http://localhost:3000/_next/static/chunks/node_modules_next_dist_1e8vcs8._.js:776
[  317764ms] [LOG] [Fast Refresh] done in 2ms @ http://localhost:3000/_next/static/chunks/node_modules_next_dist_1e8vcs8._.js:776
[  317805ms] [LOG] [Fast Refresh] done in 2ms @ http://localhost:3000/_next/static/chunks/node_modules_next_dist_1e8vcs8._.js:776
[  317847ms] [LOG] [Fast Refresh] done in 2ms @ http://localhost:3000/_next/static/chunks/node_modules_next_dist_1e8vcs8._.js:776
[  317911ms] [LOG] [Fast Refresh] done in 2ms @ http://localhost:3000/_next/static/chunks/node_modules_next_dist_1e8vcs8._.js:776
[  317965ms] [LOG] [Fast Refresh] done in 2ms @ http://localhost:3000/_next/static/chunks/node_modules_next_dist_1e8vcs8._.js:776
[  318006ms] [LOG] [Fast Refresh] done in 2ms @ http://localhost:3000/_next/static/chunks/node_modules_next_dist_1e8vcs8._.js:776
[  318064ms] [LOG] [Fast Refresh] done in 2ms @ http://localhost:3000/_next/static/chunks/node_modules_next_dist_1e8vcs8._.js:776
[  318112ms] [LOG] [Fast Refresh] done in 2ms @ http://localhost:3000/_next/static/chunks/node_modules_next_dist_1e8vcs8._.js:776
[  318161ms] [LOG] [Fast Refresh] done in 2ms @ http://localhost:3000/_next/static/chunks/node_modules_next_dist_1e8vcs8._.js:776
[  318222ms] [LOG] [Fast Refresh] done in 2ms @ http://localhost:3000/_next/static/chunks/node_modules_next_dist_1e8vcs8._.js:776
[  318264ms] [LOG] [Fast Refresh] done in 2ms @ http://localhost:3000/_next/static/chunks/node_modules_next_dist_1e8vcs8._.js:776
[  318312ms] [LOG] [Fast Refresh] done in 2ms @ http://localhost:3000/_next/static/chunks/node_modules_next_dist_1e8vcs8._.js:776
[  318362ms] [LOG] [Fast Refresh] done in 2ms @ http://localhost:3000/_next/static/chunks/node_modules_next_dist_1e8vcs8._.js:776
[  318411ms] [LOG] [Fast Refresh] done in 2ms @ http://localhost:3000/_next/static/chunks/node_modules_next_dist_1e8vcs8._.js:776
[  318463ms] [LOG] [Fast Refresh] done in 2ms @ http://localhost:3000/_next/static/chunks/node_modules_next_dist_1e8vcs8._.js:776
[  318515ms] [LOG] [Fast Refresh] done in 2ms @ http://localhost:3000/_next/static/chunks/node_modules_next_dist_1e8vcs8._.js:776
[  318574ms] [LOG] [Fast Refresh] done in 2ms @ http://localhost:3000/_next/static/chunks/node_modules_next_dist_1e8vcs8._.js:776
[  318632ms] [LOG] [Fast Refresh] done in 2ms @ http://localhost:3000/_next/static/chunks/node_modules_next_dist_1e8vcs8._.js:776
[  318688ms] [LOG] [Fast Refresh] done in 2ms @ http://localhost:3000/_next/static/chunks/node_modules_next_dist_1e8vcs8._.js:776
[  318731ms] [LOG] [Fast Refresh] done in 2ms @ http://localhost:3000/_next/static/chunks/node_modules_next_dist_1e8vcs8._.js:776
[  318785ms] [LOG] [Fast Refresh] done in 2ms @ http://localhost:3000/_next/static/chunks/node_modules_next_dist_1e8vcs8._.js:776
[  318835ms] [LOG] [Fast Refresh] done in 2ms @ http://localhost:3000/_next/static/chunks/node_modules_next_dist_1e8vcs8._.js:776
[  318875ms] [LOG] [Fast Refresh] done in 2ms @ http://localhost:3000/_next/static/chunks/node_modules_next_dist_1e8vcs8._.js:776
[  318911ms] [LOG] [Fast Refresh] done in 2ms @ http://localhost:3000/_next/static/chunks/node_modules_next_dist_1e8vcs8._.js:776
[  318956ms] [LOG] [Fast Refresh] done in 2ms @ http://localhost:3000/_next/static/chunks/node_modules_next_dist_1e8vcs8._.js:776
[  319001ms] [LOG] [Fast Refresh] done in 2ms @ http://localhost:3000/_next/static/chunks/node_modules_next_dist_1e8vcs8._.js:776
[  319053ms] [LOG] [Fast Refresh] done in 2ms @ http://localhost:3000/_next/static/chunks/node_modules_next_dist_1e8vcs8._.js:776
[  319099ms] [LOG] [Fast Refresh] done in 2ms @ http://localhost:3000/_next/static/chunks/node_modules_next_dist_1e8vcs8._.js:776
[  319147ms] [LOG] [Fast Refresh] done in 2ms @ http://localhost:3000/_next/static/chunks/node_modules_next_dist_1e8vcs8._.js:776
[  319191ms] [LOG] [Fast Refresh] done in 2ms @ http://localhost:3000/_next/static/chunks/node_modules_next_dist_1e8vcs8._.js:776
[  319245ms] [LOG] [Fast Refresh] done in 2ms @ http://localhost:3000/_next/static/chunks/node_modules_next_dist_1e8vcs8._.js:776
[  319293ms] [LOG] [Fast Refresh] done in 2ms @ http://localhost:3000/_next/static/chunks/node_modules_next_dist_1e8vcs8._.js:776
[  319333ms] [LOG] [Fast Refresh] done in 2ms @ http://localhost:3000/_next/static/chunks/node_modules_next_dist_1e8vcs8._.js:776
[  319379ms] [LOG] [Fast Refresh] done in 2ms @ http://localhost:3000/_next/static/chunks/node_modules_next_dist_1e8vcs8._.js:776
[  319436ms] [LOG] [Fast Refresh] done in 2ms @ http://localhost:3000/_next/static/chunks/node_modules_next_dist_1e8vcs8._.js:776
[  319481ms] [LOG] [Fast Refresh] done in 2ms @ http://localhost:3000/_next/static/chunks/node_modules_next_dist_1e8vcs8._.js:776
[  319534ms] [LOG] [Fast Refresh] done in 2ms @ http://localhost:3000/_next/static/chunks/node_modules_next_dist_1e8vcs8._.js:776
[  319593ms] [LOG] [Fast Refresh] done in 2ms @ http://localhost:3000/_next/static/chunks/node_modules_next_dist_1e8vcs8._.js:776
[  319640ms] [LOG] [Fast Refresh] done in 2ms @ http://localhost:3000/_next/static/chunks/node_modules_next_dist_1e8vcs8._.js:776
[  319689ms] [LOG] [Fast Refresh] done in 2ms @ http://localhost:3000/_next/static/chunks/node_modules_next_dist_1e8vcs8._.js:776
[  319737ms] [LOG] [Fast Refresh] done in 2ms @ http://localhost:3000/_next/static/chunks/node_modules_next_dist_1e8vcs8._.js:776
[  319784ms] [LOG] [Fast Refresh] done in 2ms @ http://localhost:3000/_next/static/chunks/node_modules_next_dist_1e8vcs8._.js:776
[  319841ms] [LOG] [Fast Refresh] done in 2ms @ http://localhost:3000/_next/static/chunks/node_modules_next_dist_1e8vcs8._.js:776
[  319895ms] [LOG] [Fast Refresh] done in 2ms @ http://localhost:3000/_next/static/chunks/node_modules_next_dist_1e8vcs8._.js:776
[  319937ms] [LOG] [Fast Refresh] done in 2ms @ http://localhost:3000/_next/static/chunks/node_modules_next_dist_1e8vcs8._.js:776
[  319990ms] [LOG] [Fast Refresh] done in 2ms @ http://localhost:3000/_next/static/chunks/node_modules_next_dist_1e8vcs8._.js:776
[  320044ms] [LOG] [Fast Refresh] done in 2ms @ http://localhost:3000/_next/static/chunks/node_modules_next_dist_1e8vcs8._.js:776
[  320083ms] [LOG] [Fast Refresh] done in 2ms @ http://localhost:3000/_next/static/chunks/node_modules_next_dist_1e8vcs8._.js:776
[  320145ms] [LOG] [Fast Refresh] done in 2ms @ http://localhost:3000/_next/static/chunks/node_modules_next_dist_1e8vcs8._.js:776
[  320189ms] [LOG] [Fast Refresh] done in 2ms @ http://localhost:3000/_next/static/chunks/node_modules_next_dist_1e8vcs8._.js:776
[  320244ms] [LOG] [Fast Refresh] done in 2ms @ http://localhost:3000/_next/static/chunks/node_modules_next_dist_1e8vcs8._.js:776
[  320293ms] [LOG] [Fast Refresh] done in 2ms @ http://localhost:3000/_next/static/chunks/node_modules_next_dist_1e8vcs8._.js:776
[  320340ms] [LOG] [Fast Refresh] done in 2ms @ http://localhost:3000/_next/static/chunks/node_modules_next_dist_1e8vcs8._.js:776
[  320382ms] [LOG] [Fast Refresh] done in 2ms @ http://localhost:3000/_next/static/chunks/node_modules_next_dist_1e8vcs8._.js:776
[  320439ms] [LOG] [Fast Refresh] done in 2ms @ http://localhost:3000/_next/static/chunks/node_modules_next_dist_1e8vcs8._.js:776
[  320480ms] [LOG] [Fast Refresh] done in 2ms @ http://localhost:3000/_next/static/chunks/node_modules_next_dist_1e8vcs8._.js:776
[  320528ms] [LOG] [Fast Refresh] done in 2ms @ http://localhost:3000/_next/static/chunks/node_modules_next_dist_1e8vcs8._.js:776
[  320570ms] [LOG] [Fast Refresh] done in 2ms @ http://localhost:3000/_next/static/chunks/node_modules_next_dist_1e8vcs8._.js:776
[  320612ms] [LOG] [Fast Refresh] done in 2ms @ http://localhost:3000/_next/static/chunks/node_modules_next_dist_1e8vcs8._.js:776
[  320653ms] [LOG] [Fast Refresh] done in 2ms @ http://localhost:3000/_next/static/chunks/node_modules_next_dist_1e8vcs8._.js:776
[  320695ms] [LOG] [Fast Refresh] done in 2ms @ http://localhost:3000/_next/static/chunks/node_modules_next_dist_1e8vcs8._.js:776
[  320745ms] [LOG] [Fast Refresh] done in 2ms @ http://localhost:3000/_next/static/chunks/node_modules_next_dist_1e8vcs8._.js:776
[  320792ms] [LOG] [Fast Refresh] done in 2ms @ http://localhost:3000/_next/static/chunks/node_modules_next_dist_1e8vcs8._.js:776
[  320833ms] [LOG] [Fast Refresh] done in 2ms @ http://localhost:3000/_next/static/chunks/node_modules_next_dist_1e8vcs8._.js:776
[  320889ms] [LOG] [Fast Refresh] done in 2ms @ http://localhost:3000/_next/static/chunks/node_modules_next_dist_1e8vcs8._.js:776
[  320939ms] [LOG] [Fast Refresh] done in 2ms @ http://localhost:3000/_next/static/chunks/node_modules_next_dist_1e8vcs8._.js:776
[  320980ms] [LOG] [Fast Refresh] done in 2ms @ http://localhost:3000/_next/static/chunks/node_modules_next_dist_1e8vcs8._.js:776
[  321021ms] [LOG] [Fast Refresh] done in 2ms @ http://localhost:3000/_next/static/chunks/node_modules_next_dist_1e8vcs8._.js:776
[  321062ms] [LOG] [Fast Refresh] done in 2ms @ http://localhost:3000/_next/static/chunks/node_modules_next_dist_1e8vcs8._.js:776
[  321105ms] [LOG] [Fast Refresh] done in 2ms @ http://localhost:3000/_next/static/chunks/node_modules_next_dist_1e8vcs8._.js:776
[  321148ms] [LOG] [Fast Refresh] done in 2ms @ http://localhost:3000/_next/static/chunks/node_modules_next_dist_1e8vcs8._.js:776
[  321189ms] [LOG] [Fast Refresh] done in 2ms @ http://localhost:3000/_next/static/chunks/node_modules_next_dist_1e8vcs8._.js:776
[  321239ms] [LOG] [Fast Refresh] done in 2ms @ http://localhost:3000/_next/static/chunks/node_modules_next_dist_1e8vcs8._.js:776
[  321285ms] [LOG] [Fast Refresh] done in 2ms @ http://localhost:3000/_next/static/chunks/node_modules_next_dist_1e8vcs8._.js:776
[  321326ms] [LOG] [Fast Refresh] done in 2ms @ http://localhost:3000/_next/static/chunks/node_modules_next_dist_1e8vcs8._.js:776
[  321380ms] [LOG] [Fast Refresh] done in 2ms @ http://localhost:3000/_next/static/chunks/node_modules_next_dist_1e8vcs8._.js:776
[  321427ms] [LOG] [Fast Refresh] done in 2ms @ http://localhost:3000/_next/static/chunks/node_modules_next_dist_1e8vcs8._.js:776
[  321476ms] [LOG] [Fast Refresh] done in 2ms @ http://localhost:3000/_next/static/chunks/node_modules_next_dist_1e8vcs8._.js:776
[  321528ms] [LOG] [Fast Refresh] done in 2ms @ http://localhost:3000/_next/static/chunks/node_modules_next_dist_1e8vcs8._.js:776
[  321578ms] [LOG] [Fast Refresh] done in 2ms @ http://localhost:3000/_next/static/chunks/node_modules_next_dist_1e8vcs8._.js:776
[  321618ms] [LOG] [Fast Refresh] done in 2ms @ http://localhost:3000/_next/static/chunks/node_modules_next_dist_1e8vcs8._.js:776
[  321661ms] [LOG] [Fast Refresh] done in 2ms @ http://localhost:3000/_next/static/chunks/node_modules_next_dist_1e8vcs8._.js:776
[  321711ms] [LOG] [Fast Refresh] done in 2ms @ http://localhost:3000/_next/static/chunks/node_modules_next_dist_1e8vcs8._.js:776
[  321751ms] [LOG] [Fast Refresh] done in 2ms @ http://localhost:3000/_next/static/chunks/node_modules_next_dist_1e8vcs8._.js:776
[  321791ms] [LOG] [Fast Refresh] done in 2ms @ http://localhost:3000/_next/static/chunks/node_modules_next_dist_1e8vcs8._.js:776
[  321833ms] [LOG] [Fast Refresh] done in 2ms @ http://localhost:3000/_next/static/chunks/node_modules_next_dist_1e8vcs8._.js:776
[  321894ms] [LOG] [Fast Refresh] done in 2ms @ http://localhost:3000/_next/static/chunks/node_modules_next_dist_1e8vcs8._.js:776
[  321937ms] [LOG] [Fast Refresh] done in 2ms @ http://localhost:3000/_next/static/chunks/node_modules_next_dist_1e8vcs8._.js:776
[  321987ms] [LOG] [Fast Refresh] done in 2ms @ http://localhost:3000/_next/static/chunks/node_modules_next_dist_1e8vcs8._.js:776
[  322028ms] [LOG] [Fast Refresh] done in 2ms @ http://localhost:3000/_next/static/chunks/node_modules_next_dist_1e8vcs8._.js:776
[  322072ms] [LOG] [Fast Refresh] done in 2ms @ http://localhost:3000/_next/static/chunks/node_modules_next_dist_1e8vcs8._.js:776
[  322112ms] [LOG] [Fast Refresh] done in 2ms @ http://localhost:3000/_next/static/chunks/node_modules_next_dist_1e8vcs8._.js:776
[  322151ms] [LOG] [Fast Refresh] done in 2ms @ http://localhost:3000/_next/static/chunks/node_modules_next_dist_1e8vcs8._.js:776
[  322200ms] [LOG] [Fast Refresh] done in 2ms @ http://localhost:3000/_next/static/chunks/node_modules_next_dist_1e8vcs8._.js:776
[  322251ms] [LOG] [Fast Refresh] done in 2ms @ http://localhost:3000/_next/static/chunks/node_modules_next_dist_1e8vcs8._.js:776
[  322289ms] [LOG] [Fast Refresh] done in 2ms @ http://localhost:3000/_next/static/chunks/node_modules_next_dist_1e8vcs8._.js:776
[  322341ms] [LOG] [Fast Refresh] done in 2ms @ http://localhost:3000/_next/static/chunks/node_modules_next_dist_1e8vcs8._.js:776
[  322390ms] [LOG] [Fast Refresh] done in 2ms @ http://localhost:3000/_next/static/chunks/node_modules_next_dist_1e8vcs8._.js:776
[  322449ms] [LOG] [Fast Refresh] done in 2ms @ http://localhost:3000/_next/static/chunks/node_modules_next_dist_1e8vcs8._.js:776
[  322487ms] [LOG] [Fast Refresh] done in 2ms @ http://localhost:3000/_next/static/chunks/node_modules_next_dist_1e8vcs8._.js:776
[  322541ms] [LOG] [Fast Refresh] done in 2ms @ http://localhost:3000/_next/static/chunks/node_modules_next_dist_1e8vcs8._.js:776
[  322590ms] [LOG] [Fast Refresh] done in 2ms @ http://localhost:3000/_next/static/chunks/node_modules_next_dist_1e8vcs8._.js:776
[  322638ms] [LOG] [Fast Refresh] done in 2ms @ http://localhost:3000/_next/static/chunks/node_modules_next_dist_1e8vcs8._.js:776
[  322694ms] [LOG] [Fast Refresh] done in 2ms @ http://localhost:3000/_next/static/chunks/node_modules_next_dist_1e8vcs8._.js:776
[  322736ms] [LOG] [Fast Refresh] done in 2ms @ http://localhost:3000/_next/static/chunks/node_modules_next_dist_1e8vcs8._.js:776
[  322778ms] [LOG] [Fast Refresh] done in 2ms @ http://localhost:3000/_next/static/chunks/node_modules_next_dist_1e8vcs8._.js:776
[  322829ms] [LOG] [Fast Refresh] done in 2ms @ http://localhost:3000/_next/static/chunks/node_modules_next_dist_1e8vcs8._.js:776
[  322889ms] [LOG] [Fast Refresh] done in 2ms @ http://localhost:3000/_next/static/chunks/node_modules_next_dist_1e8vcs8._.js:776
[  322944ms] [LOG] [Fast Refresh] done in 2ms @ http://localhost:3000/_next/static/chunks/node_modules_next_dist_1e8vcs8._.js:776
[  322986ms] [LOG] [Fast Refresh] done in 2ms @ http://localhost:3000/_next/static/chunks/node_modules_next_dist_1e8vcs8._.js:776
[  323047ms] [LOG] [Fast Refresh] done in 2ms @ http://localhost:3000/_next/static/chunks/node_modules_next_dist_1e8vcs8._.js:776
[  323092ms] [LOG] [Fast Refresh] done in 2ms @ http://localhost:3000/_next/static/chunks/node_modules_next_dist_1e8vcs8._.js:776
[  323141ms] [LOG] [Fast Refresh] done in 2ms @ http://localhost:3000/_next/static/chunks/node_modules_next_dist_1e8vcs8._.js:776
[  323182ms] [LOG] [Fast Refresh] done in 2ms @ http://localhost:3000/_next/static/chunks/node_modules_next_dist_1e8vcs8._.js:776
[  323229ms] [LOG] [Fast Refresh] done in 2ms @ http://localhost:3000/_next/static/chunks/node_modules_next_dist_1e8vcs8._.js:776
[  323284ms] [LOG] [Fast Refresh] done in 2ms @ http://localhost:3000/_next/static/chunks/node_modules_next_dist_1e8vcs8._.js:776
[  323326ms] [LOG] [Fast Refresh] done in 2ms @ http://localhost:3000/_next/static/chunks/node_modules_next_dist_1e8vcs8._.js:776
[  323376ms] [LOG] [Fast Refresh] done in 2ms @ http://localhost:3000/_next/static/chunks/node_modules_next_dist_1e8vcs8._.js:776
[  323424ms] [LOG] [Fast Refresh] done in 2ms @ http://localhost:3000/_next/static/chunks/node_modules_next_dist_1e8vcs8._.js:776
[  323485ms] [LOG] [Fast Refresh] done in 2ms @ http://localhost:3000/_next/static/chunks/node_modules_next_dist_1e8vcs8._.js:776
[  323533ms] [LOG] [Fast Refresh] done in 2ms @ http://localhost:3000/_next/static/chunks/node_modules_next_dist_1e8vcs8._.js:776
[  323583ms] [LOG] [Fast Refresh] done in 2ms @ http://localhost:3000/_next/static/chunks/node_modules_next_dist_1e8vcs8._.js:776
[  323634ms] [LOG] [Fast Refresh] done in 2ms @ http://localhost:3000/_next/static/chunks/node_modules_next_dist_1e8vcs8._.js:776
[  323674ms] [LOG] [Fast Refresh] done in 2ms @ http://localhost:3000/_next/static/chunks/node_modules_next_dist_1e8vcs8._.js:776
[  323723ms] [LOG] [Fast Refresh] done in 2ms @ http://localhost:3000/_next/static/chunks/node_modules_next_dist_1e8vcs8._.js:776
[  323772ms] [LOG] [Fast Refresh] done in 2ms @ http://localhost:3000/_next/static/chunks/node_modules_next_dist_1e8vcs8._.js:776
[  323828ms] [LOG] [Fast Refresh] done in 2ms @ http://localhost:3000/_next/static/chunks/node_modules_next_dist_1e8vcs8._.js:776
[  323877ms] [LOG] [Fast Refresh] done in 2ms @ http://localhost:3000/_next/static/chunks/node_modules_next_dist_1e8vcs8._.js:776
[  323917ms] [LOG] [Fast Refresh] done in 2ms @ http://localhost:3000/_next/static/chunks/node_modules_next_dist_1e8vcs8._.js:776
[  323959ms] [LOG] [Fast Refresh] done in 2ms @ http://localhost:3000/_next/static/chunks/node_modules_next_dist_1e8vcs8._.js:776
[  323999ms] [LOG] [Fast Refresh] done in 2ms @ http://localhost:3000/_next/static/chunks/node_modules_next_dist_1e8vcs8._.js:776
[  324042ms] [LOG] [Fast Refresh] done in 2ms @ http://localhost:3000/_next/static/chunks/node_modules_next_dist_1e8vcs8._.js:776
[  324090ms] [LOG] [Fast Refresh] done in 2ms @ http://localhost:3000/_next/static/chunks/node_modules_next_dist_1e8vcs8._.js:776
[  324140ms] [LOG] [Fast Refresh] done in 2ms @ http://localhost:3000/_next/static/chunks/node_modules_next_dist_1e8vcs8._.js:776
[  324191ms] [LOG] [Fast Refresh] done in 2ms @ http://localhost:3000/_next/static/chunks/node_modules_next_dist_1e8vcs8._.js:776
[  324238ms] [LOG] [Fast Refresh] done in 2ms @ http://localhost:3000/_next/static/chunks/node_modules_next_dist_1e8vcs8._.js:776
[  324289ms] [LOG] [Fast Refresh] done in 2ms @ http://localhost:3000/_next/static/chunks/node_modules_next_dist_1e8vcs8._.js:776
[  324341ms] [LOG] [Fast Refresh] done in 2ms @ http://localhost:3000/_next/static/chunks/node_modules_next_dist_1e8vcs8._.js:776
[  324389ms] [LOG] [Fast Refresh] done in 2ms @ http://localhost:3000/_next/static/chunks/node_modules_next_dist_1e8vcs8._.js:776
[  324449ms] [LOG] [Fast Refresh] done in 2ms @ http://localhost:3000/_next/static/chunks/node_modules_next_dist_1e8vcs8._.js:776
[  324517ms] [LOG] [Fast Refresh] done in 2ms @ http://localhost:3000/_next/static/chunks/node_modules_next_dist_1e8vcs8._.js:776
[  324573ms] [LOG] [Fast Refresh] done in 2ms @ http://localhost:3000/_next/static/chunks/node_modules_next_dist_1e8vcs8._.js:776
[  324616ms] [LOG] [Fast Refresh] done in 2ms @ http://localhost:3000/_next/static/chunks/node_modules_next_dist_1e8vcs8._.js:776
[  324659ms] [LOG] [Fast Refresh] done in 2ms @ http://localhost:3000/_next/static/chunks/node_modules_next_dist_1e8vcs8._.js:776
[  324708ms] [LOG] [Fast Refresh] done in 2ms @ http://localhost:3000/_next/static/chunks/node_modules_next_dist_1e8vcs8._.js:776
[  324749ms] [LOG] [Fast Refresh] done in 2ms @ http://localhost:3000/_next/static/chunks/node_modules_next_dist_1e8vcs8._.js:776
[  324800ms] [LOG] [Fast Refresh] done in 2ms @ http://localhost:3000/_next/static/chunks/node_modules_next_dist_1e8vcs8._.js:776
[  324850ms] [LOG] [Fast Refresh] done in 2ms @ http://localhost:3000/_next/static/chunks/node_modules_next_dist_1e8vcs8._.js:776
[  324896ms] [LOG] [Fast Refresh] done in 2ms @ http://localhost:3000/_next/static/chunks/node_modules_next_dist_1e8vcs8._.js:776
[  324939ms] [LOG] [Fast Refresh] done in 2ms @ http://localhost:3000/_next/static/chunks/node_modules_next_dist_1e8vcs8._.js:776
[  324994ms] [LOG] [Fast Refresh] done in 2ms @ http://localhost:3000/_next/static/chunks/node_modules_next_dist_1e8vcs8._.js:776
[  325043ms] [LOG] [Fast Refresh] done in 2ms @ http://localhost:3000/_next/static/chunks/node_modules_next_dist_1e8vcs8._.js:776
[  325096ms] [LOG] [Fast Refresh] done in 2ms @ http://localhost:3000/_next/static/chunks/node_modules_next_dist_1e8vcs8._.js:776
[  325139ms] [LOG] [Fast Refresh] done in 2ms @ http://localhost:3000/_next/static/chunks/node_modules_next_dist_1e8vcs8._.js:776
[  325181ms] [LOG] [Fast Refresh] done in 2ms @ http://localhost:3000/_next/static/chunks/node_modules_next_dist_1e8vcs8._.js:776
[  325226ms] [LOG] [Fast Refresh] done in 2ms @ http://localhost:3000/_next/static/chunks/node_modules_next_dist_1e8vcs8._.js:776
[  325281ms] [LOG] [Fast Refresh] done in 2ms @ http://localhost:3000/_next/static/chunks/node_modules_next_dist_1e8vcs8._.js:776
[  325330ms] [LOG] [Fast Refresh] done in 2ms @ http://localhost:3000/_next/static/chunks/node_modules_next_dist_1e8vcs8._.js:776
[  325378ms] [LOG] [Fast Refresh] done in 2ms @ http://localhost:3000/_next/static/chunks/node_modules_next_dist_1e8vcs8._.js:776
[  325424ms] [LOG] [Fast Refresh] done in 2ms @ http://localhost:3000/_next/static/chunks/node_modules_next_dist_1e8vcs8._.js:776
[  325480ms] [LOG] [Fast Refresh] done in 2ms @ http://localhost:3000/_next/static/chunks/node_modules_next_dist_1e8vcs8._.js:776
[  325530ms] [LOG] [Fast Refresh] done in 2ms @ http://localhost:3000/_next/static/chunks/node_modules_next_dist_1e8vcs8._.js:776
[  325582ms] [LOG] [Fast Refresh] done in 2ms @ http://localhost:3000/_next/static/chunks/node_modules_next_dist_1e8vcs8._.js:776
[  325625ms] [LOG] [Fast Refresh] done in 2ms @ http://localhost:3000/_next/static/chunks/node_modules_next_dist_1e8vcs8._.js:776
[  325689ms] [LOG] [Fast Refresh] done in 2ms @ http://localhost:3000/_next/static/chunks/node_modules_next_dist_1e8vcs8._.js:776
[  325751ms] [LOG] [Fast Refresh] done in 2ms @ http://localhost:3000/_next/static/chunks/node_modules_next_dist_1e8vcs8._.js:776
[  325814ms] [LOG] [Fast Refresh] done in 2ms @ http://localhost:3000/_next/static/chunks/node_modules_next_dist_1e8vcs8._.js:776
[  325868ms] [LOG] [Fast Refresh] done in 2ms @ http://localhost:3000/_next/static/chunks/node_modules_next_dist_1e8vcs8._.js:776
[  325910ms] [LOG] [Fast Refresh] done in 2ms @ http://localhost:3000/_next/static/chunks/node_modules_next_dist_1e8vcs8._.js:776
[  325958ms] [LOG] [Fast Refresh] done in 2ms @ http://localhost:3000/_next/static/chunks/node_modules_next_dist_1e8vcs8._.js:776
[  326000ms] [LOG] [Fast Refresh] done in 2ms @ http://localhost:3000/_next/static/chunks/node_modules_next_dist_1e8vcs8._.js:776
[  326051ms] [LOG] [Fast Refresh] done in 2ms @ http://localhost:3000/_next/static/chunks/node_modules_next_dist_1e8vcs8._.js:776
[  326098ms] [LOG] [Fast Refresh] done in 2ms @ http://localhost:3000/_next/static/chunks/node_modules_next_dist_1e8vcs8._.js:776
[  326136ms] [LOG] [Fast Refresh] done in 2ms @ http://localhost:3000/_next/static/chunks/node_modules_next_dist_1e8vcs8._.js:776
[  326188ms] [LOG] [Fast Refresh] done in 2ms @ http://localhost:3000/_next/static/chunks/node_modules_next_dist_1e8vcs8._.js:776
[  326229ms] [LOG] [Fast Refresh] done in 2ms @ http://localhost:3000/_next/static/chunks/node_modules_next_dist_1e8vcs8._.js:776
[  326271ms] [LOG] [Fast Refresh] done in 2ms @ http://localhost:3000/_next/static/chunks/node_modules_next_dist_1e8vcs8._.js:776
[  326319ms] [LOG] [Fast Refresh] done in 2ms @ http://localhost:3000/_next/static/chunks/node_modules_next_dist_1e8vcs8._.js:776
[  326367ms] [LOG] [Fast Refresh] done in 2ms @ http://localhost:3000/_next/static/chunks/node_modules_next_dist_1e8vcs8._.js:776
[  326407ms] [LOG] [Fast Refresh] done in 2ms @ http://localhost:3000/_next/static/chunks/node_modules_next_dist_1e8vcs8._.js:776
[  326447ms] [LOG] [Fast Refresh] done in 2ms @ http://localhost:3000/_next/static/chunks/node_modules_next_dist_1e8vcs8._.js:776
[  326494ms] [LOG] [Fast Refresh] done in 2ms @ http://localhost:3000/_next/static/chunks/node_modules_next_dist_1e8vcs8._.js:776
[  326542ms] [LOG] [Fast Refresh] done in 2ms @ http://localhost:3000/_next/static/chunks/node_modules_next_dist_1e8vcs8._.js:776
[  326598ms] [LOG] [Fast Refresh] done in 2ms @ http://localhost:3000/_next/static/chunks/node_modules_next_dist_1e8vcs8._.js:776
[  326647ms] [LOG] [Fast Refresh] done in 2ms @ http://localhost:3000/_next/static/chunks/node_modules_next_dist_1e8vcs8._.js:776
[  326694ms] [LOG] [Fast Refresh] done in 2ms @ http://localhost:3000/_next/static/chunks/node_modules_next_dist_1e8vcs8._.js:776
[  326737ms] [LOG] [Fast Refresh] done in 2ms @ http://localhost:3000/_next/static/chunks/node_modules_next_dist_1e8vcs8._.js:776
[  326793ms] [LOG] [Fast Refresh] done in 2ms @ http://localhost:3000/_next/static/chunks/node_modules_next_dist_1e8vcs8._.js:776
[  326846ms] [LOG] [Fast Refresh] done in 2ms @ http://localhost:3000/_next/static/chunks/node_modules_next_dist_1e8vcs8._.js:776
[  326903ms] [LOG] [Fast Refresh] done in 2ms @ http://localhost:3000/_next/static/chunks/node_modules_next_dist_1e8vcs8._.js:776
[  326945ms] [LOG] [Fast Refresh] done in 2ms @ http://localhost:3000/_next/static/chunks/node_modules_next_dist_1e8vcs8._.js:776
[  326993ms] [LOG] [Fast Refresh] done in 2ms @ http://localhost:3000/_next/static/chunks/node_modules_next_dist_1e8vcs8._.js:776
[  327041ms] [LOG] [Fast Refresh] done in 2ms @ http://localhost:3000/_next/static/chunks/node_modules_next_dist_1e8vcs8._.js:776
[  327094ms] [LOG] [Fast Refresh] done in 2ms @ http://localhost:3000/_next/static/chunks/node_modules_next_dist_1e8vcs8._.js:776
[  327156ms] [LOG] [Fast Refresh] done in 2ms @ http://localhost:3000/_next/static/chunks/node_modules_next_dist_1e8vcs8._.js:776
[  327201ms] [LOG] [Fast Refresh] done in 2ms @ http://localhost:3000/_next/static/chunks/node_modules_next_dist_1e8vcs8._.js:776
[  327251ms] [LOG] [Fast Refresh] done in 2ms @ http://localhost:3000/_next/static/chunks/node_modules_next_dist_1e8vcs8._.js:776
[  327302ms] [LOG] [Fast Refresh] done in 2ms @ http://localhost:3000/_next/static/chunks/node_modules_next_dist_1e8vcs8._.js:776
[  327351ms] [LOG] [Fast Refresh] done in 2ms @ http://localhost:3000/_next/static/chunks/node_modules_next_dist_1e8vcs8._.js:776
[  327404ms] [LOG] [Fast Refresh] done in 2ms @ http://localhost:3000/_next/static/chunks/node_modules_next_dist_1e8vcs8._.js:776
[  327468ms] [LOG] [Fast Refresh] done in 2ms @ http://localhost:3000/_next/static/chunks/node_modules_next_dist_1e8vcs8._.js:776
[  327524ms] [LOG] [Fast Refresh] done in 2ms @ http://localhost:3000/_next/static/chunks/node_modules_next_dist_1e8vcs8._.js:776
[  327578ms] [LOG] [Fast Refresh] done in 2ms @ http://localhost:3000/_next/static/chunks/node_modules_next_dist_1e8vcs8._.js:776
[  327629ms] [LOG] [Fast Refresh] done in 2ms @ http://localhost:3000/_next/static/chunks/node_modules_next_dist_1e8vcs8._.js:776
[  327678ms] [LOG] [Fast Refresh] done in 2ms @ http://localhost:3000/_next/static/chunks/node_modules_next_dist_1e8vcs8._.js:776
[  327726ms] [LOG] [Fast Refresh] done in 2ms @ http://localhost:3000/_next/static/chunks/node_modules_next_dist_1e8vcs8._.js:776
[  327781ms] [LOG] [Fast Refresh] done in 2ms @ http://localhost:3000/_next/static/chunks/node_modules_next_dist_1e8vcs8._.js:776
[  327830ms] [LOG] [Fast Refresh] done in 2ms @ http://localhost:3000/_next/static/chunks/node_modules_next_dist_1e8vcs8._.js:776
[  327879ms] [LOG] [Fast Refresh] done in 2ms @ http://localhost:3000/_next/static/chunks/node_modules_next_dist_1e8vcs8._.js:776
[  327927ms] [LOG] [Fast Refresh] done in 2ms @ http://localhost:3000/_next/static/chunks/node_modules_next_dist_1e8vcs8._.js:776
[  327976ms] [LOG] [Fast Refresh] done in 2ms @ http://localhost:3000/_next/static/chunks/node_modules_next_dist_1e8vcs8._.js:776
[  328031ms] [LOG] [Fast Refresh] done in 2ms @ http://localhost:3000/_next/static/chunks/node_modules_next_dist_1e8vcs8._.js:776
[  328080ms] [LOG] [Fast Refresh] done in 2ms @ http://localhost:3000/_next/static/chunks/node_modules_next_dist_1e8vcs8._.js:776
[  328128ms] [LOG] [Fast Refresh] done in 2ms @ http://localhost:3000/_next/static/chunks/node_modules_next_dist_1e8vcs8._.js:776
[  328177ms] [LOG] [Fast Refresh] done in 2ms @ http://localhost:3000/_next/static/chunks/node_modules_next_dist_1e8vcs8._.js:776
[  328215ms] [LOG] [Fast Refresh] done in 2ms @ http://localhost:3000/_next/static/chunks/node_modules_next_dist_1e8vcs8._.js:776
[  328266ms] [LOG] [Fast Refresh] done in 2ms @ http://localhost:3000/_next/static/chunks/node_modules_next_dist_1e8vcs8._.js:776
[  328330ms] [LOG] [Fast Refresh] done in 2ms @ http://localhost:3000/_next/static/chunks/node_modules_next_dist_1e8vcs8._.js:776
[  328373ms] [LOG] [Fast Refresh] done in 2ms @ http://localhost:3000/_next/static/chunks/node_modules_next_dist_1e8vcs8._.js:776
[  328429ms] [LOG] [Fast Refresh] done in 2ms @ http://localhost:3000/_next/static/chunks/node_modules_next_dist_1e8vcs8._.js:776
[  328485ms] [LOG] [Fast Refresh] done in 2ms @ http://localhost:3000/_next/static/chunks/node_modules_next_dist_1e8vcs8._.js:776
[  328542ms] [LOG] [Fast Refresh] done in 2ms @ http://localhost:3000/_next/static/chunks/node_modules_next_dist_1e8vcs8._.js:776
[  328592ms] [LOG] [Fast Refresh] done in 2ms @ http://localhost:3000/_next/static/chunks/node_modules_next_dist_1e8vcs8._.js:776
[  328646ms] [LOG] [Fast Refresh] done in 2ms @ http://localhost:3000/_next/static/chunks/node_modules_next_dist_1e8vcs8._.js:776
[  328695ms] [LOG] [Fast Refresh] done in 2ms @ http://localhost:3000/_next/static/chunks/node_modules_next_dist_1e8vcs8._.js:776
[  328744ms] [LOG] [Fast Refresh] done in 2ms @ http://localhost:3000/_next/static/chunks/node_modules_next_dist_1e8vcs8._.js:776
[  328786ms] [LOG] [Fast Refresh] done in 2ms @ http://localhost:3000/_next/static/chunks/node_modules_next_dist_1e8vcs8._.js:776
[  328827ms] [LOG] [Fast Refresh] done in 2ms @ http://localhost:3000/_next/static/chunks/node_modules_next_dist_1e8vcs8._.js:776
[  328888ms] [LOG] [Fast Refresh] done in 2ms @ http://localhost:3000/_next/static/chunks/node_modules_next_dist_1e8vcs8._.js:776
[  328938ms] [LOG] [Fast Refresh] done in 2ms @ http://localhost:3000/_next/static/chunks/node_modules_next_dist_1e8vcs8._.js:776
[  328984ms] [LOG] [Fast Refresh] done in 2ms @ http://localhost:3000/_next/static/chunks/node_modules_next_dist_1e8vcs8._.js:776
[  329036ms] [LOG] [Fast Refresh] done in 2ms @ http://localhost:3000/_next/static/chunks/node_modules_next_dist_1e8vcs8._.js:776
[  329080ms] [LOG] [Fast Refresh] done in 2ms @ http://localhost:3000/_next/static/chunks/node_modules_next_dist_1e8vcs8._.js:776
[  329119ms] [LOG] [Fast Refresh] done in 2ms @ http://localhost:3000/_next/static/chunks/node_modules_next_dist_1e8vcs8._.js:776
[  329160ms] [LOG] [Fast Refresh] done in 2ms @ http://localhost:3000/_next/static/chunks/node_modules_next_dist_1e8vcs8._.js:776
[  329216ms] [LOG] [Fast Refresh] done in 2ms @ http://localhost:3000/_next/static/chunks/node_modules_next_dist_1e8vcs8._.js:776
[  329261ms] [LOG] [Fast Refresh] done in 2ms @ http://localhost:3000/_next/static/chunks/node_modules_next_dist_1e8vcs8._.js:776
[  329314ms] [LOG] [Fast Refresh] done in 2ms @ http://localhost:3000/_next/static/chunks/node_modules_next_dist_1e8vcs8._.js:776
[  329362ms] [LOG] [Fast Refresh] done in 2ms @ http://localhost:3000/_next/static/chunks/node_modules_next_dist_1e8vcs8._.js:776
[  329403ms] [LOG] [Fast Refresh] done in 2ms @ http://localhost:3000/_next/static/chunks/node_modules_next_dist_1e8vcs8._.js:776
[  329445ms] [LOG] [Fast Refresh] done in 2ms @ http://localhost:3000/_next/static/chunks/node_modules_next_dist_1e8vcs8._.js:776
[  329516ms] [LOG] [Fast Refresh] done in 2ms @ http://localhost:3000/_next/static/chunks/node_modules_next_dist_1e8vcs8._.js:776
[  329565ms] [LOG] [Fast Refresh] done in 2ms @ http://localhost:3000/_next/static/chunks/node_modules_next_dist_1e8vcs8._.js:776
[  329629ms] [LOG] [Fast Refresh] done in 2ms @ http://localhost:3000/_next/static/chunks/node_modules_next_dist_1e8vcs8._.js:776
[  329677ms] [LOG] [Fast Refresh] done in 2ms @ http://localhost:3000/_next/static/chunks/node_modules_next_dist_1e8vcs8._.js:776
[  329726ms] [LOG] [Fast Refresh] done in 2ms @ http://localhost:3000/_next/static/chunks/node_modules_next_dist_1e8vcs8._.js:776
[  329781ms] [LOG] [Fast Refresh] done in 2ms @ http://localhost:3000/_next/static/chunks/node_modules_next_dist_1e8vcs8._.js:776
[  329829ms] [LOG] [Fast Refresh] done in 2ms @ http://localhost:3000/_next/static/chunks/node_modules_next_dist_1e8vcs8._.js:776
[  329878ms] [LOG] [Fast Refresh] done in 2ms @ http://localhost:3000/_next/static/chunks/node_modules_next_dist_1e8vcs8._.js:776
[  329927ms] [LOG] [Fast Refresh] done in 2ms @ http://localhost:3000/_next/static/chunks/node_modules_next_dist_1e8vcs8._.js:776
[  329977ms] [LOG] [Fast Refresh] done in 2ms @ http://localhost:3000/_next/static/chunks/node_modules_next_dist_1e8vcs8._.js:776
[  330031ms] [LOG] [Fast Refresh] done in 2ms @ http://localhost:3000/_next/static/chunks/node_modules_next_dist_1e8vcs8._.js:776
[  330080ms] [LOG] [Fast Refresh] done in 2ms @ http://localhost:3000/_next/static/chunks/node_modules_next_dist_1e8vcs8._.js:776
[  330119ms] [LOG] [Fast Refresh] done in 2ms @ http://localhost:3000/_next/static/chunks/node_modules_next_dist_1e8vcs8._.js:776
[  330161ms] [LOG] [Fast Refresh] done in 2ms @ http://localhost:3000/_next/static/chunks/node_modules_next_dist_1e8vcs8._.js:776
[  330202ms] [LOG] [Fast Refresh] done in 2ms @ http://localhost:3000/_next/static/chunks/node_modules_next_dist_1e8vcs8._.js:776
[  330244ms] [LOG] [Fast Refresh] done in 2ms @ http://localhost:3000/_next/static/chunks/node_modules_next_dist_1e8vcs8._.js:776
[  330310ms] [LOG] [Fast Refresh] done in 2ms @ http://localhost:3000/_next/static/chunks/node_modules_next_dist_1e8vcs8._.js:776
[  330348ms] [LOG] [Fast Refresh] done in 2ms @ http://localhost:3000/_next/static/chunks/node_modules_next_dist_1e8vcs8._.js:776
[  330405ms] [LOG] [Fast Refresh] done in 2ms @ http://localhost:3000/_next/static/chunks/node_modules_next_dist_1e8vcs8._.js:776
[  330450ms] [LOG] [Fast Refresh] done in 2ms @ http://localhost:3000/_next/static/chunks/node_modules_next_dist_1e8vcs8._.js:776
[  330499ms] [LOG] [Fast Refresh] done in 2ms @ http://localhost:3000/_next/static/chunks/node_modules_next_dist_1e8vcs8._.js:776
[  330549ms] [LOG] [Fast Refresh] done in 2ms @ http://localhost:3000/_next/static/chunks/node_modules_next_dist_1e8vcs8._.js:776
[  330598ms] [LOG] [Fast Refresh] done in 2ms @ http://localhost:3000/_next/static/chunks/node_modules_next_dist_1e8vcs8._.js:776
[  330646ms] [LOG] [Fast Refresh] done in 2ms @ http://localhost:3000/_next/static/chunks/node_modules_next_dist_1e8vcs8._.js:776
[  330691ms] [LOG] [Fast Refresh] done in 2ms @ http://localhost:3000/_next/static/chunks/node_modules_next_dist_1e8vcs8._.js:776
[  330743ms] [LOG] [Fast Refresh] done in 2ms @ http://localhost:3000/_next/static/chunks/node_modules_next_dist_1e8vcs8._.js:776
[  330793ms] [LOG] [Fast Refresh] done in 2ms @ http://localhost:3000/_next/static/chunks/node_modules_next_dist_1e8vcs8._.js:776
[  330835ms] [LOG] [Fast Refresh] done in 2ms @ http://localhost:3000/_next/static/chunks/node_modules_next_dist_1e8vcs8._.js:776
[  330892ms] [LOG] [Fast Refresh] done in 2ms @ http://localhost:3000/_next/static/chunks/node_modules_next_dist_1e8vcs8._.js:776
[  330946ms] [LOG] [Fast Refresh] done in 2ms @ http://localhost:3000/_next/static/chunks/node_modules_next_dist_1e8vcs8._.js:776
[  331000ms] [LOG] [Fast Refresh] done in 2ms @ http://localhost:3000/_next/static/chunks/node_modules_next_dist_1e8vcs8._.js:776
[  331051ms] [LOG] [Fast Refresh] done in 2ms @ http://localhost:3000/_next/static/chunks/node_modules_next_dist_1e8vcs8._.js:776
[  331092ms] [LOG] [Fast Refresh] done in 2ms @ http://localhost:3000/_next/static/chunks/node_modules_next_dist_1e8vcs8._.js:776
[  331140ms] [LOG] [Fast Refresh] done in 2ms @ http://localhost:3000/_next/static/chunks/node_modules_next_dist_1e8vcs8._.js:776
[  331195ms] [LOG] [Fast Refresh] done in 2ms @ http://localhost:3000/_next/static/chunks/node_modules_next_dist_1e8vcs8._.js:776
[  331244ms] [LOG] [Fast Refresh] done in 2ms @ http://localhost:3000/_next/static/chunks/node_modules_next_dist_1e8vcs8._.js:776
[  331295ms] [LOG] [Fast Refresh] done in 2ms @ http://localhost:3000/_next/static/chunks/node_modules_next_dist_1e8vcs8._.js:776
[  331348ms] [LOG] [Fast Refresh] done in 2ms @ http://localhost:3000/_next/static/chunks/node_modules_next_dist_1e8vcs8._.js:776
[  331411ms] [LOG] [Fast Refresh] done in 2ms @ http://localhost:3000/_next/static/chunks/node_modules_next_dist_1e8vcs8._.js:776
[  331466ms] [LOG] [Fast Refresh] done in 2ms @ http://localhost:3000/_next/static/chunks/node_modules_next_dist_1e8vcs8._.js:776
[  331522ms] [LOG] [Fast Refresh] done in 2ms @ http://localhost:3000/_next/static/chunks/node_modules_next_dist_1e8vcs8._.js:776
[  331576ms] [LOG] [Fast Refresh] done in 2ms @ http://localhost:3000/_next/static/chunks/node_modules_next_dist_1e8vcs8._.js:776
[  331632ms] [LOG] [Fast Refresh] done in 2ms @ http://localhost:3000/_next/static/chunks/node_modules_next_dist_1e8vcs8._.js:776
[  331687ms] [LOG] [Fast Refresh] done in 2ms @ http://localhost:3000/_next/static/chunks/node_modules_next_dist_1e8vcs8._.js:776
[  331739ms] [LOG] [Fast Refresh] done in 2ms @ http://localhost:3000/_next/static/chunks/node_modules_next_dist_1e8vcs8._.js:776
[  331787ms] [LOG] [Fast Refresh] done in 2ms @ http://localhost:3000/_next/static/chunks/node_modules_next_dist_1e8vcs8._.js:776
[  331843ms] [LOG] [Fast Refresh] done in 2ms @ http://localhost:3000/_next/static/chunks/node_modules_next_dist_1e8vcs8._.js:776
[  331905ms] [LOG] [Fast Refresh] done in 2ms @ http://localhost:3000/_next/static/chunks/node_modules_next_dist_1e8vcs8._.js:776
[  331952ms] [LOG] [Fast Refresh] done in 2ms @ http://localhost:3000/_next/static/chunks/node_modules_next_dist_1e8vcs8._.js:776
[  331993ms] [LOG] [Fast Refresh] done in 2ms @ http://localhost:3000/_next/static/chunks/node_modules_next_dist_1e8vcs8._.js:776
[  332049ms] [LOG] [Fast Refresh] done in 2ms @ http://localhost:3000/_next/static/chunks/node_modules_next_dist_1e8vcs8._.js:776
[  332091ms] [LOG] [Fast Refresh] done in 2ms @ http://localhost:3000/_next/static/chunks/node_modules_next_dist_1e8vcs8._.js:776
[  332132ms] [LOG] [Fast Refresh] done in 2ms @ http://localhost:3000/_next/static/chunks/node_modules_next_dist_1e8vcs8._.js:776
[  332182ms] [LOG] [Fast Refresh] done in 2ms @ http://localhost:3000/_next/static/chunks/node_modules_next_dist_1e8vcs8._.js:776
[  332240ms] [LOG] [Fast Refresh] done in 2ms @ http://localhost:3000/_next/static/chunks/node_modules_next_dist_1e8vcs8._.js:776
[  332296ms] [LOG] [Fast Refresh] done in 2ms @ http://localhost:3000/_next/static/chunks/node_modules_next_dist_1e8vcs8._.js:776
[  332344ms] [LOG] [Fast Refresh] done in 2ms @ http://localhost:3000/_next/static/chunks/node_modules_next_dist_1e8vcs8._.js:776
[  332381ms] [LOG] [Fast Refresh] done in 2ms @ http://localhost:3000/_next/static/chunks/node_modules_next_dist_1e8vcs8._.js:776
[  332444ms] [LOG] [Fast Refresh] done in 2ms @ http://localhost:3000/_next/static/chunks/node_modules_next_dist_1e8vcs8._.js:776
[  332486ms] [LOG] [Fast Refresh] done in 2ms @ http://localhost:3000/_next/static/chunks/node_modules_next_dist_1e8vcs8._.js:776
[  332538ms] [LOG] [Fast Refresh] done in 2ms @ http://localhost:3000/_next/static/chunks/node_modules_next_dist_1e8vcs8._.js:776
[  332613ms] [LOG] [Fast Refresh] done in 2ms @ http://localhost:3000/_next/static/chunks/node_modules_next_dist_1e8vcs8._.js:776
[  332662ms] [LOG] [Fast Refresh] done in 2ms @ http://localhost:3000/_next/static/chunks/node_modules_next_dist_1e8vcs8._.js:776
[  332701ms] [LOG] [Fast Refresh] done in 2ms @ http://localhost:3000/_next/static/chunks/node_modules_next_dist_1e8vcs8._.js:776
[  332745ms] [LOG] [Fast Refresh] done in 2ms @ http://localhost:3000/_next/static/chunks/node_modules_next_dist_1e8vcs8._.js:776
[  332799ms] [LOG] [Fast Refresh] done in 2ms @ http://localhost:3000/_next/static/chunks/node_modules_next_dist_1e8vcs8._.js:776
[  332863ms] [LOG] [Fast Refresh] done in 2ms @ http://localhost:3000/_next/static/chunks/node_modules_next_dist_1e8vcs8._.js:776
[  332911ms] [LOG] [Fast Refresh] done in 2ms @ http://localhost:3000/_next/static/chunks/node_modules_next_dist_1e8vcs8._.js:776
[  332965ms] [LOG] [Fast Refresh] done in 2ms @ http://localhost:3000/_next/static/chunks/node_modules_next_dist_1e8vcs8._.js:776
[  333021ms] [LOG] [Fast Refresh] done in 2ms @ http://localhost:3000/_next/static/chunks/node_modules_next_dist_1e8vcs8._.js:776
[  333068ms] [LOG] [Fast Refresh] done in 2ms @ http://localhost:3000/_next/static/chunks/node_modules_next_dist_1e8vcs8._.js:776
[  333115ms] [LOG] [Fast Refresh] done in 2ms @ http://localhost:3000/_next/static/chunks/node_modules_next_dist_1e8vcs8._.js:776
[  333159ms] [LOG] [Fast Refresh] done in 2ms @ http://localhost:3000/_next/static/chunks/node_modules_next_dist_1e8vcs8._.js:776
[  333203ms] [LOG] [Fast Refresh] done in 2ms @ http://localhost:3000/_next/static/chunks/node_modules_next_dist_1e8vcs8._.js:776
[  333258ms] [LOG] [Fast Refresh] done in 2ms @ http://localhost:3000/_next/static/chunks/node_modules_next_dist_1e8vcs8._.js:776
[  333299ms] [LOG] [Fast Refresh] done in 2ms @ http://localhost:3000/_next/static/chunks/node_modules_next_dist_1e8vcs8._.js:776
[  333361ms] [LOG] [Fast Refresh] done in 2ms @ http://localhost:3000/_next/static/chunks/node_modules_next_dist_1e8vcs8._.js:776
[  333412ms] [LOG] [Fast Refresh] done in 2ms @ http://localhost:3000/_next/static/chunks/node_modules_next_dist_1e8vcs8._.js:776
[  333468ms] [LOG] [Fast Refresh] done in 2ms @ http://localhost:3000/_next/static/chunks/node_modules_next_dist_1e8vcs8._.js:776
[  333532ms] [LOG] [Fast Refresh] done in 2ms @ http://localhost:3000/_next/static/chunks/node_modules_next_dist_1e8vcs8._.js:776
[  333580ms] [LOG] [Fast Refresh] done in 2ms @ http://localhost:3000/_next/static/chunks/node_modules_next_dist_1e8vcs8._.js:776
[  333618ms] [LOG] [Fast Refresh] done in 2ms @ http://localhost:3000/_next/static/chunks/node_modules_next_dist_1e8vcs8._.js:776
[  333667ms] [LOG] [Fast Refresh] done in 2ms @ http://localhost:3000/_next/static/chunks/node_modules_next_dist_1e8vcs8._.js:776
[  333709ms] [LOG] [Fast Refresh] done in 2ms @ http://localhost:3000/_next/static/chunks/node_modules_next_dist_1e8vcs8._.js:776
[  333750ms] [LOG] [Fast Refresh] done in 2ms @ http://localhost:3000/_next/static/chunks/node_modules_next_dist_1e8vcs8._.js:776
[  333792ms] [LOG] [Fast Refresh] done in 2ms @ http://localhost:3000/_next/static/chunks/node_modules_next_dist_1e8vcs8._.js:776
[  333834ms] [LOG] [Fast Refresh] done in 2ms @ http://localhost:3000/_next/static/chunks/node_modules_next_dist_1e8vcs8._.js:776
[  333879ms] [LOG] [Fast Refresh] done in 2ms @ http://localhost:3000/_next/static/chunks/node_modules_next_dist_1e8vcs8._.js:776
[  333933ms] [LOG] [Fast Refresh] done in 2ms @ http://localhost:3000/_next/static/chunks/node_modules_next_dist_1e8vcs8._.js:776
[  333972ms] [LOG] [Fast Refresh] done in 2ms @ http://localhost:3000/_next/static/chunks/node_modules_next_dist_1e8vcs8._.js:776
[  334016ms] [LOG] [Fast Refresh] done in 2ms @ http://localhost:3000/_next/static/chunks/node_modules_next_dist_1e8vcs8._.js:776
[  334080ms] [LOG] [Fast Refresh] done in 2ms @ http://localhost:3000/_next/static/chunks/node_modules_next_dist_1e8vcs8._.js:776
[  334128ms] [LOG] [Fast Refresh] done in 2ms @ http://localhost:3000/_next/static/chunks/node_modules_next_dist_1e8vcs8._.js:776
[  334177ms] [LOG] [Fast Refresh] done in 2ms @ http://localhost:3000/_next/static/chunks/node_modules_next_dist_1e8vcs8._.js:776
[  334238ms] [LOG] [Fast Refresh] done in 2ms @ http://localhost:3000/_next/static/chunks/node_modules_next_dist_1e8vcs8._.js:776
[  334278ms] [LOG] [Fast Refresh] done in 2ms @ http://localhost:3000/_next/static/chunks/node_modules_next_dist_1e8vcs8._.js:776
[  334323ms] [LOG] [Fast Refresh] done in 2ms @ http://localhost:3000/_next/static/chunks/node_modules_next_dist_1e8vcs8._.js:776
[  334362ms] [LOG] [Fast Refresh] done in 2ms @ http://localhost:3000/_next/static/chunks/node_modules_next_dist_1e8vcs8._.js:776
[  334402ms] [LOG] [Fast Refresh] done in 2ms @ http://localhost:3000/_next/static/chunks/node_modules_next_dist_1e8vcs8._.js:776
[  334446ms] [LOG] [Fast Refresh] done in 2ms @ http://localhost:3000/_next/static/chunks/node_modules_next_dist_1e8vcs8._.js:776
[  334495ms] [LOG] [Fast Refresh] done in 2ms @ http://localhost:3000/_next/static/chunks/node_modules_next_dist_1e8vcs8._.js:776
[  334548ms] [LOG] [Fast Refresh] done in 2ms @ http://localhost:3000/_next/static/chunks/node_modules_next_dist_1e8vcs8._.js:776
[  334613ms] [LOG] [Fast Refresh] done in 2ms @ http://localhost:3000/_next/static/chunks/node_modules_next_dist_1e8vcs8._.js:776
[  334673ms] [LOG] [Fast Refresh] done in 2ms @ http://localhost:3000/_next/static/chunks/node_modules_next_dist_1e8vcs8._.js:776
[  334741ms] [LOG] [Fast Refresh] done in 2ms @ http://localhost:3000/_next/static/chunks/node_modules_next_dist_1e8vcs8._.js:776
[  334794ms] [LOG] [Fast Refresh] done in 2ms @ http://localhost:3000/_next/static/chunks/node_modules_next_dist_1e8vcs8._.js:776
[  334843ms] [LOG] [Fast Refresh] done in 2ms @ http://localhost:3000/_next/static/chunks/node_modules_next_dist_1e8vcs8._.js:776
[  334882ms] [LOG] [Fast Refresh] done in 2ms @ http://localhost:3000/_next/static/chunks/node_modules_next_dist_1e8vcs8._.js:776
[  334924ms] [LOG] [Fast Refresh] done in 2ms @ http://localhost:3000/_next/static/chunks/node_modules_next_dist_1e8vcs8._.js:776
[  334977ms] [LOG] [Fast Refresh] done in 2ms @ http://localhost:3000/_next/static/chunks/node_modules_next_dist_1e8vcs8._.js:776
[  335031ms] [LOG] [Fast Refresh] done in 2ms @ http://localhost:3000/_next/static/chunks/node_modules_next_dist_1e8vcs8._.js:776
[  335080ms] [LOG] [Fast Refresh] done in 2ms @ http://localhost:3000/_next/static/chunks/node_modules_next_dist_1e8vcs8._.js:776
[  335123ms] [LOG] [Fast Refresh] done in 2ms @ http://localhost:3000/_next/static/chunks/node_modules_next_dist_1e8vcs8._.js:776
[  335178ms] [LOG] [Fast Refresh] done in 2ms @ http://localhost:3000/_next/static/chunks/node_modules_next_dist_1e8vcs8._.js:776
[  335223ms] [LOG] [Fast Refresh] done in 2ms @ http://localhost:3000/_next/static/chunks/node_modules_next_dist_1e8vcs8._.js:776
[  335263ms] [LOG] [Fast Refresh] done in 2ms @ http://localhost:3000/_next/static/chunks/node_modules_next_dist_1e8vcs8._.js:776
[  335306ms] [LOG] [Fast Refresh] done in 2ms @ http://localhost:3000/_next/static/chunks/node_modules_next_dist_1e8vcs8._.js:776
[  335348ms] [LOG] [Fast Refresh] done in 2ms @ http://localhost:3000/_next/static/chunks/node_modules_next_dist_1e8vcs8._.js:776
[  335397ms] [LOG] [Fast Refresh] done in 2ms @ http://localhost:3000/_next/static/chunks/node_modules_next_dist_1e8vcs8._.js:776
[  335437ms] [LOG] [Fast Refresh] done in 2ms @ http://localhost:3000/_next/static/chunks/node_modules_next_dist_1e8vcs8._.js:776
[  335480ms] [LOG] [Fast Refresh] done in 2ms @ http://localhost:3000/_next/static/chunks/node_modules_next_dist_1e8vcs8._.js:776
[  335521ms] [LOG] [Fast Refresh] done in 2ms @ http://localhost:3000/_next/static/chunks/node_modules_next_dist_1e8vcs8._.js:776
[  335568ms] [LOG] [Fast Refresh] done in 2ms @ http://localhost:3000/_next/static/chunks/node_modules_next_dist_1e8vcs8._.js:776
[  335607ms] [LOG] [Fast Refresh] done in 2ms @ http://localhost:3000/_next/static/chunks/node_modules_next_dist_1e8vcs8._.js:776
[  335646ms] [LOG] [Fast Refresh] done in 2ms @ http://localhost:3000/_next/static/chunks/node_modules_next_dist_1e8vcs8._.js:776
[  335688ms] [LOG] [Fast Refresh] done in 2ms @ http://localhost:3000/_next/static/chunks/node_modules_next_dist_1e8vcs8._.js:776
[  335740ms] [LOG] [Fast Refresh] done in 2ms @ http://localhost:3000/_next/static/chunks/node_modules_next_dist_1e8vcs8._.js:776
[  335792ms] [LOG] [Fast Refresh] done in 2ms @ http://localhost:3000/_next/static/chunks/node_modules_next_dist_1e8vcs8._.js:776
[  335846ms] [LOG] [Fast Refresh] done in 2ms @ http://localhost:3000/_next/static/chunks/node_modules_next_dist_1e8vcs8._.js:776
[  335893ms] [LOG] [Fast Refresh] done in 2ms @ http://localhost:3000/_next/static/chunks/node_modules_next_dist_1e8vcs8._.js:776
[  335944ms] [LOG] [Fast Refresh] done in 2ms @ http://localhost:3000/_next/static/chunks/node_modules_next_dist_1e8vcs8._.js:776
[  335981ms] [LOG] [Fast Refresh] done in 2ms @ http://localhost:3000/_next/static/chunks/node_modules_next_dist_1e8vcs8._.js:776
[  336030ms] [LOG] [Fast Refresh] done in 2ms @ http://localhost:3000/_next/static/chunks/node_modules_next_dist_1e8vcs8._.js:776
[  336093ms] [LOG] [Fast Refresh] done in 2ms @ http://localhost:3000/_next/static/chunks/node_modules_next_dist_1e8vcs8._.js:776
[  336139ms] [LOG] [Fast Refresh] done in 2ms @ http://localhost:3000/_next/static/chunks/node_modules_next_dist_1e8vcs8._.js:776
[  336181ms] [LOG] [Fast Refresh] done in 2ms @ http://localhost:3000/_next/static/chunks/node_modules_next_dist_1e8vcs8._.js:776
[  336227ms] [LOG] [Fast Refresh] done in 2ms @ http://localhost:3000/_next/static/chunks/node_modules_next_dist_1e8vcs8._.js:776
[  336265ms] [LOG] [Fast Refresh] done in 2ms @ http://localhost:3000/_next/static/chunks/node_modules_next_dist_1e8vcs8._.js:776
[  336319ms] [LOG] [Fast Refresh] done in 2ms @ http://localhost:3000/_next/static/chunks/node_modules_next_dist_1e8vcs8._.js:776
[  336362ms] [LOG] [Fast Refresh] done in 2ms @ http://localhost:3000/_next/static/chunks/node_modules_next_dist_1e8vcs8._.js:776
[  336410ms] [LOG] [Fast Refresh] done in 2ms @ http://localhost:3000/_next/static/chunks/node_modules_next_dist_1e8vcs8._.js:776
[  336458ms] [LOG] [Fast Refresh] done in 2ms @ http://localhost:3000/_next/static/chunks/node_modules_next_dist_1e8vcs8._.js:776
[  336501ms] [LOG] [Fast Refresh] done in 2ms @ http://localhost:3000/_next/static/chunks/node_modules_next_dist_1e8vcs8._.js:776
[  336563ms] [LOG] [Fast Refresh] done in 2ms @ http://localhost:3000/_next/static/chunks/node_modules_next_dist_1e8vcs8._.js:776
[  336612ms] [LOG] [Fast Refresh] done in 2ms @ http://localhost:3000/_next/static/chunks/node_modules_next_dist_1e8vcs8._.js:776
[  336662ms] [LOG] [Fast Refresh] done in 2ms @ http://localhost:3000/_next/static/chunks/node_modules_next_dist_1e8vcs8._.js:776
[  336716ms] [LOG] [Fast Refresh] done in 2ms @ http://localhost:3000/_next/static/chunks/node_modules_next_dist_1e8vcs8._.js:776
[  336764ms] [LOG] [Fast Refresh] done in 2ms @ http://localhost:3000/_next/static/chunks/node_modules_next_dist_1e8vcs8._.js:776
[  336815ms] [LOG] [Fast Refresh] done in 2ms @ http://localhost:3000/_next/static/chunks/node_modules_next_dist_1e8vcs8._.js:776
[  336879ms] [LOG] [Fast Refresh] done in 2ms @ http://localhost:3000/_next/static/chunks/node_modules_next_dist_1e8vcs8._.js:776
[  336924ms] [LOG] [Fast Refresh] done in 2ms @ http://localhost:3000/_next/static/chunks/node_modules_next_dist_1e8vcs8._.js:776
[  336967ms] [LOG] [Fast Refresh] done in 2ms @ http://localhost:3000/_next/static/chunks/node_modules_next_dist_1e8vcs8._.js:776
[  337021ms] [LOG] [Fast Refresh] done in 2ms @ http://localhost:3000/_next/static/chunks/node_modules_next_dist_1e8vcs8._.js:776
[  337063ms] [LOG] [Fast Refresh] done in 2ms @ http://localhost:3000/_next/static/chunks/node_modules_next_dist_1e8vcs8._.js:776
[  337113ms] [LOG] [Fast Refresh] done in 2ms @ http://localhost:3000/_next/static/chunks/node_modules_next_dist_1e8vcs8._.js:776
[  337162ms] [LOG] [Fast Refresh] done in 2ms @ http://localhost:3000/_next/static/chunks/node_modules_next_dist_1e8vcs8._.js:776
[  337226ms] [LOG] [Fast Refresh] done in 2ms @ http://localhost:3000/_next/static/chunks/node_modules_next_dist_1e8vcs8._.js:776
[  337271ms] [LOG] [Fast Refresh] done in 2ms @ http://localhost:3000/_next/static/chunks/node_modules_next_dist_1e8vcs8._.js:776
[  337313ms] [LOG] [Fast Refresh] done in 2ms @ http://localhost:3000/_next/static/chunks/node_modules_next_dist_1e8vcs8._.js:776
[  337363ms] [LOG] [Fast Refresh] done in 2ms @ http://localhost:3000/_next/static/chunks/node_modules_next_dist_1e8vcs8._.js:776
[  337428ms] [LOG] [Fast Refresh] done in 2ms @ http://localhost:3000/_next/static/chunks/node_modules_next_dist_1e8vcs8._.js:776
[  337465ms] [LOG] [Fast Refresh] done in 2ms @ http://localhost:3000/_next/static/chunks/node_modules_next_dist_1e8vcs8._.js:776
[  337516ms] [LOG] [Fast Refresh] done in 2ms @ http://localhost:3000/_next/static/chunks/node_modules_next_dist_1e8vcs8._.js:776
[  337568ms] [LOG] [Fast Refresh] done in 2ms @ http://localhost:3000/_next/static/chunks/node_modules_next_dist_1e8vcs8._.js:776
[  337611ms] [LOG] [Fast Refresh] done in 2ms @ http://localhost:3000/_next/static/chunks/node_modules_next_dist_1e8vcs8._.js:776
[  337661ms] [LOG] [Fast Refresh] done in 2ms @ http://localhost:3000/_next/static/chunks/node_modules_next_dist_1e8vcs8._.js:776
[  337712ms] [LOG] [Fast Refresh] done in 2ms @ http://localhost:3000/_next/static/chunks/node_modules_next_dist_1e8vcs8._.js:776
[  337751ms] [LOG] [Fast Refresh] done in 2ms @ http://localhost:3000/_next/static/chunks/node_modules_next_dist_1e8vcs8._.js:776
[  337806ms] [LOG] [Fast Refresh] done in 2ms @ http://localhost:3000/_next/static/chunks/node_modules_next_dist_1e8vcs8._.js:776
[  337854ms] [LOG] [Fast Refresh] done in 2ms @ http://localhost:3000/_next/static/chunks/node_modules_next_dist_1e8vcs8._.js:776
[  337911ms] [LOG] [Fast Refresh] done in 2ms @ http://localhost:3000/_next/static/chunks/node_modules_next_dist_1e8vcs8._.js:776
[  337977ms] [LOG] [Fast Refresh] done in 2ms @ http://localhost:3000/_next/static/chunks/node_modules_next_dist_1e8vcs8._.js:776
[  338031ms] [LOG] [Fast Refresh] done in 2ms @ http://localhost:3000/_next/static/chunks/node_modules_next_dist_1e8vcs8._.js:776
[  338080ms] [LOG] [Fast Refresh] done in 2ms @ http://localhost:3000/_next/static/chunks/node_modules_next_dist_1e8vcs8._.js:776
[  338129ms] [LOG] [Fast Refresh] done in 2ms @ http://localhost:3000/_next/static/chunks/node_modules_next_dist_1e8vcs8._.js:776
[  338177ms] [LOG] [Fast Refresh] done in 2ms @ http://localhost:3000/_next/static/chunks/node_modules_next_dist_1e8vcs8._.js:776
[  338226ms] [LOG] [Fast Refresh] done in 2ms @ http://localhost:3000/_next/static/chunks/node_modules_next_dist_1e8vcs8._.js:776
[  338286ms] [LOG] [Fast Refresh] done in 2ms @ http://localhost:3000/_next/static/chunks/node_modules_next_dist_1e8vcs8._.js:776
[  338330ms] [LOG] [Fast Refresh] done in 2ms @ http://localhost:3000/_next/static/chunks/node_modules_next_dist_1e8vcs8._.js:776
[  338376ms] [LOG] [Fast Refresh] done in 2ms @ http://localhost:3000/_next/static/chunks/node_modules_next_dist_1e8vcs8._.js:776
[  338438ms] [LOG] [Fast Refresh] done in 2ms @ http://localhost:3000/_next/static/chunks/node_modules_next_dist_1e8vcs8._.js:776
[  338481ms] [LOG] [Fast Refresh] done in 2ms @ http://localhost:3000/_next/static/chunks/node_modules_next_dist_1e8vcs8._.js:776
[  338523ms] [LOG] [Fast Refresh] done in 2ms @ http://localhost:3000/_next/static/chunks/node_modules_next_dist_1e8vcs8._.js:776
[  338564ms] [LOG] [Fast Refresh] done in 2ms @ http://localhost:3000/_next/static/chunks/node_modules_next_dist_1e8vcs8._.js:776
[  338616ms] [LOG] [Fast Refresh] done in 2ms @ http://localhost:3000/_next/static/chunks/node_modules_next_dist_1e8vcs8._.js:776
[  338662ms] [LOG] [Fast Refresh] done in 2ms @ http://localhost:3000/_next/static/chunks/node_modules_next_dist_1e8vcs8._.js:776
[  338716ms] [LOG] [Fast Refresh] done in 2ms @ http://localhost:3000/_next/static/chunks/node_modules_next_dist_1e8vcs8._.js:776
[  338765ms] [LOG] [Fast Refresh] done in 2ms @ http://localhost:3000/_next/static/chunks/node_modules_next_dist_1e8vcs8._.js:776
[  338806ms] [LOG] [Fast Refresh] done in 2ms @ http://localhost:3000/_next/static/chunks/node_modules_next_dist_1e8vcs8._.js:776
[  338861ms] [LOG] [Fast Refresh] done in 2ms @ http://localhost:3000/_next/static/chunks/node_modules_next_dist_1e8vcs8._.js:776
[  338898ms] [LOG] [Fast Refresh] done in 2ms @ http://localhost:3000/_next/static/chunks/node_modules_next_dist_1e8vcs8._.js:776
[  338942ms] [LOG] [Fast Refresh] done in 2ms @ http://localhost:3000/_next/static/chunks/node_modules_next_dist_1e8vcs8._.js:776
[  338999ms] [LOG] [Fast Refresh] done in 2ms @ http://localhost:3000/_next/static/chunks/node_modules_next_dist_1e8vcs8._.js:776
[  339058ms] [LOG] [Fast Refresh] done in 2ms @ http://localhost:3000/_next/static/chunks/node_modules_next_dist_1e8vcs8._.js:776
[  339108ms] [LOG] [Fast Refresh] done in 2ms @ http://localhost:3000/_next/static/chunks/node_modules_next_dist_1e8vcs8._.js:776
[  339160ms] [LOG] [Fast Refresh] done in 2ms @ http://localhost:3000/_next/static/chunks/node_modules_next_dist_1e8vcs8._.js:776
[  339204ms] [LOG] [Fast Refresh] done in 2ms @ http://localhost:3000/_next/static/chunks/node_modules_next_dist_1e8vcs8._.js:776
[  339251ms] [LOG] [Fast Refresh] done in 2ms @ http://localhost:3000/_next/static/chunks/node_modules_next_dist_1e8vcs8._.js:776
[  339297ms] [LOG] [Fast Refresh] done in 2ms @ http://localhost:3000/_next/static/chunks/node_modules_next_dist_1e8vcs8._.js:776
[  339342ms] [LOG] [Fast Refresh] done in 2ms @ http://localhost:3000/_next/static/chunks/node_modules_next_dist_1e8vcs8._.js:776
[  339397ms] [LOG] [Fast Refresh] done in 2ms @ http://localhost:3000/_next/static/chunks/node_modules_next_dist_1e8vcs8._.js:776
[  339452ms] [LOG] [Fast Refresh] done in 2ms @ http://localhost:3000/_next/static/chunks/node_modules_next_dist_1e8vcs8._.js:776
[  339502ms] [LOG] [Fast Refresh] done in 2ms @ http://localhost:3000/_next/static/chunks/node_modules_next_dist_1e8vcs8._.js:776
[  339557ms] [LOG] [Fast Refresh] done in 2ms @ http://localhost:3000/_next/static/chunks/node_modules_next_dist_1e8vcs8._.js:776
[  339595ms] [LOG] [Fast Refresh] done in 2ms @ http://localhost:3000/_next/static/chunks/node_modules_next_dist_1e8vcs8._.js:776
[  339640ms] [LOG] [Fast Refresh] done in 2ms @ http://localhost:3000/_next/static/chunks/node_modules_next_dist_1e8vcs8._.js:776
[  339699ms] [LOG] [Fast Refresh] done in 2ms @ http://localhost:3000/_next/static/chunks/node_modules_next_dist_1e8vcs8._.js:776
[  339751ms] [LOG] [Fast Refresh] done in 2ms @ http://localhost:3000/_next/static/chunks/node_modules_next_dist_1e8vcs8._.js:776
[  339793ms] [LOG] [Fast Refresh] done in 2ms @ http://localhost:3000/_next/static/chunks/node_modules_next_dist_1e8vcs8._.js:776
[  339841ms] [LOG] [Fast Refresh] done in 2ms @ http://localhost:3000/_next/static/chunks/node_modules_next_dist_1e8vcs8._.js:776
[  339892ms] [LOG] [Fast Refresh] done in 2ms @ http://localhost:3000/_next/static/chunks/node_modules_next_dist_1e8vcs8._.js:776
[  339940ms] [LOG] [Fast Refresh] done in 2ms @ http://localhost:3000/_next/static/chunks/node_modules_next_dist_1e8vcs8._.js:776
[  339980ms] [LOG] [Fast Refresh] done in 2ms @ http://localhost:3000/_next/static/chunks/node_modules_next_dist_1e8vcs8._.js:776
[  340039ms] [LOG] [Fast Refresh] done in 2ms @ http://localhost:3000/_next/static/chunks/node_modules_next_dist_1e8vcs8._.js:776
[  340084ms] [LOG] [Fast Refresh] done in 2ms @ http://localhost:3000/_next/static/chunks/node_modules_next_dist_1e8vcs8._.js:776
[  340128ms] [LOG] [Fast Refresh] done in 2ms @ http://localhost:3000/_next/static/chunks/node_modules_next_dist_1e8vcs8._.js:776
[  340167ms] [LOG] [Fast Refresh] done in 2ms @ http://localhost:3000/_next/static/chunks/node_modules_next_dist_1e8vcs8._.js:776
[  340209ms] [LOG] [Fast Refresh] done in 2ms @ http://localhost:3000/_next/static/chunks/node_modules_next_dist_1e8vcs8._.js:776
[  340251ms] [LOG] [Fast Refresh] done in 2ms @ http://localhost:3000/_next/static/chunks/node_modules_next_dist_1e8vcs8._.js:776
[  340306ms] [LOG] [Fast Refresh] done in 2ms @ http://localhost:3000/_next/static/chunks/node_modules_next_dist_1e8vcs8._.js:776
[  340352ms] [LOG] [Fast Refresh] done in 2ms @ http://localhost:3000/_next/static/chunks/node_modules_next_dist_1e8vcs8._.js:776
[  340411ms] [LOG] [Fast Refresh] done in 2ms @ http://localhost:3000/_next/static/chunks/node_modules_next_dist_1e8vcs8._.js:776
[  340453ms] [LOG] [Fast Refresh] done in 2ms @ http://localhost:3000/_next/static/chunks/node_modules_next_dist_1e8vcs8._.js:776
[  340504ms] [LOG] [Fast Refresh] done in 2ms @ http://localhost:3000/_next/static/chunks/node_modules_next_dist_1e8vcs8._.js:776
[  340546ms] [LOG] [Fast Refresh] done in 2ms @ http://localhost:3000/_next/static/chunks/node_modules_next_dist_1e8vcs8._.js:776
[  340593ms] [LOG] [Fast Refresh] done in 2ms @ http://localhost:3000/_next/static/chunks/node_modules_next_dist_1e8vcs8._.js:776
[  340635ms] [LOG] [Fast Refresh] done in 2ms @ http://localhost:3000/_next/static/chunks/node_modules_next_dist_1e8vcs8._.js:776
[  340682ms] [LOG] [Fast Refresh] done in 2ms @ http://localhost:3000/_next/static/chunks/node_modules_next_dist_1e8vcs8._.js:776
[  340726ms] [LOG] [Fast Refresh] done in 2ms @ http://localhost:3000/_next/static/chunks/node_modules_next_dist_1e8vcs8._.js:776
[  340778ms] [LOG] [Fast Refresh] done in 2ms @ http://localhost:3000/_next/static/chunks/node_modules_next_dist_1e8vcs8._.js:776
[  340818ms] [LOG] [Fast Refresh] done in 2ms @ http://localhost:3000/_next/static/chunks/node_modules_next_dist_1e8vcs8._.js:776
[  340876ms] [LOG] [Fast Refresh] done in 2ms @ http://localhost:3000/_next/static/chunks/node_modules_next_dist_1e8vcs8._.js:776
[  340930ms] [LOG] [Fast Refresh] done in 2ms @ http://localhost:3000/_next/static/chunks/node_modules_next_dist_1e8vcs8._.js:776
[  340979ms] [LOG] [Fast Refresh] done in 2ms @ http://localhost:3000/_next/static/chunks/node_modules_next_dist_1e8vcs8._.js:776
[  341017ms] [LOG] [Fast Refresh] done in 2ms @ http://localhost:3000/_next/static/chunks/node_modules_next_dist_1e8vcs8._.js:776
[  341056ms] [LOG] [Fast Refresh] done in 2ms @ http://localhost:3000/_next/static/chunks/node_modules_next_dist_1e8vcs8._.js:776
[  341098ms] [LOG] [Fast Refresh] done in 2ms @ http://localhost:3000/_next/static/chunks/node_modules_next_dist_1e8vcs8._.js:776
[  341148ms] [LOG] [Fast Refresh] done in 2ms @ http://localhost:3000/_next/static/chunks/node_modules_next_dist_1e8vcs8._.js:776
[  341194ms] [LOG] [Fast Refresh] done in 2ms @ http://localhost:3000/_next/static/chunks/node_modules_next_dist_1e8vcs8._.js:776
[  341243ms] [LOG] [Fast Refresh] done in 2ms @ http://localhost:3000/_next/static/chunks/node_modules_next_dist_1e8vcs8._.js:776
[  341298ms] [LOG] [Fast Refresh] done in 2ms @ http://localhost:3000/_next/static/chunks/node_modules_next_dist_1e8vcs8._.js:776
[  341337ms] [LOG] [Fast Refresh] done in 2ms @ http://localhost:3000/_next/static/chunks/node_modules_next_dist_1e8vcs8._.js:776
[  341390ms] [LOG] [Fast Refresh] done in 2ms @ http://localhost:3000/_next/static/chunks/node_modules_next_dist_1e8vcs8._.js:776
[  341437ms] [LOG] [Fast Refresh] done in 2ms @ http://localhost:3000/_next/static/chunks/node_modules_next_dist_1e8vcs8._.js:776
[  341486ms] [LOG] [Fast Refresh] done in 2ms @ http://localhost:3000/_next/static/chunks/node_modules_next_dist_1e8vcs8._.js:776
[  341528ms] [LOG] [Fast Refresh] done in 2ms @ http://localhost:3000/_next/static/chunks/node_modules_next_dist_1e8vcs8._.js:776
[  341580ms] [LOG] [Fast Refresh] done in 2ms @ http://localhost:3000/_next/static/chunks/node_modules_next_dist_1e8vcs8._.js:776
[  341627ms] [LOG] [Fast Refresh] done in 2ms @ http://localhost:3000/_next/static/chunks/node_modules_next_dist_1e8vcs8._.js:776
[  341681ms] [LOG] [Fast Refresh] done in 2ms @ http://localhost:3000/_next/static/chunks/node_modules_next_dist_1e8vcs8._.js:776
[  341735ms] [LOG] [Fast Refresh] done in 2ms @ http://localhost:3000/_next/static/chunks/node_modules_next_dist_1e8vcs8._.js:776
[  341784ms] [LOG] [Fast Refresh] done in 2ms @ http://localhost:3000/_next/static/chunks/node_modules_next_dist_1e8vcs8._.js:776
[  341825ms] [LOG] [Fast Refresh] done in 2ms @ http://localhost:3000/_next/static/chunks/node_modules_next_dist_1e8vcs8._.js:776
[  341864ms] [LOG] [Fast Refresh] done in 2ms @ http://localhost:3000/_next/static/chunks/node_modules_next_dist_1e8vcs8._.js:776
[  341926ms] [LOG] [Fast Refresh] done in 2ms @ http://localhost:3000/_next/static/chunks/node_modules_next_dist_1e8vcs8._.js:776
[  341979ms] [LOG] [Fast Refresh] done in 2ms @ http://localhost:3000/_next/static/chunks/node_modules_next_dist_1e8vcs8._.js:776
[  342017ms] [LOG] [Fast Refresh] done in 2ms @ http://localhost:3000/_next/static/chunks/node_modules_next_dist_1e8vcs8._.js:776
[  342057ms] [LOG] [Fast Refresh] done in 2ms @ http://localhost:3000/_next/static/chunks/node_modules_next_dist_1e8vcs8._.js:776
[  342098ms] [LOG] [Fast Refresh] done in 2ms @ http://localhost:3000/_next/static/chunks/node_modules_next_dist_1e8vcs8._.js:776
[  342154ms] [LOG] [Fast Refresh] done in 2ms @ http://localhost:3000/_next/static/chunks/node_modules_next_dist_1e8vcs8._.js:776
[  342195ms] [LOG] [Fast Refresh] done in 2ms @ http://localhost:3000/_next/static/chunks/node_modules_next_dist_1e8vcs8._.js:776
[  342246ms] [LOG] [Fast Refresh] done in 2ms @ http://localhost:3000/_next/static/chunks/node_modules_next_dist_1e8vcs8._.js:776
[  342305ms] [LOG] [Fast Refresh] done in 2ms @ http://localhost:3000/_next/static/chunks/node_modules_next_dist_1e8vcs8._.js:776
[  342346ms] [LOG] [Fast Refresh] done in 2ms @ http://localhost:3000/_next/static/chunks/node_modules_next_dist_1e8vcs8._.js:776
[  342396ms] [LOG] [Fast Refresh] done in 2ms @ http://localhost:3000/_next/static/chunks/node_modules_next_dist_1e8vcs8._.js:776
[  342462ms] [LOG] [Fast Refresh] done in 2ms @ http://localhost:3000/_next/static/chunks/node_modules_next_dist_1e8vcs8._.js:776
[  342517ms] [LOG] [Fast Refresh] done in 2ms @ http://localhost:3000/_next/static/chunks/node_modules_next_dist_1e8vcs8._.js:776
[  342580ms] [LOG] [Fast Refresh] done in 2ms @ http://localhost:3000/_next/static/chunks/node_modules_next_dist_1e8vcs8._.js:776
[  342618ms] [LOG] [Fast Refresh] done in 2ms @ http://localhost:3000/_next/static/chunks/node_modules_next_dist_1e8vcs8._.js:776
[  342660ms] [LOG] [Fast Refresh] done in 2ms @ http://localhost:3000/_next/static/chunks/node_modules_next_dist_1e8vcs8._.js:776
[  342702ms] [LOG] [Fast Refresh] done in 2ms @ http://localhost:3000/_next/static/chunks/node_modules_next_dist_1e8vcs8._.js:776
[  342751ms] [LOG] [Fast Refresh] done in 2ms @ http://localhost:3000/_next/static/chunks/node_modules_next_dist_1e8vcs8._.js:776
[  342799ms] [LOG] [Fast Refresh] done in 2ms @ http://localhost:3000/_next/static/chunks/node_modules_next_dist_1e8vcs8._.js:776
[  342843ms] [LOG] [Fast Refresh] done in 2ms @ http://localhost:3000/_next/static/chunks/node_modules_next_dist_1e8vcs8._.js:776
[  342881ms] [LOG] [Fast Refresh] done in 2ms @ http://localhost:3000/_next/static/chunks/node_modules_next_dist_1e8vcs8._.js:776
[  342931ms] [LOG] [Fast Refresh] done in 2ms @ http://localhost:3000/_next/static/chunks/node_modules_next_dist_1e8vcs8._.js:776
[  342976ms] [LOG] [Fast Refresh] done in 2ms @ http://localhost:3000/_next/static/chunks/node_modules_next_dist_1e8vcs8._.js:776
[  343032ms] [LOG] [Fast Refresh] done in 2ms @ http://localhost:3000/_next/static/chunks/node_modules_next_dist_1e8vcs8._.js:776
[  343081ms] [LOG] [Fast Refresh] done in 2ms @ http://localhost:3000/_next/static/chunks/node_modules_next_dist_1e8vcs8._.js:776
[  343129ms] [LOG] [Fast Refresh] done in 2ms @ http://localhost:3000/_next/static/chunks/node_modules_next_dist_1e8vcs8._.js:776
[  343178ms] [LOG] [Fast Refresh] done in 2ms @ http://localhost:3000/_next/static/chunks/node_modules_next_dist_1e8vcs8._.js:776
[  343223ms] [LOG] [Fast Refresh] done in 2ms @ http://localhost:3000/_next/static/chunks/node_modules_next_dist_1e8vcs8._.js:776
[  343259ms] [LOG] [Fast Refresh] done in 2ms @ http://localhost:3000/_next/static/chunks/node_modules_next_dist_1e8vcs8._.js:776
[  343298ms] [LOG] [Fast Refresh] done in 2ms @ http://localhost:3000/_next/static/chunks/node_modules_next_dist_1e8vcs8._.js:776
[  343340ms] [LOG] [Fast Refresh] done in 2ms @ http://localhost:3000/_next/static/chunks/node_modules_next_dist_1e8vcs8._.js:776
[  343396ms] [LOG] [Fast Refresh] done in 2ms @ http://localhost:3000/_next/static/chunks/node_modules_next_dist_1e8vcs8._.js:776
[  343439ms] [LOG] [Fast Refresh] done in 2ms @ http://localhost:3000/_next/static/chunks/node_modules_next_dist_1e8vcs8._.js:776
[  343480ms] [LOG] [Fast Refresh] done in 2ms @ http://localhost:3000/_next/static/chunks/node_modules_next_dist_1e8vcs8._.js:776
[  343521ms] [LOG] [Fast Refresh] done in 2ms @ http://localhost:3000/_next/static/chunks/node_modules_next_dist_1e8vcs8._.js:776
[  343563ms] [LOG] [Fast Refresh] done in 2ms @ http://localhost:3000/_next/static/chunks/node_modules_next_dist_1e8vcs8._.js:776
[  343609ms] [LOG] [Fast Refresh] done in 2ms @ http://localhost:3000/_next/static/chunks/node_modules_next_dist_1e8vcs8._.js:776
[  343682ms] [LOG] [Fast Refresh] done in 2ms @ http://localhost:3000/_next/static/chunks/node_modules_next_dist_1e8vcs8._.js:776
[  343726ms] [LOG] [Fast Refresh] done in 2ms @ http://localhost:3000/_next/static/chunks/node_modules_next_dist_1e8vcs8._.js:776
[  343782ms] [LOG] [Fast Refresh] done in 2ms @ http://localhost:3000/_next/static/chunks/node_modules_next_dist_1e8vcs8._.js:776
[  343830ms] [LOG] [Fast Refresh] done in 2ms @ http://localhost:3000/_next/static/chunks/node_modules_next_dist_1e8vcs8._.js:776
[  343879ms] [LOG] [Fast Refresh] done in 2ms @ http://localhost:3000/_next/static/chunks/node_modules_next_dist_1e8vcs8._.js:776
[  343938ms] [LOG] [Fast Refresh] done in 2ms @ http://localhost:3000/_next/static/chunks/node_modules_next_dist_1e8vcs8._.js:776
[  343987ms] [LOG] [Fast Refresh] done in 2ms @ http://localhost:3000/_next/static/chunks/node_modules_next_dist_1e8vcs8._.js:776
[  344032ms] [LOG] [Fast Refresh] done in 2ms @ http://localhost:3000/_next/static/chunks/node_modules_next_dist_1e8vcs8._.js:776
[  344083ms] [LOG] [Fast Refresh] done in 2ms @ http://localhost:3000/_next/static/chunks/node_modules_next_dist_1e8vcs8._.js:776
[  344129ms] [LOG] [Fast Refresh] done in 2ms @ http://localhost:3000/_next/static/chunks/node_modules_next_dist_1e8vcs8._.js:776
[  344178ms] [LOG] [Fast Refresh] done in 2ms @ http://localhost:3000/_next/static/chunks/node_modules_next_dist_1e8vcs8._.js:776
[  344223ms] [LOG] [Fast Refresh] done in 2ms @ http://localhost:3000/_next/static/chunks/node_modules_next_dist_1e8vcs8._.js:776
[  344265ms] [LOG] [Fast Refresh] done in 2ms @ http://localhost:3000/_next/static/chunks/node_modules_next_dist_1e8vcs8._.js:776
[  344306ms] [LOG] [Fast Refresh] done in 2ms @ http://localhost:3000/_next/static/chunks/node_modules_next_dist_1e8vcs8._.js:776
[  344355ms] [LOG] [Fast Refresh] done in 2ms @ http://localhost:3000/_next/static/chunks/node_modules_next_dist_1e8vcs8._.js:776
[  344396ms] [LOG] [Fast Refresh] done in 2ms @ http://localhost:3000/_next/static/chunks/node_modules_next_dist_1e8vcs8._.js:776
[  344446ms] [LOG] [Fast Refresh] done in 2ms @ http://localhost:3000/_next/static/chunks/node_modules_next_dist_1e8vcs8._.js:776
[  344489ms] [LOG] [Fast Refresh] done in 2ms @ http://localhost:3000/_next/static/chunks/node_modules_next_dist_1e8vcs8._.js:776
[  344536ms] [LOG] [Fast Refresh] done in 2ms @ http://localhost:3000/_next/static/chunks/node_modules_next_dist_1e8vcs8._.js:776
[  344578ms] [LOG] [Fast Refresh] done in 2ms @ http://localhost:3000/_next/static/chunks/node_modules_next_dist_1e8vcs8._.js:776
[  344620ms] [LOG] [Fast Refresh] done in 2ms @ http://localhost:3000/_next/static/chunks/node_modules_next_dist_1e8vcs8._.js:776
[  344661ms] [LOG] [Fast Refresh] done in 2ms @ http://localhost:3000/_next/static/chunks/node_modules_next_dist_1e8vcs8._.js:776
[  344703ms] [LOG] [Fast Refresh] done in 2ms @ http://localhost:3000/_next/static/chunks/node_modules_next_dist_1e8vcs8._.js:776
[  344746ms] [LOG] [Fast Refresh] done in 2ms @ http://localhost:3000/_next/static/chunks/node_modules_next_dist_1e8vcs8._.js:776
[  344787ms] [LOG] [Fast Refresh] done in 2ms @ http://localhost:3000/_next/static/chunks/node_modules_next_dist_1e8vcs8._.js:776
[  344827ms] [LOG] [Fast Refresh] done in 2ms @ http://localhost:3000/_next/static/chunks/node_modules_next_dist_1e8vcs8._.js:776
[  344870ms] [LOG] [Fast Refresh] done in 2ms @ http://localhost:3000/_next/static/chunks/node_modules_next_dist_1e8vcs8._.js:776
[  344919ms] [LOG] [Fast Refresh] done in 2ms @ http://localhost:3000/_next/static/chunks/node_modules_next_dist_1e8vcs8._.js:776
[  344976ms] [LOG] [Fast Refresh] done in 2ms @ http://localhost:3000/_next/static/chunks/node_modules_next_dist_1e8vcs8._.js:776
[  345026ms] [LOG] [Fast Refresh] done in 2ms @ http://localhost:3000/_next/static/chunks/node_modules_next_dist_1e8vcs8._.js:776
[  345080ms] [LOG] [Fast Refresh] done in 2ms @ http://localhost:3000/_next/static/chunks/node_modules_next_dist_1e8vcs8._.js:776
[  345133ms] [LOG] [Fast Refresh] done in 2ms @ http://localhost:3000/_next/static/chunks/node_modules_next_dist_1e8vcs8._.js:776
[  345177ms] [LOG] [Fast Refresh] done in 2ms @ http://localhost:3000/_next/static/chunks/node_modules_next_dist_1e8vcs8._.js:776
[  345231ms] [LOG] [Fast Refresh] done in 2ms @ http://localhost:3000/_next/static/chunks/node_modules_next_dist_1e8vcs8._.js:776
[  345286ms] [LOG] [Fast Refresh] done in 2ms @ http://localhost:3000/_next/static/chunks/node_modules_next_dist_1e8vcs8._.js:776
[  345330ms] [LOG] [Fast Refresh] done in 2ms @ http://localhost:3000/_next/static/chunks/node_modules_next_dist_1e8vcs8._.js:776
[  345370ms] [LOG] [Fast Refresh] done in 2ms @ http://localhost:3000/_next/static/chunks/node_modules_next_dist_1e8vcs8._.js:776
[  345427ms] [LOG] [Fast Refresh] done in 2ms @ http://localhost:3000/_next/static/chunks/node_modules_next_dist_1e8vcs8._.js:776
[  345477ms] [LOG] [Fast Refresh] done in 2ms @ http://localhost:3000/_next/static/chunks/node_modules_next_dist_1e8vcs8._.js:776
[  345532ms] [LOG] [Fast Refresh] done in 2ms @ http://localhost:3000/_next/static/chunks/node_modules_next_dist_1e8vcs8._.js:776
[  345582ms] [LOG] [Fast Refresh] done in 2ms @ http://localhost:3000/_next/static/chunks/node_modules_next_dist_1e8vcs8._.js:776
[  345630ms] [LOG] [Fast Refresh] done in 2ms @ http://localhost:3000/_next/static/chunks/node_modules_next_dist_1e8vcs8._.js:776
[  345679ms] [LOG] [Fast Refresh] done in 2ms @ http://localhost:3000/_next/static/chunks/node_modules_next_dist_1e8vcs8._.js:776
[  345724ms] [LOG] [Fast Refresh] done in 2ms @ http://localhost:3000/_next/static/chunks/node_modules_next_dist_1e8vcs8._.js:776
[  345765ms] [LOG] [Fast Refresh] done in 2ms @ http://localhost:3000/_next/static/chunks/node_modules_next_dist_1e8vcs8._.js:776
[  345807ms] [LOG] [Fast Refresh] done in 2ms @ http://localhost:3000/_next/static/chunks/node_modules_next_dist_1e8vcs8._.js:776
[  345849ms] [LOG] [Fast Refresh] done in 2ms @ http://localhost:3000/_next/static/chunks/node_modules_next_dist_1e8vcs8._.js:776
[  345890ms] [LOG] [Fast Refresh] done in 2ms @ http://localhost:3000/_next/static/chunks/node_modules_next_dist_1e8vcs8._.js:776
[  345932ms] [LOG] [Fast Refresh] done in 2ms @ http://localhost:3000/_next/static/chunks/node_modules_next_dist_1e8vcs8._.js:776
[  345974ms] [LOG] [Fast Refresh] done in 2ms @ http://localhost:3000/_next/static/chunks/node_modules_next_dist_1e8vcs8._.js:776
[  346016ms] [LOG] [Fast Refresh] done in 2ms @ http://localhost:3000/_next/static/chunks/node_modules_next_dist_1e8vcs8._.js:776
[  346056ms] [LOG] [Fast Refresh] done in 2ms @ http://localhost:3000/_next/static/chunks/node_modules_next_dist_1e8vcs8._.js:776
[  346097ms] [LOG] [Fast Refresh] done in 2ms @ http://localhost:3000/_next/static/chunks/node_modules_next_dist_1e8vcs8._.js:776
[  346140ms] [LOG] [Fast Refresh] done in 2ms @ http://localhost:3000/_next/static/chunks/node_modules_next_dist_1e8vcs8._.js:776
[  346182ms] [LOG] [Fast Refresh] done in 2ms @ http://localhost:3000/_next/static/chunks/node_modules_next_dist_1e8vcs8._.js:776
[  346227ms] [LOG] [Fast Refresh] done in 2ms @ http://localhost:3000/_next/static/chunks/node_modules_next_dist_1e8vcs8._.js:776
[  346277ms] [LOG] [Fast Refresh] done in 2ms @ http://localhost:3000/_next/static/chunks/node_modules_next_dist_1e8vcs8._.js:776
[  346331ms] [LOG] [Fast Refresh] done in 2ms @ http://localhost:3000/_next/static/chunks/node_modules_next_dist_1e8vcs8._.js:776
[  346379ms] [LOG] [Fast Refresh] done in 2ms @ http://localhost:3000/_next/static/chunks/node_modules_next_dist_1e8vcs8._.js:776
[  346426ms] [LOG] [Fast Refresh] done in 2ms @ http://localhost:3000/_next/static/chunks/node_modules_next_dist_1e8vcs8._.js:776
[  346467ms] [LOG] [Fast Refresh] done in 2ms @ http://localhost:3000/_next/static/chunks/node_modules_next_dist_1e8vcs8._.js:776
[  346516ms] [LOG] [Fast Refresh] done in 2ms @ http://localhost:3000/_next/static/chunks/node_modules_next_dist_1e8vcs8._.js:776
[  346581ms] [LOG] [Fast Refresh] done in 2ms @ http://localhost:3000/_next/static/chunks/node_modules_next_dist_1e8vcs8._.js:776
[  346620ms] [LOG] [Fast Refresh] done in 2ms @ http://localhost:3000/_next/static/chunks/node_modules_next_dist_1e8vcs8._.js:776
[  346661ms] [LOG] [Fast Refresh] done in 2ms @ http://localhost:3000/_next/static/chunks/node_modules_next_dist_1e8vcs8._.js:776
[  346710ms] [LOG] [Fast Refresh] done in 2ms @ http://localhost:3000/_next/static/chunks/node_modules_next_dist_1e8vcs8._.js:776
[  346751ms] [LOG] [Fast Refresh] done in 2ms @ http://localhost:3000/_next/static/chunks/node_modules_next_dist_1e8vcs8._.js:776
[  346793ms] [LOG] [Fast Refresh] done in 2ms @ http://localhost:3000/_next/static/chunks/node_modules_next_dist_1e8vcs8._.js:776
[  346835ms] [LOG] [Fast Refresh] done in 2ms @ http://localhost:3000/_next/static/chunks/node_modules_next_dist_1e8vcs8._.js:776
[  346879ms] [LOG] [Fast Refresh] done in 2ms @ http://localhost:3000/_next/static/chunks/node_modules_next_dist_1e8vcs8._.js:776
[  346919ms] [LOG] [Fast Refresh] done in 2ms @ http://localhost:3000/_next/static/chunks/node_modules_next_dist_1e8vcs8._.js:776
[  346960ms] [LOG] [Fast Refresh] done in 2ms @ http://localhost:3000/_next/static/chunks/node_modules_next_dist_1e8vcs8._.js:776
[  347010ms] [LOG] [Fast Refresh] done in 2ms @ http://localhost:3000/_next/static/chunks/node_modules_next_dist_1e8vcs8._.js:776
[  347065ms] [LOG] [Fast Refresh] done in 2ms @ http://localhost:3000/_next/static/chunks/node_modules_next_dist_1e8vcs8._.js:776
[  347114ms] [LOG] [Fast Refresh] done in 2ms @ http://localhost:3000/_next/static/chunks/node_modules_next_dist_1e8vcs8._.js:776
[  347177ms] [LOG] [Fast Refresh] done in 2ms @ http://localhost:3000/_next/static/chunks/node_modules_next_dist_1e8vcs8._.js:776
[  347226ms] [LOG] [Fast Refresh] done in 2ms @ http://localhost:3000/_next/static/chunks/node_modules_next_dist_1e8vcs8._.js:776
[  347275ms] [LOG] [Fast Refresh] done in 2ms @ http://localhost:3000/_next/static/chunks/node_modules_next_dist_1e8vcs8._.js:776
[  347314ms] [LOG] [Fast Refresh] done in 2ms @ http://localhost:3000/_next/static/chunks/node_modules_next_dist_1e8vcs8._.js:776
[  347355ms] [LOG] [Fast Refresh] done in 2ms @ http://localhost:3000/_next/static/chunks/node_modules_next_dist_1e8vcs8._.js:776
[  347398ms] [LOG] [Fast Refresh] done in 2ms @ http://localhost:3000/_next/static/chunks/node_modules_next_dist_1e8vcs8._.js:776
[  347439ms] [LOG] [Fast Refresh] done in 2ms @ http://localhost:3000/_next/static/chunks/node_modules_next_dist_1e8vcs8._.js:776
[  347481ms] [LOG] [Fast Refresh] done in 2ms @ http://localhost:3000/_next/static/chunks/node_modules_next_dist_1e8vcs8._.js:776
[  347522ms] [LOG] [Fast Refresh] done in 2ms @ http://localhost:3000/_next/static/chunks/node_modules_next_dist_1e8vcs8._.js:776
[  347564ms] [LOG] [Fast Refresh] done in 2ms @ http://localhost:3000/_next/static/chunks/node_modules_next_dist_1e8vcs8._.js:776
[  347606ms] [LOG] [Fast Refresh] done in 2ms @ http://localhost:3000/_next/static/chunks/node_modules_next_dist_1e8vcs8._.js:776
[  347648ms] [LOG] [Fast Refresh] done in 2ms @ http://localhost:3000/_next/static/chunks/node_modules_next_dist_1e8vcs8._.js:776
[  347689ms] [LOG] [Fast Refresh] done in 2ms @ http://localhost:3000/_next/static/chunks/node_modules_next_dist_1e8vcs8._.js:776
[  347738ms] [LOG] [Fast Refresh] done in 2ms @ http://localhost:3000/_next/static/chunks/node_modules_next_dist_1e8vcs8._.js:776
[  347779ms] [LOG] [Fast Refresh] done in 2ms @ http://localhost:3000/_next/static/chunks/node_modules_next_dist_1e8vcs8._.js:776
[  347820ms] [LOG] [Fast Refresh] done in 2ms @ http://localhost:3000/_next/static/chunks/node_modules_next_dist_1e8vcs8._.js:776
[  347870ms] [LOG] [Fast Refresh] done in 2ms @ http://localhost:3000/_next/static/chunks/node_modules_next_dist_1e8vcs8._.js:776
[  347932ms] [LOG] [Fast Refresh] done in 2ms @ http://localhost:3000/_next/static/chunks/node_modules_next_dist_1e8vcs8._.js:776
[  347976ms] [LOG] [Fast Refresh] done in 2ms @ http://localhost:3000/_next/static/chunks/node_modules_next_dist_1e8vcs8._.js:776
[  348016ms] [LOG] [Fast Refresh] done in 2ms @ http://localhost:3000/_next/static/chunks/node_modules_next_dist_1e8vcs8._.js:776
[  348078ms] [LOG] [Fast Refresh] done in 2ms @ http://localhost:3000/_next/static/chunks/node_modules_next_dist_1e8vcs8._.js:776
[  348129ms] [LOG] [Fast Refresh] done in 2ms @ http://localhost:3000/_next/static/chunks/node_modules_next_dist_1e8vcs8._.js:776
[  348174ms] [LOG] [Fast Refresh] done in 2ms @ http://localhost:3000/_next/static/chunks/node_modules_next_dist_1e8vcs8._.js:776
[  348226ms] [LOG] [Fast Refresh] done in 2ms @ http://localhost:3000/_next/static/chunks/node_modules_next_dist_1e8vcs8._.js:776
[  348266ms] [LOG] [Fast Refresh] done in 2ms @ http://localhost:3000/_next/static/chunks/node_modules_next_dist_1e8vcs8._.js:776
[  348314ms] [LOG] [Fast Refresh] done in 2ms @ http://localhost:3000/_next/static/chunks/node_modules_next_dist_1e8vcs8._.js:776
[  348356ms] [LOG] [Fast Refresh] done in 2ms @ http://localhost:3000/_next/static/chunks/node_modules_next_dist_1e8vcs8._.js:776
[  348398ms] [LOG] [Fast Refresh] done in 2ms @ http://localhost:3000/_next/static/chunks/node_modules_next_dist_1e8vcs8._.js:776
[  348439ms] [LOG] [Fast Refresh] done in 2ms @ http://localhost:3000/_next/static/chunks/node_modules_next_dist_1e8vcs8._.js:776
[  348483ms] [LOG] [Fast Refresh] done in 2ms @ http://localhost:3000/_next/static/chunks/node_modules_next_dist_1e8vcs8._.js:776
[  348524ms] [LOG] [Fast Refresh] done in 2ms @ http://localhost:3000/_next/static/chunks/node_modules_next_dist_1e8vcs8._.js:776
[  348564ms] [LOG] [Fast Refresh] done in 2ms @ http://localhost:3000/_next/static/chunks/node_modules_next_dist_1e8vcs8._.js:776
[  348607ms] [LOG] [Fast Refresh] done in 2ms @ http://localhost:3000/_next/static/chunks/node_modules_next_dist_1e8vcs8._.js:776
[  348649ms] [LOG] [Fast Refresh] done in 2ms @ http://localhost:3000/_next/static/chunks/node_modules_next_dist_1e8vcs8._.js:776
[  348690ms] [LOG] [Fast Refresh] done in 2ms @ http://localhost:3000/_next/static/chunks/node_modules_next_dist_1e8vcs8._.js:776
[  348730ms] [LOG] [Fast Refresh] done in 2ms @ http://localhost:3000/_next/static/chunks/node_modules_next_dist_1e8vcs8._.js:776
[  348778ms] [LOG] [Fast Refresh] done in 2ms @ http://localhost:3000/_next/static/chunks/node_modules_next_dist_1e8vcs8._.js:776
[  348821ms] [LOG] [Fast Refresh] done in 2ms @ http://localhost:3000/_next/static/chunks/node_modules_next_dist_1e8vcs8._.js:776
[  348863ms] [LOG] [Fast Refresh] done in 2ms @ http://localhost:3000/_next/static/chunks/node_modules_next_dist_1e8vcs8._.js:776
[  348904ms] [LOG] [Fast Refresh] done in 2ms @ http://localhost:3000/_next/static/chunks/node_modules_next_dist_1e8vcs8._.js:776
[  348946ms] [LOG] [Fast Refresh] done in 2ms @ http://localhost:3000/_next/static/chunks/node_modules_next_dist_1e8vcs8._.js:776
[  348991ms] [LOG] [Fast Refresh] done in 2ms @ http://localhost:3000/_next/static/chunks/node_modules_next_dist_1e8vcs8._.js:776
[  349036ms] [LOG] [Fast Refresh] done in 2ms @ http://localhost:3000/_next/static/chunks/node_modules_next_dist_1e8vcs8._.js:776
[  349084ms] [LOG] [Fast Refresh] done in 2ms @ http://localhost:3000/_next/static/chunks/node_modules_next_dist_1e8vcs8._.js:776
[  349133ms] [LOG] [Fast Refresh] done in 2ms @ http://localhost:3000/_next/static/chunks/node_modules_next_dist_1e8vcs8._.js:776
[  349174ms] [LOG] [Fast Refresh] done in 2ms @ http://localhost:3000/_next/static/chunks/node_modules_next_dist_1e8vcs8._.js:776
[  349229ms] [LOG] [Fast Refresh] done in 2ms @ http://localhost:3000/_next/static/chunks/node_modules_next_dist_1e8vcs8._.js:776
[  349266ms] [LOG] [Fast Refresh] done in 2ms @ http://localhost:3000/_next/static/chunks/node_modules_next_dist_1e8vcs8._.js:776
[  349321ms] [LOG] [Fast Refresh] done in 2ms @ http://localhost:3000/_next/static/chunks/node_modules_next_dist_1e8vcs8._.js:776
[  349377ms] [LOG] [Fast Refresh] done in 2ms @ http://localhost:3000/_next/static/chunks/node_modules_next_dist_1e8vcs8._.js:776
[  349417ms] [LOG] [Fast Refresh] done in 2ms @ http://localhost:3000/_next/static/chunks/node_modules_next_dist_1e8vcs8._.js:776
[  349459ms] [LOG] [Fast Refresh] done in 2ms @ http://localhost:3000/_next/static/chunks/node_modules_next_dist_1e8vcs8._.js:776
[  349508ms] [LOG] [Fast Refresh] done in 2ms @ http://localhost:3000/_next/static/chunks/node_modules_next_dist_1e8vcs8._.js:776
[  349549ms] [LOG] [Fast Refresh] done in 2ms @ http://localhost:3000/_next/static/chunks/node_modules_next_dist_1e8vcs8._.js:776
[  349591ms] [LOG] [Fast Refresh] done in 2ms @ http://localhost:3000/_next/static/chunks/node_modules_next_dist_1e8vcs8._.js:776
[  349633ms] [LOG] [Fast Refresh] done in 2ms @ http://localhost:3000/_next/static/chunks/node_modules_next_dist_1e8vcs8._.js:776
[  349674ms] [LOG] [Fast Refresh] done in 2ms @ http://localhost:3000/_next/static/chunks/node_modules_next_dist_1e8vcs8._.js:776
[  349716ms] [LOG] [Fast Refresh] done in 2ms @ http://localhost:3000/_next/static/chunks/node_modules_next_dist_1e8vcs8._.js:776
[  349759ms] [LOG] [Fast Refresh] done in 2ms @ http://localhost:3000/_next/static/chunks/node_modules_next_dist_1e8vcs8._.js:776
[  349801ms] [LOG] [Fast Refresh] done in 2ms @ http://localhost:3000/_next/static/chunks/node_modules_next_dist_1e8vcs8._.js:776
[  349843ms] [LOG] [Fast Refresh] done in 2ms @ http://localhost:3000/_next/static/chunks/node_modules_next_dist_1e8vcs8._.js:776
[  349883ms] [LOG] [Fast Refresh] done in 2ms @ http://localhost:3000/_next/static/chunks/node_modules_next_dist_1e8vcs8._.js:776
[  349925ms] [LOG] [Fast Refresh] done in 2ms @ http://localhost:3000/_next/static/chunks/node_modules_next_dist_1e8vcs8._.js:776
[  349967ms] [LOG] [Fast Refresh] done in 2ms @ http://localhost:3000/_next/static/chunks/node_modules_next_dist_1e8vcs8._.js:776
[  350009ms] [LOG] [Fast Refresh] done in 2ms @ http://localhost:3000/_next/static/chunks/node_modules_next_dist_1e8vcs8._.js:776
[  350059ms] [LOG] [Fast Refresh] done in 2ms @ http://localhost:3000/_next/static/chunks/node_modules_next_dist_1e8vcs8._.js:776
[  350099ms] [LOG] [Fast Refresh] done in 2ms @ http://localhost:3000/_next/static/chunks/node_modules_next_dist_1e8vcs8._.js:776
[  350140ms] [LOG] [Fast Refresh] done in 2ms @ http://localhost:3000/_next/static/chunks/node_modules_next_dist_1e8vcs8._.js:776
[  350189ms] [LOG] [Fast Refresh] done in 2ms @ http://localhost:3000/_next/static/chunks/node_modules_next_dist_1e8vcs8._.js:776
[  350245ms] [LOG] [Fast Refresh] done in 2ms @ http://localhost:3000/_next/static/chunks/node_modules_next_dist_1e8vcs8._.js:776
[  350288ms] [LOG] [Fast Refresh] done in 2ms @ http://localhost:3000/_next/static/chunks/node_modules_next_dist_1e8vcs8._.js:776
[  350327ms] [LOG] [Fast Refresh] done in 2ms @ http://localhost:3000/_next/static/chunks/node_modules_next_dist_1e8vcs8._.js:776
[  350377ms] [LOG] [Fast Refresh] done in 2ms @ http://localhost:3000/_next/static/chunks/node_modules_next_dist_1e8vcs8._.js:776
[  350433ms] [LOG] [Fast Refresh] done in 2ms @ http://localhost:3000/_next/static/chunks/node_modules_next_dist_1e8vcs8._.js:776
[  350480ms] [LOG] [Fast Refresh] done in 2ms @ http://localhost:3000/_next/static/chunks/node_modules_next_dist_1e8vcs8._.js:776
[  350529ms] [LOG] [Fast Refresh] done in 2ms @ http://localhost:3000/_next/static/chunks/node_modules_next_dist_1e8vcs8._.js:776
[  350579ms] [LOG] [Fast Refresh] done in 2ms @ http://localhost:3000/_next/static/chunks/node_modules_next_dist_1e8vcs8._.js:776
[  350619ms] [LOG] [Fast Refresh] done in 2ms @ http://localhost:3000/_next/static/chunks/node_modules_next_dist_1e8vcs8._.js:776
[  350661ms] [LOG] [Fast Refresh] done in 2ms @ http://localhost:3000/_next/static/chunks/node_modules_next_dist_1e8vcs8._.js:776
[  350710ms] [LOG] [Fast Refresh] done in 2ms @ http://localhost:3000/_next/static/chunks/node_modules_next_dist_1e8vcs8._.js:776
[  350776ms] [LOG] [Fast Refresh] done in 2ms @ http://localhost:3000/_next/static/chunks/node_modules_next_dist_1e8vcs8._.js:776
[  350830ms] [LOG] [Fast Refresh] done in 2ms @ http://localhost:3000/_next/static/chunks/node_modules_next_dist_1e8vcs8._.js:776
[  350879ms] [LOG] [Fast Refresh] done in 2ms @ http://localhost:3000/_next/static/chunks/node_modules_next_dist_1e8vcs8._.js:776
[  350927ms] [LOG] [Fast Refresh] done in 2ms @ http://localhost:3000/_next/static/chunks/node_modules_next_dist_1e8vcs8._.js:776
[  350977ms] [LOG] [Fast Refresh] done in 2ms @ http://localhost:3000/_next/static/chunks/node_modules_next_dist_1e8vcs8._.js:776
[  351023ms] [LOG] [Fast Refresh] done in 2ms @ http://localhost:3000/_next/static/chunks/node_modules_next_dist_1e8vcs8._.js:776
[  351071ms] [LOG] [Fast Refresh] done in 2ms @ http://localhost:3000/_next/static/chunks/node_modules_next_dist_1e8vcs8._.js:776
[  351113ms] [LOG] [Fast Refresh] done in 2ms @ http://localhost:3000/_next/static/chunks/node_modules_next_dist_1e8vcs8._.js:776
[  351155ms] [LOG] [Fast Refresh] done in 2ms @ http://localhost:3000/_next/static/chunks/node_modules_next_dist_1e8vcs8._.js:776
[  351195ms] [LOG] [Fast Refresh] done in 2ms @ http://localhost:3000/_next/static/chunks/node_modules_next_dist_1e8vcs8._.js:776
[  351237ms] [LOG] [Fast Refresh] done in 2ms @ http://localhost:3000/_next/static/chunks/node_modules_next_dist_1e8vcs8._.js:776
[  351282ms] [LOG] [Fast Refresh] done in 2ms @ http://localhost:3000/_next/static/chunks/node_modules_next_dist_1e8vcs8._.js:776
[  351334ms] [LOG] [Fast Refresh] done in 2ms @ http://localhost:3000/_next/static/chunks/node_modules_next_dist_1e8vcs8._.js:776
[  351372ms] [LOG] [Fast Refresh] done in 2ms @ http://localhost:3000/_next/static/chunks/node_modules_next_dist_1e8vcs8._.js:776
[  351434ms] [LOG] [Fast Refresh] done in 2ms @ http://localhost:3000/_next/static/chunks/node_modules_next_dist_1e8vcs8._.js:776
[  351483ms] [LOG] [Fast Refresh] done in 2ms @ http://localhost:3000/_next/static/chunks/node_modules_next_dist_1e8vcs8._.js:776
[  351528ms] [LOG] [Fast Refresh] done in 2ms @ http://localhost:3000/_next/static/chunks/node_modules_next_dist_1e8vcs8._.js:776
[  351573ms] [LOG] [Fast Refresh] done in 2ms @ http://localhost:3000/_next/static/chunks/node_modules_next_dist_1e8vcs8._.js:776
[  351619ms] [LOG] [Fast Refresh] done in 2ms @ http://localhost:3000/_next/static/chunks/node_modules_next_dist_1e8vcs8._.js:776
[  351660ms] [LOG] [Fast Refresh] done in 2ms @ http://localhost:3000/_next/static/chunks/node_modules_next_dist_1e8vcs8._.js:776
[  351704ms] [LOG] [Fast Refresh] done in 2ms @ http://localhost:3000/_next/static/chunks/node_modules_next_dist_1e8vcs8._.js:776
[  351744ms] [LOG] [Fast Refresh] done in 2ms @ http://localhost:3000/_next/static/chunks/node_modules_next_dist_1e8vcs8._.js:776
[  351785ms] [LOG] [Fast Refresh] done in 2ms @ http://localhost:3000/_next/static/chunks/node_modules_next_dist_1e8vcs8._.js:776
[  351827ms] [LOG] [Fast Refresh] done in 2ms @ http://localhost:3000/_next/static/chunks/node_modules_next_dist_1e8vcs8._.js:776
[  351879ms] [LOG] [Fast Refresh] done in 2ms @ http://localhost:3000/_next/static/chunks/node_modules_next_dist_1e8vcs8._.js:776
[  351929ms] [LOG] [Fast Refresh] done in 2ms @ http://localhost:3000/_next/static/chunks/node_modules_next_dist_1e8vcs8._.js:776
[  351968ms] [LOG] [Fast Refresh] done in 2ms @ http://localhost:3000/_next/static/chunks/node_modules_next_dist_1e8vcs8._.js:776
[  352017ms] [LOG] [Fast Refresh] done in 2ms @ http://localhost:3000/_next/static/chunks/node_modules_next_dist_1e8vcs8._.js:776
[  352080ms] [LOG] [Fast Refresh] done in 2ms @ http://localhost:3000/_next/static/chunks/node_modules_next_dist_1e8vcs8._.js:776
[  352129ms] [LOG] [Fast Refresh] done in 2ms @ http://localhost:3000/_next/static/chunks/node_modules_next_dist_1e8vcs8._.js:776
[  352178ms] [LOG] [Fast Refresh] done in 2ms @ http://localhost:3000/_next/static/chunks/node_modules_next_dist_1e8vcs8._.js:776
[  352226ms] [LOG] [Fast Refresh] done in 2ms @ http://localhost:3000/_next/static/chunks/node_modules_next_dist_1e8vcs8._.js:776
[  352276ms] [LOG] [Fast Refresh] done in 2ms @ http://localhost:3000/_next/static/chunks/node_modules_next_dist_1e8vcs8._.js:776
[  352322ms] [LOG] [Fast Refresh] done in 2ms @ http://localhost:3000/_next/static/chunks/node_modules_next_dist_1e8vcs8._.js:776
[  352363ms] [LOG] [Fast Refresh] done in 2ms @ http://localhost:3000/_next/static/chunks/node_modules_next_dist_1e8vcs8._.js:776
[  352419ms] [LOG] [Fast Refresh] done in 2ms @ http://localhost:3000/_next/static/chunks/node_modules_next_dist_1e8vcs8._.js:776
[  352459ms] [LOG] [Fast Refresh] done in 2ms @ http://localhost:3000/_next/static/chunks/node_modules_next_dist_1e8vcs8._.js:776
[  352502ms] [LOG] [Fast Refresh] done in 2ms @ http://localhost:3000/_next/static/chunks/node_modules_next_dist_1e8vcs8._.js:776
[  352543ms] [LOG] [Fast Refresh] done in 2ms @ http://localhost:3000/_next/static/chunks/node_modules_next_dist_1e8vcs8._.js:776
[  352584ms] [LOG] [Fast Refresh] done in 2ms @ http://localhost:3000/_next/static/chunks/node_modules_next_dist_1e8vcs8._.js:776
[  352634ms] [LOG] [Fast Refresh] done in 2ms @ http://localhost:3000/_next/static/chunks/node_modules_next_dist_1e8vcs8._.js:776
[  352677ms] [LOG] [Fast Refresh] done in 2ms @ http://localhost:3000/_next/static/chunks/node_modules_next_dist_1e8vcs8._.js:776
[  352727ms] [LOG] [Fast Refresh] done in 2ms @ http://localhost:3000/_next/static/chunks/node_modules_next_dist_1e8vcs8._.js:776
[  352775ms] [LOG] [Fast Refresh] done in 2ms @ http://localhost:3000/_next/static/chunks/node_modules_next_dist_1e8vcs8._.js:776
[  352835ms] [LOG] [Fast Refresh] done in 2ms @ http://localhost:3000/_next/static/chunks/node_modules_next_dist_1e8vcs8._.js:776
[  352879ms] [LOG] [Fast Refresh] done in 2ms @ http://localhost:3000/_next/static/chunks/node_modules_next_dist_1e8vcs8._.js:776
[  352928ms] [LOG] [Fast Refresh] done in 2ms @ http://localhost:3000/_next/static/chunks/node_modules_next_dist_1e8vcs8._.js:776
[  352981ms] [LOG] [Fast Refresh] done in 2ms @ http://localhost:3000/_next/static/chunks/node_modules_next_dist_1e8vcs8._.js:776
[  353032ms] [LOG] [Fast Refresh] done in 2ms @ http://localhost:3000/_next/static/chunks/node_modules_next_dist_1e8vcs8._.js:776
[  353080ms] [LOG] [Fast Refresh] done in 2ms @ http://localhost:3000/_next/static/chunks/node_modules_next_dist_1e8vcs8._.js:776
[  353129ms] [LOG] [Fast Refresh] done in 2ms @ http://localhost:3000/_next/static/chunks/node_modules_next_dist_1e8vcs8._.js:776
[  353178ms] [LOG] [Fast Refresh] done in 2ms @ http://localhost:3000/_next/static/chunks/node_modules_next_dist_1e8vcs8._.js:776
[  353226ms] [LOG] [Fast Refresh] done in 2ms @ http://localhost:3000/_next/static/chunks/node_modules_next_dist_1e8vcs8._.js:776
[  353276ms] [LOG] [Fast Refresh] done in 2ms @ http://localhost:3000/_next/static/chunks/node_modules_next_dist_1e8vcs8._.js:776
[  353331ms] [LOG] [Fast Refresh] done in 2ms @ http://localhost:3000/_next/static/chunks/node_modules_next_dist_1e8vcs8._.js:776
[  353379ms] [LOG] [Fast Refresh] done in 2ms @ http://localhost:3000/_next/static/chunks/node_modules_next_dist_1e8vcs8._.js:776
[  353427ms] [LOG] [Fast Refresh] done in 2ms @ http://localhost:3000/_next/static/chunks/node_modules_next_dist_1e8vcs8._.js:776
[  353476ms] [LOG] [Fast Refresh] done in 2ms @ http://localhost:3000/_next/static/chunks/node_modules_next_dist_1e8vcs8._.js:776
[  353533ms] [LOG] [Fast Refresh] done in 2ms @ http://localhost:3000/_next/static/chunks/node_modules_next_dist_1e8vcs8._.js:776
[  353581ms] [LOG] [Fast Refresh] done in 2ms @ http://localhost:3000/_next/static/chunks/node_modules_next_dist_1e8vcs8._.js:776
[  353629ms] [LOG] [Fast Refresh] done in 2ms @ http://localhost:3000/_next/static/chunks/node_modules_next_dist_1e8vcs8._.js:776
[  353678ms] [LOG] [Fast Refresh] done in 2ms @ http://localhost:3000/_next/static/chunks/node_modules_next_dist_1e8vcs8._.js:776
[  353727ms] [LOG] [Fast Refresh] done in 2ms @ http://localhost:3000/_next/static/chunks/node_modules_next_dist_1e8vcs8._.js:776
[  353775ms] [LOG] [Fast Refresh] done in 2ms @ http://localhost:3000/_next/static/chunks/node_modules_next_dist_1e8vcs8._.js:776
[  353830ms] [LOG] [Fast Refresh] done in 2ms @ http://localhost:3000/_next/static/chunks/node_modules_next_dist_1e8vcs8._.js:776
[  353879ms] [LOG] [Fast Refresh] done in 2ms @ http://localhost:3000/_next/static/chunks/node_modules_next_dist_1e8vcs8._.js:776
[  353928ms] [LOG] [Fast Refresh] done in 2ms @ http://localhost:3000/_next/static/chunks/node_modules_next_dist_1e8vcs8._.js:776
[  353977ms] [LOG] [Fast Refresh] done in 2ms @ http://localhost:3000/_next/static/chunks/node_modules_next_dist_1e8vcs8._.js:776
[  354033ms] [LOG] [Fast Refresh] done in 2ms @ http://localhost:3000/_next/static/chunks/node_modules_next_dist_1e8vcs8._.js:776
[  354071ms] [LOG] [Fast Refresh] done in 2ms @ http://localhost:3000/_next/static/chunks/node_modules_next_dist_1e8vcs8._.js:776
[  354129ms] [LOG] [Fast Refresh] done in 2ms @ http://localhost:3000/_next/static/chunks/node_modules_next_dist_1e8vcs8._.js:776
[  354178ms] [LOG] [Fast Refresh] done in 2ms @ http://localhost:3000/_next/static/chunks/node_modules_next_dist_1e8vcs8._.js:776
[  354226ms] [LOG] [Fast Refresh] done in 2ms @ http://localhost:3000/_next/static/chunks/node_modules_next_dist_1e8vcs8._.js:776
[  354276ms] [LOG] [Fast Refresh] done in 2ms @ http://localhost:3000/_next/static/chunks/node_modules_next_dist_1e8vcs8._.js:776
[  354330ms] [LOG] [Fast Refresh] done in 2ms @ http://localhost:3000/_next/static/chunks/node_modules_next_dist_1e8vcs8._.js:776
[  354380ms] [LOG] [Fast Refresh] done in 2ms @ http://localhost:3000/_next/static/chunks/node_modules_next_dist_1e8vcs8._.js:776
[  354428ms] [LOG] [Fast Refresh] done in 2ms @ http://localhost:3000/_next/static/chunks/node_modules_next_dist_1e8vcs8._.js:776
[  354471ms] [LOG] [Fast Refresh] done in 2ms @ http://localhost:3000/_next/static/chunks/node_modules_next_dist_1e8vcs8._.js:776
[  354516ms] [LOG] [Fast Refresh] done in 2ms @ http://localhost:3000/_next/static/chunks/node_modules_next_dist_1e8vcs8._.js:776
[  354565ms] [LOG] [Fast Refresh] done in 2ms @ http://localhost:3000/_next/static/chunks/node_modules_next_dist_1e8vcs8._.js:776
[  354614ms] [LOG] [Fast Refresh] done in 2ms @ http://localhost:3000/_next/static/chunks/node_modules_next_dist_1e8vcs8._.js:776
[  354662ms] [LOG] [Fast Refresh] done in 2ms @ http://localhost:3000/_next/static/chunks/node_modules_next_dist_1e8vcs8._.js:776
[  354711ms] [LOG] [Fast Refresh] done in 2ms @ http://localhost:3000/_next/static/chunks/node_modules_next_dist_1e8vcs8._.js:776
[  354759ms] [LOG] [Fast Refresh] done in 2ms @ http://localhost:3000/_next/static/chunks/node_modules_next_dist_1e8vcs8._.js:776
[  354814ms] [LOG] [Fast Refresh] done in 2ms @ http://localhost:3000/_next/static/chunks/node_modules_next_dist_1e8vcs8._.js:776
[  354863ms] [LOG] [Fast Refresh] done in 2ms @ http://localhost:3000/_next/static/chunks/node_modules_next_dist_1e8vcs8._.js:776
[  354912ms] [LOG] [Fast Refresh] done in 2ms @ http://localhost:3000/_next/static/chunks/node_modules_next_dist_1e8vcs8._.js:776
[  354961ms] [LOG] [Fast Refresh] done in 2ms @ http://localhost:3000/_next/static/chunks/node_modules_next_dist_1e8vcs8._.js:776
[  355016ms] [LOG] [Fast Refresh] done in 2ms @ http://localhost:3000/_next/static/chunks/node_modules_next_dist_1e8vcs8._.js:776
[  355066ms] [LOG] [Fast Refresh] done in 2ms @ http://localhost:3000/_next/static/chunks/node_modules_next_dist_1e8vcs8._.js:776
[  355111ms] [LOG] [Fast Refresh] done in 2ms @ http://localhost:3000/_next/static/chunks/node_modules_next_dist_1e8vcs8._.js:776
[  355154ms] [LOG] [Fast Refresh] done in 2ms @ http://localhost:3000/_next/static/chunks/node_modules_next_dist_1e8vcs8._.js:776
[  355196ms] [LOG] [Fast Refresh] done in 2ms @ http://localhost:3000/_next/static/chunks/node_modules_next_dist_1e8vcs8._.js:776
[  355238ms] [LOG] [Fast Refresh] done in 2ms @ http://localhost:3000/_next/static/chunks/node_modules_next_dist_1e8vcs8._.js:776
[  355280ms] [LOG] [Fast Refresh] done in 2ms @ http://localhost:3000/_next/static/chunks/node_modules_next_dist_1e8vcs8._.js:776
[  355321ms] [LOG] [Fast Refresh] done in 2ms @ http://localhost:3000/_next/static/chunks/node_modules_next_dist_1e8vcs8._.js:776
[  355363ms] [LOG] [Fast Refresh] done in 2ms @ http://localhost:3000/_next/static/chunks/node_modules_next_dist_1e8vcs8._.js:776
[  355405ms] [LOG] [Fast Refresh] done in 2ms @ http://localhost:3000/_next/static/chunks/node_modules_next_dist_1e8vcs8._.js:776
[  355446ms] [LOG] [Fast Refresh] done in 2ms @ http://localhost:3000/_next/static/chunks/node_modules_next_dist_1e8vcs8._.js:776
[  355487ms] [LOG] [Fast Refresh] done in 2ms @ http://localhost:3000/_next/static/chunks/node_modules_next_dist_1e8vcs8._.js:776
[  355529ms] [LOG] [Fast Refresh] done in 2ms @ http://localhost:3000/_next/static/chunks/node_modules_next_dist_1e8vcs8._.js:776
[  355571ms] [LOG] [Fast Refresh] done in 2ms @ http://localhost:3000/_next/static/chunks/node_modules_next_dist_1e8vcs8._.js:776
[  355613ms] [LOG] [Fast Refresh] done in 2ms @ http://localhost:3000/_next/static/chunks/node_modules_next_dist_1e8vcs8._.js:776
[  355663ms] [LOG] [Fast Refresh] done in 2ms @ http://localhost:3000/_next/static/chunks/node_modules_next_dist_1e8vcs8._.js:776
[  355702ms] [LOG] [Fast Refresh] done in 2ms @ http://localhost:3000/_next/static/chunks/node_modules_next_dist_1e8vcs8._.js:776
[  355758ms] [LOG] [Fast Refresh] done in 2ms @ http://localhost:3000/_next/static/chunks/node_modules_next_dist_1e8vcs8._.js:776
[  355821ms] [LOG] [Fast Refresh] done in 2ms @ http://localhost:3000/_next/static/chunks/node_modules_next_dist_1e8vcs8._.js:776
[  355869ms] [LOG] [Fast Refresh] done in 2ms @ http://localhost:3000/_next/static/chunks/node_modules_next_dist_1e8vcs8._.js:776
[  355911ms] [LOG] [Fast Refresh] done in 2ms @ http://localhost:3000/_next/static/chunks/node_modules_next_dist_1e8vcs8._.js:776
[  355954ms] [LOG] [Fast Refresh] done in 2ms @ http://localhost:3000/_next/static/chunks/node_modules_next_dist_1e8vcs8._.js:776
[  356006ms] [LOG] [Fast Refresh] done in 2ms @ http://localhost:3000/_next/static/chunks/node_modules_next_dist_1e8vcs8._.js:776
[  356049ms] [LOG] [Fast Refresh] done in 2ms @ http://localhost:3000/_next/static/chunks/node_modules_next_dist_1e8vcs8._.js:776
[  356100ms] [LOG] [Fast Refresh] done in 2ms @ http://localhost:3000/_next/static/chunks/node_modules_next_dist_1e8vcs8._.js:776
[  356145ms] [LOG] [Fast Refresh] done in 2ms @ http://localhost:3000/_next/static/chunks/node_modules_next_dist_1e8vcs8._.js:776
[  356194ms] [LOG] [Fast Refresh] done in 2ms @ http://localhost:3000/_next/static/chunks/node_modules_next_dist_1e8vcs8._.js:776
[  356242ms] [LOG] [Fast Refresh] done in 2ms @ http://localhost:3000/_next/static/chunks/node_modules_next_dist_1e8vcs8._.js:776
[  356298ms] [LOG] [Fast Refresh] done in 2ms @ http://localhost:3000/_next/static/chunks/node_modules_next_dist_1e8vcs8._.js:776
[  356347ms] [LOG] [Fast Refresh] done in 2ms @ http://localhost:3000/_next/static/chunks/node_modules_next_dist_1e8vcs8._.js:776
[  356396ms] [LOG] [Fast Refresh] done in 2ms @ http://localhost:3000/_next/static/chunks/node_modules_next_dist_1e8vcs8._.js:776
[  356444ms] [LOG] [Fast Refresh] done in 2ms @ http://localhost:3000/_next/static/chunks/node_modules_next_dist_1e8vcs8._.js:776
[  356496ms] [LOG] [Fast Refresh] done in 2ms @ http://localhost:3000/_next/static/chunks/node_modules_next_dist_1e8vcs8._.js:776
[  356547ms] [LOG] [Fast Refresh] done in 2ms @ http://localhost:3000/_next/static/chunks/node_modules_next_dist_1e8vcs8._.js:776
[  356598ms] [LOG] [Fast Refresh] done in 2ms @ http://localhost:3000/_next/static/chunks/node_modules_next_dist_1e8vcs8._.js:776
[  356646ms] [LOG] [Fast Refresh] done in 2ms @ http://localhost:3000/_next/static/chunks/node_modules_next_dist_1e8vcs8._.js:776
[  356695ms] [LOG] [Fast Refresh] done in 2ms @ http://localhost:3000/_next/static/chunks/node_modules_next_dist_1e8vcs8._.js:776
[  356744ms] [LOG] [Fast Refresh] done in 2ms @ http://localhost:3000/_next/static/chunks/node_modules_next_dist_1e8vcs8._.js:776
[  356789ms] [LOG] [Fast Refresh] done in 2ms @ http://localhost:3000/_next/static/chunks/node_modules_next_dist_1e8vcs8._.js:776
[  356848ms] [LOG] [Fast Refresh] done in 2ms @ http://localhost:3000/_next/static/chunks/node_modules_next_dist_1e8vcs8._.js:776
[  356899ms] [LOG] [Fast Refresh] done in 2ms @ http://localhost:3000/_next/static/chunks/node_modules_next_dist_1e8vcs8._.js:776
[  356947ms] [LOG] [Fast Refresh] done in 2ms @ http://localhost:3000/_next/static/chunks/node_modules_next_dist_1e8vcs8._.js:776
[  357001ms] [LOG] [Fast Refresh] done in 2ms @ http://localhost:3000/_next/static/chunks/node_modules_next_dist_1e8vcs8._.js:776
[  357043ms] [LOG] [Fast Refresh] done in 2ms @ http://localhost:3000/_next/static/chunks/node_modules_next_dist_1e8vcs8._.js:776
[  357085ms] [LOG] [Fast Refresh] done in 2ms @ http://localhost:3000/_next/static/chunks/node_modules_next_dist_1e8vcs8._.js:776
[  357126ms] [LOG] [Fast Refresh] done in 2ms @ http://localhost:3000/_next/static/chunks/node_modules_next_dist_1e8vcs8._.js:776
[  357183ms] [LOG] [Fast Refresh] done in 2ms @ http://localhost:3000/_next/static/chunks/node_modules_next_dist_1e8vcs8._.js:776
[  357232ms] [LOG] [Fast Refresh] done in 2ms @ http://localhost:3000/_next/static/chunks/node_modules_next_dist_1e8vcs8._.js:776
[  357279ms] [LOG] [Fast Refresh] done in 2ms @ http://localhost:3000/_next/static/chunks/node_modules_next_dist_1e8vcs8._.js:776
[  357328ms] [LOG] [Fast Refresh] done in 2ms @ http://localhost:3000/_next/static/chunks/node_modules_next_dist_1e8vcs8._.js:776
[  357371ms] [LOG] [Fast Refresh] done in 2ms @ http://localhost:3000/_next/static/chunks/node_modules_next_dist_1e8vcs8._.js:776
[  357422ms] [LOG] [Fast Refresh] done in 2ms @ http://localhost:3000/_next/static/chunks/node_modules_next_dist_1e8vcs8._.js:776
[  357459ms] [LOG] [Fast Refresh] done in 2ms @ http://localhost:3000/_next/static/chunks/node_modules_next_dist_1e8vcs8._.js:776
[  357510ms] [LOG] [Fast Refresh] done in 2ms @ http://localhost:3000/_next/static/chunks/node_modules_next_dist_1e8vcs8._.js:776
[  357550ms] [LOG] [Fast Refresh] done in 2ms @ http://localhost:3000/_next/static/chunks/node_modules_next_dist_1e8vcs8._.js:776
[  357613ms] [LOG] [Fast Refresh] done in 2ms @ http://localhost:3000/_next/static/chunks/node_modules_next_dist_1e8vcs8._.js:776
[  357655ms] [LOG] [Fast Refresh] done in 2ms @ http://localhost:3000/_next/static/chunks/node_modules_next_dist_1e8vcs8._.js:776
[  357703ms] [LOG] [Fast Refresh] done in 2ms @ http://localhost:3000/_next/static/chunks/node_modules_next_dist_1e8vcs8._.js:776
[  357751ms] [LOG] [Fast Refresh] done in 2ms @ http://localhost:3000/_next/static/chunks/node_modules_next_dist_1e8vcs8._.js:776
[  357799ms] [LOG] [Fast Refresh] done in 2ms @ http://localhost:3000/_next/static/chunks/node_modules_next_dist_1e8vcs8._.js:776
[  357841ms] [LOG] [Fast Refresh] done in 2ms @ http://localhost:3000/_next/static/chunks/node_modules_next_dist_1e8vcs8._.js:776
[  357896ms] [LOG] [Fast Refresh] done in 2ms @ http://localhost:3000/_next/static/chunks/node_modules_next_dist_1e8vcs8._.js:776
[  357943ms] [LOG] [Fast Refresh] done in 2ms @ http://localhost:3000/_next/static/chunks/node_modules_next_dist_1e8vcs8._.js:776
[  357987ms] [LOG] [Fast Refresh] done in 2ms @ http://localhost:3000/_next/static/chunks/node_modules_next_dist_1e8vcs8._.js:776
[  358036ms] [LOG] [Fast Refresh] done in 2ms @ http://localhost:3000/_next/static/chunks/node_modules_next_dist_1e8vcs8._.js:776
[  358080ms] [LOG] [Fast Refresh] done in 2ms @ http://localhost:3000/_next/static/chunks/node_modules_next_dist_1e8vcs8._.js:776
[  358129ms] [LOG] [Fast Refresh] done in 2ms @ http://localhost:3000/_next/static/chunks/node_modules_next_dist_1e8vcs8._.js:776
[  358178ms] [LOG] [Fast Refresh] done in 2ms @ http://localhost:3000/_next/static/chunks/node_modules_next_dist_1e8vcs8._.js:776
[  358227ms] [LOG] [Fast Refresh] done in 2ms @ http://localhost:3000/_next/static/chunks/node_modules_next_dist_1e8vcs8._.js:776
[  358275ms] [LOG] [Fast Refresh] done in 2ms @ http://localhost:3000/_next/static/chunks/node_modules_next_dist_1e8vcs8._.js:776
[  358331ms] [LOG] [Fast Refresh] done in 2ms @ http://localhost:3000/_next/static/chunks/node_modules_next_dist_1e8vcs8._.js:776
[  358379ms] [LOG] [Fast Refresh] done in 2ms @ http://localhost:3000/_next/static/chunks/node_modules_next_dist_1e8vcs8._.js:776
[  358428ms] [LOG] [Fast Refresh] done in 2ms @ http://localhost:3000/_next/static/chunks/node_modules_next_dist_1e8vcs8._.js:776
[  358474ms] [LOG] [Fast Refresh] done in 2ms @ http://localhost:3000/_next/static/chunks/node_modules_next_dist_1e8vcs8._.js:776
[  358517ms] [LOG] [Fast Refresh] done in 2ms @ http://localhost:3000/_next/static/chunks/node_modules_next_dist_1e8vcs8._.js:776
[  358570ms] [LOG] [Fast Refresh] done in 2ms @ http://localhost:3000/_next/static/chunks/node_modules_next_dist_1e8vcs8._.js:776
[  358613ms] [LOG] [Fast Refresh] done in 2ms @ http://localhost:3000/_next/static/chunks/node_modules_next_dist_1e8vcs8._.js:776
[  358668ms] [LOG] [Fast Refresh] done in 2ms @ http://localhost:3000/_next/static/chunks/node_modules_next_dist_1e8vcs8._.js:776
[  358717ms] [LOG] [Fast Refresh] done in 2ms @ http://localhost:3000/_next/static/chunks/node_modules_next_dist_1e8vcs8._.js:776
[  358759ms] [LOG] [Fast Refresh] done in 2ms @ http://localhost:3000/_next/static/chunks/node_modules_next_dist_1e8vcs8._.js:776
[  358800ms] [LOG] [Fast Refresh] done in 2ms @ http://localhost:3000/_next/static/chunks/node_modules_next_dist_1e8vcs8._.js:776
[  358842ms] [LOG] [Fast Refresh] done in 2ms @ http://localhost:3000/_next/static/chunks/node_modules_next_dist_1e8vcs8._.js:776
[  358883ms] [LOG] [Fast Refresh] done in 2ms @ http://localhost:3000/_next/static/chunks/node_modules_next_dist_1e8vcs8._.js:776
[  358926ms] [LOG] [Fast Refresh] done in 2ms @ http://localhost:3000/_next/static/chunks/node_modules_next_dist_1e8vcs8._.js:776
[  358974ms] [LOG] [Fast Refresh] done in 2ms @ http://localhost:3000/_next/static/chunks/node_modules_next_dist_1e8vcs8._.js:776
[  359023ms] [LOG] [Fast Refresh] done in 2ms @ http://localhost:3000/_next/static/chunks/node_modules_next_dist_1e8vcs8._.js:776
[  359063ms] [LOG] [Fast Refresh] done in 2ms @ http://localhost:3000/_next/static/chunks/node_modules_next_dist_1e8vcs8._.js:776
[  359117ms] [LOG] [Fast Refresh] done in 2ms @ http://localhost:3000/_next/static/chunks/node_modules_next_dist_1e8vcs8._.js:776
[  359169ms] [LOG] [Fast Refresh] done in 2ms @ http://localhost:3000/_next/static/chunks/node_modules_next_dist_1e8vcs8._.js:776
[  359224ms] [LOG] [Fast Refresh] done in 2ms @ http://localhost:3000/_next/static/chunks/node_modules_next_dist_1e8vcs8._.js:776
[  359285ms] [LOG] [Fast Refresh] done in 2ms @ http://localhost:3000/_next/static/chunks/node_modules_next_dist_1e8vcs8._.js:776
[  359343ms] [LOG] [Fast Refresh] done in 2ms @ http://localhost:3000/_next/static/chunks/node_modules_next_dist_1e8vcs8._.js:776
[  359397ms] [LOG] [Fast Refresh] done in 2ms @ http://localhost:3000/_next/static/chunks/node_modules_next_dist_1e8vcs8._.js:776
[  359438ms] [LOG] [Fast Refresh] done in 2ms @ http://localhost:3000/_next/static/chunks/node_modules_next_dist_1e8vcs8._.js:776
[  359487ms] [LOG] [Fast Refresh] done in 2ms @ http://localhost:3000/_next/static/chunks/node_modules_next_dist_1e8vcs8._.js:776
[  359536ms] [LOG] [Fast Refresh] done in 2ms @ http://localhost:3000/_next/static/chunks/node_modules_next_dist_1e8vcs8._.js:776
[  359585ms] [LOG] [Fast Refresh] done in 2ms @ http://localhost:3000/_next/static/chunks/node_modules_next_dist_1e8vcs8._.js:776
[  359627ms] [LOG] [Fast Refresh] done in 2ms @ http://localhost:3000/_next/static/chunks/node_modules_next_dist_1e8vcs8._.js:776
[  359678ms] [LOG] [Fast Refresh] done in 2ms @ http://localhost:3000/_next/static/chunks/node_modules_next_dist_1e8vcs8._.js:776
[  359727ms] [LOG] [Fast Refresh] done in 2ms @ http://localhost:3000/_next/static/chunks/node_modules_next_dist_1e8vcs8._.js:776
[  359776ms] [LOG] [Fast Refresh] done in 2ms @ http://localhost:3000/_next/static/chunks/node_modules_next_dist_1e8vcs8._.js:776
[  359831ms] [LOG] [Fast Refresh] done in 2ms @ http://localhost:3000/_next/static/chunks/node_modules_next_dist_1e8vcs8._.js:776
[  359879ms] [LOG] [Fast Refresh] done in 2ms @ http://localhost:3000/_next/static/chunks/node_modules_next_dist_1e8vcs8._.js:776
[  359928ms] [LOG] [Fast Refresh] done in 2ms @ http://localhost:3000/_next/static/chunks/node_modules_next_dist_1e8vcs8._.js:776
[  359976ms] [LOG] [Fast Refresh] done in 2ms @ http://localhost:3000/_next/static/chunks/node_modules_next_dist_1e8vcs8._.js:776
[  360026ms] [LOG] [Fast Refresh] done in 2ms @ http://localhost:3000/_next/static/chunks/node_modules_next_dist_1e8vcs8._.js:776
[  360070ms] [LOG] [Fast Refresh] done in 2ms @ http://localhost:3000/_next/static/chunks/node_modules_next_dist_1e8vcs8._.js:776
[  360115ms] [LOG] [Fast Refresh] done in 2ms @ http://localhost:3000/_next/static/chunks/node_modules_next_dist_1e8vcs8._.js:776
[  360176ms] [LOG] [Fast Refresh] done in 2ms @ http://localhost:3000/_next/static/chunks/node_modules_next_dist_1e8vcs8._.js:776
[  360226ms] [LOG] [Fast Refresh] done in 2ms @ http://localhost:3000/_next/static/chunks/node_modules_next_dist_1e8vcs8._.js:776
[  360276ms] [LOG] [Fast Refresh] done in 2ms @ http://localhost:3000/_next/static/chunks/node_modules_next_dist_1e8vcs8._.js:776
[  360332ms] [LOG] [Fast Refresh] done in 2ms @ http://localhost:3000/_next/static/chunks/node_modules_next_dist_1e8vcs8._.js:776
[  360378ms] [LOG] [Fast Refresh] done in 2ms @ http://localhost:3000/_next/static/chunks/node_modules_next_dist_1e8vcs8._.js:776
[  360428ms] [LOG] [Fast Refresh] done in 2ms @ http://localhost:3000/_next/static/chunks/node_modules_next_dist_1e8vcs8._.js:776
[  360477ms] [LOG] [Fast Refresh] done in 2ms @ http://localhost:3000/_next/static/chunks/node_modules_next_dist_1e8vcs8._.js:776
[  360532ms] [LOG] [Fast Refresh] done in 2ms @ http://localhost:3000/_next/static/chunks/node_modules_next_dist_1e8vcs8._.js:776
[  360571ms] [LOG] [Fast Refresh] done in 2ms @ http://localhost:3000/_next/static/chunks/node_modules_next_dist_1e8vcs8._.js:776
[  360629ms] [LOG] [Fast Refresh] done in 2ms @ http://localhost:3000/_next/static/chunks/node_modules_next_dist_1e8vcs8._.js:776
[  360678ms] [LOG] [Fast Refresh] done in 2ms @ http://localhost:3000/_next/static/chunks/node_modules_next_dist_1e8vcs8._.js:776
[  360718ms] [LOG] [Fast Refresh] done in 2ms @ http://localhost:3000/_next/static/chunks/node_modules_next_dist_1e8vcs8._.js:776
[  360766ms] [LOG] [Fast Refresh] done in 2ms @ http://localhost:3000/_next/static/chunks/node_modules_next_dist_1e8vcs8._.js:776
[  360830ms] [LOG] [Fast Refresh] done in 2ms @ http://localhost:3000/_next/static/chunks/node_modules_next_dist_1e8vcs8._.js:776
[  360879ms] [LOG] [Fast Refresh] done in 2ms @ http://localhost:3000/_next/static/chunks/node_modules_next_dist_1e8vcs8._.js:776
[  360929ms] [LOG] [Fast Refresh] done in 2ms @ http://localhost:3000/_next/static/chunks/node_modules_next_dist_1e8vcs8._.js:776
[  360977ms] [LOG] [Fast Refresh] done in 2ms @ http://localhost:3000/_next/static/chunks/node_modules_next_dist_1e8vcs8._.js:776
[  361022ms] [LOG] [Fast Refresh] done in 2ms @ http://localhost:3000/_next/static/chunks/node_modules_next_dist_1e8vcs8._.js:776
[  361065ms] [LOG] [Fast Refresh] done in 2ms @ http://localhost:3000/_next/static/chunks/node_modules_next_dist_1e8vcs8._.js:776
[  361106ms] [LOG] [Fast Refresh] done in 2ms @ http://localhost:3000/_next/static/chunks/node_modules_next_dist_1e8vcs8._.js:776
[  361155ms] [LOG] [Fast Refresh] done in 2ms @ http://localhost:3000/_next/static/chunks/node_modules_next_dist_1e8vcs8._.js:776
[  361202ms] [LOG] [Fast Refresh] done in 2ms @ http://localhost:3000/_next/static/chunks/node_modules_next_dist_1e8vcs8._.js:776
[  361244ms] [LOG] [Fast Refresh] done in 2ms @ http://localhost:3000/_next/static/chunks/node_modules_next_dist_1e8vcs8._.js:776
[  361287ms] [LOG] [Fast Refresh] done in 2ms @ http://localhost:3000/_next/static/chunks/node_modules_next_dist_1e8vcs8._.js:776
[  361329ms] [LOG] [Fast Refresh] done in 2ms @ http://localhost:3000/_next/static/chunks/node_modules_next_dist_1e8vcs8._.js:776
[  361370ms] [LOG] [Fast Refresh] done in 2ms @ http://localhost:3000/_next/static/chunks/node_modules_next_dist_1e8vcs8._.js:776
[  361419ms] [LOG] [Fast Refresh] done in 2ms @ http://localhost:3000/_next/static/chunks/node_modules_next_dist_1e8vcs8._.js:776
[  361467ms] [LOG] [Fast Refresh] done in 2ms @ http://localhost:3000/_next/static/chunks/node_modules_next_dist_1e8vcs8._.js:776
[  361517ms] [LOG] [Fast Refresh] done in 2ms @ http://localhost:3000/_next/static/chunks/node_modules_next_dist_1e8vcs8._.js:776
[  361570ms] [LOG] [Fast Refresh] done in 2ms @ http://localhost:3000/_next/static/chunks/node_modules_next_dist_1e8vcs8._.js:776
[  361613ms] [LOG] [Fast Refresh] done in 2ms @ http://localhost:3000/_next/static/chunks/node_modules_next_dist_1e8vcs8._.js:776
[  361663ms] [LOG] [Fast Refresh] done in 2ms @ http://localhost:3000/_next/static/chunks/node_modules_next_dist_1e8vcs8._.js:776
[  361716ms] [LOG] [Fast Refresh] done in 2ms @ http://localhost:3000/_next/static/chunks/node_modules_next_dist_1e8vcs8._.js:776
[  361760ms] [LOG] [Fast Refresh] done in 2ms @ http://localhost:3000/_next/static/chunks/node_modules_next_dist_1e8vcs8._.js:776
[  361800ms] [LOG] [Fast Refresh] done in 2ms @ http://localhost:3000/_next/static/chunks/node_modules_next_dist_1e8vcs8._.js:776
[  361848ms] [LOG] [Fast Refresh] done in 2ms @ http://localhost:3000/_next/static/chunks/node_modules_next_dist_1e8vcs8._.js:776
[  361896ms] [LOG] [Fast Refresh] done in 2ms @ http://localhost:3000/_next/static/chunks/node_modules_next_dist_1e8vcs8._.js:776
[  361952ms] [LOG] [Fast Refresh] done in 2ms @ http://localhost:3000/_next/static/chunks/node_modules_next_dist_1e8vcs8._.js:776
[  362001ms] [LOG] [Fast Refresh] done in 2ms @ http://localhost:3000/_next/static/chunks/node_modules_next_dist_1e8vcs8._.js:776
[  362048ms] [LOG] [Fast Refresh] done in 2ms @ http://localhost:3000/_next/static/chunks/node_modules_next_dist_1e8vcs8._.js:776
[  362091ms] [LOG] [Fast Refresh] done in 2ms @ http://localhost:3000/_next/static/chunks/node_modules_next_dist_1e8vcs8._.js:776
[  362135ms] [LOG] [Fast Refresh] done in 2ms @ http://localhost:3000/_next/static/chunks/node_modules_next_dist_1e8vcs8._.js:776
[  362178ms] [LOG] [Fast Refresh] done in 2ms @ http://localhost:3000/_next/static/chunks/node_modules_next_dist_1e8vcs8._.js:776
[  362225ms] [LOG] [Fast Refresh] done in 2ms @ http://localhost:3000/_next/static/chunks/node_modules_next_dist_1e8vcs8._.js:776
[  362274ms] [LOG] [Fast Refresh] done in 2ms @ http://localhost:3000/_next/static/chunks/node_modules_next_dist_1e8vcs8._.js:776
[  362321ms] [LOG] [Fast Refresh] done in 2ms @ http://localhost:3000/_next/static/chunks/node_modules_next_dist_1e8vcs8._.js:776
[  362372ms] [LOG] [Fast Refresh] done in 2ms @ http://localhost:3000/_next/static/chunks/node_modules_next_dist_1e8vcs8._.js:776
[  362413ms] [LOG] [Fast Refresh] done in 2ms @ http://localhost:3000/_next/static/chunks/node_modules_next_dist_1e8vcs8._.js:776
[  362460ms] [LOG] [Fast Refresh] done in 2ms @ http://localhost:3000/_next/static/chunks/node_modules_next_dist_1e8vcs8._.js:776
[  362510ms] [LOG] [Fast Refresh] done in 2ms @ http://localhost:3000/_next/static/chunks/node_modules_next_dist_1e8vcs8._.js:776
[  362565ms] [LOG] [Fast Refresh] done in 2ms @ http://localhost:3000/_next/static/chunks/node_modules_next_dist_1e8vcs8._.js:776
[  362614ms] [LOG] [Fast Refresh] done in 2ms @ http://localhost:3000/_next/static/chunks/node_modules_next_dist_1e8vcs8._.js:776
[  362663ms] [LOG] [Fast Refresh] done in 2ms @ http://localhost:3000/_next/static/chunks/node_modules_next_dist_1e8vcs8._.js:776
[  362711ms] [LOG] [Fast Refresh] done in 2ms @ http://localhost:3000/_next/static/chunks/node_modules_next_dist_1e8vcs8._.js:776
[  362766ms] [LOG] [Fast Refresh] done in 2ms @ http://localhost:3000/_next/static/chunks/node_modules_next_dist_1e8vcs8._.js:776
[  362806ms] [LOG] [Fast Refresh] done in 2ms @ http://localhost:3000/_next/static/chunks/node_modules_next_dist_1e8vcs8._.js:776
[  362848ms] [LOG] [Fast Refresh] done in 2ms @ http://localhost:3000/_next/static/chunks/node_modules_next_dist_1e8vcs8._.js:776
[  362890ms] [LOG] [Fast Refresh] done in 2ms @ http://localhost:3000/_next/static/chunks/node_modules_next_dist_1e8vcs8._.js:776
[  362931ms] [LOG] [Fast Refresh] done in 2ms @ http://localhost:3000/_next/static/chunks/node_modules_next_dist_1e8vcs8._.js:776
[  362973ms] [LOG] [Fast Refresh] done in 2ms @ http://localhost:3000/_next/static/chunks/node_modules_next_dist_1e8vcs8._.js:776
[  363036ms] [LOG] [Fast Refresh] done in 2ms @ http://localhost:3000/_next/static/chunks/node_modules_next_dist_1e8vcs8._.js:776
[  363081ms] [LOG] [Fast Refresh] done in 2ms @ http://localhost:3000/_next/static/chunks/node_modules_next_dist_1e8vcs8._.js:776
[  363129ms] [LOG] [Fast Refresh] done in 2ms @ http://localhost:3000/_next/static/chunks/node_modules_next_dist_1e8vcs8._.js:776
[  363178ms] [LOG] [Fast Refresh] done in 2ms @ http://localhost:3000/_next/static/chunks/node_modules_next_dist_1e8vcs8._.js:776
[  363227ms] [LOG] [Fast Refresh] done in 2ms @ http://localhost:3000/_next/static/chunks/node_modules_next_dist_1e8vcs8._.js:776
[  363276ms] [LOG] [Fast Refresh] done in 2ms @ http://localhost:3000/_next/static/chunks/node_modules_next_dist_1e8vcs8._.js:776
[  363331ms] [LOG] [Fast Refresh] done in 2ms @ http://localhost:3000/_next/static/chunks/node_modules_next_dist_1e8vcs8._.js:776
[  363377ms] [LOG] [Fast Refresh] done in 2ms @ http://localhost:3000/_next/static/chunks/node_modules_next_dist_1e8vcs8._.js:776
[  363418ms] [LOG] [Fast Refresh] done in 2ms @ http://localhost:3000/_next/static/chunks/node_modules_next_dist_1e8vcs8._.js:776
[  363460ms] [LOG] [Fast Refresh] done in 2ms @ http://localhost:3000/_next/static/chunks/node_modules_next_dist_1e8vcs8._.js:776
[  363511ms] [LOG] [Fast Refresh] done in 2ms @ http://localhost:3000/_next/static/chunks/node_modules_next_dist_1e8vcs8._.js:776
[  363566ms] [LOG] [Fast Refresh] done in 2ms @ http://localhost:3000/_next/static/chunks/node_modules_next_dist_1e8vcs8._.js:776
[  363630ms] [LOG] [Fast Refresh] done in 2ms @ http://localhost:3000/_next/static/chunks/node_modules_next_dist_1e8vcs8._.js:776
[  363675ms] [LOG] [Fast Refresh] done in 2ms @ http://localhost:3000/_next/static/chunks/node_modules_next_dist_1e8vcs8._.js:776
[  363721ms] [LOG] [Fast Refresh] done in 2ms @ http://localhost:3000/_next/static/chunks/node_modules_next_dist_1e8vcs8._.js:776
[  363772ms] [LOG] [Fast Refresh] done in 2ms @ http://localhost:3000/_next/static/chunks/node_modules_next_dist_1e8vcs8._.js:776
[  363821ms] [LOG] [Fast Refresh] done in 2ms @ http://localhost:3000/_next/static/chunks/node_modules_next_dist_1e8vcs8._.js:776
[  363869ms] [LOG] [Fast Refresh] done in 2ms @ http://localhost:3000/_next/static/chunks/node_modules_next_dist_1e8vcs8._.js:776
[  363917ms] [LOG] [Fast Refresh] done in 2ms @ http://localhost:3000/_next/static/chunks/node_modules_next_dist_1e8vcs8._.js:776
[  363961ms] [LOG] [Fast Refresh] done in 2ms @ http://localhost:3000/_next/static/chunks/node_modules_next_dist_1e8vcs8._.js:776
[  364016ms] [LOG] [Fast Refresh] done in 2ms @ http://localhost:3000/_next/static/chunks/node_modules_next_dist_1e8vcs8._.js:776
[  364057ms] [LOG] [Fast Refresh] done in 2ms @ http://localhost:3000/_next/static/chunks/node_modules_next_dist_1e8vcs8._.js:776
[  364099ms] [LOG] [Fast Refresh] done in 2ms @ http://localhost:3000/_next/static/chunks/node_modules_next_dist_1e8vcs8._.js:776
[  364148ms] [LOG] [Fast Refresh] done in 2ms @ http://localhost:3000/_next/static/chunks/node_modules_next_dist_1e8vcs8._.js:776
[  364201ms] [LOG] [Fast Refresh] done in 2ms @ http://localhost:3000/_next/static/chunks/node_modules_next_dist_1e8vcs8._.js:776
[  364244ms] [LOG] [Fast Refresh] done in 2ms @ http://localhost:3000/_next/static/chunks/node_modules_next_dist_1e8vcs8._.js:776
[  364293ms] [LOG] [Fast Refresh] done in 2ms @ http://localhost:3000/_next/static/chunks/node_modules_next_dist_1e8vcs8._.js:776
[  364335ms] [LOG] [Fast Refresh] done in 2ms @ http://localhost:3000/_next/static/chunks/node_modules_next_dist_1e8vcs8._.js:776
[  364379ms] [LOG] [Fast Refresh] done in 2ms @ http://localhost:3000/_next/static/chunks/node_modules_next_dist_1e8vcs8._.js:776
[  364419ms] [LOG] [Fast Refresh] done in 2ms @ http://localhost:3000/_next/static/chunks/node_modules_next_dist_1e8vcs8._.js:776
[  364476ms] [LOG] [Fast Refresh] done in 2ms @ http://localhost:3000/_next/static/chunks/node_modules_next_dist_1e8vcs8._.js:776
[  364526ms] [LOG] [Fast Refresh] done in 2ms @ http://localhost:3000/_next/static/chunks/node_modules_next_dist_1e8vcs8._.js:776
[  364581ms] [LOG] [Fast Refresh] done in 2ms @ http://localhost:3000/_next/static/chunks/node_modules_next_dist_1e8vcs8._.js:776
[  364633ms] [LOG] [Fast Refresh] rebuilding @ http://localhost:3000/_next/static/chunks/node_modules_next_dist_1e8vcs8._.js:776
[  364682ms] [LOG] [Fast Refresh] done in 6ms @ http://localhost:3000/_next/static/chunks/node_modules_next_dist_1e8vcs8._.js:776
[  364725ms] [LOG] [Fast Refresh] done in 6ms @ http://localhost:3000/_next/static/chunks/node_modules_next_dist_1e8vcs8._.js:776
[  364767ms] [LOG] [Fast Refresh] done in 6ms @ http://localhost:3000/_next/static/chunks/node_modules_next_dist_1e8vcs8._.js:776
[  364806ms] [LOG] [Fast Refresh] done in 6ms @ http://localhost:3000/_next/static/chunks/node_modules_next_dist_1e8vcs8._.js:776
[  364849ms] [LOG] [Fast Refresh] done in 6ms @ http://localhost:3000/_next/static/chunks/node_modules_next_dist_1e8vcs8._.js:776
[  364892ms] [LOG] [Fast Refresh] done in 6ms @ http://localhost:3000/_next/static/chunks/node_modules_next_dist_1e8vcs8._.js:776
[  364932ms] [LOG] [Fast Refresh] done in 6ms @ http://localhost:3000/_next/static/chunks/node_modules_next_dist_1e8vcs8._.js:776
[  364981ms] [LOG] [Fast Refresh] done in 6ms @ http://localhost:3000/_next/static/chunks/node_modules_next_dist_1e8vcs8._.js:776
[  365023ms] [LOG] [Fast Refresh] done in 6ms @ http://localhost:3000/_next/static/chunks/node_modules_next_dist_1e8vcs8._.js:776
[  365064ms] [LOG] [Fast Refresh] done in 6ms @ http://localhost:3000/_next/static/chunks/node_modules_next_dist_1e8vcs8._.js:776
[  365106ms] [LOG] [Fast Refresh] done in 6ms @ http://localhost:3000/_next/static/chunks/node_modules_next_dist_1e8vcs8._.js:776
[  365147ms] [LOG] [Fast Refresh] done in 6ms @ http://localhost:3000/_next/static/chunks/node_modules_next_dist_1e8vcs8._.js:776
[  365196ms] [LOG] [Fast Refresh] done in 6ms @ http://localhost:3000/_next/static/chunks/node_modules_next_dist_1e8vcs8._.js:776
[  365238ms] [LOG] [Fast Refresh] done in 6ms @ http://localhost:3000/_next/static/chunks/node_modules_next_dist_1e8vcs8._.js:776
[  365279ms] [LOG] [Fast Refresh] done in 6ms @ http://localhost:3000/_next/static/chunks/node_modules_next_dist_1e8vcs8._.js:776
[  365322ms] [LOG] [Fast Refresh] done in 6ms @ http://localhost:3000/_next/static/chunks/node_modules_next_dist_1e8vcs8._.js:776
[  365370ms] [LOG] [Fast Refresh] done in 6ms @ http://localhost:3000/_next/static/chunks/node_modules_next_dist_1e8vcs8._.js:776
[  365412ms] [LOG] [Fast Refresh] done in 6ms @ http://localhost:3000/_next/static/chunks/node_modules_next_dist_1e8vcs8._.js:776
[  365453ms] [LOG] [Fast Refresh] done in 6ms @ http://localhost:3000/_next/static/chunks/node_modules_next_dist_1e8vcs8._.js:776
[  365510ms] [LOG] [Fast Refresh] done in 6ms @ http://localhost:3000/_next/static/chunks/node_modules_next_dist_1e8vcs8._.js:776
[  365560ms] [LOG] [Fast Refresh] done in 6ms @ http://localhost:3000/_next/static/chunks/node_modules_next_dist_1e8vcs8._.js:776
[  365619ms] [LOG] [Fast Refresh] done in 6ms @ http://localhost:3000/_next/static/chunks/node_modules_next_dist_1e8vcs8._.js:776
[  365665ms] [LOG] [Fast Refresh] done in 6ms @ http://localhost:3000/_next/static/chunks/node_modules_next_dist_1e8vcs8._.js:776
[  365717ms] [LOG] [Fast Refresh] done in 6ms @ http://localhost:3000/_next/static/chunks/node_modules_next_dist_1e8vcs8._.js:776
[  365765ms] [LOG] [Fast Refresh] done in 6ms @ http://localhost:3000/_next/static/chunks/node_modules_next_dist_1e8vcs8._.js:776
[  365806ms] [LOG] [Fast Refresh] done in 6ms @ http://localhost:3000/_next/static/chunks/node_modules_next_dist_1e8vcs8._.js:776
[  365855ms] [LOG] [Fast Refresh] done in 6ms @ http://localhost:3000/_next/static/chunks/node_modules_next_dist_1e8vcs8._.js:776
[  365904ms] [LOG] [Fast Refresh] done in 6ms @ http://localhost:3000/_next/static/chunks/node_modules_next_dist_1e8vcs8._.js:776
[  365960ms] [LOG] [Fast Refresh] done in 6ms @ http://localhost:3000/_next/static/chunks/node_modules_next_dist_1e8vcs8._.js:776
[  366016ms] [LOG] [Fast Refresh] done in 6ms @ http://localhost:3000/_next/static/chunks/node_modules_next_dist_1e8vcs8._.js:776
[  366065ms] [LOG] [Fast Refresh] done in 6ms @ http://localhost:3000/_next/static/chunks/node_modules_next_dist_1e8vcs8._.js:776
[  366117ms] [LOG] [Fast Refresh] done in 6ms @ http://localhost:3000/_next/static/chunks/node_modules_next_dist_1e8vcs8._.js:776
[  366162ms] [LOG] [Fast Refresh] done in 6ms @ http://localhost:3000/_next/static/chunks/node_modules_next_dist_1e8vcs8._.js:776
[  366211ms] [LOG] [Fast Refresh] done in 6ms @ http://localhost:3000/_next/static/chunks/node_modules_next_dist_1e8vcs8._.js:776
[  366261ms] [LOG] [Fast Refresh] done in 6ms @ http://localhost:3000/_next/static/chunks/node_modules_next_dist_1e8vcs8._.js:776
[  366315ms] [LOG] [Fast Refresh] done in 6ms @ http://localhost:3000/_next/static/chunks/node_modules_next_dist_1e8vcs8._.js:776
[  366364ms] [LOG] [Fast Refresh] done in 6ms @ http://localhost:3000/_next/static/chunks/node_modules_next_dist_1e8vcs8._.js:776
[  366412ms] [LOG] [Fast Refresh] done in 6ms @ http://localhost:3000/_next/static/chunks/node_modules_next_dist_1e8vcs8._.js:776
[  366476ms] [LOG] [Fast Refresh] done in 6ms @ http://localhost:3000/_next/static/chunks/node_modules_next_dist_1e8vcs8._.js:776
[  366526ms] [LOG] [Fast Refresh] done in 6ms @ http://localhost:3000/_next/static/chunks/node_modules_next_dist_1e8vcs8._.js:776
[  366581ms] [LOG] [Fast Refresh] done in 6ms @ http://localhost:3000/_next/static/chunks/node_modules_next_dist_1e8vcs8._.js:776
[  366620ms] [LOG] [Fast Refresh] done in 6ms @ http://localhost:3000/_next/static/chunks/node_modules_next_dist_1e8vcs8._.js:776
[  366662ms] [LOG] [Fast Refresh] done in 6ms @ http://localhost:3000/_next/static/chunks/node_modules_next_dist_1e8vcs8._.js:776
[  366724ms] [LOG] [Fast Refresh] done in 6ms @ http://localhost:3000/_next/static/chunks/node_modules_next_dist_1e8vcs8._.js:776
[  366776ms] [LOG] [Fast Refresh] done in 6ms @ http://localhost:3000/_next/static/chunks/node_modules_next_dist_1e8vcs8._.js:776
[  366831ms] [LOG] [Fast Refresh] done in 6ms @ http://localhost:3000/_next/static/chunks/node_modules_next_dist_1e8vcs8._.js:776
[  366880ms] [LOG] [Fast Refresh] done in 6ms @ http://localhost:3000/_next/static/chunks/node_modules_next_dist_1e8vcs8._.js:776
[  366928ms] [LOG] [Fast Refresh] done in 6ms @ http://localhost:3000/_next/static/chunks/node_modules_next_dist_1e8vcs8._.js:776
[  366967ms] [LOG] [Fast Refresh] done in 6ms @ http://localhost:3000/_next/static/chunks/node_modules_next_dist_1e8vcs8._.js:776
[  367026ms] [LOG] [Fast Refresh] done in 6ms @ http://localhost:3000/_next/static/chunks/node_modules_next_dist_1e8vcs8._.js:776
[  367081ms] [LOG] [Fast Refresh] done in 6ms @ http://localhost:3000/_next/static/chunks/node_modules_next_dist_1e8vcs8._.js:776
[  367133ms] [LOG] [Fast Refresh] done in 6ms @ http://localhost:3000/_next/static/chunks/node_modules_next_dist_1e8vcs8._.js:776
[  367178ms] [LOG] [Fast Refresh] done in 6ms @ http://localhost:3000/_next/static/chunks/node_modules_next_dist_1e8vcs8._.js:776
[  367231ms] [LOG] [Fast Refresh] done in 6ms @ http://localhost:3000/_next/static/chunks/node_modules_next_dist_1e8vcs8._.js:776
[  367276ms] [LOG] [Fast Refresh] done in 6ms @ http://localhost:3000/_next/static/chunks/node_modules_next_dist_1e8vcs8._.js:776
[  367320ms] [LOG] [Fast Refresh] done in 6ms @ http://localhost:3000/_next/static/chunks/node_modules_next_dist_1e8vcs8._.js:776
[  367380ms] [LOG] [Fast Refresh] done in 6ms @ http://localhost:3000/_next/static/chunks/node_modules_next_dist_1e8vcs8._.js:776
[  367429ms] [LOG] [Fast Refresh] done in 6ms @ http://localhost:3000/_next/static/chunks/node_modules_next_dist_1e8vcs8._.js:776
[  367495ms] [LOG] [Fast Refresh] done in 6ms @ http://localhost:3000/_next/static/chunks/node_modules_next_dist_1e8vcs8._.js:776
[  367550ms] [LOG] [Fast Refresh] done in 6ms @ http://localhost:3000/_next/static/chunks/node_modules_next_dist_1e8vcs8._.js:776
[  367602ms] [LOG] [Fast Refresh] done in 6ms @ http://localhost:3000/_next/static/chunks/node_modules_next_dist_1e8vcs8._.js:776
[  367647ms] [WARNING] The resource http://localhost:3000/_next/static/media/6ad0e742fc9cd7a1-s.p.2w_jb288h_vxp.woff2 was preloaded using link preload but not used within a few seconds from the window's load event. Please make sure it has an appropriate `as` value and it is preloaded intentionally. @ http://localhost:3000/terms-of-use:0
[  367647ms] [WARNING] The resource http://localhost:3000/_next/static/media/09401ea35a762f28-s.p.2a85-o2hz8mwr.woff2 was preloaded using link preload but not used within a few seconds from the window's load event. Please make sure it has an appropriate `as` value and it is preloaded intentionally. @ http://localhost:3000/terms-of-use:0
[  367647ms] [WARNING] The resource http://localhost:3000/_next/static/media/0f5cca9b58704ad1-s.p.21odxmnjnk7bd.woff2 was preloaded using link preload but not used within a few seconds from the window's load event. Please make sure it has an appropriate `as` value and it is preloaded intentionally. @ http://localhost:3000/terms-of-use:0
[  367647ms] [WARNING] The resource http://localhost:3000/_next/static/media/22884ed84a506ae6-s.p.0yevzgmhf07yp.woff2 was preloaded using link preload but not used within a few seconds from the window's load event. Please make sure it has an appropriate `as` value and it is preloaded intentionally. @ http://localhost:3000/terms-of-use:0
[  367647ms] [WARNING] The resource http://localhost:3000/_next/static/media/f06bf9da926bae75-s.p.2874ccu1_u7jf.woff2 was preloaded using link preload but not used within a few seconds from the window's load event. Please make sure it has an appropriate `as` value and it is preloaded intentionally. @ http://localhost:3000/terms-of-use:0
[  367647ms] [WARNING] The resource http://localhost:3000/_next/static/media/510598db810e1932-s.p.20g9nkyuy-bea.woff2 was preloaded using link preload but not used within a few seconds from the window's load event. Please make sure it has an appropriate `as` value and it is preloaded intentionally. @ http://localhost:3000/terms-of-use:0
[  367647ms] [WARNING] The resource http://localhost:3000/_next/static/media/f896ef295999667f-s.p.0mkp9y_kaie3k.woff2 was preloaded using link preload but not used within a few seconds from the window's load event. Please make sure it has an appropriate `as` value and it is preloaded intentionally. @ http://localhost:3000/terms-of-use:0
[  367647ms] [WARNING] The resource http://localhost:3000/_next/static/media/eb51f918d7e532f8-s.p.3gcjms7ojp868.woff2 was preloaded using link preload but not used within a few seconds from the window's load event. Please make sure it has an appropriate `as` value and it is preloaded intentionally. @ http://localhost:3000/terms-of-use:0
[  367648ms] [LOG] [Fast Refresh] done in 6ms @ http://localhost:3000/_next/static/chunks/node_modules_next_dist_1e8vcs8._.js:776
[  367702ms] [LOG] [Fast Refresh] done in 6ms @ http://localhost:3000/_next/static/chunks/node_modules_next_dist_1e8vcs8._.js:776
[  367745ms] [LOG] [Fast Refresh] done in 6ms @ http://localhost:3000/_next/static/chunks/node_modules_next_dist_1e8vcs8._.js:776
[  367793ms] [LOG] [Fast Refresh] done in 6ms @ http://localhost:3000/_next/static/chunks/node_modules_next_dist_1e8vcs8._.js:776
[  367835ms] [LOG] [Fast Refresh] done in 6ms @ http://localhost:3000/_next/static/chunks/node_modules_next_dist_1e8vcs8._.js:776
[  367880ms] [LOG] [Fast Refresh] done in 6ms @ http://localhost:3000/_next/static/chunks/node_modules_next_dist_1e8vcs8._.js:776
[  367928ms] [LOG] [Fast Refresh] done in 6ms @ http://localhost:3000/_next/static/chunks/node_modules_next_dist_1e8vcs8._.js:776
[  367968ms] [LOG] [Fast Refresh] done in 6ms @ http://localhost:3000/_next/static/chunks/node_modules_next_dist_1e8vcs8._.js:776
[  368026ms] [LOG] [Fast Refresh] done in 6ms @ http://localhost:3000/_next/static/chunks/node_modules_next_dist_1e8vcs8._.js:776
[  368081ms] [LOG] [Fast Refresh] done in 6ms @ http://localhost:3000/_next/static/chunks/node_modules_next_dist_1e8vcs8._.js:776
[  368130ms] [LOG] [Fast Refresh] done in 6ms @ http://localhost:3000/_next/static/chunks/node_modules_next_dist_1e8vcs8._.js:776
[  368178ms] [LOG] [Fast Refresh] done in 6ms @ http://localhost:3000/_next/static/chunks/node_modules_next_dist_1e8vcs8._.js:776
[  368217ms] [LOG] [Fast Refresh] done in 6ms @ http://localhost:3000/_next/static/chunks/node_modules_next_dist_1e8vcs8._.js:776
[  368275ms] [LOG] [Fast Refresh] done in 6ms @ http://localhost:3000/_next/static/chunks/node_modules_next_dist_1e8vcs8._.js:776
[  368331ms] [LOG] [Fast Refresh] done in 6ms @ http://localhost:3000/_next/static/chunks/node_modules_next_dist_1e8vcs8._.js:776
[  368378ms] [LOG] [Fast Refresh] done in 6ms @ http://localhost:3000/_next/static/chunks/node_modules_next_dist_1e8vcs8._.js:776
[  368428ms] [LOG] [Fast Refresh] done in 6ms @ http://localhost:3000/_next/static/chunks/node_modules_next_dist_1e8vcs8._.js:776
[  368467ms] [LOG] [Fast Refresh] done in 6ms @ http://localhost:3000/_next/static/chunks/node_modules_next_dist_1e8vcs8._.js:776
[  368529ms] [LOG] [Fast Refresh] done in 6ms @ http://localhost:3000/_next/static/chunks/node_modules_next_dist_1e8vcs8._.js:776
[  368572ms] [LOG] [Fast Refresh] done in 6ms @ http://localhost:3000/_next/static/chunks/node_modules_next_dist_1e8vcs8._.js:776
[  368614ms] [LOG] [Fast Refresh] done in 6ms @ http://localhost:3000/_next/static/chunks/node_modules_next_dist_1e8vcs8._.js:776
[  368663ms] [LOG] [Fast Refresh] done in 6ms @ http://localhost:3000/_next/static/chunks/node_modules_next_dist_1e8vcs8._.js:776
[  368721ms] [LOG] [Fast Refresh] done in 6ms @ http://localhost:3000/_next/static/chunks/node_modules_next_dist_1e8vcs8._.js:776
[  368771ms] [LOG] [Fast Refresh] done in 6ms @ http://localhost:3000/_next/static/chunks/node_modules_next_dist_1e8vcs8._.js:776
[  368831ms] [LOG] [Fast Refresh] done in 6ms @ http://localhost:3000/_next/static/chunks/node_modules_next_dist_1e8vcs8._.js:776
[  368883ms] [LOG] [Fast Refresh] done in 6ms @ http://localhost:3000/_next/static/chunks/node_modules_next_dist_1e8vcs8._.js:776
[  368927ms] [LOG] [Fast Refresh] done in 6ms @ http://localhost:3000/_next/static/chunks/node_modules_next_dist_1e8vcs8._.js:776
[  368968ms] [LOG] [Fast Refresh] done in 6ms @ http://localhost:3000/_next/static/chunks/node_modules_next_dist_1e8vcs8._.js:776
[  369026ms] [LOG] [Fast Refresh] done in 6ms @ http://localhost:3000/_next/static/chunks/node_modules_next_dist_1e8vcs8._.js:776
[  369081ms] [LOG] [Fast Refresh] done in 6ms @ http://localhost:3000/_next/static/chunks/node_modules_next_dist_1e8vcs8._.js:776
[  369134ms] [LOG] [Fast Refresh] done in 6ms @ http://localhost:3000/_next/static/chunks/node_modules_next_dist_1e8vcs8._.js:776
[  369178ms] [LOG] [Fast Refresh] done in 6ms @ http://localhost:3000/_next/static/chunks/node_modules_next_dist_1e8vcs8._.js:776
[  369218ms] [LOG] [Fast Refresh] done in 6ms @ http://localhost:3000/_next/static/chunks/node_modules_next_dist_1e8vcs8._.js:776
[  369275ms] [LOG] [Fast Refresh] done in 6ms @ http://localhost:3000/_next/static/chunks/node_modules_next_dist_1e8vcs8._.js:776
[  369331ms] [LOG] [Fast Refresh] done in 6ms @ http://localhost:3000/_next/static/chunks/node_modules_next_dist_1e8vcs8._.js:776
[  369398ms] [LOG] [Fast Refresh] done in 6ms @ http://localhost:3000/_next/static/chunks/node_modules_next_dist_1e8vcs8._.js:776
[  369453ms] [LOG] [Fast Refresh] done in 6ms @ http://localhost:3000/_next/static/chunks/node_modules_next_dist_1e8vcs8._.js:776
[  369495ms] [LOG] [Fast Refresh] done in 6ms @ http://localhost:3000/_next/static/chunks/node_modules_next_dist_1e8vcs8._.js:776
[  369550ms] [LOG] [Fast Refresh] done in 6ms @ http://localhost:3000/_next/static/chunks/node_modules_next_dist_1e8vcs8._.js:776
[  369613ms] [LOG] [Fast Refresh] done in 6ms @ http://localhost:3000/_next/static/chunks/node_modules_next_dist_1e8vcs8._.js:776
[  369677ms] [LOG] [Fast Refresh] done in 6ms @ http://localhost:3000/_next/static/chunks/node_modules_next_dist_1e8vcs8._.js:776
[  369727ms] [LOG] [Fast Refresh] done in 6ms @ http://localhost:3000/_next/static/chunks/node_modules_next_dist_1e8vcs8._.js:776
[  369776ms] [LOG] [Fast Refresh] done in 6ms @ http://localhost:3000/_next/static/chunks/node_modules_next_dist_1e8vcs8._.js:776
[  369820ms] [LOG] [Fast Refresh] done in 6ms @ http://localhost:3000/_next/static/chunks/node_modules_next_dist_1e8vcs8._.js:776
[  369862ms] [LOG] [Fast Refresh] done in 6ms @ http://localhost:3000/_next/static/chunks/node_modules_next_dist_1e8vcs8._.js:776
[  369906ms] [LOG] [Fast Refresh] done in 6ms @ http://localhost:3000/_next/static/chunks/node_modules_next_dist_1e8vcs8._.js:776
[  369946ms] [LOG] [Fast Refresh] done in 6ms @ http://localhost:3000/_next/static/chunks/node_modules_next_dist_1e8vcs8._.js:776
[  369993ms] [LOG] [Fast Refresh] done in 6ms @ http://localhost:3000/_next/static/chunks/node_modules_next_dist_1e8vcs8._.js:776
[  370035ms] [LOG] [Fast Refresh] done in 6ms @ http://localhost:3000/_next/static/chunks/node_modules_next_dist_1e8vcs8._.js:776
[  370080ms] [LOG] [Fast Refresh] done in 6ms @ http://localhost:3000/_next/static/chunks/node_modules_next_dist_1e8vcs8._.js:776
[  370121ms] [LOG] [Fast Refresh] done in 6ms @ http://localhost:3000/_next/static/chunks/node_modules_next_dist_1e8vcs8._.js:776
[  370175ms] [LOG] [Fast Refresh] done in 6ms @ http://localhost:3000/_next/static/chunks/node_modules_next_dist_1e8vcs8._.js:776
[  370229ms] [LOG] [Fast Refresh] done in 6ms @ http://localhost:3000/_next/static/chunks/node_modules_next_dist_1e8vcs8._.js:776
[  370282ms] [LOG] [Fast Refresh] done in 6ms @ http://localhost:3000/_next/static/chunks/node_modules_next_dist_1e8vcs8._.js:776
[  370332ms] [LOG] [Fast Refresh] done in 6ms @ http://localhost:3000/_next/static/chunks/node_modules_next_dist_1e8vcs8._.js:776
[  370383ms] [LOG] [Fast Refresh] done in 6ms @ http://localhost:3000/_next/static/chunks/node_modules_next_dist_1e8vcs8._.js:776
[  370438ms] [LOG] [Fast Refresh] done in 6ms @ http://localhost:3000/_next/static/chunks/node_modules_next_dist_1e8vcs8._.js:776
[  370488ms] [LOG] [Fast Refresh] done in 6ms @ http://localhost:3000/_next/static/chunks/node_modules_next_dist_1e8vcs8._.js:776
[  370542ms] [LOG] [Fast Refresh] done in 6ms @ http://localhost:3000/_next/static/chunks/node_modules_next_dist_1e8vcs8._.js:776
[  370585ms] [LOG] [Fast Refresh] done in 6ms @ http://localhost:3000/_next/static/chunks/node_modules_next_dist_1e8vcs8._.js:776
[  370628ms] [LOG] [Fast Refresh] done in 6ms @ http://localhost:3000/_next/static/chunks/node_modules_next_dist_1e8vcs8._.js:776
[  370677ms] [LOG] [Fast Refresh] done in 6ms @ http://localhost:3000/_next/static/chunks/node_modules_next_dist_1e8vcs8._.js:776
[  370723ms] [LOG] [Fast Refresh] done in 6ms @ http://localhost:3000/_next/static/chunks/node_modules_next_dist_1e8vcs8._.js:776
[  370767ms] [LOG] [Fast Refresh] done in 6ms @ http://localhost:3000/_next/static/chunks/node_modules_next_dist_1e8vcs8._.js:776
[  370831ms] [LOG] [Fast Refresh] done in 6ms @ http://localhost:3000/_next/static/chunks/node_modules_next_dist_1e8vcs8._.js:776
[  370879ms] [LOG] [Fast Refresh] done in 6ms @ http://localhost:3000/_next/static/chunks/node_modules_next_dist_1e8vcs8._.js:776
[  370927ms] [LOG] [Fast Refresh] done in 6ms @ http://localhost:3000/_next/static/chunks/node_modules_next_dist_1e8vcs8._.js:776
[  370986ms] [LOG] [Fast Refresh] done in 6ms @ http://localhost:3000/_next/static/chunks/node_modules_next_dist_1e8vcs8._.js:776
[  371029ms] [LOG] [Fast Refresh] done in 6ms @ http://localhost:3000/_next/static/chunks/node_modules_next_dist_1e8vcs8._.js:776
[  371074ms] [LOG] [Fast Refresh] done in 6ms @ http://localhost:3000/_next/static/chunks/node_modules_next_dist_1e8vcs8._.js:776
[  371122ms] [LOG] [Fast Refresh] done in 6ms @ http://localhost:3000/_next/static/chunks/node_modules_next_dist_1e8vcs8._.js:776
[  371163ms] [LOG] [Fast Refresh] done in 6ms @ http://localhost:3000/_next/static/chunks/node_modules_next_dist_1e8vcs8._.js:776
[  371203ms] [LOG] [Fast Refresh] done in 6ms @ http://localhost:3000/_next/static/chunks/node_modules_next_dist_1e8vcs8._.js:776
[  371244ms] [LOG] [Fast Refresh] done in 6ms @ http://localhost:3000/_next/static/chunks/node_modules_next_dist_1e8vcs8._.js:776
[  371299ms] [LOG] [Fast Refresh] done in 6ms @ http://localhost:3000/_next/static/chunks/node_modules_next_dist_1e8vcs8._.js:776
[  371342ms] [LOG] [Fast Refresh] done in 6ms @ http://localhost:3000/_next/static/chunks/node_modules_next_dist_1e8vcs8._.js:776
[  371399ms] [LOG] [Fast Refresh] done in 6ms @ http://localhost:3000/_next/static/chunks/node_modules_next_dist_1e8vcs8._.js:776
[  371443ms] [LOG] [Fast Refresh] done in 6ms @ http://localhost:3000/_next/static/chunks/node_modules_next_dist_1e8vcs8._.js:776
[  371487ms] [LOG] [Fast Refresh] done in 6ms @ http://localhost:3000/_next/static/chunks/node_modules_next_dist_1e8vcs8._.js:776
[  371530ms] [LOG] [Fast Refresh] done in 6ms @ http://localhost:3000/_next/static/chunks/node_modules_next_dist_1e8vcs8._.js:776
[  371571ms] [LOG] [Fast Refresh] done in 6ms @ http://localhost:3000/_next/static/chunks/node_modules_next_dist_1e8vcs8._.js:776
[  371613ms] [LOG] [Fast Refresh] done in 6ms @ http://localhost:3000/_next/static/chunks/node_modules_next_dist_1e8vcs8._.js:776
[  371655ms] [LOG] [Fast Refresh] done in 6ms @ http://localhost:3000/_next/static/chunks/node_modules_next_dist_1e8vcs8._.js:776
[  371696ms] [LOG] [Fast Refresh] done in 6ms @ http://localhost:3000/_next/static/chunks/node_modules_next_dist_1e8vcs8._.js:776
[  371739ms] [LOG] [Fast Refresh] done in 6ms @ http://localhost:3000/_next/static/chunks/node_modules_next_dist_1e8vcs8._.js:776
[  371779ms] [LOG] [Fast Refresh] done in 6ms @ http://localhost:3000/_next/static/chunks/node_modules_next_dist_1e8vcs8._.js:776
[  371827ms] [LOG] [Fast Refresh] done in 6ms @ http://localhost:3000/_next/static/chunks/node_modules_next_dist_1e8vcs8._.js:776
[  371880ms] [LOG] [Fast Refresh] done in 6ms @ http://localhost:3000/_next/static/chunks/node_modules_next_dist_1e8vcs8._.js:776
[  371932ms] [LOG] [Fast Refresh] done in 6ms @ http://localhost:3000/_next/static/chunks/node_modules_next_dist_1e8vcs8._.js:776
[  371977ms] [LOG] [Fast Refresh] done in 6ms @ http://localhost:3000/_next/static/chunks/node_modules_next_dist_1e8vcs8._.js:776
[  372026ms] [LOG] [Fast Refresh] done in 6ms @ http://localhost:3000/_next/static/chunks/node_modules_next_dist_1e8vcs8._.js:776
[  372081ms] [LOG] [Fast Refresh] done in 6ms @ http://localhost:3000/_next/static/chunks/node_modules_next_dist_1e8vcs8._.js:776
[  372129ms] [LOG] [Fast Refresh] done in 6ms @ http://localhost:3000/_next/static/chunks/node_modules_next_dist_1e8vcs8._.js:776
[  372178ms] [LOG] [Fast Refresh] done in 6ms @ http://localhost:3000/_next/static/chunks/node_modules_next_dist_1e8vcs8._.js:776
[  372227ms] [LOG] [Fast Refresh] done in 6ms @ http://localhost:3000/_next/static/chunks/node_modules_next_dist_1e8vcs8._.js:776
[  372276ms] [LOG] [Fast Refresh] done in 6ms @ http://localhost:3000/_next/static/chunks/node_modules_next_dist_1e8vcs8._.js:776
[  372335ms] [LOG] [Fast Refresh] done in 6ms @ http://localhost:3000/_next/static/chunks/node_modules_next_dist_1e8vcs8._.js:776
[  372379ms] [LOG] [Fast Refresh] done in 6ms @ http://localhost:3000/_next/static/chunks/node_modules_next_dist_1e8vcs8._.js:776
[  372428ms] [LOG] [Fast Refresh] done in 6ms @ http://localhost:3000/_next/static/chunks/node_modules_next_dist_1e8vcs8._.js:776
[  372477ms] [LOG] [Fast Refresh] done in 6ms @ http://localhost:3000/_next/static/chunks/node_modules_next_dist_1e8vcs8._.js:776
[  372526ms] [LOG] [Fast Refresh] done in 6ms @ http://localhost:3000/_next/static/chunks/node_modules_next_dist_1e8vcs8._.js:776
[  372581ms] [LOG] [Fast Refresh] done in 6ms @ http://localhost:3000/_next/static/chunks/node_modules_next_dist_1e8vcs8._.js:776
[  372630ms] [LOG] [Fast Refresh] done in 6ms @ http://localhost:3000/_next/static/chunks/node_modules_next_dist_1e8vcs8._.js:776
[  372678ms] [LOG] [Fast Refresh] done in 6ms @ http://localhost:3000/_next/static/chunks/node_modules_next_dist_1e8vcs8._.js:776
[  372729ms] [LOG] [Fast Refresh] done in 6ms @ http://localhost:3000/_next/static/chunks/node_modules_next_dist_1e8vcs8._.js:776
[  372776ms] [LOG] [Fast Refresh] done in 6ms @ http://localhost:3000/_next/static/chunks/node_modules_next_dist_1e8vcs8._.js:776
[  372831ms] [LOG] [Fast Refresh] done in 6ms @ http://localhost:3000/_next/static/chunks/node_modules_next_dist_1e8vcs8._.js:776
[  372880ms] [LOG] [Fast Refresh] done in 6ms @ http://localhost:3000/_next/static/chunks/node_modules_next_dist_1e8vcs8._.js:776
[  372928ms] [LOG] [Fast Refresh] done in 6ms @ http://localhost:3000/_next/static/chunks/node_modules_next_dist_1e8vcs8._.js:776
[  372977ms] [LOG] [Fast Refresh] done in 6ms @ http://localhost:3000/_next/static/chunks/node_modules_next_dist_1e8vcs8._.js:776
[  373026ms] [LOG] [Fast Refresh] done in 6ms @ http://localhost:3000/_next/static/chunks/node_modules_next_dist_1e8vcs8._.js:776
[  373081ms] [LOG] [Fast Refresh] done in 6ms @ http://localhost:3000/_next/static/chunks/node_modules_next_dist_1e8vcs8._.js:776
[  373119ms] [LOG] [Fast Refresh] done in 6ms @ http://localhost:3000/_next/static/chunks/node_modules_next_dist_1e8vcs8._.js:776
[  373178ms] [LOG] [Fast Refresh] done in 6ms @ http://localhost:3000/_next/static/chunks/node_modules_next_dist_1e8vcs8._.js:776
[  373231ms] [LOG] [Fast Refresh] done in 6ms @ http://localhost:3000/_next/static/chunks/node_modules_next_dist_1e8vcs8._.js:776
[  373276ms] [LOG] [Fast Refresh] done in 6ms @ http://localhost:3000/_next/static/chunks/node_modules_next_dist_1e8vcs8._.js:776
[  373323ms] [LOG] [Fast Refresh] done in 6ms @ http://localhost:3000/_next/static/chunks/node_modules_next_dist_1e8vcs8._.js:776
[  373379ms] [LOG] [Fast Refresh] done in 6ms @ http://localhost:3000/_next/static/chunks/node_modules_next_dist_1e8vcs8._.js:776
[  373428ms] [LOG] [Fast Refresh] done in 6ms @ http://localhost:3000/_next/static/chunks/node_modules_next_dist_1e8vcs8._.js:776
[  373477ms] [LOG] [Fast Refresh] done in 6ms @ http://localhost:3000/_next/static/chunks/node_modules_next_dist_1e8vcs8._.js:776
[  373526ms] [LOG] [Fast Refresh] done in 6ms @ http://localhost:3000/_next/static/chunks/node_modules_next_dist_1e8vcs8._.js:776
[  373570ms] [LOG] [Fast Refresh] done in 6ms @ http://localhost:3000/_next/static/chunks/node_modules_next_dist_1e8vcs8._.js:776
[  373630ms] [LOG] [Fast Refresh] done in 6ms @ http://localhost:3000/_next/static/chunks/node_modules_next_dist_1e8vcs8._.js:776
[  373679ms] [LOG] [Fast Refresh] done in 6ms @ http://localhost:3000/_next/static/chunks/node_modules_next_dist_1e8vcs8._.js:776
[  373727ms] [LOG] [Fast Refresh] done in 6ms @ http://localhost:3000/_next/static/chunks/node_modules_next_dist_1e8vcs8._.js:776
[  373770ms] [LOG] [Fast Refresh] done in 6ms @ http://localhost:3000/_next/static/chunks/node_modules_next_dist_1e8vcs8._.js:776
[  373819ms] [LOG] [Fast Refresh] done in 6ms @ http://localhost:3000/_next/static/chunks/node_modules_next_dist_1e8vcs8._.js:776
[  373871ms] [LOG] [Fast Refresh] done in 6ms @ http://localhost:3000/_next/static/chunks/node_modules_next_dist_1e8vcs8._.js:776
[  373911ms] [LOG] [Fast Refresh] done in 6ms @ http://localhost:3000/_next/static/chunks/node_modules_next_dist_1e8vcs8._.js:776
[  373960ms] [LOG] [Fast Refresh] done in 6ms @ http://localhost:3000/_next/static/chunks/node_modules_next_dist_1e8vcs8._.js:776
[  374003ms] [LOG] [Fast Refresh] done in 6ms @ http://localhost:3000/_next/static/chunks/node_modules_next_dist_1e8vcs8._.js:776
[  374043ms] [LOG] [Fast Refresh] done in 6ms @ http://localhost:3000/_next/static/chunks/node_modules_next_dist_1e8vcs8._.js:776
[  374091ms] [LOG] [Fast Refresh] done in 6ms @ http://localhost:3000/_next/static/chunks/node_modules_next_dist_1e8vcs8._.js:776
[  374133ms] [LOG] [Fast Refresh] done in 6ms @ http://localhost:3000/_next/static/chunks/node_modules_next_dist_1e8vcs8._.js:776
[  374175ms] [LOG] [Fast Refresh] done in 6ms @ http://localhost:3000/_next/static/chunks/node_modules_next_dist_1e8vcs8._.js:776
[  374225ms] [LOG] [Fast Refresh] done in 6ms @ http://localhost:3000/_next/static/chunks/node_modules_next_dist_1e8vcs8._.js:776
[  374265ms] [LOG] [Fast Refresh] done in 6ms @ http://localhost:3000/_next/static/chunks/node_modules_next_dist_1e8vcs8._.js:776
[  374308ms] [LOG] [Fast Refresh] done in 6ms @ http://localhost:3000/_next/static/chunks/node_modules_next_dist_1e8vcs8._.js:776
[  374350ms] [LOG] [Fast Refresh] done in 6ms @ http://localhost:3000/_next/static/chunks/node_modules_next_dist_1e8vcs8._.js:776
[  374391ms] [LOG] [Fast Refresh] done in 6ms @ http://localhost:3000/_next/static/chunks/node_modules_next_dist_1e8vcs8._.js:776
[  374432ms] [LOG] [Fast Refresh] done in 6ms @ http://localhost:3000/_next/static/chunks/node_modules_next_dist_1e8vcs8._.js:776
[  374475ms] [LOG] [Fast Refresh] done in 6ms @ http://localhost:3000/_next/static/chunks/node_modules_next_dist_1e8vcs8._.js:776
[  374524ms] [LOG] [Fast Refresh] done in 6ms @ http://localhost:3000/_next/static/chunks/node_modules_next_dist_1e8vcs8._.js:776
[  374565ms] [LOG] [Fast Refresh] done in 6ms @ http://localhost:3000/_next/static/chunks/node_modules_next_dist_1e8vcs8._.js:776
[  374605ms] [LOG] [Fast Refresh] done in 6ms @ http://localhost:3000/_next/static/chunks/node_modules_next_dist_1e8vcs8._.js:776
[  374647ms] [LOG] [Fast Refresh] done in 6ms @ http://localhost:3000/_next/static/chunks/node_modules_next_dist_1e8vcs8._.js:776
[  374689ms] [LOG] [Fast Refresh] done in 6ms @ http://localhost:3000/_next/static/chunks/node_modules_next_dist_1e8vcs8._.js:776
[  374740ms] [LOG] [Fast Refresh] done in 6ms @ http://localhost:3000/_next/static/chunks/node_modules_next_dist_1e8vcs8._.js:776
[  374787ms] [LOG] [Fast Refresh] done in 6ms @ http://localhost:3000/_next/static/chunks/node_modules_next_dist_1e8vcs8._.js:776
[  374845ms] [LOG] [Fast Refresh] done in 6ms @ http://localhost:3000/_next/static/chunks/node_modules_next_dist_1e8vcs8._.js:776
[  374891ms] [LOG] [Fast Refresh] done in 6ms @ http://localhost:3000/_next/static/chunks/node_modules_next_dist_1e8vcs8._.js:776
[  374932ms] [LOG] [Fast Refresh] done in 6ms @ http://localhost:3000/_next/static/chunks/node_modules_next_dist_1e8vcs8._.js:776
[  374974ms] [LOG] [Fast Refresh] done in 6ms @ http://localhost:3000/_next/static/chunks/node_modules_next_dist_1e8vcs8._.js:776
[  375024ms] [LOG] [Fast Refresh] done in 6ms @ http://localhost:3000/_next/static/chunks/node_modules_next_dist_1e8vcs8._.js:776
[  375064ms] [LOG] [Fast Refresh] done in 6ms @ http://localhost:3000/_next/static/chunks/node_modules_next_dist_1e8vcs8._.js:776
[  375108ms] [LOG] [Fast Refresh] done in 6ms @ http://localhost:3000/_next/static/chunks/node_modules_next_dist_1e8vcs8._.js:776
[  375148ms] [LOG] [Fast Refresh] done in 6ms @ http://localhost:3000/_next/static/chunks/node_modules_next_dist_1e8vcs8._.js:776
[  375195ms] [LOG] [Fast Refresh] done in 6ms @ http://localhost:3000/_next/static/chunks/node_modules_next_dist_1e8vcs8._.js:776
[  375240ms] [LOG] [Fast Refresh] done in 6ms @ http://localhost:3000/_next/static/chunks/node_modules_next_dist_1e8vcs8._.js:776
[  375287ms] [LOG] [Fast Refresh] done in 6ms @ http://localhost:3000/_next/static/chunks/node_modules_next_dist_1e8vcs8._.js:776
[  375346ms] [LOG] [Fast Refresh] done in 6ms @ http://localhost:3000/_next/static/chunks/node_modules_next_dist_1e8vcs8._.js:776
[  375397ms] [LOG] [Fast Refresh] done in 6ms @ http://localhost:3000/_next/static/chunks/node_modules_next_dist_1e8vcs8._.js:776
[  375442ms] [LOG] [Fast Refresh] done in 6ms @ http://localhost:3000/_next/static/chunks/node_modules_next_dist_1e8vcs8._.js:776
[  375481ms] [LOG] [Fast Refresh] done in 6ms @ http://localhost:3000/_next/static/chunks/node_modules_next_dist_1e8vcs8._.js:776
[  375531ms] [LOG] [Fast Refresh] done in 6ms @ http://localhost:3000/_next/static/chunks/node_modules_next_dist_1e8vcs8._.js:776
[  375570ms] [LOG] [Fast Refresh] done in 6ms @ http://localhost:3000/_next/static/chunks/node_modules_next_dist_1e8vcs8._.js:776
[  375613ms] [LOG] [Fast Refresh] done in 6ms @ http://localhost:3000/_next/static/chunks/node_modules_next_dist_1e8vcs8._.js:776
[  375656ms] [LOG] [Fast Refresh] done in 6ms @ http://localhost:3000/_next/static/chunks/node_modules_next_dist_1e8vcs8._.js:776
[  375698ms] [LOG] [Fast Refresh] done in 6ms @ http://localhost:3000/_next/static/chunks/node_modules_next_dist_1e8vcs8._.js:776
[  375741ms] [LOG] [Fast Refresh] done in 6ms @ http://localhost:3000/_next/static/chunks/node_modules_next_dist_1e8vcs8._.js:776
[  375794ms] [LOG] [Fast Refresh] done in 6ms @ http://localhost:3000/_next/static/chunks/node_modules_next_dist_1e8vcs8._.js:776
[  375834ms] [LOG] [Fast Refresh] done in 6ms @ http://localhost:3000/_next/static/chunks/node_modules_next_dist_1e8vcs8._.js:776
[  375875ms] [LOG] [Fast Refresh] done in 6ms @ http://localhost:3000/_next/static/chunks/node_modules_next_dist_1e8vcs8._.js:776
[  375929ms] [LOG] [Fast Refresh] done in 6ms @ http://localhost:3000/_next/static/chunks/node_modules_next_dist_1e8vcs8._.js:776
[  375982ms] [LOG] [Fast Refresh] done in 6ms @ http://localhost:3000/_next/static/chunks/node_modules_next_dist_1e8vcs8._.js:776
[  376035ms] [LOG] [Fast Refresh] done in 6ms @ http://localhost:3000/_next/static/chunks/node_modules_next_dist_1e8vcs8._.js:776
[  376080ms] [LOG] [Fast Refresh] done in 6ms @ http://localhost:3000/_next/static/chunks/node_modules_next_dist_1e8vcs8._.js:776
[  376121ms] [LOG] [Fast Refresh] done in 6ms @ http://localhost:3000/_next/static/chunks/node_modules_next_dist_1e8vcs8._.js:776
[  376164ms] [LOG] [Fast Refresh] done in 6ms @ http://localhost:3000/_next/static/chunks/node_modules_next_dist_1e8vcs8._.js:776
[  376203ms] [LOG] [Fast Refresh] done in 6ms @ http://localhost:3000/_next/static/chunks/node_modules_next_dist_1e8vcs8._.js:776
[  376244ms] [LOG] [Fast Refresh] done in 6ms @ http://localhost:3000/_next/static/chunks/node_modules_next_dist_1e8vcs8._.js:776
[  376287ms] [LOG] [Fast Refresh] done in 6ms @ http://localhost:3000/_next/static/chunks/node_modules_next_dist_1e8vcs8._.js:776
[  376330ms] [LOG] [Fast Refresh] done in 6ms @ http://localhost:3000/_next/static/chunks/node_modules_next_dist_1e8vcs8._.js:776
[  376378ms] [LOG] [Fast Refresh] done in 6ms @ http://localhost:3000/_next/static/chunks/node_modules_next_dist_1e8vcs8._.js:776
[  376419ms] [LOG] [Fast Refresh] done in 6ms @ http://localhost:3000/_next/static/chunks/node_modules_next_dist_1e8vcs8._.js:776
[  376461ms] [LOG] [Fast Refresh] done in 6ms @ http://localhost:3000/_next/static/chunks/node_modules_next_dist_1e8vcs8._.js:776
[  376507ms] [LOG] [Fast Refresh] done in 6ms @ http://localhost:3000/_next/static/chunks/node_modules_next_dist_1e8vcs8._.js:776
[  376550ms] [LOG] [Fast Refresh] done in 6ms @ http://localhost:3000/_next/static/chunks/node_modules_next_dist_1e8vcs8._.js:776
[  376592ms] [LOG] [Fast Refresh] done in 6ms @ http://localhost:3000/_next/static/chunks/node_modules_next_dist_1e8vcs8._.js:776
[  376635ms] [LOG] [Fast Refresh] done in 6ms @ http://localhost:3000/_next/static/chunks/node_modules_next_dist_1e8vcs8._.js:776
[  376675ms] [LOG] [Fast Refresh] done in 6ms @ http://localhost:3000/_next/static/chunks/node_modules_next_dist_1e8vcs8._.js:776
[  376717ms] [LOG] [Fast Refresh] done in 6ms @ http://localhost:3000/_next/static/chunks/node_modules_next_dist_1e8vcs8._.js:776
[  376769ms] [LOG] [Fast Refresh] done in 6ms @ http://localhost:3000/_next/static/chunks/node_modules_next_dist_1e8vcs8._.js:776
[  376832ms] [LOG] [Fast Refresh] done in 6ms @ http://localhost:3000/_next/static/chunks/node_modules_next_dist_1e8vcs8._.js:776
[  376879ms] [LOG] [Fast Refresh] done in 6ms @ http://localhost:3000/_next/static/chunks/node_modules_next_dist_1e8vcs8._.js:776
[  376919ms] [LOG] [Fast Refresh] done in 6ms @ http://localhost:3000/_next/static/chunks/node_modules_next_dist_1e8vcs8._.js:776
[  376977ms] [LOG] [Fast Refresh] done in 6ms @ http://localhost:3000/_next/static/chunks/node_modules_next_dist_1e8vcs8._.js:776
[  377027ms] [LOG] [Fast Refresh] done in 6ms @ http://localhost:3000/_next/static/chunks/node_modules_next_dist_1e8vcs8._.js:776
[  377072ms] [LOG] [Fast Refresh] done in 6ms @ http://localhost:3000/_next/static/chunks/node_modules_next_dist_1e8vcs8._.js:776
[  377120ms] [LOG] [Fast Refresh] done in 6ms @ http://localhost:3000/_next/static/chunks/node_modules_next_dist_1e8vcs8._.js:776
[  377159ms] [LOG] [Fast Refresh] done in 6ms @ http://localhost:3000/_next/static/chunks/node_modules_next_dist_1e8vcs8._.js:776
[  377214ms] [LOG] [Fast Refresh] done in 6ms @ http://localhost:3000/_next/static/chunks/node_modules_next_dist_1e8vcs8._.js:776
[  377276ms] [LOG] [Fast Refresh] done in 6ms @ http://localhost:3000/_next/static/chunks/node_modules_next_dist_1e8vcs8._.js:776
[  377332ms] [LOG] [Fast Refresh] done in 6ms @ http://localhost:3000/_next/static/chunks/node_modules_next_dist_1e8vcs8._.js:776
[  377377ms] [LOG] [Fast Refresh] done in 6ms @ http://localhost:3000/_next/static/chunks/node_modules_next_dist_1e8vcs8._.js:776
[  377419ms] [LOG] [Fast Refresh] done in 6ms @ http://localhost:3000/_next/static/chunks/node_modules_next_dist_1e8vcs8._.js:776
[  377460ms] [LOG] [Fast Refresh] done in 6ms @ http://localhost:3000/_next/static/chunks/node_modules_next_dist_1e8vcs8._.js:776
[  377501ms] [LOG] [Fast Refresh] done in 6ms @ http://localhost:3000/_next/static/chunks/node_modules_next_dist_1e8vcs8._.js:776
[  377544ms] [LOG] [Fast Refresh] done in 6ms @ http://localhost:3000/_next/static/chunks/node_modules_next_dist_1e8vcs8._.js:776
[  377587ms] [LOG] [Fast Refresh] done in 6ms @ http://localhost:3000/_next/static/chunks/node_modules_next_dist_1e8vcs8._.js:776
[  377634ms] [LOG] [Fast Refresh] done in 6ms @ http://localhost:3000/_next/static/chunks/node_modules_next_dist_1e8vcs8._.js:776
[  377678ms] [LOG] [Fast Refresh] done in 6ms @ http://localhost:3000/_next/static/chunks/node_modules_next_dist_1e8vcs8._.js:776
[  377733ms] [LOG] [Fast Refresh] done in 6ms @ http://localhost:3000/_next/static/chunks/node_modules_next_dist_1e8vcs8._.js:776
[  377773ms] [LOG] [Fast Refresh] done in 6ms @ http://localhost:3000/_next/static/chunks/node_modules_next_dist_1e8vcs8._.js:776
[  377813ms] [LOG] [Fast Refresh] done in 6ms @ http://localhost:3000/_next/static/chunks/node_modules_next_dist_1e8vcs8._.js:776
[  377863ms] [LOG] [Fast Refresh] done in 6ms @ http://localhost:3000/_next/static/chunks/node_modules_next_dist_1e8vcs8._.js:776
[  377912ms] [LOG] [Fast Refresh] done in 6ms @ http://localhost:3000/_next/static/chunks/node_modules_next_dist_1e8vcs8._.js:776
[  377977ms] [LOG] [Fast Refresh] done in 6ms @ http://localhost:3000/_next/static/chunks/node_modules_next_dist_1e8vcs8._.js:776
[  378026ms] [LOG] [Fast Refresh] done in 6ms @ http://localhost:3000/_next/static/chunks/node_modules_next_dist_1e8vcs8._.js:776
[  378073ms] [LOG] [Fast Refresh] done in 6ms @ http://localhost:3000/_next/static/chunks/node_modules_next_dist_1e8vcs8._.js:776
[  378122ms] [LOG] [Fast Refresh] done in 6ms @ http://localhost:3000/_next/static/chunks/node_modules_next_dist_1e8vcs8._.js:776
[  378161ms] [LOG] [Fast Refresh] done in 6ms @ http://localhost:3000/_next/static/chunks/node_modules_next_dist_1e8vcs8._.js:776
[  378212ms] [LOG] [Fast Refresh] done in 6ms @ http://localhost:3000/_next/static/chunks/node_modules_next_dist_1e8vcs8._.js:776
[  378276ms] [LOG] [Fast Refresh] done in 6ms @ http://localhost:3000/_next/static/chunks/node_modules_next_dist_1e8vcs8._.js:776
[  378328ms] [LOG] [Fast Refresh] done in 6ms @ http://localhost:3000/_next/static/chunks/node_modules_next_dist_1e8vcs8._.js:776
[  378379ms] [LOG] [Fast Refresh] done in 6ms @ http://localhost:3000/_next/static/chunks/node_modules_next_dist_1e8vcs8._.js:776
[  378424ms] [LOG] [Fast Refresh] done in 6ms @ http://localhost:3000/_next/static/chunks/node_modules_next_dist_1e8vcs8._.js:776
[  378467ms] [LOG] [Fast Refresh] done in 6ms @ http://localhost:3000/_next/static/chunks/node_modules_next_dist_1e8vcs8._.js:776
[  378510ms] [LOG] [Fast Refresh] done in 6ms @ http://localhost:3000/_next/static/chunks/node_modules_next_dist_1e8vcs8._.js:776
[  378550ms] [LOG] [Fast Refresh] done in 6ms @ http://localhost:3000/_next/static/chunks/node_modules_next_dist_1e8vcs8._.js:776
[  378592ms] [LOG] [Fast Refresh] done in 6ms @ http://localhost:3000/_next/static/chunks/node_modules_next_dist_1e8vcs8._.js:776
[  378634ms] [LOG] [Fast Refresh] done in 6ms @ http://localhost:3000/_next/static/chunks/node_modules_next_dist_1e8vcs8._.js:776
[  378678ms] [LOG] [Fast Refresh] done in 6ms @ http://localhost:3000/_next/static/chunks/node_modules_next_dist_1e8vcs8._.js:776
[  378727ms] [LOG] [Fast Refresh] done in 6ms @ http://localhost:3000/_next/static/chunks/node_modules_next_dist_1e8vcs8._.js:776
[  378776ms] [LOG] [Fast Refresh] done in 6ms @ http://localhost:3000/_next/static/chunks/node_modules_next_dist_1e8vcs8._.js:776
[  378828ms] [LOG] [Fast Refresh] done in 6ms @ http://localhost:3000/_next/static/chunks/node_modules_next_dist_1e8vcs8._.js:776
[  378870ms] [LOG] [Fast Refresh] done in 6ms @ http://localhost:3000/_next/static/chunks/node_modules_next_dist_1e8vcs8._.js:776
[  378913ms] [LOG] [Fast Refresh] done in 6ms @ http://localhost:3000/_next/static/chunks/node_modules_next_dist_1e8vcs8._.js:776
[  378968ms] [LOG] [Fast Refresh] done in 6ms @ http://localhost:3000/_next/static/chunks/node_modules_next_dist_1e8vcs8._.js:776
[  379014ms] [LOG] [Fast Refresh] done in 6ms @ http://localhost:3000/_next/static/chunks/node_modules_next_dist_1e8vcs8._.js:776
[  379057ms] [LOG] [Fast Refresh] done in 6ms @ http://localhost:3000/_next/static/chunks/node_modules_next_dist_1e8vcs8._.js:776
[  379114ms] [LOG] [Fast Refresh] done in 6ms @ http://localhost:3000/_next/static/chunks/node_modules_next_dist_1e8vcs8._.js:776
[  379154ms] [LOG] [Fast Refresh] done in 6ms @ http://localhost:3000/_next/static/chunks/node_modules_next_dist_1e8vcs8._.js:776
[  379196ms] [LOG] [Fast Refresh] done in 6ms @ http://localhost:3000/_next/static/chunks/node_modules_next_dist_1e8vcs8._.js:776
[  379244ms] [LOG] [Fast Refresh] done in 6ms @ http://localhost:3000/_next/static/chunks/node_modules_next_dist_1e8vcs8._.js:776
[  379294ms] [LOG] [Fast Refresh] done in 6ms @ http://localhost:3000/_next/static/chunks/node_modules_next_dist_1e8vcs8._.js:776
[  379335ms] [LOG] [Fast Refresh] done in 6ms @ http://localhost:3000/_next/static/chunks/node_modules_next_dist_1e8vcs8._.js:776
[  379379ms] [LOG] [Fast Refresh] done in 6ms @ http://localhost:3000/_next/static/chunks/node_modules_next_dist_1e8vcs8._.js:776
[  379428ms] [LOG] [Fast Refresh] done in 6ms @ http://localhost:3000/_next/static/chunks/node_modules_next_dist_1e8vcs8._.js:776
[  379477ms] [LOG] [Fast Refresh] done in 6ms @ http://localhost:3000/_next/static/chunks/node_modules_next_dist_1e8vcs8._.js:776
[  379525ms] [LOG] [Fast Refresh] done in 6ms @ http://localhost:3000/_next/static/chunks/node_modules_next_dist_1e8vcs8._.js:776
[  379564ms] [LOG] [Fast Refresh] rebuilding @ http://localhost:3000/_next/static/chunks/node_modules_next_dist_1e8vcs8._.js:776
[  379629ms] [LOG] [Fast Refresh] done in 6ms @ http://localhost:3000/_next/static/chunks/node_modules_next_dist_1e8vcs8._.js:776
[  379680ms] [LOG] [Fast Refresh] done in 6ms @ http://localhost:3000/_next/static/chunks/node_modules_next_dist_1e8vcs8._.js:776
[  379725ms] [LOG] [Fast Refresh] done in 6ms @ http://localhost:3000/_next/static/chunks/node_modules_next_dist_1e8vcs8._.js:776
[  379765ms] [LOG] [Fast Refresh] done in 6ms @ http://localhost:3000/_next/static/chunks/node_modules_next_dist_1e8vcs8._.js:776
[  379807ms] [LOG] [Fast Refresh] done in 6ms @ http://localhost:3000/_next/static/chunks/node_modules_next_dist_1e8vcs8._.js:776
[  379850ms] [LOG] [Fast Refresh] done in 6ms @ http://localhost:3000/_next/static/chunks/node_modules_next_dist_1e8vcs8._.js:776
[  379897ms] [LOG] [Fast Refresh] done in 6ms @ http://localhost:3000/_next/static/chunks/node_modules_next_dist_1e8vcs8._.js:776
[  379940ms] [LOG] [Fast Refresh] done in 6ms @ http://localhost:3000/_next/static/chunks/node_modules_next_dist_1e8vcs8._.js:776
[  379988ms] [LOG] [Fast Refresh] done in 6ms @ http://localhost:3000/_next/static/chunks/node_modules_next_dist_1e8vcs8._.js:776
[  380030ms] [LOG] [Fast Refresh] done in 6ms @ http://localhost:3000/_next/static/chunks/node_modules_next_dist_1e8vcs8._.js:776
[  380071ms] [LOG] [Fast Refresh] done in 6ms @ http://localhost:3000/_next/static/chunks/node_modules_next_dist_1e8vcs8._.js:776
[  380113ms] [LOG] [Fast Refresh] done in 6ms @ http://localhost:3000/_next/static/chunks/node_modules_next_dist_1e8vcs8._.js:776
[  380155ms] [LOG] [Fast Refresh] done in 6ms @ http://localhost:3000/_next/static/chunks/node_modules_next_dist_1e8vcs8._.js:776
[  380197ms] [LOG] [Fast Refresh] done in 6ms @ http://localhost:3000/_next/static/chunks/node_modules_next_dist_1e8vcs8._.js:776
[  380239ms] [LOG] [Fast Refresh] done in 6ms @ http://localhost:3000/_next/static/chunks/node_modules_next_dist_1e8vcs8._.js:776
[  380287ms] [LOG] [Fast Refresh] done in 6ms @ http://localhost:3000/_next/static/chunks/node_modules_next_dist_1e8vcs8._.js:776
[  380357ms] [LOG] [Fast Refresh] done in 6ms @ http://localhost:3000/_next/static/chunks/node_modules_next_dist_1e8vcs8._.js:776
[  380407ms] [LOG] [Fast Refresh] done in 6ms @ http://localhost:3000/_next/static/chunks/node_modules_next_dist_1e8vcs8._.js:776
[  380471ms] [LOG] [Fast Refresh] done in 6ms @ http://localhost:3000/_next/static/chunks/node_modules_next_dist_1e8vcs8._.js:776
[  380535ms] [LOG] [Fast Refresh] done in 6ms @ http://localhost:3000/_next/static/chunks/node_modules_next_dist_1e8vcs8._.js:776
[  380583ms] [LOG] [Fast Refresh] done in 6ms @ http://localhost:3000/_next/static/chunks/node_modules_next_dist_1e8vcs8._.js:776
[  380628ms] [LOG] [Fast Refresh] done in 6ms @ http://localhost:3000/_next/static/chunks/node_modules_next_dist_1e8vcs8._.js:776
[  380668ms] [LOG] [Fast Refresh] done in 6ms @ http://localhost:3000/_next/static/chunks/node_modules_next_dist_1e8vcs8._.js:776
[  380711ms] [LOG] [Fast Refresh] done in 6ms @ http://localhost:3000/_next/static/chunks/node_modules_next_dist_1e8vcs8._.js:776
[  380760ms] [LOG] [Fast Refresh] done in 6ms @ http://localhost:3000/_next/static/chunks/node_modules_next_dist_1e8vcs8._.js:776
[  380799ms] [LOG] [Fast Refresh] done in 6ms @ http://localhost:3000/_next/static/chunks/node_modules_next_dist_1e8vcs8._.js:776
[  380847ms] [LOG] [Fast Refresh] done in 6ms @ http://localhost:3000/_next/static/chunks/node_modules_next_dist_1e8vcs8._.js:776
[  380890ms] [LOG] [Fast Refresh] done in 6ms @ http://localhost:3000/_next/static/chunks/node_modules_next_dist_1e8vcs8._.js:776
[  380944ms] [LOG] [Fast Refresh] done in 6ms @ http://localhost:3000/_next/static/chunks/node_modules_next_dist_1e8vcs8._.js:776
[  380987ms] [LOG] [Fast Refresh] done in 6ms @ http://localhost:3000/_next/static/chunks/node_modules_next_dist_1e8vcs8._.js:776
[  381029ms] [LOG] [Fast Refresh] done in 6ms @ http://localhost:3000/_next/static/chunks/node_modules_next_dist_1e8vcs8._.js:776
[  381073ms] [LOG] [Fast Refresh] done in 6ms @ http://localhost:3000/_next/static/chunks/node_modules_next_dist_1e8vcs8._.js:776
[  381114ms] [LOG] [Fast Refresh] done in 6ms @ http://localhost:3000/_next/static/chunks/node_modules_next_dist_1e8vcs8._.js:776
[  381156ms] [LOG] [Fast Refresh] done in 6ms @ http://localhost:3000/_next/static/chunks/node_modules_next_dist_1e8vcs8._.js:776
[  381196ms] [LOG] [Fast Refresh] done in 6ms @ http://localhost:3000/_next/static/chunks/node_modules_next_dist_1e8vcs8._.js:776
[  381238ms] [LOG] [Fast Refresh] done in 6ms @ http://localhost:3000/_next/static/chunks/node_modules_next_dist_1e8vcs8._.js:776
[  381280ms] [LOG] [Fast Refresh] done in 6ms @ http://localhost:3000/_next/static/chunks/node_modules_next_dist_1e8vcs8._.js:776
[  381323ms] [LOG] [Fast Refresh] done in 6ms @ http://localhost:3000/_next/static/chunks/node_modules_next_dist_1e8vcs8._.js:776
[  381371ms] [LOG] [Fast Refresh] done in 6ms @ http://localhost:3000/_next/static/chunks/node_modules_next_dist_1e8vcs8._.js:776
[  381425ms] [LOG] [Fast Refresh] done in 6ms @ http://localhost:3000/_next/static/chunks/node_modules_next_dist_1e8vcs8._.js:776
[  381468ms] [LOG] [Fast Refresh] done in 6ms @ http://localhost:3000/_next/static/chunks/node_modules_next_dist_1e8vcs8._.js:776
[  381519ms] [LOG] [Fast Refresh] done in 6ms @ http://localhost:3000/_next/static/chunks/node_modules_next_dist_1e8vcs8._.js:776
[  381571ms] [LOG] [Fast Refresh] done in 6ms @ http://localhost:3000/_next/static/chunks/node_modules_next_dist_1e8vcs8._.js:776
[  381612ms] [LOG] [Fast Refresh] done in 6ms @ http://localhost:3000/_next/static/chunks/node_modules_next_dist_1e8vcs8._.js:776
[  381654ms] [LOG] [Fast Refresh] done in 6ms @ http://localhost:3000/_next/static/chunks/node_modules_next_dist_1e8vcs8._.js:776
[  381695ms] [LOG] [Fast Refresh] done in 6ms @ http://localhost:3000/_next/static/chunks/node_modules_next_dist_1e8vcs8._.js:776
[  381738ms] [LOG] [Fast Refresh] done in 6ms @ http://localhost:3000/_next/static/chunks/node_modules_next_dist_1e8vcs8._.js:776
[  381779ms] [LOG] [Fast Refresh] done in 6ms @ http://localhost:3000/_next/static/chunks/node_modules_next_dist_1e8vcs8._.js:776
[  381821ms] [LOG] [Fast Refresh] done in 6ms @ http://localhost:3000/_next/static/chunks/node_modules_next_dist_1e8vcs8._.js:776
[  381862ms] [LOG] [Fast Refresh] done in 6ms @ http://localhost:3000/_next/static/chunks/node_modules_next_dist_1e8vcs8._.js:776
[  381905ms] [LOG] [Fast Refresh] done in 6ms @ http://localhost:3000/_next/static/chunks/node_modules_next_dist_1e8vcs8._.js:776
[  381952ms] [LOG] [Fast Refresh] done in 6ms @ http://localhost:3000/_next/static/chunks/node_modules_next_dist_1e8vcs8._.js:776
[  381994ms] [LOG] [Fast Refresh] done in 6ms @ http://localhost:3000/_next/static/chunks/node_modules_next_dist_1e8vcs8._.js:776
[  382044ms] [LOG] [Fast Refresh] done in 6ms @ http://localhost:3000/_next/static/chunks/node_modules_next_dist_1e8vcs8._.js:776
[  382085ms] [LOG] [Fast Refresh] done in 6ms @ http://localhost:3000/_next/static/chunks/node_modules_next_dist_1e8vcs8._.js:776
[  382129ms] [LOG] [Fast Refresh] done in 6ms @ http://localhost:3000/_next/static/chunks/node_modules_next_dist_1e8vcs8._.js:776
[  382178ms] [LOG] [Fast Refresh] done in 6ms @ http://localhost:3000/_next/static/chunks/node_modules_next_dist_1e8vcs8._.js:776
[  382227ms] [LOG] [Fast Refresh] done in 6ms @ http://localhost:3000/_next/static/chunks/node_modules_next_dist_1e8vcs8._.js:776
[  382277ms] [LOG] [Fast Refresh] done in 6ms @ http://localhost:3000/_next/static/chunks/node_modules_next_dist_1e8vcs8._.js:776
[  382329ms] [LOG] [Fast Refresh] done in 6ms @ http://localhost:3000/_next/static/chunks/node_modules_next_dist_1e8vcs8._.js:776
[  382377ms] [LOG] [Fast Refresh] done in 6ms @ http://localhost:3000/_next/static/chunks/node_modules_next_dist_1e8vcs8._.js:776
[  382434ms] [LOG] [Fast Refresh] done in 6ms @ http://localhost:3000/_next/static/chunks/node_modules_next_dist_1e8vcs8._.js:776
[  382480ms] [LOG] [Fast Refresh] done in 6ms @ http://localhost:3000/_next/static/chunks/node_modules_next_dist_1e8vcs8._.js:776
[  382529ms] [LOG] [Fast Refresh] done in 6ms @ http://localhost:3000/_next/static/chunks/node_modules_next_dist_1e8vcs8._.js:776
[  382577ms] [WARNING] The resource http://localhost:3000/_next/static/media/6ad0e742fc9cd7a1-s.p.2w_jb288h_vxp.woff2 was preloaded using link preload but not used within a few seconds from the window's load event. Please make sure it has an appropriate `as` value and it is preloaded intentionally. @ http://localhost:3000/terms-of-use:0
[  382577ms] [WARNING] The resource http://localhost:3000/_next/static/media/09401ea35a762f28-s.p.2a85-o2hz8mwr.woff2 was preloaded using link preload but not used within a few seconds from the window's load event. Please make sure it has an appropriate `as` value and it is preloaded intentionally. @ http://localhost:3000/terms-of-use:0
[  382577ms] [WARNING] The resource http://localhost:3000/_next/static/media/0f5cca9b58704ad1-s.p.21odxmnjnk7bd.woff2 was preloaded using link preload but not used within a few seconds from the window's load event. Please make sure it has an appropriate `as` value and it is preloaded intentionally. @ http://localhost:3000/terms-of-use:0
[  382578ms] [WARNING] The resource http://localhost:3000/_next/static/media/22884ed84a506ae6-s.p.0yevzgmhf07yp.woff2 was preloaded using link preload but not used within a few seconds from the window's load event. Please make sure it has an appropriate `as` value and it is preloaded intentionally. @ http://localhost:3000/terms-of-use:0
[  382578ms] [WARNING] The resource http://localhost:3000/_next/static/media/f06bf9da926bae75-s.p.2874ccu1_u7jf.woff2 was preloaded using link preload but not used within a few seconds from the window's load event. Please make sure it has an appropriate `as` value and it is preloaded intentionally. @ http://localhost:3000/terms-of-use:0
[  382578ms] [WARNING] The resource http://localhost:3000/_next/static/media/510598db810e1932-s.p.20g9nkyuy-bea.woff2 was preloaded using link preload but not used within a few seconds from the window's load event. Please make sure it has an appropriate `as` value and it is preloaded intentionally. @ http://localhost:3000/terms-of-use:0
[  382578ms] [WARNING] The resource http://localhost:3000/_next/static/media/f896ef295999667f-s.p.0mkp9y_kaie3k.woff2 was preloaded using link preload but not used within a few seconds from the window's load event. Please make sure it has an appropriate `as` value and it is preloaded intentionally. @ http://localhost:3000/terms-of-use:0
[  382578ms] [WARNING] The resource http://localhost:3000/_next/static/media/eb51f918d7e532f8-s.p.3gcjms7ojp868.woff2 was preloaded using link preload but not used within a few seconds from the window's load event. Please make sure it has an appropriate `as` value and it is preloaded intentionally. @ http://localhost:3000/terms-of-use:0
[  382588ms] [LOG] [Fast Refresh] done in 6ms @ http://localhost:3000/_next/static/chunks/node_modules_next_dist_1e8vcs8._.js:776
[  382671ms] [LOG] [Fast Refresh] done in 6ms @ http://localhost:3000/_next/static/chunks/node_modules_next_dist_1e8vcs8._.js:776
[  382709ms] [LOG] [Fast Refresh] done in 6ms @ http://localhost:3000/_next/static/chunks/node_modules_next_dist_1e8vcs8._.js:776
[  382749ms] [LOG] [Fast Refresh] done in 6ms @ http://localhost:3000/_next/static/chunks/node_modules_next_dist_1e8vcs8._.js:776
[  382804ms] [LOG] [Fast Refresh] done in 6ms @ http://localhost:3000/_next/static/chunks/node_modules_next_dist_1e8vcs8._.js:776
[  382855ms] [LOG] [Fast Refresh] done in 6ms @ http://localhost:3000/_next/static/chunks/node_modules_next_dist_1e8vcs8._.js:776
[  382920ms] [LOG] [Fast Refresh] done in 6ms @ http://localhost:3000/_next/static/chunks/node_modules_next_dist_1e8vcs8._.js:776
[  382970ms] [LOG] [Fast Refresh] done in 6ms @ http://localhost:3000/_next/static/chunks/node_modules_next_dist_1e8vcs8._.js:776
[  383045ms] [LOG] [Fast Refresh] done in 6ms @ http://localhost:3000/_next/static/chunks/node_modules_next_dist_1e8vcs8._.js:776
[  383088ms] [LOG] [Fast Refresh] done in 6ms @ http://localhost:3000/_next/static/chunks/node_modules_next_dist_1e8vcs8._.js:776
[  383138ms] [LOG] [Fast Refresh] done in 6ms @ http://localhost:3000/_next/static/chunks/node_modules_next_dist_1e8vcs8._.js:776
[  383199ms] [LOG] [Fast Refresh] done in 6ms @ http://localhost:3000/_next/static/chunks/node_modules_next_dist_1e8vcs8._.js:776
[  383266ms] [LOG] [Fast Refresh] done in 6ms @ http://localhost:3000/_next/static/chunks/node_modules_next_dist_1e8vcs8._.js:776
[  383327ms] [LOG] [Fast Refresh] done in 6ms @ http://localhost:3000/_next/static/chunks/node_modules_next_dist_1e8vcs8._.js:776
[  383392ms] [LOG] [Fast Refresh] done in 6ms @ http://localhost:3000/_next/static/chunks/node_modules_next_dist_1e8vcs8._.js:776
[  383441ms] [LOG] [Fast Refresh] done in 6ms @ http://localhost:3000/_next/static/chunks/node_modules_next_dist_1e8vcs8._.js:776
[  383494ms] [LOG] [Fast Refresh] done in 6ms @ http://localhost:3000/_next/static/chunks/node_modules_next_dist_1e8vcs8._.js:776
[  383535ms] [LOG] [Fast Refresh] done in 6ms @ http://localhost:3000/_next/static/chunks/node_modules_next_dist_1e8vcs8._.js:776
[  383596ms] [LOG] [Fast Refresh] done in 6ms @ http://localhost:3000/_next/static/chunks/node_modules_next_dist_1e8vcs8._.js:776
[  383646ms] [LOG] [Fast Refresh] done in 6ms @ http://localhost:3000/_next/static/chunks/node_modules_next_dist_1e8vcs8._.js:776
[  383688ms] [LOG] [Fast Refresh] done in 6ms @ http://localhost:3000/_next/static/chunks/node_modules_next_dist_1e8vcs8._.js:776
[  383738ms] [LOG] [Fast Refresh] done in 6ms @ http://localhost:3000/_next/static/chunks/node_modules_next_dist_1e8vcs8._.js:776
[  383793ms] [LOG] [Fast Refresh] done in 6ms @ http://localhost:3000/_next/static/chunks/node_modules_next_dist_1e8vcs8._.js:776
[  383834ms] [LOG] [Fast Refresh] done in 6ms @ http://localhost:3000/_next/static/chunks/node_modules_next_dist_1e8vcs8._.js:776
[  383879ms] [LOG] [Fast Refresh] done in 6ms @ http://localhost:3000/_next/static/chunks/node_modules_next_dist_1e8vcs8._.js:776
[  383931ms] [LOG] [Fast Refresh] done in 6ms @ http://localhost:3000/_next/static/chunks/node_modules_next_dist_1e8vcs8._.js:776
[  383995ms] [LOG] [Fast Refresh] done in 6ms @ http://localhost:3000/_next/static/chunks/node_modules_next_dist_1e8vcs8._.js:776
[  384033ms] [LOG] [Fast Refresh] done in 6ms @ http://localhost:3000/_next/static/chunks/node_modules_next_dist_1e8vcs8._.js:776
[  384091ms] [LOG] [Fast Refresh] done in 6ms @ http://localhost:3000/_next/static/chunks/node_modules_next_dist_1e8vcs8._.js:776
[  384151ms] [LOG] [Fast Refresh] done in 6ms @ http://localhost:3000/_next/static/chunks/node_modules_next_dist_1e8vcs8._.js:776
[  384210ms] [LOG] [Fast Refresh] done in 6ms @ http://localhost:3000/_next/static/chunks/node_modules_next_dist_1e8vcs8._.js:776
[  384260ms] [LOG] [Fast Refresh] done in 6ms @ http://localhost:3000/_next/static/chunks/node_modules_next_dist_1e8vcs8._.js:776
[  384321ms] [LOG] [Fast Refresh] done in 6ms @ http://localhost:3000/_next/static/chunks/node_modules_next_dist_1e8vcs8._.js:776
[  384375ms] [LOG] [Fast Refresh] done in 6ms @ http://localhost:3000/_next/static/chunks/node_modules_next_dist_1e8vcs8._.js:776
[  384419ms] [LOG] [Fast Refresh] done in 6ms @ http://localhost:3000/_next/static/chunks/node_modules_next_dist_1e8vcs8._.js:776
[  384477ms] [LOG] [Fast Refresh] done in 6ms @ http://localhost:3000/_next/static/chunks/node_modules_next_dist_1e8vcs8._.js:776
[  384525ms] [LOG] [Fast Refresh] done in 6ms @ http://localhost:3000/_next/static/chunks/node_modules_next_dist_1e8vcs8._.js:776
[  384564ms] [LOG] [Fast Refresh] done in 6ms @ http://localhost:3000/_next/static/chunks/node_modules_next_dist_1e8vcs8._.js:776
[  384606ms] [LOG] [Fast Refresh] done in 6ms @ http://localhost:3000/_next/static/chunks/node_modules_next_dist_1e8vcs8._.js:776
[  384647ms] [LOG] [Fast Refresh] done in 6ms @ http://localhost:3000/_next/static/chunks/node_modules_next_dist_1e8vcs8._.js:776
[  384703ms] [LOG] [Fast Refresh] done in 6ms @ http://localhost:3000/_next/static/chunks/node_modules_next_dist_1e8vcs8._.js:776
[  384757ms] [LOG] [Fast Refresh] done in 6ms @ http://localhost:3000/_next/static/chunks/node_modules_next_dist_1e8vcs8._.js:776
[  384807ms] [LOG] [Fast Refresh] done in 6ms @ http://localhost:3000/_next/static/chunks/node_modules_next_dist_1e8vcs8._.js:776
[  384863ms] [LOG] [Fast Refresh] done in 6ms @ http://localhost:3000/_next/static/chunks/node_modules_next_dist_1e8vcs8._.js:776
[  384913ms] [LOG] [Fast Refresh] done in 6ms @ http://localhost:3000/_next/static/chunks/node_modules_next_dist_1e8vcs8._.js:776
[  384978ms] [LOG] [Fast Refresh] done in 6ms @ http://localhost:3000/_next/static/chunks/node_modules_next_dist_1e8vcs8._.js:776
[  385022ms] [LOG] [Fast Refresh] done in 6ms @ http://localhost:3000/_next/static/chunks/node_modules_next_dist_1e8vcs8._.js:776
[  385073ms] [LOG] [Fast Refresh] done in 6ms @ http://localhost:3000/_next/static/chunks/node_modules_next_dist_1e8vcs8._.js:776
[  385112ms] [LOG] [Fast Refresh] done in 6ms @ http://localhost:3000/_next/static/chunks/node_modules_next_dist_1e8vcs8._.js:776
[  385163ms] [LOG] [Fast Refresh] done in 6ms @ http://localhost:3000/_next/static/chunks/node_modules_next_dist_1e8vcs8._.js:776
[  385227ms] [LOG] [Fast Refresh] done in 6ms @ http://localhost:3000/_next/static/chunks/node_modules_next_dist_1e8vcs8._.js:776
[  385263ms] [LOG] [Fast Refresh] done in 6ms @ http://localhost:3000/_next/static/chunks/node_modules_next_dist_1e8vcs8._.js:776
[  385314ms] [LOG] [Fast Refresh] done in 6ms @ http://localhost:3000/_next/static/chunks/node_modules_next_dist_1e8vcs8._.js:776
[  385362ms] [LOG] [Fast Refresh] done in 6ms @ http://localhost:3000/_next/static/chunks/node_modules_next_dist_1e8vcs8._.js:776
[  385411ms] [LOG] [Fast Refresh] done in 6ms @ http://localhost:3000/_next/static/chunks/node_modules_next_dist_1e8vcs8._.js:776
[  385465ms] [LOG] [Fast Refresh] done in 6ms @ http://localhost:3000/_next/static/chunks/node_modules_next_dist_1e8vcs8._.js:776
[  385514ms] [LOG] [Fast Refresh] done in 6ms @ http://localhost:3000/_next/static/chunks/node_modules_next_dist_1e8vcs8._.js:776
[  385560ms] [LOG] [Fast Refresh] done in 6ms @ http://localhost:3000/_next/static/chunks/node_modules_next_dist_1e8vcs8._.js:776
[  385614ms] [LOG] [Fast Refresh] done in 6ms @ http://localhost:3000/_next/static/chunks/node_modules_next_dist_1e8vcs8._.js:776
[  385654ms] [LOG] [Fast Refresh] done in 6ms @ http://localhost:3000/_next/static/chunks/node_modules_next_dist_1e8vcs8._.js:776
[  385695ms] [LOG] [Fast Refresh] done in 6ms @ http://localhost:3000/_next/static/chunks/node_modules_next_dist_1e8vcs8._.js:776
[  385737ms] [LOG] [Fast Refresh] done in 6ms @ http://localhost:3000/_next/static/chunks/node_modules_next_dist_1e8vcs8._.js:776
[  385781ms] [LOG] [Fast Refresh] done in 6ms @ http://localhost:3000/_next/static/chunks/node_modules_next_dist_1e8vcs8._.js:776
[  385831ms] [LOG] [Fast Refresh] done in 6ms @ http://localhost:3000/_next/static/chunks/node_modules_next_dist_1e8vcs8._.js:776
[  385876ms] [LOG] [Fast Refresh] done in 6ms @ http://localhost:3000/_next/static/chunks/node_modules_next_dist_1e8vcs8._.js:776
[  385926ms] [LOG] [Fast Refresh] done in 6ms @ http://localhost:3000/_next/static/chunks/node_modules_next_dist_1e8vcs8._.js:776
[  385976ms] [LOG] [Fast Refresh] done in 6ms @ http://localhost:3000/_next/static/chunks/node_modules_next_dist_1e8vcs8._.js:776
[  386037ms] [LOG] [Fast Refresh] done in 6ms @ http://localhost:3000/_next/static/chunks/node_modules_next_dist_1e8vcs8._.js:776
[  386101ms] [LOG] [Fast Refresh] done in 6ms @ http://localhost:3000/_next/static/chunks/node_modules_next_dist_1e8vcs8._.js:776
[  386147ms] [LOG] [Fast Refresh] done in 6ms @ http://localhost:3000/_next/static/chunks/node_modules_next_dist_1e8vcs8._.js:776
[  386199ms] [LOG] [Fast Refresh] done in 6ms @ http://localhost:3000/_next/static/chunks/node_modules_next_dist_1e8vcs8._.js:776
[  386251ms] [LOG] [Fast Refresh] done in 6ms @ http://localhost:3000/_next/static/chunks/node_modules_next_dist_1e8vcs8._.js:776
[  386293ms] [LOG] [Fast Refresh] done in 6ms @ http://localhost:3000/_next/static/chunks/node_modules_next_dist_1e8vcs8._.js:776
[  386343ms] [LOG] [Fast Refresh] done in 6ms @ http://localhost:3000/_next/static/chunks/node_modules_next_dist_1e8vcs8._.js:776
[  386394ms] [LOG] [Fast Refresh] done in 6ms @ http://localhost:3000/_next/static/chunks/node_modules_next_dist_1e8vcs8._.js:776
[  386433ms] [LOG] [Fast Refresh] done in 6ms @ http://localhost:3000/_next/static/chunks/node_modules_next_dist_1e8vcs8._.js:776
[  386489ms] [LOG] [Fast Refresh] done in 6ms @ http://localhost:3000/_next/static/chunks/node_modules_next_dist_1e8vcs8._.js:776
[  386529ms] [LOG] [Fast Refresh] done in 6ms @ http://localhost:3000/_next/static/chunks/node_modules_next_dist_1e8vcs8._.js:776
[  386577ms] [LOG] [Fast Refresh] done in 6ms @ http://localhost:3000/_next/static/chunks/node_modules_next_dist_1e8vcs8._.js:776
[  386626ms] [LOG] [Fast Refresh] done in 6ms @ http://localhost:3000/_next/static/chunks/node_modules_next_dist_1e8vcs8._.js:776
[  386690ms] [LOG] [Fast Refresh] done in 6ms @ http://localhost:3000/_next/static/chunks/node_modules_next_dist_1e8vcs8._.js:776
[  386744ms] [LOG] [Fast Refresh] done in 6ms @ http://localhost:3000/_next/static/chunks/node_modules_next_dist_1e8vcs8._.js:776
[  386797ms] [LOG] [Fast Refresh] done in 6ms @ http://localhost:3000/_next/static/chunks/node_modules_next_dist_1e8vcs8._.js:776
[  386852ms] [LOG] [Fast Refresh] done in 6ms @ http://localhost:3000/_next/static/chunks/node_modules_next_dist_1e8vcs8._.js:776
[  386902ms] [LOG] [Fast Refresh] done in 6ms @ http://localhost:3000/_next/static/chunks/node_modules_next_dist_1e8vcs8._.js:776
[  386957ms] [LOG] [Fast Refresh] done in 6ms @ http://localhost:3000/_next/static/chunks/node_modules_next_dist_1e8vcs8._.js:776
[  387001ms] [LOG] [Fast Refresh] done in 6ms @ http://localhost:3000/_next/static/chunks/node_modules_next_dist_1e8vcs8._.js:776
[  387051ms] [LOG] [Fast Refresh] done in 6ms @ http://localhost:3000/_next/static/chunks/node_modules_next_dist_1e8vcs8._.js:776
[  387091ms] [LOG] [Fast Refresh] done in 6ms @ http://localhost:3000/_next/static/chunks/node_modules_next_dist_1e8vcs8._.js:776
[  387145ms] [LOG] [Fast Refresh] done in 6ms @ http://localhost:3000/_next/static/chunks/node_modules_next_dist_1e8vcs8._.js:776
[  387196ms] [LOG] [Fast Refresh] done in 6ms @ http://localhost:3000/_next/static/chunks/node_modules_next_dist_1e8vcs8._.js:776
[  387244ms] [LOG] [Fast Refresh] done in 6ms @ http://localhost:3000/_next/static/chunks/node_modules_next_dist_1e8vcs8._.js:776
[  387295ms] [LOG] [Fast Refresh] done in 6ms @ http://localhost:3000/_next/static/chunks/node_modules_next_dist_1e8vcs8._.js:776
[  387351ms] [LOG] [Fast Refresh] done in 6ms @ http://localhost:3000/_next/static/chunks/node_modules_next_dist_1e8vcs8._.js:776
[  387395ms] [LOG] [Fast Refresh] done in 6ms @ http://localhost:3000/_next/static/chunks/node_modules_next_dist_1e8vcs8._.js:776
[  387439ms] [LOG] [Fast Refresh] done in 6ms @ http://localhost:3000/_next/static/chunks/node_modules_next_dist_1e8vcs8._.js:776
[  387494ms] [LOG] [Fast Refresh] done in 6ms @ http://localhost:3000/_next/static/chunks/node_modules_next_dist_1e8vcs8._.js:776
[  387544ms] [LOG] [Fast Refresh] done in 6ms @ http://localhost:3000/_next/static/chunks/node_modules_next_dist_1e8vcs8._.js:776
[  387596ms] [LOG] [Fast Refresh] done in 6ms @ http://localhost:3000/_next/static/chunks/node_modules_next_dist_1e8vcs8._.js:776
[  387642ms] [LOG] [Fast Refresh] done in 6ms @ http://localhost:3000/_next/static/chunks/node_modules_next_dist_1e8vcs8._.js:776
[  387697ms] [LOG] [Fast Refresh] done in 6ms @ http://localhost:3000/_next/static/chunks/node_modules_next_dist_1e8vcs8._.js:776
[  387738ms] [LOG] [Fast Refresh] done in 6ms @ http://localhost:3000/_next/static/chunks/node_modules_next_dist_1e8vcs8._.js:776
[  387779ms] [LOG] [Fast Refresh] done in 6ms @ http://localhost:3000/_next/static/chunks/node_modules_next_dist_1e8vcs8._.js:776
[  387828ms] [LOG] [Fast Refresh] done in 6ms @ http://localhost:3000/_next/static/chunks/node_modules_next_dist_1e8vcs8._.js:776
[  387879ms] [LOG] [Fast Refresh] done in 6ms @ http://localhost:3000/_next/static/chunks/node_modules_next_dist_1e8vcs8._.js:776
[  387944ms] [LOG] [Fast Refresh] done in 6ms @ http://localhost:3000/_next/static/chunks/node_modules_next_dist_1e8vcs8._.js:776
[  387986ms] [LOG] [Fast Refresh] done in 6ms @ http://localhost:3000/_next/static/chunks/node_modules_next_dist_1e8vcs8._.js:776
[  388037ms] [LOG] [Fast Refresh] done in 6ms @ http://localhost:3000/_next/static/chunks/node_modules_next_dist_1e8vcs8._.js:776
[  388097ms] [LOG] [Fast Refresh] done in 6ms @ http://localhost:3000/_next/static/chunks/node_modules_next_dist_1e8vcs8._.js:776
[  388140ms] [LOG] [Fast Refresh] done in 6ms @ http://localhost:3000/_next/static/chunks/node_modules_next_dist_1e8vcs8._.js:776
[  388193ms] [LOG] [Fast Refresh] done in 6ms @ http://localhost:3000/_next/static/chunks/node_modules_next_dist_1e8vcs8._.js:776
[  388242ms] [LOG] [Fast Refresh] done in 6ms @ http://localhost:3000/_next/static/chunks/node_modules_next_dist_1e8vcs8._.js:776
[  388291ms] [LOG] [Fast Refresh] done in 6ms @ http://localhost:3000/_next/static/chunks/node_modules_next_dist_1e8vcs8._.js:776
[  388347ms] [LOG] [Fast Refresh] done in 6ms @ http://localhost:3000/_next/static/chunks/node_modules_next_dist_1e8vcs8._.js:776
[  388391ms] [LOG] [Fast Refresh] done in 6ms @ http://localhost:3000/_next/static/chunks/node_modules_next_dist_1e8vcs8._.js:776
[  388443ms] [LOG] [Fast Refresh] done in 6ms @ http://localhost:3000/_next/static/chunks/node_modules_next_dist_1e8vcs8._.js:776
[  388495ms] [LOG] [Fast Refresh] done in 6ms @ http://localhost:3000/_next/static/chunks/node_modules_next_dist_1e8vcs8._.js:776
[  388536ms] [LOG] [Fast Refresh] done in 6ms @ http://localhost:3000/_next/static/chunks/node_modules_next_dist_1e8vcs8._.js:776
[  388586ms] [LOG] [Fast Refresh] done in 6ms @ http://localhost:3000/_next/static/chunks/node_modules_next_dist_1e8vcs8._.js:776
[  388641ms] [LOG] [Fast Refresh] done in 6ms @ http://localhost:3000/_next/static/chunks/node_modules_next_dist_1e8vcs8._.js:776
[  388690ms] [LOG] [Fast Refresh] done in 6ms @ http://localhost:3000/_next/static/chunks/node_modules_next_dist_1e8vcs8._.js:776
[  388737ms] [LOG] [Fast Refresh] done in 6ms @ http://localhost:3000/_next/static/chunks/node_modules_next_dist_1e8vcs8._.js:776
[  388786ms] [LOG] [Fast Refresh] done in 6ms @ http://localhost:3000/_next/static/chunks/node_modules_next_dist_1e8vcs8._.js:776
[  388834ms] [LOG] [Fast Refresh] done in 6ms @ http://localhost:3000/_next/static/chunks/node_modules_next_dist_1e8vcs8._.js:776
[  388886ms] [LOG] [Fast Refresh] done in 6ms @ http://localhost:3000/_next/static/chunks/node_modules_next_dist_1e8vcs8._.js:776
[  388932ms] [LOG] [Fast Refresh] done in 6ms @ http://localhost:3000/_next/static/chunks/node_modules_next_dist_1e8vcs8._.js:776
[  388971ms] [LOG] [Fast Refresh] done in 6ms @ http://localhost:3000/_next/static/chunks/node_modules_next_dist_1e8vcs8._.js:776
[  389012ms] [LOG] [Fast Refresh] done in 6ms @ http://localhost:3000/_next/static/chunks/node_modules_next_dist_1e8vcs8._.js:776
[  389050ms] [LOG] [Fast Refresh] done in 6ms @ http://localhost:3000/_next/static/chunks/node_modules_next_dist_1e8vcs8._.js:776
[  389092ms] [LOG] [Fast Refresh] done in 6ms @ http://localhost:3000/_next/static/chunks/node_modules_next_dist_1e8vcs8._.js:776
[  389133ms] [LOG] [Fast Refresh] done in 6ms @ http://localhost:3000/_next/static/chunks/node_modules_next_dist_1e8vcs8._.js:776
[  389195ms] [LOG] [Fast Refresh] done in 6ms @ http://localhost:3000/_next/static/chunks/node_modules_next_dist_1e8vcs8._.js:776
[  389239ms] [LOG] [Fast Refresh] done in 6ms @ http://localhost:3000/_next/static/chunks/node_modules_next_dist_1e8vcs8._.js:776
[  389279ms] [LOG] [Fast Refresh] done in 6ms @ http://localhost:3000/_next/static/chunks/node_modules_next_dist_1e8vcs8._.js:776
[  389335ms] [LOG] [Fast Refresh] done in 6ms @ http://localhost:3000/_next/static/chunks/node_modules_next_dist_1e8vcs8._.js:776
[  389397ms] [LOG] [Fast Refresh] done in 6ms @ http://localhost:3000/_next/static/chunks/node_modules_next_dist_1e8vcs8._.js:776
[  389450ms] [LOG] [Fast Refresh] done in 6ms @ http://localhost:3000/_next/static/chunks/node_modules_next_dist_1e8vcs8._.js:776
[  389495ms] [LOG] [Fast Refresh] done in 6ms @ http://localhost:3000/_next/static/chunks/node_modules_next_dist_1e8vcs8._.js:776
[  389566ms] [LOG] [Fast Refresh] done in 6ms @ http://localhost:3000/_next/static/chunks/node_modules_next_dist_1e8vcs8._.js:776
[  389613ms] [LOG] [Fast Refresh] done in 6ms @ http://localhost:3000/_next/static/chunks/node_modules_next_dist_1e8vcs8._.js:776
[  389657ms] [LOG] [Fast Refresh] done in 6ms @ http://localhost:3000/_next/static/chunks/node_modules_next_dist_1e8vcs8._.js:776
[  389703ms] [LOG] [Fast Refresh] done in 6ms @ http://localhost:3000/_next/static/chunks/node_modules_next_dist_1e8vcs8._.js:776
[  389745ms] [LOG] [Fast Refresh] done in 6ms @ http://localhost:3000/_next/static/chunks/node_modules_next_dist_1e8vcs8._.js:776
[  389793ms] [LOG] [Fast Refresh] done in 6ms @ http://localhost:3000/_next/static/chunks/node_modules_next_dist_1e8vcs8._.js:776
[  389836ms] [LOG] [Fast Refresh] done in 6ms @ http://localhost:3000/_next/static/chunks/node_modules_next_dist_1e8vcs8._.js:776
[  389883ms] [LOG] [Fast Refresh] done in 6ms @ http://localhost:3000/_next/static/chunks/node_modules_next_dist_1e8vcs8._.js:776
[  389928ms] [LOG] [Fast Refresh] done in 6ms @ http://localhost:3000/_next/static/chunks/node_modules_next_dist_1e8vcs8._.js:776
[  389975ms] [LOG] [Fast Refresh] done in 6ms @ http://localhost:3000/_next/static/chunks/node_modules_next_dist_1e8vcs8._.js:776
[  390025ms] [LOG] [Fast Refresh] done in 6ms @ http://localhost:3000/_next/static/chunks/node_modules_next_dist_1e8vcs8._.js:776
[  390071ms] [LOG] [Fast Refresh] done in 6ms @ http://localhost:3000/_next/static/chunks/node_modules_next_dist_1e8vcs8._.js:776
[  390119ms] [LOG] [Fast Refresh] done in 6ms @ http://localhost:3000/_next/static/chunks/node_modules_next_dist_1e8vcs8._.js:776
[  390163ms] [LOG] [Fast Refresh] done in 6ms @ http://localhost:3000/_next/static/chunks/node_modules_next_dist_1e8vcs8._.js:776
[  390216ms] [LOG] [Fast Refresh] done in 6ms @ http://localhost:3000/_next/static/chunks/node_modules_next_dist_1e8vcs8._.js:776
[  390264ms] [LOG] [Fast Refresh] done in 6ms @ http://localhost:3000/_next/static/chunks/node_modules_next_dist_1e8vcs8._.js:776
[  390313ms] [LOG] [Fast Refresh] done in 6ms @ http://localhost:3000/_next/static/chunks/node_modules_next_dist_1e8vcs8._.js:776
[  390359ms] [LOG] [Fast Refresh] done in 6ms @ http://localhost:3000/_next/static/chunks/node_modules_next_dist_1e8vcs8._.js:776
[  390397ms] [LOG] [Fast Refresh] done in 6ms @ http://localhost:3000/_next/static/chunks/node_modules_next_dist_1e8vcs8._.js:776
[  390438ms] [LOG] [Fast Refresh] done in 6ms @ http://localhost:3000/_next/static/chunks/node_modules_next_dist_1e8vcs8._.js:776
[  390493ms] [LOG] [Fast Refresh] done in 6ms @ http://localhost:3000/_next/static/chunks/node_modules_next_dist_1e8vcs8._.js:776
[  390543ms] [LOG] [Fast Refresh] done in 6ms @ http://localhost:3000/_next/static/chunks/node_modules_next_dist_1e8vcs8._.js:776
[  390591ms] [LOG] [Fast Refresh] done in 6ms @ http://localhost:3000/_next/static/chunks/node_modules_next_dist_1e8vcs8._.js:776
[  390640ms] [LOG] [Fast Refresh] done in 6ms @ http://localhost:3000/_next/static/chunks/node_modules_next_dist_1e8vcs8._.js:776
[  390688ms] [LOG] [Fast Refresh] done in 6ms @ http://localhost:3000/_next/static/chunks/node_modules_next_dist_1e8vcs8._.js:776
[  390737ms] [LOG] [Fast Refresh] done in 6ms @ http://localhost:3000/_next/static/chunks/node_modules_next_dist_1e8vcs8._.js:776
[  390779ms] [LOG] [Fast Refresh] done in 6ms @ http://localhost:3000/_next/static/chunks/node_modules_next_dist_1e8vcs8._.js:776
[  390827ms] [LOG] [Fast Refresh] done in 6ms @ http://localhost:3000/_next/static/chunks/node_modules_next_dist_1e8vcs8._.js:776
[  390872ms] [LOG] [Fast Refresh] done in 6ms @ http://localhost:3000/_next/static/chunks/node_modules_next_dist_1e8vcs8._.js:776
[  390925ms] [LOG] [Fast Refresh] done in 6ms @ http://localhost:3000/_next/static/chunks/node_modules_next_dist_1e8vcs8._.js:776
[  390977ms] [LOG] [Fast Refresh] done in 6ms @ http://localhost:3000/_next/static/chunks/node_modules_next_dist_1e8vcs8._.js:776
[  391027ms] [LOG] [Fast Refresh] done in 6ms @ http://localhost:3000/_next/static/chunks/node_modules_next_dist_1e8vcs8._.js:776
[  391081ms] [LOG] [Fast Refresh] done in 6ms @ http://localhost:3000/_next/static/chunks/node_modules_next_dist_1e8vcs8._.js:776
[  391130ms] [LOG] [Fast Refresh] done in 6ms @ http://localhost:3000/_next/static/chunks/node_modules_next_dist_1e8vcs8._.js:776
[  391179ms] [LOG] [Fast Refresh] done in 6ms @ http://localhost:3000/_next/static/chunks/node_modules_next_dist_1e8vcs8._.js:776
[  391227ms] [LOG] [Fast Refresh] done in 6ms @ http://localhost:3000/_next/static/chunks/node_modules_next_dist_1e8vcs8._.js:776
[  391270ms] [LOG] [Fast Refresh] done in 6ms @ http://localhost:3000/_next/static/chunks/node_modules_next_dist_1e8vcs8._.js:776
[  391321ms] [LOG] [Fast Refresh] done in 6ms @ http://localhost:3000/_next/static/chunks/node_modules_next_dist_1e8vcs8._.js:776
[  391362ms] [LOG] [Fast Refresh] done in 6ms @ http://localhost:3000/_next/static/chunks/node_modules_next_dist_1e8vcs8._.js:776
[  391413ms] [LOG] [Fast Refresh] done in 6ms @ http://localhost:3000/_next/static/chunks/node_modules_next_dist_1e8vcs8._.js:776
[  391470ms] [LOG] [Fast Refresh] done in 6ms @ http://localhost:3000/_next/static/chunks/node_modules_next_dist_1e8vcs8._.js:776
[  391527ms] [LOG] [Fast Refresh] done in 6ms @ http://localhost:3000/_next/static/chunks/node_modules_next_dist_1e8vcs8._.js:776
[  391581ms] [LOG] [Fast Refresh] done in 6ms @ http://localhost:3000/_next/static/chunks/node_modules_next_dist_1e8vcs8._.js:776
[  391629ms] [LOG] [Fast Refresh] done in 6ms @ http://localhost:3000/_next/static/chunks/node_modules_next_dist_1e8vcs8._.js:776
[  391678ms] [LOG] [Fast Refresh] done in 6ms @ http://localhost:3000/_next/static/chunks/node_modules_next_dist_1e8vcs8._.js:776
[  391717ms] [LOG] [Fast Refresh] done in 6ms @ http://localhost:3000/_next/static/chunks/node_modules_next_dist_1e8vcs8._.js:776
[  391759ms] [LOG] [Fast Refresh] done in 6ms @ http://localhost:3000/_next/static/chunks/node_modules_next_dist_1e8vcs8._.js:776
[  391804ms] [LOG] [Fast Refresh] done in 6ms @ http://localhost:3000/_next/static/chunks/node_modules_next_dist_1e8vcs8._.js:776
[  391849ms] [LOG] [Fast Refresh] done in 6ms @ http://localhost:3000/_next/static/chunks/node_modules_next_dist_1e8vcs8._.js:776
[  391913ms] [LOG] [Fast Refresh] done in 6ms @ http://localhost:3000/_next/static/chunks/node_modules_next_dist_1e8vcs8._.js:776
[  391977ms] [LOG] [Fast Refresh] done in 6ms @ http://localhost:3000/_next/static/chunks/node_modules_next_dist_1e8vcs8._.js:776
[  392026ms] [LOG] [Fast Refresh] done in 6ms @ http://localhost:3000/_next/static/chunks/node_modules_next_dist_1e8vcs8._.js:776
[  392082ms] [LOG] [Fast Refresh] done in 6ms @ http://localhost:3000/_next/static/chunks/node_modules_next_dist_1e8vcs8._.js:776
[  392128ms] [LOG] [Fast Refresh] done in 6ms @ http://localhost:3000/_next/static/chunks/node_modules_next_dist_1e8vcs8._.js:776
[  392169ms] [LOG] [Fast Refresh] done in 6ms @ http://localhost:3000/_next/static/chunks/node_modules_next_dist_1e8vcs8._.js:776
[  392210ms] [LOG] [Fast Refresh] done in 6ms @ http://localhost:3000/_next/static/chunks/node_modules_next_dist_1e8vcs8._.js:776
[  392261ms] [LOG] [Fast Refresh] done in 6ms @ http://localhost:3000/_next/static/chunks/node_modules_next_dist_1e8vcs8._.js:776
[  392315ms] [LOG] [Fast Refresh] done in 6ms @ http://localhost:3000/_next/static/chunks/node_modules_next_dist_1e8vcs8._.js:776
[  392356ms] [LOG] [Fast Refresh] done in 6ms @ http://localhost:3000/_next/static/chunks/node_modules_next_dist_1e8vcs8._.js:776
[  392413ms] [LOG] [Fast Refresh] done in 6ms @ http://localhost:3000/_next/static/chunks/node_modules_next_dist_1e8vcs8._.js:776
[  392458ms] [LOG] [Fast Refresh] done in 6ms @ http://localhost:3000/_next/static/chunks/node_modules_next_dist_1e8vcs8._.js:776
[  392499ms] [LOG] [Fast Refresh] done in 6ms @ http://localhost:3000/_next/static/chunks/node_modules_next_dist_1e8vcs8._.js:776
[  392546ms] [LOG] [Fast Refresh] done in 6ms @ http://localhost:3000/_next/static/chunks/node_modules_next_dist_1e8vcs8._.js:776
[  392587ms] [LOG] [Fast Refresh] done in 6ms @ http://localhost:3000/_next/static/chunks/node_modules_next_dist_1e8vcs8._.js:776
[  392641ms] [LOG] [Fast Refresh] done in 6ms @ http://localhost:3000/_next/static/chunks/node_modules_next_dist_1e8vcs8._.js:776
[  392696ms] [LOG] [Fast Refresh] done in 6ms @ http://localhost:3000/_next/static/chunks/node_modules_next_dist_1e8vcs8._.js:776
[  392739ms] [LOG] [Fast Refresh] done in 6ms @ http://localhost:3000/_next/static/chunks/node_modules_next_dist_1e8vcs8._.js:776
[  392800ms] [LOG] [Fast Refresh] done in 6ms @ http://localhost:3000/_next/static/chunks/node_modules_next_dist_1e8vcs8._.js:776
[  392853ms] [LOG] [Fast Refresh] done in 6ms @ http://localhost:3000/_next/static/chunks/node_modules_next_dist_1e8vcs8._.js:776
[  392897ms] [LOG] [Fast Refresh] done in 6ms @ http://localhost:3000/_next/static/chunks/node_modules_next_dist_1e8vcs8._.js:776
[  392954ms] [LOG] [Fast Refresh] done in 6ms @ http://localhost:3000/_next/static/chunks/node_modules_next_dist_1e8vcs8._.js:776
[  393006ms] [LOG] [Fast Refresh] done in 6ms @ http://localhost:3000/_next/static/chunks/node_modules_next_dist_1e8vcs8._.js:776
[  393052ms] [LOG] [Fast Refresh] done in 6ms @ http://localhost:3000/_next/static/chunks/node_modules_next_dist_1e8vcs8._.js:776
[  393112ms] [LOG] [Fast Refresh] done in 6ms @ http://localhost:3000/_next/static/chunks/node_modules_next_dist_1e8vcs8._.js:776
[  393163ms] [LOG] [Fast Refresh] done in 6ms @ http://localhost:3000/_next/static/chunks/node_modules_next_dist_1e8vcs8._.js:776
[  393214ms] [LOG] [Fast Refresh] done in 6ms @ http://localhost:3000/_next/static/chunks/node_modules_next_dist_1e8vcs8._.js:776
[  393267ms] [LOG] [Fast Refresh] done in 6ms @ http://localhost:3000/_next/static/chunks/node_modules_next_dist_1e8vcs8._.js:776
[  393321ms] [LOG] [Fast Refresh] done in 6ms @ http://localhost:3000/_next/static/chunks/node_modules_next_dist_1e8vcs8._.js:776
[  393373ms] [LOG] [Fast Refresh] done in 6ms @ http://localhost:3000/_next/static/chunks/node_modules_next_dist_1e8vcs8._.js:776
[  393432ms] [LOG] [Fast Refresh] done in 6ms @ http://localhost:3000/_next/static/chunks/node_modules_next_dist_1e8vcs8._.js:776
[  393481ms] [LOG] [Fast Refresh] done in 6ms @ http://localhost:3000/_next/static/chunks/node_modules_next_dist_1e8vcs8._.js:776
[  393527ms] [LOG] [Fast Refresh] done in 6ms @ http://localhost:3000/_next/static/chunks/node_modules_next_dist_1e8vcs8._.js:776
[  393595ms] [LOG] [Fast Refresh] done in 6ms @ http://localhost:3000/_next/static/chunks/node_modules_next_dist_1e8vcs8._.js:776
[  393647ms] [LOG] [Fast Refresh] done in 6ms @ http://localhost:3000/_next/static/chunks/node_modules_next_dist_1e8vcs8._.js:776
[  393704ms] [LOG] [Fast Refresh] done in 6ms @ http://localhost:3000/_next/static/chunks/node_modules_next_dist_1e8vcs8._.js:776
[  393745ms] [LOG] [Fast Refresh] done in 6ms @ http://localhost:3000/_next/static/chunks/node_modules_next_dist_1e8vcs8._.js:776
[  393800ms] [LOG] [Fast Refresh] done in 6ms @ http://localhost:3000/_next/static/chunks/node_modules_next_dist_1e8vcs8._.js:776
[  393856ms] [LOG] [Fast Refresh] done in 6ms @ http://localhost:3000/_next/static/chunks/node_modules_next_dist_1e8vcs8._.js:776
[  393911ms] [LOG] [Fast Refresh] done in 6ms @ http://localhost:3000/_next/static/chunks/node_modules_next_dist_1e8vcs8._.js:776
[  393960ms] [LOG] [Fast Refresh] done in 6ms @ http://localhost:3000/_next/static/chunks/node_modules_next_dist_1e8vcs8._.js:776
[  394010ms] [LOG] [Fast Refresh] done in 6ms @ http://localhost:3000/_next/static/chunks/node_modules_next_dist_1e8vcs8._.js:776
[  394066ms] [LOG] [Fast Refresh] done in 6ms @ http://localhost:3000/_next/static/chunks/node_modules_next_dist_1e8vcs8._.js:776
[  394129ms] [LOG] [Fast Refresh] done in 6ms @ http://localhost:3000/_next/static/chunks/node_modules_next_dist_1e8vcs8._.js:776
[  394168ms] [LOG] [Fast Refresh] done in 6ms @ http://localhost:3000/_next/static/chunks/node_modules_next_dist_1e8vcs8._.js:776
[  394209ms] [LOG] [Fast Refresh] done in 6ms @ http://localhost:3000/_next/static/chunks/node_modules_next_dist_1e8vcs8._.js:776
[  394251ms] [LOG] [Fast Refresh] done in 6ms @ http://localhost:3000/_next/static/chunks/node_modules_next_dist_1e8vcs8._.js:776
[  394295ms] [LOG] [Fast Refresh] done in 6ms @ http://localhost:3000/_next/static/chunks/node_modules_next_dist_1e8vcs8._.js:776
[  394341ms] [LOG] [Fast Refresh] done in 6ms @ http://localhost:3000/_next/static/chunks/node_modules_next_dist_1e8vcs8._.js:776
[  394390ms] [LOG] [Fast Refresh] done in 6ms @ http://localhost:3000/_next/static/chunks/node_modules_next_dist_1e8vcs8._.js:776
[  394440ms] [LOG] [Fast Refresh] done in 6ms @ http://localhost:3000/_next/static/chunks/node_modules_next_dist_1e8vcs8._.js:776
[  394483ms] [LOG] [Fast Refresh] done in 6ms @ http://localhost:3000/_next/static/chunks/node_modules_next_dist_1e8vcs8._.js:776
[  394530ms] [LOG] [Fast Refresh] done in 6ms @ http://localhost:3000/_next/static/chunks/node_modules_next_dist_1e8vcs8._.js:776
[  394577ms] [LOG] [Fast Refresh] done in 6ms @ http://localhost:3000/_next/static/chunks/node_modules_next_dist_1e8vcs8._.js:776
[  394627ms] [LOG] [Fast Refresh] done in 6ms @ http://localhost:3000/_next/static/chunks/node_modules_next_dist_1e8vcs8._.js:776
[  394670ms] [LOG] [Fast Refresh] done in 6ms @ http://localhost:3000/_next/static/chunks/node_modules_next_dist_1e8vcs8._.js:776
[  394721ms] [LOG] [Fast Refresh] done in 6ms @ http://localhost:3000/_next/static/chunks/node_modules_next_dist_1e8vcs8._.js:776
[  394762ms] [LOG] [Fast Refresh] done in 6ms @ http://localhost:3000/_next/static/chunks/node_modules_next_dist_1e8vcs8._.js:776
[  394809ms] [LOG] [Fast Refresh] done in 6ms @ http://localhost:3000/_next/static/chunks/node_modules_next_dist_1e8vcs8._.js:776
[  394865ms] [LOG] [Fast Refresh] done in 6ms @ http://localhost:3000/_next/static/chunks/node_modules_next_dist_1e8vcs8._.js:776
[  394913ms] [LOG] [Fast Refresh] done in 6ms @ http://localhost:3000/_next/static/chunks/node_modules_next_dist_1e8vcs8._.js:776
[  394953ms] [LOG] [Fast Refresh] done in 6ms @ http://localhost:3000/_next/static/chunks/node_modules_next_dist_1e8vcs8._.js:776
[  395001ms] [LOG] [Fast Refresh] done in 6ms @ http://localhost:3000/_next/static/chunks/node_modules_next_dist_1e8vcs8._.js:776
[  395059ms] [LOG] [Fast Refresh] done in 6ms @ http://localhost:3000/_next/static/chunks/node_modules_next_dist_1e8vcs8._.js:776
[  395112ms] [LOG] [Fast Refresh] done in 6ms @ http://localhost:3000/_next/static/chunks/node_modules_next_dist_1e8vcs8._.js:776
[  395159ms] [LOG] [Fast Refresh] done in 6ms @ http://localhost:3000/_next/static/chunks/node_modules_next_dist_1e8vcs8._.js:776
[  395214ms] [LOG] [Fast Refresh] done in 6ms @ http://localhost:3000/_next/static/chunks/node_modules_next_dist_1e8vcs8._.js:776
[  395267ms] [LOG] [Fast Refresh] done in 6ms @ http://localhost:3000/_next/static/chunks/node_modules_next_dist_1e8vcs8._.js:776
[  395307ms] [LOG] [Fast Refresh] done in 6ms @ http://localhost:3000/_next/static/chunks/node_modules_next_dist_1e8vcs8._.js:776
[  395355ms] [LOG] [Fast Refresh] done in 6ms @ http://localhost:3000/_next/static/chunks/node_modules_next_dist_1e8vcs8._.js:776
[  395397ms] [LOG] [Fast Refresh] done in 6ms @ http://localhost:3000/_next/static/chunks/node_modules_next_dist_1e8vcs8._.js:776
[  395440ms] [LOG] [Fast Refresh] done in 6ms @ http://localhost:3000/_next/static/chunks/node_modules_next_dist_1e8vcs8._.js:776
[  395489ms] [LOG] [Fast Refresh] done in 6ms @ http://localhost:3000/_next/static/chunks/node_modules_next_dist_1e8vcs8._.js:776
[  395529ms] [LOG] [Fast Refresh] done in 6ms @ http://localhost:3000/_next/static/chunks/node_modules_next_dist_1e8vcs8._.js:776
[  395578ms] [LOG] [Fast Refresh] done in 6ms @ http://localhost:3000/_next/static/chunks/node_modules_next_dist_1e8vcs8._.js:776
[  395633ms] [LOG] [Fast Refresh] done in 6ms @ http://localhost:3000/_next/static/chunks/node_modules_next_dist_1e8vcs8._.js:776
[  395693ms] [LOG] [Fast Refresh] done in 6ms @ http://localhost:3000/_next/static/chunks/node_modules_next_dist_1e8vcs8._.js:776
[  395740ms] [LOG] [Fast Refresh] done in 6ms @ http://localhost:3000/_next/static/chunks/node_modules_next_dist_1e8vcs8._.js:776
[  395795ms] [LOG] [Fast Refresh] done in 6ms @ http://localhost:3000/_next/static/chunks/node_modules_next_dist_1e8vcs8._.js:776
[  395854ms] [LOG] [Fast Refresh] done in 6ms @ http://localhost:3000/_next/static/chunks/node_modules_next_dist_1e8vcs8._.js:776
[  395908ms] [LOG] [Fast Refresh] done in 6ms @ http://localhost:3000/_next/static/chunks/node_modules_next_dist_1e8vcs8._.js:776
[  395956ms] [LOG] [Fast Refresh] done in 6ms @ http://localhost:3000/_next/static/chunks/node_modules_next_dist_1e8vcs8._.js:776
[  396010ms] [LOG] [Fast Refresh] done in 6ms @ http://localhost:3000/_next/static/chunks/node_modules_next_dist_1e8vcs8._.js:776
[  396051ms] [LOG] [Fast Refresh] done in 6ms @ http://localhost:3000/_next/static/chunks/node_modules_next_dist_1e8vcs8._.js:776
[  396099ms] [LOG] [Fast Refresh] done in 6ms @ http://localhost:3000/_next/static/chunks/node_modules_next_dist_1e8vcs8._.js:776
[  396147ms] [LOG] [Fast Refresh] done in 6ms @ http://localhost:3000/_next/static/chunks/node_modules_next_dist_1e8vcs8._.js:776
[  396195ms] [LOG] [Fast Refresh] done in 6ms @ http://localhost:3000/_next/static/chunks/node_modules_next_dist_1e8vcs8._.js:776
[  396244ms] [LOG] [Fast Refresh] done in 6ms @ http://localhost:3000/_next/static/chunks/node_modules_next_dist_1e8vcs8._.js:776
[  396297ms] [LOG] [Fast Refresh] done in 6ms @ http://localhost:3000/_next/static/chunks/node_modules_next_dist_1e8vcs8._.js:776
[  396348ms] [LOG] [Fast Refresh] done in 6ms @ http://localhost:3000/_next/static/chunks/node_modules_next_dist_1e8vcs8._.js:776
[  396397ms] [LOG] [Fast Refresh] done in 6ms @ http://localhost:3000/_next/static/chunks/node_modules_next_dist_1e8vcs8._.js:776
[  396445ms] [LOG] [Fast Refresh] done in 6ms @ http://localhost:3000/_next/static/chunks/node_modules_next_dist_1e8vcs8._.js:776
[  396493ms] [LOG] [Fast Refresh] done in 6ms @ http://localhost:3000/_next/static/chunks/node_modules_next_dist_1e8vcs8._.js:776
[  396544ms] [LOG] [Fast Refresh] done in 6ms @ http://localhost:3000/_next/static/chunks/node_modules_next_dist_1e8vcs8._.js:776
[  396593ms] [LOG] [Fast Refresh] done in 6ms @ http://localhost:3000/_next/static/chunks/node_modules_next_dist_1e8vcs8._.js:776
[  396648ms] [LOG] [Fast Refresh] done in 6ms @ http://localhost:3000/_next/static/chunks/node_modules_next_dist_1e8vcs8._.js:776
[  396693ms] [LOG] [Fast Refresh] done in 6ms @ http://localhost:3000/_next/static/chunks/node_modules_next_dist_1e8vcs8._.js:776
[  396745ms] [LOG] [Fast Refresh] done in 6ms @ http://localhost:3000/_next/static/chunks/node_modules_next_dist_1e8vcs8._.js:776
[  396790ms] [LOG] [Fast Refresh] done in 6ms @ http://localhost:3000/_next/static/chunks/node_modules_next_dist_1e8vcs8._.js:776
[  396848ms] [LOG] [Fast Refresh] done in 6ms @ http://localhost:3000/_next/static/chunks/node_modules_next_dist_1e8vcs8._.js:776
[  396892ms] [LOG] [Fast Refresh] done in 6ms @ http://localhost:3000/_next/static/chunks/node_modules_next_dist_1e8vcs8._.js:776
[  396940ms] [LOG] [Fast Refresh] done in 6ms @ http://localhost:3000/_next/static/chunks/node_modules_next_dist_1e8vcs8._.js:776
[  396987ms] [LOG] [Fast Refresh] done in 6ms @ http://localhost:3000/_next/static/chunks/node_modules_next_dist_1e8vcs8._.js:776
[  397044ms] [LOG] [Fast Refresh] done in 6ms @ http://localhost:3000/_next/static/chunks/node_modules_next_dist_1e8vcs8._.js:776
[  397114ms] [LOG] [Fast Refresh] done in 6ms @ http://localhost:3000/_next/static/chunks/node_modules_next_dist_1e8vcs8._.js:776
[  397163ms] [LOG] [Fast Refresh] done in 6ms @ http://localhost:3000/_next/static/chunks/node_modules_next_dist_1e8vcs8._.js:776
[  397227ms] [LOG] [Fast Refresh] done in 6ms @ http://localhost:3000/_next/static/chunks/node_modules_next_dist_1e8vcs8._.js:776
[  397276ms] [LOG] [Fast Refresh] done in 6ms @ http://localhost:3000/_next/static/chunks/node_modules_next_dist_1e8vcs8._.js:776
[  397321ms] [LOG] [Fast Refresh] done in 6ms @ http://localhost:3000/_next/static/chunks/node_modules_next_dist_1e8vcs8._.js:776
[  397380ms] [LOG] [Fast Refresh] done in 6ms @ http://localhost:3000/_next/static/chunks/node_modules_next_dist_1e8vcs8._.js:776
[  397432ms] [LOG] [Fast Refresh] done in 6ms @ http://localhost:3000/_next/static/chunks/node_modules_next_dist_1e8vcs8._.js:776
[  397481ms] [LOG] [Fast Refresh] done in 6ms @ http://localhost:3000/_next/static/chunks/node_modules_next_dist_1e8vcs8._.js:776
[  397528ms] [LOG] [Fast Refresh] done in 6ms @ http://localhost:3000/_next/static/chunks/node_modules_next_dist_1e8vcs8._.js:776
[  397573ms] [LOG] [Fast Refresh] done in 6ms @ http://localhost:3000/_next/static/chunks/node_modules_next_dist_1e8vcs8._.js:776
[  397618ms] [LOG] [Fast Refresh] done in 6ms @ http://localhost:3000/_next/static/chunks/node_modules_next_dist_1e8vcs8._.js:776
[  397668ms] [LOG] [Fast Refresh] done in 6ms @ http://localhost:3000/_next/static/chunks/node_modules_next_dist_1e8vcs8._.js:776
[  397710ms] [LOG] [Fast Refresh] done in 6ms @ http://localhost:3000/_next/static/chunks/node_modules_next_dist_1e8vcs8._.js:776
[  397753ms] [LOG] [Fast Refresh] done in 6ms @ http://localhost:3000/_next/static/chunks/node_modules_next_dist_1e8vcs8._.js:776
[  397794ms] [LOG] [Fast Refresh] done in 6ms @ http://localhost:3000/_next/static/chunks/node_modules_next_dist_1e8vcs8._.js:776
[  397842ms] [LOG] [Fast Refresh] done in 6ms @ http://localhost:3000/_next/static/chunks/node_modules_next_dist_1e8vcs8._.js:776
[  397891ms] [LOG] [Fast Refresh] done in 6ms @ http://localhost:3000/_next/static/chunks/node_modules_next_dist_1e8vcs8._.js:776
[  397934ms] [LOG] [Fast Refresh] done in 6ms @ http://localhost:3000/_next/static/chunks/node_modules_next_dist_1e8vcs8._.js:776
[  397975ms] [LOG] [Fast Refresh] done in 6ms @ http://localhost:3000/_next/static/chunks/node_modules_next_dist_1e8vcs8._.js:776
[  398026ms] [LOG] [Fast Refresh] done in 6ms @ http://localhost:3000/_next/static/chunks/node_modules_next_dist_1e8vcs8._.js:776
[  398081ms] [LOG] [Fast Refresh] done in 6ms @ http://localhost:3000/_next/static/chunks/node_modules_next_dist_1e8vcs8._.js:776
[  398130ms] [LOG] [Fast Refresh] done in 6ms @ http://localhost:3000/_next/static/chunks/node_modules_next_dist_1e8vcs8._.js:776
[  398180ms] [LOG] [Fast Refresh] done in 6ms @ http://localhost:3000/_next/static/chunks/node_modules_next_dist_1e8vcs8._.js:776
[  398229ms] [LOG] [Fast Refresh] done in 6ms @ http://localhost:3000/_next/static/chunks/node_modules_next_dist_1e8vcs8._.js:776
[  398273ms] [LOG] [Fast Refresh] done in 6ms @ http://localhost:3000/_next/static/chunks/node_modules_next_dist_1e8vcs8._.js:776
[  398315ms] [LOG] [Fast Refresh] done in 6ms @ http://localhost:3000/_next/static/chunks/node_modules_next_dist_1e8vcs8._.js:776
[  398363ms] [LOG] [Fast Refresh] done in 6ms @ http://localhost:3000/_next/static/chunks/node_modules_next_dist_1e8vcs8._.js:776
[  398404ms] [LOG] [Fast Refresh] done in 6ms @ http://localhost:3000/_next/static/chunks/node_modules_next_dist_1e8vcs8._.js:776
[  398445ms] [LOG] [Fast Refresh] done in 6ms @ http://localhost:3000/_next/static/chunks/node_modules_next_dist_1e8vcs8._.js:776
[  398488ms] [LOG] [Fast Refresh] done in 6ms @ http://localhost:3000/_next/static/chunks/node_modules_next_dist_1e8vcs8._.js:776
[  398530ms] [LOG] [Fast Refresh] done in 6ms @ http://localhost:3000/_next/static/chunks/node_modules_next_dist_1e8vcs8._.js:776
[  398573ms] [LOG] [Fast Refresh] done in 6ms @ http://localhost:3000/_next/static/chunks/node_modules_next_dist_1e8vcs8._.js:776
[  398613ms] [LOG] [Fast Refresh] done in 6ms @ http://localhost:3000/_next/static/chunks/node_modules_next_dist_1e8vcs8._.js:776
[  398662ms] [LOG] [Fast Refresh] done in 6ms @ http://localhost:3000/_next/static/chunks/node_modules_next_dist_1e8vcs8._.js:776
[  398704ms] [LOG] [Fast Refresh] done in 6ms @ http://localhost:3000/_next/static/chunks/node_modules_next_dist_1e8vcs8._.js:776
[  398745ms] [LOG] [Fast Refresh] done in 6ms @ http://localhost:3000/_next/static/chunks/node_modules_next_dist_1e8vcs8._.js:776
[  398794ms] [LOG] [Fast Refresh] done in 6ms @ http://localhost:3000/_next/static/chunks/node_modules_next_dist_1e8vcs8._.js:776
[  398836ms] [LOG] [Fast Refresh] done in 6ms @ http://localhost:3000/_next/static/chunks/node_modules_next_dist_1e8vcs8._.js:776
[  398881ms] [LOG] [Fast Refresh] done in 6ms @ http://localhost:3000/_next/static/chunks/node_modules_next_dist_1e8vcs8._.js:776
[  398933ms] [LOG] [Fast Refresh] done in 6ms @ http://localhost:3000/_next/static/chunks/node_modules_next_dist_1e8vcs8._.js:776
[  398978ms] [LOG] [Fast Refresh] done in 6ms @ http://localhost:3000/_next/static/chunks/node_modules_next_dist_1e8vcs8._.js:776
[  399026ms] [LOG] [Fast Refresh] done in 6ms @ http://localhost:3000/_next/static/chunks/node_modules_next_dist_1e8vcs8._.js:776
[  399068ms] [LOG] [Fast Refresh] done in 6ms @ http://localhost:3000/_next/static/chunks/node_modules_next_dist_1e8vcs8._.js:776
[  399108ms] [LOG] [Fast Refresh] done in 6ms @ http://localhost:3000/_next/static/chunks/node_modules_next_dist_1e8vcs8._.js:776
[  399147ms] [LOG] [Fast Refresh] done in 6ms @ http://localhost:3000/_next/static/chunks/node_modules_next_dist_1e8vcs8._.js:776
[  399190ms] [LOG] [Fast Refresh] done in 6ms @ http://localhost:3000/_next/static/chunks/node_modules_next_dist_1e8vcs8._.js:776
[  399230ms] [LOG] [Fast Refresh] done in 6ms @ http://localhost:3000/_next/static/chunks/node_modules_next_dist_1e8vcs8._.js:776
[  399274ms] [LOG] [Fast Refresh] done in 6ms @ http://localhost:3000/_next/static/chunks/node_modules_next_dist_1e8vcs8._.js:776
[  399316ms] [LOG] [Fast Refresh] done in 6ms @ http://localhost:3000/_next/static/chunks/node_modules_next_dist_1e8vcs8._.js:776
[  399356ms] [LOG] [Fast Refresh] done in 6ms @ http://localhost:3000/_next/static/chunks/node_modules_next_dist_1e8vcs8._.js:776
[  399399ms] [LOG] [Fast Refresh] done in 6ms @ http://localhost:3000/_next/static/chunks/node_modules_next_dist_1e8vcs8._.js:776
[  399440ms] [LOG] [Fast Refresh] done in 6ms @ http://localhost:3000/_next/static/chunks/node_modules_next_dist_1e8vcs8._.js:776
[  399481ms] [LOG] [Fast Refresh] done in 6ms @ http://localhost:3000/_next/static/chunks/node_modules_next_dist_1e8vcs8._.js:776
[  399523ms] [LOG] [Fast Refresh] done in 6ms @ http://localhost:3000/_next/static/chunks/node_modules_next_dist_1e8vcs8._.js:776
[  399566ms] [LOG] [Fast Refresh] done in 6ms @ http://localhost:3000/_next/static/chunks/node_modules_next_dist_1e8vcs8._.js:776
[  399620ms] [LOG] [Fast Refresh] done in 6ms @ http://localhost:3000/_next/static/chunks/node_modules_next_dist_1e8vcs8._.js:776
[  399663ms] [LOG] [Fast Refresh] done in 6ms @ http://localhost:3000/_next/static/chunks/node_modules_next_dist_1e8vcs8._.js:776
[  399712ms] [LOG] [Fast Refresh] done in 6ms @ http://localhost:3000/_next/static/chunks/node_modules_next_dist_1e8vcs8._.js:776
[  399760ms] [LOG] [Fast Refresh] done in 6ms @ http://localhost:3000/_next/static/chunks/node_modules_next_dist_1e8vcs8._.js:776
[  399816ms] [LOG] [Fast Refresh] done in 6ms @ http://localhost:3000/_next/static/chunks/node_modules_next_dist_1e8vcs8._.js:776
[  399865ms] [LOG] [Fast Refresh] done in 6ms @ http://localhost:3000/_next/static/chunks/node_modules_next_dist_1e8vcs8._.js:776
[  399924ms] [LOG] [Fast Refresh] done in 6ms @ http://localhost:3000/_next/static/chunks/node_modules_next_dist_1e8vcs8._.js:776
[  399975ms] [LOG] [Fast Refresh] done in 6ms @ http://localhost:3000/_next/static/chunks/node_modules_next_dist_1e8vcs8._.js:776
[  400031ms] [LOG] [Fast Refresh] done in 6ms @ http://localhost:3000/_next/static/chunks/node_modules_next_dist_1e8vcs8._.js:776
[  400080ms] [LOG] [Fast Refresh] done in 6ms @ http://localhost:3000/_next/static/chunks/node_modules_next_dist_1e8vcs8._.js:776
[  400119ms] [LOG] [Fast Refresh] done in 6ms @ http://localhost:3000/_next/static/chunks/node_modules_next_dist_1e8vcs8._.js:776
[  400163ms] [LOG] [Fast Refresh] done in 6ms @ http://localhost:3000/_next/static/chunks/node_modules_next_dist_1e8vcs8._.js:776
[  400211ms] [LOG] [Fast Refresh] done in 6ms @ http://localhost:3000/_next/static/chunks/node_modules_next_dist_1e8vcs8._.js:776
[  400252ms] [LOG] [Fast Refresh] done in 6ms @ http://localhost:3000/_next/static/chunks/node_modules_next_dist_1e8vcs8._.js:776
[  400294ms] [LOG] [Fast Refresh] done in 6ms @ http://localhost:3000/_next/static/chunks/node_modules_next_dist_1e8vcs8._.js:776
[  400336ms] [LOG] [Fast Refresh] done in 6ms @ http://localhost:3000/_next/static/chunks/node_modules_next_dist_1e8vcs8._.js:776
[  400380ms] [LOG] [Fast Refresh] done in 6ms @ http://localhost:3000/_next/static/chunks/node_modules_next_dist_1e8vcs8._.js:776
[  400427ms] [LOG] [Fast Refresh] done in 6ms @ http://localhost:3000/_next/static/chunks/node_modules_next_dist_1e8vcs8._.js:776
[  400478ms] [LOG] [Fast Refresh] done in 6ms @ http://localhost:3000/_next/static/chunks/node_modules_next_dist_1e8vcs8._.js:776
[  400525ms] [LOG] [Fast Refresh] done in 6ms @ http://localhost:3000/_next/static/chunks/node_modules_next_dist_1e8vcs8._.js:776
[  400572ms] [LOG] [Fast Refresh] done in 6ms @ http://localhost:3000/_next/static/chunks/node_modules_next_dist_1e8vcs8._.js:776
[  400614ms] [LOG] [Fast Refresh] done in 6ms @ http://localhost:3000/_next/static/chunks/node_modules_next_dist_1e8vcs8._.js:776
[  400654ms] [LOG] [Fast Refresh] done in 6ms @ http://localhost:3000/_next/static/chunks/node_modules_next_dist_1e8vcs8._.js:776
[  400696ms] [LOG] [Fast Refresh] done in 6ms @ http://localhost:3000/_next/static/chunks/node_modules_next_dist_1e8vcs8._.js:776
[  400737ms] [LOG] [Fast Refresh] done in 6ms @ http://localhost:3000/_next/static/chunks/node_modules_next_dist_1e8vcs8._.js:776
[  400781ms] [LOG] [Fast Refresh] done in 6ms @ http://localhost:3000/_next/static/chunks/node_modules_next_dist_1e8vcs8._.js:776
[  400825ms] [LOG] [Fast Refresh] done in 6ms @ http://localhost:3000/_next/static/chunks/node_modules_next_dist_1e8vcs8._.js:776
[  400880ms] [LOG] [Fast Refresh] done in 6ms @ http://localhost:3000/_next/static/chunks/node_modules_next_dist_1e8vcs8._.js:776
[  400925ms] [LOG] [Fast Refresh] done in 6ms @ http://localhost:3000/_next/static/chunks/node_modules_next_dist_1e8vcs8._.js:776
[  400967ms] [LOG] [Fast Refresh] done in 6ms @ http://localhost:3000/_next/static/chunks/node_modules_next_dist_1e8vcs8._.js:776
[  401023ms] [LOG] [Fast Refresh] done in 6ms @ http://localhost:3000/_next/static/chunks/node_modules_next_dist_1e8vcs8._.js:776
[  401071ms] [LOG] [Fast Refresh] done in 6ms @ http://localhost:3000/_next/static/chunks/node_modules_next_dist_1e8vcs8._.js:776
[  401114ms] [LOG] [Fast Refresh] done in 6ms @ http://localhost:3000/_next/static/chunks/node_modules_next_dist_1e8vcs8._.js:776
[  401162ms] [LOG] [Fast Refresh] done in 6ms @ http://localhost:3000/_next/static/chunks/node_modules_next_dist_1e8vcs8._.js:776
[  401211ms] [LOG] [Fast Refresh] done in 6ms @ http://localhost:3000/_next/static/chunks/node_modules_next_dist_1e8vcs8._.js:776
[  401253ms] [LOG] [Fast Refresh] done in 6ms @ http://localhost:3000/_next/static/chunks/node_modules_next_dist_1e8vcs8._.js:776
[  401294ms] [LOG] [Fast Refresh] done in 6ms @ http://localhost:3000/_next/static/chunks/node_modules_next_dist_1e8vcs8._.js:776
[  401336ms] [LOG] [Fast Refresh] done in 6ms @ http://localhost:3000/_next/static/chunks/node_modules_next_dist_1e8vcs8._.js:776
[  401380ms] [LOG] [Fast Refresh] done in 6ms @ http://localhost:3000/_next/static/chunks/node_modules_next_dist_1e8vcs8._.js:776
[  401429ms] [LOG] [Fast Refresh] done in 6ms @ http://localhost:3000/_next/static/chunks/node_modules_next_dist_1e8vcs8._.js:776
[  401482ms] [LOG] [Fast Refresh] done in 6ms @ http://localhost:3000/_next/static/chunks/node_modules_next_dist_1e8vcs8._.js:776
[  401526ms] [LOG] [Fast Refresh] done in 6ms @ http://localhost:3000/_next/static/chunks/node_modules_next_dist_1e8vcs8._.js:776
[  401581ms] [LOG] [Fast Refresh] done in 6ms @ http://localhost:3000/_next/static/chunks/node_modules_next_dist_1e8vcs8._.js:776
[  401630ms] [LOG] [Fast Refresh] done in 6ms @ http://localhost:3000/_next/static/chunks/node_modules_next_dist_1e8vcs8._.js:776
[  401683ms] [LOG] [Fast Refresh] done in 6ms @ http://localhost:3000/_next/static/chunks/node_modules_next_dist_1e8vcs8._.js:776
[  401727ms] [LOG] [Fast Refresh] done in 6ms @ http://localhost:3000/_next/static/chunks/node_modules_next_dist_1e8vcs8._.js:776
[  401776ms] [LOG] [Fast Refresh] done in 6ms @ http://localhost:3000/_next/static/chunks/node_modules_next_dist_1e8vcs8._.js:776
[  401836ms] [LOG] [Fast Refresh] done in 6ms @ http://localhost:3000/_next/static/chunks/node_modules_next_dist_1e8vcs8._.js:776
[  401880ms] [LOG] [Fast Refresh] done in 6ms @ http://localhost:3000/_next/static/chunks/node_modules_next_dist_1e8vcs8._.js:776
[  401923ms] [LOG] [Fast Refresh] done in 6ms @ http://localhost:3000/_next/static/chunks/node_modules_next_dist_1e8vcs8._.js:776
[  401967ms] [LOG] [Fast Refresh] done in 6ms @ http://localhost:3000/_next/static/chunks/node_modules_next_dist_1e8vcs8._.js:776
[  402019ms] [LOG] [Fast Refresh] done in 6ms @ http://localhost:3000/_next/static/chunks/node_modules_next_dist_1e8vcs8._.js:776
[  402065ms] [LOG] [Fast Refresh] done in 6ms @ http://localhost:3000/_next/static/chunks/node_modules_next_dist_1e8vcs8._.js:776
[  402115ms] [LOG] [Fast Refresh] done in 6ms @ http://localhost:3000/_next/static/chunks/node_modules_next_dist_1e8vcs8._.js:776
[  402155ms] [LOG] [Fast Refresh] done in 6ms @ http://localhost:3000/_next/static/chunks/node_modules_next_dist_1e8vcs8._.js:776
[  402196ms] [LOG] [Fast Refresh] done in 6ms @ http://localhost:3000/_next/static/chunks/node_modules_next_dist_1e8vcs8._.js:776
[  402245ms] [LOG] [Fast Refresh] done in 6ms @ http://localhost:3000/_next/static/chunks/node_modules_next_dist_1e8vcs8._.js:776
[  402288ms] [LOG] [Fast Refresh] done in 6ms @ http://localhost:3000/_next/static/chunks/node_modules_next_dist_1e8vcs8._.js:776
[  402332ms] [LOG] [Fast Refresh] done in 6ms @ http://localhost:3000/_next/static/chunks/node_modules_next_dist_1e8vcs8._.js:776
[  402380ms] [LOG] [Fast Refresh] done in 6ms @ http://localhost:3000/_next/static/chunks/node_modules_next_dist_1e8vcs8._.js:776
[  402426ms] [LOG] [Fast Refresh] done in 6ms @ http://localhost:3000/_next/static/chunks/node_modules_next_dist_1e8vcs8._.js:776
[  402477ms] [LOG] [Fast Refresh] done in 6ms @ http://localhost:3000/_next/static/chunks/node_modules_next_dist_1e8vcs8._.js:776
[  402528ms] [LOG] [Fast Refresh] done in 6ms @ http://localhost:3000/_next/static/chunks/node_modules_next_dist_1e8vcs8._.js:776
[  402581ms] [LOG] [Fast Refresh] done in 6ms @ http://localhost:3000/_next/static/chunks/node_modules_next_dist_1e8vcs8._.js:776
[  402631ms] [LOG] [Fast Refresh] done in 6ms @ http://localhost:3000/_next/static/chunks/node_modules_next_dist_1e8vcs8._.js:776
[  402679ms] [LOG] [Fast Refresh] done in 6ms @ http://localhost:3000/_next/static/chunks/node_modules_next_dist_1e8vcs8._.js:776
[  402725ms] [LOG] [Fast Refresh] done in 6ms @ http://localhost:3000/_next/static/chunks/node_modules_next_dist_1e8vcs8._.js:776
[  402765ms] [LOG] [Fast Refresh] done in 6ms @ http://localhost:3000/_next/static/chunks/node_modules_next_dist_1e8vcs8._.js:776
[  402815ms] [LOG] [Fast Refresh] rebuilding @ http://localhost:3000/_next/static/chunks/node_modules_next_dist_1e8vcs8._.js:776
[  402864ms] [LOG] [Fast Refresh] done in 12ms @ http://localhost:3000/_next/static/chunks/node_modules_next_dist_1e8vcs8._.js:776
[  402919ms] [LOG] [Fast Refresh] done in 12ms @ http://localhost:3000/_next/static/chunks/node_modules_next_dist_1e8vcs8._.js:776
[  402962ms] [LOG] [Fast Refresh] done in 12ms @ http://localhost:3000/_next/static/chunks/node_modules_next_dist_1e8vcs8._.js:776
[  403011ms] [LOG] [Fast Refresh] done in 12ms @ http://localhost:3000/_next/static/chunks/node_modules_next_dist_1e8vcs8._.js:776
[  403058ms] [LOG] [Fast Refresh] done in 12ms @ http://localhost:3000/_next/static/chunks/node_modules_next_dist_1e8vcs8._.js:776
[  403106ms] [LOG] [Fast Refresh] done in 12ms @ http://localhost:3000/_next/static/chunks/node_modules_next_dist_1e8vcs8._.js:776
[  403147ms] [LOG] [Fast Refresh] done in 12ms @ http://localhost:3000/_next/static/chunks/node_modules_next_dist_1e8vcs8._.js:776
[  403196ms] [LOG] [Fast Refresh] done in 12ms @ http://localhost:3000/_next/static/chunks/node_modules_next_dist_1e8vcs8._.js:776
[  403238ms] [LOG] [Fast Refresh] done in 12ms @ http://localhost:3000/_next/static/chunks/node_modules_next_dist_1e8vcs8._.js:776
[  403280ms] [LOG] [Fast Refresh] done in 12ms @ http://localhost:3000/_next/static/chunks/node_modules_next_dist_1e8vcs8._.js:776
[  403322ms] [LOG] [Fast Refresh] done in 12ms @ http://localhost:3000/_next/static/chunks/node_modules_next_dist_1e8vcs8._.js:776
[  403378ms] [LOG] [Fast Refresh] done in 12ms @ http://localhost:3000/_next/static/chunks/node_modules_next_dist_1e8vcs8._.js:776
[  403441ms] [LOG] [Fast Refresh] done in 12ms @ http://localhost:3000/_next/static/chunks/node_modules_next_dist_1e8vcs8._.js:776
[  403489ms] [LOG] [Fast Refresh] done in 12ms @ http://localhost:3000/_next/static/chunks/node_modules_next_dist_1e8vcs8._.js:776
[  403551ms] [LOG] [Fast Refresh] done in 12ms @ http://localhost:3000/_next/static/chunks/node_modules_next_dist_1e8vcs8._.js:776
[  403601ms] [LOG] [Fast Refresh] done in 12ms @ http://localhost:3000/_next/static/chunks/node_modules_next_dist_1e8vcs8._.js:776
[  403641ms] [LOG] [Fast Refresh] done in 12ms @ http://localhost:3000/_next/static/chunks/node_modules_next_dist_1e8vcs8._.js:776
[  403686ms] [LOG] [Fast Refresh] done in 12ms @ http://localhost:3000/_next/static/chunks/node_modules_next_dist_1e8vcs8._.js:776
[  403740ms] [LOG] [Fast Refresh] done in 12ms @ http://localhost:3000/_next/static/chunks/node_modules_next_dist_1e8vcs8._.js:776
[  403786ms] [LOG] [Fast Refresh] done in 12ms @ http://localhost:3000/_next/static/chunks/node_modules_next_dist_1e8vcs8._.js:776
[  403828ms] [LOG] [Fast Refresh] done in 12ms @ http://localhost:3000/_next/static/chunks/node_modules_next_dist_1e8vcs8._.js:776
[  403876ms] [LOG] [Fast Refresh] done in 12ms @ http://localhost:3000/_next/static/chunks/node_modules_next_dist_1e8vcs8._.js:776
[  403919ms] [LOG] [Fast Refresh] done in 12ms @ http://localhost:3000/_next/static/chunks/node_modules_next_dist_1e8vcs8._.js:776
[  403969ms] [LOG] [Fast Refresh] done in 12ms @ http://localhost:3000/_next/static/chunks/node_modules_next_dist_1e8vcs8._.js:776
[  404009ms] [LOG] [Fast Refresh] done in 12ms @ http://localhost:3000/_next/static/chunks/node_modules_next_dist_1e8vcs8._.js:776
[  404051ms] [LOG] [Fast Refresh] done in 12ms @ http://localhost:3000/_next/static/chunks/node_modules_next_dist_1e8vcs8._.js:776
[  404115ms] [LOG] [Fast Refresh] done in 12ms @ http://localhost:3000/_next/static/chunks/node_modules_next_dist_1e8vcs8._.js:776
[  404162ms] [LOG] [Fast Refresh] done in 12ms @ http://localhost:3000/_next/static/chunks/node_modules_next_dist_1e8vcs8._.js:776
[  404203ms] [LOG] [Fast Refresh] done in 12ms @ http://localhost:3000/_next/static/chunks/node_modules_next_dist_1e8vcs8._.js:776
[  404258ms] [LOG] [Fast Refresh] done in 12ms @ http://localhost:3000/_next/static/chunks/node_modules_next_dist_1e8vcs8._.js:776
[  404314ms] [LOG] [Fast Refresh] done in 12ms @ http://localhost:3000/_next/static/chunks/node_modules_next_dist_1e8vcs8._.js:776
[  404357ms] [LOG] [Fast Refresh] done in 12ms @ http://localhost:3000/_next/static/chunks/node_modules_next_dist_1e8vcs8._.js:776
[  404399ms] [LOG] [Fast Refresh] done in 12ms @ http://localhost:3000/_next/static/chunks/node_modules_next_dist_1e8vcs8._.js:776
[  404439ms] [LOG] [Fast Refresh] done in 12ms @ http://localhost:3000/_next/static/chunks/node_modules_next_dist_1e8vcs8._.js:776
[  404489ms] [LOG] [Fast Refresh] done in 12ms @ http://localhost:3000/_next/static/chunks/node_modules_next_dist_1e8vcs8._.js:776
[  404531ms] [LOG] [Fast Refresh] done in 12ms @ http://localhost:3000/_next/static/chunks/node_modules_next_dist_1e8vcs8._.js:776
[  404572ms] [LOG] [Fast Refresh] done in 12ms @ http://localhost:3000/_next/static/chunks/node_modules_next_dist_1e8vcs8._.js:776
[  404615ms] [LOG] [Fast Refresh] done in 12ms @ http://localhost:3000/_next/static/chunks/node_modules_next_dist_1e8vcs8._.js:776
[  404655ms] [LOG] [Fast Refresh] done in 12ms @ http://localhost:3000/_next/static/chunks/node_modules_next_dist_1e8vcs8._.js:776
[  404718ms] [LOG] [Fast Refresh] done in 12ms @ http://localhost:3000/_next/static/chunks/node_modules_next_dist_1e8vcs8._.js:776
[  404771ms] [LOG] [Fast Refresh] done in 12ms @ http://localhost:3000/_next/static/chunks/node_modules_next_dist_1e8vcs8._.js:776
[  404817ms] [LOG] [Fast Refresh] done in 12ms @ http://localhost:3000/_next/static/chunks/node_modules_next_dist_1e8vcs8._.js:776
[  404868ms] [LOG] [Fast Refresh] done in 12ms @ http://localhost:3000/_next/static/chunks/node_modules_next_dist_1e8vcs8._.js:776
[  404948ms] [LOG] [Fast Refresh] done in 12ms @ http://localhost:3000/_next/static/chunks/node_modules_next_dist_1e8vcs8._.js:776
[  405008ms] [LOG] [Fast Refresh] done in 12ms @ http://localhost:3000/_next/static/chunks/node_modules_next_dist_1e8vcs8._.js:776
[  405068ms] [LOG] [Fast Refresh] done in 12ms @ http://localhost:3000/_next/static/chunks/node_modules_next_dist_1e8vcs8._.js:776
[  405135ms] [LOG] [Fast Refresh] done in 12ms @ http://localhost:3000/_next/static/chunks/node_modules_next_dist_1e8vcs8._.js:776
[  405192ms] [LOG] [Fast Refresh] done in 12ms @ http://localhost:3000/_next/static/chunks/node_modules_next_dist_1e8vcs8._.js:776
[  405253ms] [LOG] [Fast Refresh] done in 12ms @ http://localhost:3000/_next/static/chunks/node_modules_next_dist_1e8vcs8._.js:776
[  405310ms] [LOG] [Fast Refresh] done in 12ms @ http://localhost:3000/_next/static/chunks/node_modules_next_dist_1e8vcs8._.js:776
[  405367ms] [LOG] [Fast Refresh] done in 12ms @ http://localhost:3000/_next/static/chunks/node_modules_next_dist_1e8vcs8._.js:776
[  405428ms] [LOG] [Fast Refresh] done in 12ms @ http://localhost:3000/_next/static/chunks/node_modules_next_dist_1e8vcs8._.js:776
[  405479ms] [LOG] [Fast Refresh] done in 12ms @ http://localhost:3000/_next/static/chunks/node_modules_next_dist_1e8vcs8._.js:776
[  405530ms] [LOG] [Fast Refresh] done in 12ms @ http://localhost:3000/_next/static/chunks/node_modules_next_dist_1e8vcs8._.js:776
[  405585ms] [LOG] [Fast Refresh] done in 12ms @ http://localhost:3000/_next/static/chunks/node_modules_next_dist_1e8vcs8._.js:776
[  405630ms] [LOG] [Fast Refresh] done in 12ms @ http://localhost:3000/_next/static/chunks/node_modules_next_dist_1e8vcs8._.js:776
[  405680ms] [LOG] [Fast Refresh] done in 12ms @ http://localhost:3000/_next/static/chunks/node_modules_next_dist_1e8vcs8._.js:776
[  405726ms] [LOG] [Fast Refresh] done in 12ms @ http://localhost:3000/_next/static/chunks/node_modules_next_dist_1e8vcs8._.js:776
[  405776ms] [LOG] [Fast Refresh] done in 12ms @ http://localhost:3000/_next/static/chunks/node_modules_next_dist_1e8vcs8._.js:776
[  405820ms] [LOG] [Fast Refresh] done in 12ms @ http://localhost:3000/_next/static/chunks/node_modules_next_dist_1e8vcs8._.js:776
[  405827ms] [WARNING] The resource http://localhost:3000/_next/static/media/6ad0e742fc9cd7a1-s.p.2w_jb288h_vxp.woff2 was preloaded using link preload but not used within a few seconds from the window's load event. Please make sure it has an appropriate `as` value and it is preloaded intentionally. @ http://localhost:3000/terms-of-use:0
[  405827ms] [WARNING] The resource http://localhost:3000/_next/static/media/09401ea35a762f28-s.p.2a85-o2hz8mwr.woff2 was preloaded using link preload but not used within a few seconds from the window's load event. Please make sure it has an appropriate `as` value and it is preloaded intentionally. @ http://localhost:3000/terms-of-use:0
[  405827ms] [WARNING] The resource http://localhost:3000/_next/static/media/0f5cca9b58704ad1-s.p.21odxmnjnk7bd.woff2 was preloaded using link preload but not used within a few seconds from the window's load event. Please make sure it has an appropriate `as` value and it is preloaded intentionally. @ http://localhost:3000/terms-of-use:0
[  405827ms] [WARNING] The resource http://localhost:3000/_next/static/media/22884ed84a506ae6-s.p.0yevzgmhf07yp.woff2 was preloaded using link preload but not used within a few seconds from the window's load event. Please make sure it has an appropriate `as` value and it is preloaded intentionally. @ http://localhost:3000/terms-of-use:0
[  405827ms] [WARNING] The resource http://localhost:3000/_next/static/media/f06bf9da926bae75-s.p.2874ccu1_u7jf.woff2 was preloaded using link preload but not used within a few seconds from the window's load event. Please make sure it has an appropriate `as` value and it is preloaded intentionally. @ http://localhost:3000/terms-of-use:0
[  405827ms] [WARNING] The resource http://localhost:3000/_next/static/media/510598db810e1932-s.p.20g9nkyuy-bea.woff2 was preloaded using link preload but not used within a few seconds from the window's load event. Please make sure it has an appropriate `as` value and it is preloaded intentionally. @ http://localhost:3000/terms-of-use:0
[  405827ms] [WARNING] The resource http://localhost:3000/_next/static/media/f896ef295999667f-s.p.0mkp9y_kaie3k.woff2 was preloaded using link preload but not used within a few seconds from the window's load event. Please make sure it has an appropriate `as` value and it is preloaded intentionally. @ http://localhost:3000/terms-of-use:0
[  405827ms] [WARNING] The resource http://localhost:3000/_next/static/media/eb51f918d7e532f8-s.p.3gcjms7ojp868.woff2 was preloaded using link preload but not used within a few seconds from the window's load event. Please make sure it has an appropriate `as` value and it is preloaded intentionally. @ http://localhost:3000/terms-of-use:0
[  405899ms] [LOG] [Fast Refresh] done in 12ms @ http://localhost:3000/_next/static/chunks/node_modules_next_dist_1e8vcs8._.js:776
[  405961ms] [LOG] [Fast Refresh] done in 12ms @ http://localhost:3000/_next/static/chunks/node_modules_next_dist_1e8vcs8._.js:776
[  406023ms] [LOG] [Fast Refresh] done in 12ms @ http://localhost:3000/_next/static/chunks/node_modules_next_dist_1e8vcs8._.js:776
[  406064ms] [LOG] [Fast Refresh] done in 12ms @ http://localhost:3000/_next/static/chunks/node_modules_next_dist_1e8vcs8._.js:776
[  406114ms] [LOG] [Fast Refresh] done in 12ms @ http://localhost:3000/_next/static/chunks/node_modules_next_dist_1e8vcs8._.js:776
[  406176ms] [LOG] [Fast Refresh] done in 12ms @ http://localhost:3000/_next/static/chunks/node_modules_next_dist_1e8vcs8._.js:776
[  406239ms] [LOG] [Fast Refresh] done in 12ms @ http://localhost:3000/_next/static/chunks/node_modules_next_dist_1e8vcs8._.js:776
[  406291ms] [LOG] [Fast Refresh] done in 12ms @ http://localhost:3000/_next/static/chunks/node_modules_next_dist_1e8vcs8._.js:776
[  406346ms] [LOG] [Fast Refresh] done in 12ms @ http://localhost:3000/_next/static/chunks/node_modules_next_dist_1e8vcs8._.js:776
[  406407ms] [LOG] [Fast Refresh] done in 12ms @ http://localhost:3000/_next/static/chunks/node_modules_next_dist_1e8vcs8._.js:776
[  406454ms] [LOG] [Fast Refresh] done in 12ms @ http://localhost:3000/_next/static/chunks/node_modules_next_dist_1e8vcs8._.js:776
[  406509ms] [LOG] [Fast Refresh] done in 12ms @ http://localhost:3000/_next/static/chunks/node_modules_next_dist_1e8vcs8._.js:776
[  406550ms] [LOG] [Fast Refresh] done in 12ms @ http://localhost:3000/_next/static/chunks/node_modules_next_dist_1e8vcs8._.js:776
[  406594ms] [LOG] [Fast Refresh] done in 12ms @ http://localhost:3000/_next/static/chunks/node_modules_next_dist_1e8vcs8._.js:776
[  406641ms] [LOG] [Fast Refresh] done in 12ms @ http://localhost:3000/_next/static/chunks/node_modules_next_dist_1e8vcs8._.js:776
[  406684ms] [LOG] [Fast Refresh] done in 12ms @ http://localhost:3000/_next/static/chunks/node_modules_next_dist_1e8vcs8._.js:776
[  406747ms] [LOG] [Fast Refresh] done in 12ms @ http://localhost:3000/_next/static/chunks/node_modules_next_dist_1e8vcs8._.js:776
[  406786ms] [LOG] [Fast Refresh] done in 12ms @ http://localhost:3000/_next/static/chunks/node_modules_next_dist_1e8vcs8._.js:776
[  406849ms] [LOG] [Fast Refresh] done in 12ms @ http://localhost:3000/_next/static/chunks/node_modules_next_dist_1e8vcs8._.js:776
[  406897ms] [LOG] [Fast Refresh] done in 12ms @ http://localhost:3000/_next/static/chunks/node_modules_next_dist_1e8vcs8._.js:776
[  406956ms] [LOG] [Fast Refresh] done in 12ms @ http://localhost:3000/_next/static/chunks/node_modules_next_dist_1e8vcs8._.js:776
[  406994ms] [LOG] [Fast Refresh] done in 12ms @ http://localhost:3000/_next/static/chunks/node_modules_next_dist_1e8vcs8._.js:776
[  407044ms] [LOG] [Fast Refresh] done in 12ms @ http://localhost:3000/_next/static/chunks/node_modules_next_dist_1e8vcs8._.js:776
[  407092ms] [LOG] [Fast Refresh] done in 12ms @ http://localhost:3000/_next/static/chunks/node_modules_next_dist_1e8vcs8._.js:776
[  407139ms] [LOG] [Fast Refresh] done in 12ms @ http://localhost:3000/_next/static/chunks/node_modules_next_dist_1e8vcs8._.js:776
[  407182ms] [LOG] [Fast Refresh] done in 12ms @ http://localhost:3000/_next/static/chunks/node_modules_next_dist_1e8vcs8._.js:776
[  407226ms] [LOG] [Fast Refresh] done in 12ms @ http://localhost:3000/_next/static/chunks/node_modules_next_dist_1e8vcs8._.js:776
[  407289ms] [LOG] [Fast Refresh] done in 12ms @ http://localhost:3000/_next/static/chunks/node_modules_next_dist_1e8vcs8._.js:776
[  407344ms] [LOG] [Fast Refresh] done in 12ms @ http://localhost:3000/_next/static/chunks/node_modules_next_dist_1e8vcs8._.js:776
[  407397ms] [LOG] [Fast Refresh] done in 12ms @ http://localhost:3000/_next/static/chunks/node_modules_next_dist_1e8vcs8._.js:776
[  407446ms] [LOG] [Fast Refresh] done in 12ms @ http://localhost:3000/_next/static/chunks/node_modules_next_dist_1e8vcs8._.js:776
[  407487ms] [LOG] [Fast Refresh] done in 12ms @ http://localhost:3000/_next/static/chunks/node_modules_next_dist_1e8vcs8._.js:776
[  407540ms] [LOG] [Fast Refresh] done in 12ms @ http://localhost:3000/_next/static/chunks/node_modules_next_dist_1e8vcs8._.js:776
[  407590ms] [LOG] [Fast Refresh] done in 12ms @ http://localhost:3000/_next/static/chunks/node_modules_next_dist_1e8vcs8._.js:776
[  407648ms] [LOG] [Fast Refresh] done in 12ms @ http://localhost:3000/_next/static/chunks/node_modules_next_dist_1e8vcs8._.js:776
[  407711ms] [LOG] [Fast Refresh] done in 12ms @ http://localhost:3000/_next/static/chunks/node_modules_next_dist_1e8vcs8._.js:776
[  407752ms] [LOG] [Fast Refresh] done in 12ms @ http://localhost:3000/_next/static/chunks/node_modules_next_dist_1e8vcs8._.js:776
[  407802ms] [LOG] [Fast Refresh] done in 12ms @ http://localhost:3000/_next/static/chunks/node_modules_next_dist_1e8vcs8._.js:776
[  407844ms] [LOG] [Fast Refresh] done in 12ms @ http://localhost:3000/_next/static/chunks/node_modules_next_dist_1e8vcs8._.js:776
[  407891ms] [LOG] [Fast Refresh] done in 12ms @ http://localhost:3000/_next/static/chunks/node_modules_next_dist_1e8vcs8._.js:776
[  407941ms] [LOG] [Fast Refresh] done in 12ms @ http://localhost:3000/_next/static/chunks/node_modules_next_dist_1e8vcs8._.js:776
[  407984ms] [LOG] [Fast Refresh] done in 12ms @ http://localhost:3000/_next/static/chunks/node_modules_next_dist_1e8vcs8._.js:776
[  408034ms] [LOG] [Fast Refresh] done in 12ms @ http://localhost:3000/_next/static/chunks/node_modules_next_dist_1e8vcs8._.js:776
[  408091ms] [LOG] [Fast Refresh] done in 12ms @ http://localhost:3000/_next/static/chunks/node_modules_next_dist_1e8vcs8._.js:776
[  408140ms] [LOG] [Fast Refresh] done in 12ms @ http://localhost:3000/_next/static/chunks/node_modules_next_dist_1e8vcs8._.js:776
[  408192ms] [LOG] [Fast Refresh] done in 12ms @ http://localhost:3000/_next/static/chunks/node_modules_next_dist_1e8vcs8._.js:776
[  408240ms] [LOG] [Fast Refresh] done in 12ms @ http://localhost:3000/_next/static/chunks/node_modules_next_dist_1e8vcs8._.js:776
[  408279ms] [LOG] [Fast Refresh] done in 12ms @ http://localhost:3000/_next/static/chunks/node_modules_next_dist_1e8vcs8._.js:776
[  408336ms] [LOG] [Fast Refresh] done in 12ms @ http://localhost:3000/_next/static/chunks/node_modules_next_dist_1e8vcs8._.js:776
[  408391ms] [LOG] [Fast Refresh] done in 12ms @ http://localhost:3000/_next/static/chunks/node_modules_next_dist_1e8vcs8._.js:776
[  408446ms] [LOG] [Fast Refresh] done in 12ms @ http://localhost:3000/_next/static/chunks/node_modules_next_dist_1e8vcs8._.js:776
[  408502ms] [LOG] [Fast Refresh] done in 12ms @ http://localhost:3000/_next/static/chunks/node_modules_next_dist_1e8vcs8._.js:776
[  408544ms] [LOG] [Fast Refresh] done in 12ms @ http://localhost:3000/_next/static/chunks/node_modules_next_dist_1e8vcs8._.js:776
[  408593ms] [LOG] [Fast Refresh] done in 12ms @ http://localhost:3000/_next/static/chunks/node_modules_next_dist_1e8vcs8._.js:776
[  408648ms] [LOG] [Fast Refresh] done in 12ms @ http://localhost:3000/_next/static/chunks/node_modules_next_dist_1e8vcs8._.js:776
[  408698ms] [LOG] [Fast Refresh] done in 12ms @ http://localhost:3000/_next/static/chunks/node_modules_next_dist_1e8vcs8._.js:776
[  408748ms] [LOG] [Fast Refresh] done in 12ms @ http://localhost:3000/_next/static/chunks/node_modules_next_dist_1e8vcs8._.js:776
[  408799ms] [LOG] [Fast Refresh] done in 12ms @ http://localhost:3000/_next/static/chunks/node_modules_next_dist_1e8vcs8._.js:776
[  408850ms] [LOG] [Fast Refresh] done in 12ms @ http://localhost:3000/_next/static/chunks/node_modules_next_dist_1e8vcs8._.js:776
[  408897ms] [LOG] [Fast Refresh] done in 12ms @ http://localhost:3000/_next/static/chunks/node_modules_next_dist_1e8vcs8._.js:776
[  408946ms] [LOG] [Fast Refresh] done in 12ms @ http://localhost:3000/_next/static/chunks/node_modules_next_dist_1e8vcs8._.js:776
[  408999ms] [LOG] [Fast Refresh] done in 12ms @ http://localhost:3000/_next/static/chunks/node_modules_next_dist_1e8vcs8._.js:776
[  409047ms] [LOG] [Fast Refresh] done in 12ms @ http://localhost:3000/_next/static/chunks/node_modules_next_dist_1e8vcs8._.js:776
[  409094ms] [LOG] [Fast Refresh] done in 12ms @ http://localhost:3000/_next/static/chunks/node_modules_next_dist_1e8vcs8._.js:776
[  409141ms] [LOG] [Fast Refresh] done in 12ms @ http://localhost:3000/_next/static/chunks/node_modules_next_dist_1e8vcs8._.js:776
[  409196ms] [LOG] [Fast Refresh] done in 12ms @ http://localhost:3000/_next/static/chunks/node_modules_next_dist_1e8vcs8._.js:776
[  409249ms] [LOG] [Fast Refresh] done in 12ms @ http://localhost:3000/_next/static/chunks/node_modules_next_dist_1e8vcs8._.js:776
[  409307ms] [LOG] [Fast Refresh] done in 12ms @ http://localhost:3000/_next/static/chunks/node_modules_next_dist_1e8vcs8._.js:776
[  409356ms] [LOG] [Fast Refresh] done in 12ms @ http://localhost:3000/_next/static/chunks/node_modules_next_dist_1e8vcs8._.js:776
[  409398ms] [LOG] [Fast Refresh] done in 12ms @ http://localhost:3000/_next/static/chunks/node_modules_next_dist_1e8vcs8._.js:776
[  409450ms] [LOG] [Fast Refresh] done in 12ms @ http://localhost:3000/_next/static/chunks/node_modules_next_dist_1e8vcs8._.js:776
[  409501ms] [LOG] [Fast Refresh] done in 12ms @ http://localhost:3000/_next/static/chunks/node_modules_next_dist_1e8vcs8._.js:776
[  409544ms] [LOG] [Fast Refresh] done in 12ms @ http://localhost:3000/_next/static/chunks/node_modules_next_dist_1e8vcs8._.js:776
[  409605ms] [LOG] [Fast Refresh] done in 12ms @ http://localhost:3000/_next/static/chunks/node_modules_next_dist_1e8vcs8._.js:776
[  409647ms] [LOG] [Fast Refresh] done in 12ms @ http://localhost:3000/_next/static/chunks/node_modules_next_dist_1e8vcs8._.js:776
[  409711ms] [LOG] [Fast Refresh] done in 12ms @ http://localhost:3000/_next/static/chunks/node_modules_next_dist_1e8vcs8._.js:776
[  409760ms] [LOG] [Fast Refresh] done in 12ms @ http://localhost:3000/_next/static/chunks/node_modules_next_dist_1e8vcs8._.js:776
[  409816ms] [LOG] [Fast Refresh] done in 12ms @ http://localhost:3000/_next/static/chunks/node_modules_next_dist_1e8vcs8._.js:776
[  409863ms] [LOG] [Fast Refresh] done in 12ms @ http://localhost:3000/_next/static/chunks/node_modules_next_dist_1e8vcs8._.js:776
[  409912ms] [LOG] [Fast Refresh] done in 12ms @ http://localhost:3000/_next/static/chunks/node_modules_next_dist_1e8vcs8._.js:776
[  409962ms] [LOG] [Fast Refresh] done in 12ms @ http://localhost:3000/_next/static/chunks/node_modules_next_dist_1e8vcs8._.js:776
[  410025ms] [LOG] [Fast Refresh] done in 12ms @ http://localhost:3000/_next/static/chunks/node_modules_next_dist_1e8vcs8._.js:776
[  410082ms] [LOG] [Fast Refresh] done in 12ms @ http://localhost:3000/_next/static/chunks/node_modules_next_dist_1e8vcs8._.js:776
[  410131ms] [LOG] [Fast Refresh] done in 12ms @ http://localhost:3000/_next/static/chunks/node_modules_next_dist_1e8vcs8._.js:776
[  410178ms] [LOG] [Fast Refresh] done in 12ms @ http://localhost:3000/_next/static/chunks/node_modules_next_dist_1e8vcs8._.js:776
[  410240ms] [LOG] [Fast Refresh] done in 12ms @ http://localhost:3000/_next/static/chunks/node_modules_next_dist_1e8vcs8._.js:776
[  410280ms] [LOG] [Fast Refresh] done in 12ms @ http://localhost:3000/_next/static/chunks/node_modules_next_dist_1e8vcs8._.js:776
[  410328ms] [LOG] [Fast Refresh] done in 12ms @ http://localhost:3000/_next/static/chunks/node_modules_next_dist_1e8vcs8._.js:776
[  410377ms] [LOG] [Fast Refresh] done in 12ms @ http://localhost:3000/_next/static/chunks/node_modules_next_dist_1e8vcs8._.js:776
[  410419ms] [LOG] [Fast Refresh] done in 12ms @ http://localhost:3000/_next/static/chunks/node_modules_next_dist_1e8vcs8._.js:776
[  410460ms] [LOG] [Fast Refresh] done in 12ms @ http://localhost:3000/_next/static/chunks/node_modules_next_dist_1e8vcs8._.js:776
[  410502ms] [LOG] [Fast Refresh] done in 12ms @ http://localhost:3000/_next/static/chunks/node_modules_next_dist_1e8vcs8._.js:776
[  410543ms] [LOG] [Fast Refresh] done in 12ms @ http://localhost:3000/_next/static/chunks/node_modules_next_dist_1e8vcs8._.js:776
[  410586ms] [LOG] [Fast Refresh] done in 12ms @ http://localhost:3000/_next/static/chunks/node_modules_next_dist_1e8vcs8._.js:776
[  410630ms] [LOG] [Fast Refresh] done in 12ms @ http://localhost:3000/_next/static/chunks/node_modules_next_dist_1e8vcs8._.js:776
[  410680ms] [LOG] [Fast Refresh] done in 12ms @ http://localhost:3000/_next/static/chunks/node_modules_next_dist_1e8vcs8._.js:776
[  410731ms] [LOG] [Fast Refresh] done in 12ms @ http://localhost:3000/_next/static/chunks/node_modules_next_dist_1e8vcs8._.js:776
[  410778ms] [LOG] [Fast Refresh] done in 12ms @ http://localhost:3000/_next/static/chunks/node_modules_next_dist_1e8vcs8._.js:776
[  410821ms] [LOG] [Fast Refresh] done in 12ms @ http://localhost:3000/_next/static/chunks/node_modules_next_dist_1e8vcs8._.js:776
[  410865ms] [LOG] [Fast Refresh] done in 12ms @ http://localhost:3000/_next/static/chunks/node_modules_next_dist_1e8vcs8._.js:776
[  410913ms] [LOG] [Fast Refresh] done in 12ms @ http://localhost:3000/_next/static/chunks/node_modules_next_dist_1e8vcs8._.js:776
[  410962ms] [LOG] [Fast Refresh] done in 12ms @ http://localhost:3000/_next/static/chunks/node_modules_next_dist_1e8vcs8._.js:776
[  411010ms] [LOG] [Fast Refresh] done in 12ms @ http://localhost:3000/_next/static/chunks/node_modules_next_dist_1e8vcs8._.js:776
[  411066ms] [LOG] [Fast Refresh] done in 12ms @ http://localhost:3000/_next/static/chunks/node_modules_next_dist_1e8vcs8._.js:776
[  411131ms] [LOG] [Fast Refresh] done in 12ms @ http://localhost:3000/_next/static/chunks/node_modules_next_dist_1e8vcs8._.js:776
[  411178ms] [LOG] [Fast Refresh] done in 12ms @ http://localhost:3000/_next/static/chunks/node_modules_next_dist_1e8vcs8._.js:776
[  411227ms] [LOG] [Fast Refresh] done in 12ms @ http://localhost:3000/_next/static/chunks/node_modules_next_dist_1e8vcs8._.js:776
[  411287ms] [LOG] [Fast Refresh] done in 12ms @ http://localhost:3000/_next/static/chunks/node_modules_next_dist_1e8vcs8._.js:776
[  411331ms] [LOG] [Fast Refresh] done in 12ms @ http://localhost:3000/_next/static/chunks/node_modules_next_dist_1e8vcs8._.js:776
[  411406ms] [LOG] [Fast Refresh] done in 12ms @ http://localhost:3000/_next/static/chunks/node_modules_next_dist_1e8vcs8._.js:776
[  411455ms] [LOG] [Fast Refresh] done in 12ms @ http://localhost:3000/_next/static/chunks/node_modules_next_dist_1e8vcs8._.js:776
[  411509ms] [LOG] [Fast Refresh] done in 12ms @ http://localhost:3000/_next/static/chunks/node_modules_next_dist_1e8vcs8._.js:776
[  411559ms] [LOG] [Fast Refresh] done in 12ms @ http://localhost:3000/_next/static/chunks/node_modules_next_dist_1e8vcs8._.js:776
[  411607ms] [LOG] [Fast Refresh] done in 12ms @ http://localhost:3000/_next/static/chunks/node_modules_next_dist_1e8vcs8._.js:776
[  411655ms] [LOG] [Fast Refresh] done in 12ms @ http://localhost:3000/_next/static/chunks/node_modules_next_dist_1e8vcs8._.js:776
[  411697ms] [LOG] [Fast Refresh] done in 12ms @ http://localhost:3000/_next/static/chunks/node_modules_next_dist_1e8vcs8._.js:776
[  411738ms] [LOG] [Fast Refresh] done in 12ms @ http://localhost:3000/_next/static/chunks/node_modules_next_dist_1e8vcs8._.js:776
[  411780ms] [LOG] [Fast Refresh] done in 12ms @ http://localhost:3000/_next/static/chunks/node_modules_next_dist_1e8vcs8._.js:776
[  411829ms] [LOG] [Fast Refresh] done in 12ms @ http://localhost:3000/_next/static/chunks/node_modules_next_dist_1e8vcs8._.js:776
[  411877ms] [LOG] [Fast Refresh] done in 12ms @ http://localhost:3000/_next/static/chunks/node_modules_next_dist_1e8vcs8._.js:776
[  411933ms] [LOG] [Fast Refresh] done in 12ms @ http://localhost:3000/_next/static/chunks/node_modules_next_dist_1e8vcs8._.js:776
[  411984ms] [LOG] [Fast Refresh] done in 12ms @ http://localhost:3000/_next/static/chunks/node_modules_next_dist_1e8vcs8._.js:776
[  412022ms] [LOG] [Fast Refresh] done in 12ms @ http://localhost:3000/_next/static/chunks/node_modules_next_dist_1e8vcs8._.js:776
[  412065ms] [LOG] [Fast Refresh] done in 12ms @ http://localhost:3000/_next/static/chunks/node_modules_next_dist_1e8vcs8._.js:776
[  412106ms] [LOG] [Fast Refresh] done in 12ms @ http://localhost:3000/_next/static/chunks/node_modules_next_dist_1e8vcs8._.js:776
[  412148ms] [LOG] [Fast Refresh] done in 12ms @ http://localhost:3000/_next/static/chunks/node_modules_next_dist_1e8vcs8._.js:776
[  412189ms] [LOG] [Fast Refresh] done in 12ms @ http://localhost:3000/_next/static/chunks/node_modules_next_dist_1e8vcs8._.js:776
[  412232ms] [LOG] [Fast Refresh] done in 12ms @ http://localhost:3000/_next/static/chunks/node_modules_next_dist_1e8vcs8._.js:776
[  412273ms] [LOG] [Fast Refresh] done in 12ms @ http://localhost:3000/_next/static/chunks/node_modules_next_dist_1e8vcs8._.js:776
[  412315ms] [LOG] [Fast Refresh] done in 12ms @ http://localhost:3000/_next/static/chunks/node_modules_next_dist_1e8vcs8._.js:776
[  412356ms] [LOG] [Fast Refresh] done in 12ms @ http://localhost:3000/_next/static/chunks/node_modules_next_dist_1e8vcs8._.js:776
[  412397ms] [LOG] [Fast Refresh] done in 12ms @ http://localhost:3000/_next/static/chunks/node_modules_next_dist_1e8vcs8._.js:776
[  412439ms] [LOG] [Fast Refresh] done in 12ms @ http://localhost:3000/_next/static/chunks/node_modules_next_dist_1e8vcs8._.js:776
[  412488ms] [LOG] [Fast Refresh] done in 12ms @ http://localhost:3000/_next/static/chunks/node_modules_next_dist_1e8vcs8._.js:776
[  412546ms] [LOG] [Fast Refresh] done in 12ms @ http://localhost:3000/_next/static/chunks/node_modules_next_dist_1e8vcs8._.js:776
[  412591ms] [LOG] [Fast Refresh] done in 12ms @ http://localhost:3000/_next/static/chunks/node_modules_next_dist_1e8vcs8._.js:776
[  412641ms] [LOG] [Fast Refresh] done in 12ms @ http://localhost:3000/_next/static/chunks/node_modules_next_dist_1e8vcs8._.js:776
[  412689ms] [LOG] [Fast Refresh] done in 12ms @ http://localhost:3000/_next/static/chunks/node_modules_next_dist_1e8vcs8._.js:776
[  412737ms] [LOG] [Fast Refresh] done in 12ms @ http://localhost:3000/_next/static/chunks/node_modules_next_dist_1e8vcs8._.js:776
[  412795ms] [LOG] [Fast Refresh] done in 12ms @ http://localhost:3000/_next/static/chunks/node_modules_next_dist_1e8vcs8._.js:776
[  412835ms] [LOG] [Fast Refresh] done in 12ms @ http://localhost:3000/_next/static/chunks/node_modules_next_dist_1e8vcs8._.js:776
[  412879ms] [LOG] [Fast Refresh] done in 12ms @ http://localhost:3000/_next/static/chunks/node_modules_next_dist_1e8vcs8._.js:776
[  412934ms] [LOG] [Fast Refresh] done in 12ms @ http://localhost:3000/_next/static/chunks/node_modules_next_dist_1e8vcs8._.js:776
[  412989ms] [LOG] [Fast Refresh] done in 12ms @ http://localhost:3000/_next/static/chunks/node_modules_next_dist_1e8vcs8._.js:776
[  413029ms] [LOG] [Fast Refresh] done in 12ms @ http://localhost:3000/_next/static/chunks/node_modules_next_dist_1e8vcs8._.js:776
[  413085ms] [LOG] [Fast Refresh] done in 12ms @ http://localhost:3000/_next/static/chunks/node_modules_next_dist_1e8vcs8._.js:776
[  413134ms] [LOG] [Fast Refresh] done in 12ms @ http://localhost:3000/_next/static/chunks/node_modules_next_dist_1e8vcs8._.js:776
[  413189ms] [LOG] [Fast Refresh] done in 12ms @ http://localhost:3000/_next/static/chunks/node_modules_next_dist_1e8vcs8._.js:776
[  413236ms] [LOG] [Fast Refresh] done in 12ms @ http://localhost:3000/_next/static/chunks/node_modules_next_dist_1e8vcs8._.js:776
[  413286ms] [LOG] [Fast Refresh] done in 12ms @ http://localhost:3000/_next/static/chunks/node_modules_next_dist_1e8vcs8._.js:776
[  413351ms] [LOG] [Fast Refresh] done in 12ms @ http://localhost:3000/_next/static/chunks/node_modules_next_dist_1e8vcs8._.js:776
[  413398ms] [LOG] [Fast Refresh] done in 12ms @ http://localhost:3000/_next/static/chunks/node_modules_next_dist_1e8vcs8._.js:776
[  413448ms] [LOG] [Fast Refresh] done in 12ms @ http://localhost:3000/_next/static/chunks/node_modules_next_dist_1e8vcs8._.js:776
[  413496ms] [LOG] [Fast Refresh] done in 12ms @ http://localhost:3000/_next/static/chunks/node_modules_next_dist_1e8vcs8._.js:776
[  413555ms] [LOG] [Fast Refresh] done in 12ms @ http://localhost:3000/_next/static/chunks/node_modules_next_dist_1e8vcs8._.js:776
[  413607ms] [LOG] [Fast Refresh] done in 12ms @ http://localhost:3000/_next/static/chunks/node_modules_next_dist_1e8vcs8._.js:776
[  413654ms] [LOG] [Fast Refresh] done in 12ms @ http://localhost:3000/_next/static/chunks/node_modules_next_dist_1e8vcs8._.js:776
[  413705ms] [LOG] [Fast Refresh] done in 12ms @ http://localhost:3000/_next/static/chunks/node_modules_next_dist_1e8vcs8._.js:776
[  413752ms] [LOG] [Fast Refresh] done in 12ms @ http://localhost:3000/_next/static/chunks/node_modules_next_dist_1e8vcs8._.js:776
[  413796ms] [LOG] [Fast Refresh] done in 12ms @ http://localhost:3000/_next/static/chunks/node_modules_next_dist_1e8vcs8._.js:776
[  413843ms] [LOG] [Fast Refresh] done in 12ms @ http://localhost:3000/_next/static/chunks/node_modules_next_dist_1e8vcs8._.js:776
[  413895ms] [LOG] [Fast Refresh] done in 12ms @ http://localhost:3000/_next/static/chunks/node_modules_next_dist_1e8vcs8._.js:776
[  413944ms] [LOG] [Fast Refresh] done in 12ms @ http://localhost:3000/_next/static/chunks/node_modules_next_dist_1e8vcs8._.js:776
[  413996ms] [LOG] [Fast Refresh] done in 12ms @ http://localhost:3000/_next/static/chunks/node_modules_next_dist_1e8vcs8._.js:776
[  414048ms] [LOG] [Fast Refresh] done in 12ms @ http://localhost:3000/_next/static/chunks/node_modules_next_dist_1e8vcs8._.js:776
[  414100ms] [LOG] [Fast Refresh] done in 12ms @ http://localhost:3000/_next/static/chunks/node_modules_next_dist_1e8vcs8._.js:776
[  414156ms] [LOG] [Fast Refresh] done in 12ms @ http://localhost:3000/_next/static/chunks/node_modules_next_dist_1e8vcs8._.js:776
[  414196ms] [LOG] [Fast Refresh] done in 12ms @ http://localhost:3000/_next/static/chunks/node_modules_next_dist_1e8vcs8._.js:776
[  414238ms] [LOG] [Fast Refresh] done in 12ms @ http://localhost:3000/_next/static/chunks/node_modules_next_dist_1e8vcs8._.js:776
[  414283ms] [LOG] [Fast Refresh] done in 12ms @ http://localhost:3000/_next/static/chunks/node_modules_next_dist_1e8vcs8._.js:776
[  414321ms] [LOG] [Fast Refresh] done in 12ms @ http://localhost:3000/_next/static/chunks/node_modules_next_dist_1e8vcs8._.js:776
[  414359ms] [LOG] [Fast Refresh] done in 12ms @ http://localhost:3000/_next/static/chunks/node_modules_next_dist_1e8vcs8._.js:776
[  414412ms] [LOG] [Fast Refresh] done in 12ms @ http://localhost:3000/_next/static/chunks/node_modules_next_dist_1e8vcs8._.js:776
[  414460ms] [LOG] [Fast Refresh] done in 12ms @ http://localhost:3000/_next/static/chunks/node_modules_next_dist_1e8vcs8._.js:776
[  414518ms] [LOG] [Fast Refresh] done in 12ms @ http://localhost:3000/_next/static/chunks/node_modules_next_dist_1e8vcs8._.js:776
[  414572ms] [LOG] [Fast Refresh] done in 12ms @ http://localhost:3000/_next/static/chunks/node_modules_next_dist_1e8vcs8._.js:776
[  414612ms] [LOG] [Fast Refresh] done in 12ms @ http://localhost:3000/_next/static/chunks/node_modules_next_dist_1e8vcs8._.js:776
[  414668ms] [LOG] [Fast Refresh] done in 12ms @ http://localhost:3000/_next/static/chunks/node_modules_next_dist_1e8vcs8._.js:776
[  414720ms] [LOG] [Fast Refresh] done in 12ms @ http://localhost:3000/_next/static/chunks/node_modules_next_dist_1e8vcs8._.js:776
[  414774ms] [LOG] [Fast Refresh] done in 12ms @ http://localhost:3000/_next/static/chunks/node_modules_next_dist_1e8vcs8._.js:776
[  414826ms] [LOG] [Fast Refresh] done in 12ms @ http://localhost:3000/_next/static/chunks/node_modules_next_dist_1e8vcs8._.js:776
[  414888ms] [LOG] [Fast Refresh] done in 12ms @ http://localhost:3000/_next/static/chunks/node_modules_next_dist_1e8vcs8._.js:776
[  414946ms] [LOG] [Fast Refresh] done in 12ms @ http://localhost:3000/_next/static/chunks/node_modules_next_dist_1e8vcs8._.js:776
[  414985ms] [LOG] [Fast Refresh] done in 12ms @ http://localhost:3000/_next/static/chunks/node_modules_next_dist_1e8vcs8._.js:776
[  415033ms] [LOG] [Fast Refresh] done in 12ms @ http://localhost:3000/_next/static/chunks/node_modules_next_dist_1e8vcs8._.js:776
[  415087ms] [LOG] [Fast Refresh] done in 12ms @ http://localhost:3000/_next/static/chunks/node_modules_next_dist_1e8vcs8._.js:776
[  415129ms] [LOG] [Fast Refresh] done in 12ms @ http://localhost:3000/_next/static/chunks/node_modules_next_dist_1e8vcs8._.js:776
[  415190ms] [LOG] [Fast Refresh] done in 12ms @ http://localhost:3000/_next/static/chunks/node_modules_next_dist_1e8vcs8._.js:776
[  415240ms] [LOG] [Fast Refresh] done in 12ms @ http://localhost:3000/_next/static/chunks/node_modules_next_dist_1e8vcs8._.js:776
[  415295ms] [LOG] [Fast Refresh] done in 12ms @ http://localhost:3000/_next/static/chunks/node_modules_next_dist_1e8vcs8._.js:776
[  415341ms] [LOG] [Fast Refresh] done in 12ms @ http://localhost:3000/_next/static/chunks/node_modules_next_dist_1e8vcs8._.js:776
[  415403ms] [LOG] [Fast Refresh] done in 12ms @ http://localhost:3000/_next/static/chunks/node_modules_next_dist_1e8vcs8._.js:776
[  415445ms] [LOG] [Fast Refresh] done in 12ms @ http://localhost:3000/_next/static/chunks/node_modules_next_dist_1e8vcs8._.js:776
[  415494ms] [LOG] [Fast Refresh] done in 12ms @ http://localhost:3000/_next/static/chunks/node_modules_next_dist_1e8vcs8._.js:776
[  415537ms] [LOG] [Fast Refresh] done in 12ms @ http://localhost:3000/_next/static/chunks/node_modules_next_dist_1e8vcs8._.js:776
[  415587ms] [LOG] [Fast Refresh] done in 12ms @ http://localhost:3000/_next/static/chunks/node_modules_next_dist_1e8vcs8._.js:776
[  415650ms] [LOG] [Fast Refresh] done in 12ms @ http://localhost:3000/_next/static/chunks/node_modules_next_dist_1e8vcs8._.js:776
[  415708ms] [LOG] [Fast Refresh] done in 12ms @ http://localhost:3000/_next/static/chunks/node_modules_next_dist_1e8vcs8._.js:776
[  415749ms] [LOG] [Fast Refresh] done in 12ms @ http://localhost:3000/_next/static/chunks/node_modules_next_dist_1e8vcs8._.js:776
[  415795ms] [LOG] [Fast Refresh] done in 12ms @ http://localhost:3000/_next/static/chunks/node_modules_next_dist_1e8vcs8._.js:776
[  415842ms] [LOG] [Fast Refresh] done in 12ms @ http://localhost:3000/_next/static/chunks/node_modules_next_dist_1e8vcs8._.js:776
[  415885ms] [LOG] [Fast Refresh] done in 12ms @ http://localhost:3000/_next/static/chunks/node_modules_next_dist_1e8vcs8._.js:776
[  415943ms] [LOG] [Fast Refresh] done in 12ms @ http://localhost:3000/_next/static/chunks/node_modules_next_dist_1e8vcs8._.js:776
[  415998ms] [LOG] [Fast Refresh] done in 12ms @ http://localhost:3000/_next/static/chunks/node_modules_next_dist_1e8vcs8._.js:776
[  416057ms] [LOG] [Fast Refresh] done in 12ms @ http://localhost:3000/_next/static/chunks/node_modules_next_dist_1e8vcs8._.js:776
[  416099ms] [LOG] [Fast Refresh] done in 12ms @ http://localhost:3000/_next/static/chunks/node_modules_next_dist_1e8vcs8._.js:776
[  416141ms] [LOG] [Fast Refresh] done in 12ms @ http://localhost:3000/_next/static/chunks/node_modules_next_dist_1e8vcs8._.js:776
[  416182ms] [LOG] [Fast Refresh] done in 12ms @ http://localhost:3000/_next/static/chunks/node_modules_next_dist_1e8vcs8._.js:776
[  416231ms] [LOG] [Fast Refresh] done in 12ms @ http://localhost:3000/_next/static/chunks/node_modules_next_dist_1e8vcs8._.js:776
[  416273ms] [LOG] [Fast Refresh] done in 12ms @ http://localhost:3000/_next/static/chunks/node_modules_next_dist_1e8vcs8._.js:776
[  416332ms] [LOG] [Fast Refresh] done in 12ms @ http://localhost:3000/_next/static/chunks/node_modules_next_dist_1e8vcs8._.js:776
[  416371ms] [LOG] [Fast Refresh] done in 12ms @ http://localhost:3000/_next/static/chunks/node_modules_next_dist_1e8vcs8._.js:776
[  416417ms] [LOG] [Fast Refresh] done in 12ms @ http://localhost:3000/_next/static/chunks/node_modules_next_dist_1e8vcs8._.js:776
[  416476ms] [LOG] [Fast Refresh] done in 12ms @ http://localhost:3000/_next/static/chunks/node_modules_next_dist_1e8vcs8._.js:776
[  416525ms] [LOG] [Fast Refresh] done in 12ms @ http://localhost:3000/_next/static/chunks/node_modules_next_dist_1e8vcs8._.js:776
[  416578ms] [LOG] [Fast Refresh] done in 12ms @ http://localhost:3000/_next/static/chunks/node_modules_next_dist_1e8vcs8._.js:776
[  416634ms] [LOG] [Fast Refresh] done in 12ms @ http://localhost:3000/_next/static/chunks/node_modules_next_dist_1e8vcs8._.js:776
[  416696ms] [LOG] [Fast Refresh] done in 12ms @ http://localhost:3000/_next/static/chunks/node_modules_next_dist_1e8vcs8._.js:776
[  416745ms] [LOG] [Fast Refresh] done in 12ms @ http://localhost:3000/_next/static/chunks/node_modules_next_dist_1e8vcs8._.js:776
[  416795ms] [LOG] [Fast Refresh] done in 12ms @ http://localhost:3000/_next/static/chunks/node_modules_next_dist_1e8vcs8._.js:776
[  416845ms] [LOG] [Fast Refresh] done in 12ms @ http://localhost:3000/_next/static/chunks/node_modules_next_dist_1e8vcs8._.js:776
[  416898ms] [LOG] [Fast Refresh] done in 12ms @ http://localhost:3000/_next/static/chunks/node_modules_next_dist_1e8vcs8._.js:776
[  416946ms] [LOG] [Fast Refresh] done in 12ms @ http://localhost:3000/_next/static/chunks/node_modules_next_dist_1e8vcs8._.js:776
[  416989ms] [LOG] [Fast Refresh] done in 12ms @ http://localhost:3000/_next/static/chunks/node_modules_next_dist_1e8vcs8._.js:776
[  417031ms] [LOG] [Fast Refresh] done in 12ms @ http://localhost:3000/_next/static/chunks/node_modules_next_dist_1e8vcs8._.js:776
[  417081ms] [LOG] [Fast Refresh] done in 12ms @ http://localhost:3000/_next/static/chunks/node_modules_next_dist_1e8vcs8._.js:776
[  417130ms] [LOG] [Fast Refresh] done in 12ms @ http://localhost:3000/_next/static/chunks/node_modules_next_dist_1e8vcs8._.js:776
[  417191ms] [LOG] [Fast Refresh] done in 12ms @ http://localhost:3000/_next/static/chunks/node_modules_next_dist_1e8vcs8._.js:776
[  417245ms] [LOG] [Fast Refresh] done in 12ms @ http://localhost:3000/_next/static/chunks/node_modules_next_dist_1e8vcs8._.js:776
[  417286ms] [LOG] [Fast Refresh] done in 12ms @ http://localhost:3000/_next/static/chunks/node_modules_next_dist_1e8vcs8._.js:776
[  417331ms] [LOG] [Fast Refresh] done in 12ms @ http://localhost:3000/_next/static/chunks/node_modules_next_dist_1e8vcs8._.js:776
[  417380ms] [LOG] [Fast Refresh] done in 12ms @ http://localhost:3000/_next/static/chunks/node_modules_next_dist_1e8vcs8._.js:776
[  417429ms] [LOG] [Fast Refresh] done in 12ms @ http://localhost:3000/_next/static/chunks/node_modules_next_dist_1e8vcs8._.js:776
[  417467ms] [LOG] [Fast Refresh] done in 12ms @ http://localhost:3000/_next/static/chunks/node_modules_next_dist_1e8vcs8._.js:776
[  417509ms] [LOG] [Fast Refresh] done in 12ms @ http://localhost:3000/_next/static/chunks/node_modules_next_dist_1e8vcs8._.js:776
[  417551ms] [LOG] [Fast Refresh] done in 12ms @ http://localhost:3000/_next/static/chunks/node_modules_next_dist_1e8vcs8._.js:776
[  417599ms] [LOG] [Fast Refresh] done in 12ms @ http://localhost:3000/_next/static/chunks/node_modules_next_dist_1e8vcs8._.js:776
[  417641ms] [LOG] [Fast Refresh] done in 12ms @ http://localhost:3000/_next/static/chunks/node_modules_next_dist_1e8vcs8._.js:776
[  417682ms] [LOG] [Fast Refresh] done in 12ms @ http://localhost:3000/_next/static/chunks/node_modules_next_dist_1e8vcs8._.js:776
[  417731ms] [LOG] [Fast Refresh] done in 12ms @ http://localhost:3000/_next/static/chunks/node_modules_next_dist_1e8vcs8._.js:776
[  417776ms] [LOG] [Fast Refresh] done in 12ms @ http://localhost:3000/_next/static/chunks/node_modules_next_dist_1e8vcs8._.js:776
[  417831ms] [LOG] [Fast Refresh] done in 12ms @ http://localhost:3000/_next/static/chunks/node_modules_next_dist_1e8vcs8._.js:776
[  417881ms] [LOG] [Fast Refresh] done in 12ms @ http://localhost:3000/_next/static/chunks/node_modules_next_dist_1e8vcs8._.js:776
[  417929ms] [LOG] [Fast Refresh] done in 12ms @ http://localhost:3000/_next/static/chunks/node_modules_next_dist_1e8vcs8._.js:776
[  417978ms] [LOG] [Fast Refresh] done in 12ms @ http://localhost:3000/_next/static/chunks/node_modules_next_dist_1e8vcs8._.js:776
[  418033ms] [LOG] [Fast Refresh] done in 12ms @ http://localhost:3000/_next/static/chunks/node_modules_next_dist_1e8vcs8._.js:776
[  418082ms] [LOG] [Fast Refresh] done in 12ms @ http://localhost:3000/_next/static/chunks/node_modules_next_dist_1e8vcs8._.js:776
[  418130ms] [LOG] [Fast Refresh] done in 12ms @ http://localhost:3000/_next/static/chunks/node_modules_next_dist_1e8vcs8._.js:776
[  418178ms] [LOG] [Fast Refresh] done in 12ms @ http://localhost:3000/_next/static/chunks/node_modules_next_dist_1e8vcs8._.js:776
[  418227ms] [LOG] [Fast Refresh] done in 12ms @ http://localhost:3000/_next/static/chunks/node_modules_next_dist_1e8vcs8._.js:776
[  418266ms] [LOG] [Fast Refresh] done in 12ms @ http://localhost:3000/_next/static/chunks/node_modules_next_dist_1e8vcs8._.js:776
[  418321ms] [LOG] [Fast Refresh] done in 12ms @ http://localhost:3000/_next/static/chunks/node_modules_next_dist_1e8vcs8._.js:776
[  418384ms] [LOG] [Fast Refresh] done in 12ms @ http://localhost:3000/_next/static/chunks/node_modules_next_dist_1e8vcs8._.js:776
[  418432ms] [LOG] [Fast Refresh] done in 12ms @ http://localhost:3000/_next/static/chunks/node_modules_next_dist_1e8vcs8._.js:776
[  418488ms] [LOG] [Fast Refresh] done in 12ms @ http://localhost:3000/_next/static/chunks/node_modules_next_dist_1e8vcs8._.js:776
[  418532ms] [LOG] [Fast Refresh] done in 12ms @ http://localhost:3000/_next/static/chunks/node_modules_next_dist_1e8vcs8._.js:776
[  418593ms] [LOG] [Fast Refresh] done in 12ms @ http://localhost:3000/_next/static/chunks/node_modules_next_dist_1e8vcs8._.js:776
[  418641ms] [LOG] [Fast Refresh] done in 12ms @ http://localhost:3000/_next/static/chunks/node_modules_next_dist_1e8vcs8._.js:776
[  418683ms] [LOG] [Fast Refresh] done in 12ms @ http://localhost:3000/_next/static/chunks/node_modules_next_dist_1e8vcs8._.js:776
[  418738ms] [LOG] [Fast Refresh] done in 12ms @ http://localhost:3000/_next/static/chunks/node_modules_next_dist_1e8vcs8._.js:776
[  418786ms] [LOG] [Fast Refresh] done in 12ms @ http://localhost:3000/_next/static/chunks/node_modules_next_dist_1e8vcs8._.js:776
[  418840ms] [LOG] [Fast Refresh] done in 12ms @ http://localhost:3000/_next/static/chunks/node_modules_next_dist_1e8vcs8._.js:776
[  418885ms] [LOG] [Fast Refresh] done in 12ms @ http://localhost:3000/_next/static/chunks/node_modules_next_dist_1e8vcs8._.js:776
[  418937ms] [LOG] [Fast Refresh] done in 12ms @ http://localhost:3000/_next/static/chunks/node_modules_next_dist_1e8vcs8._.js:776
[  418988ms] [LOG] [Fast Refresh] done in 12ms @ http://localhost:3000/_next/static/chunks/node_modules_next_dist_1e8vcs8._.js:776
[  419032ms] [LOG] [Fast Refresh] done in 12ms @ http://localhost:3000/_next/static/chunks/node_modules_next_dist_1e8vcs8._.js:776
[  419079ms] [LOG] [Fast Refresh] done in 12ms @ http://localhost:3000/_next/static/chunks/node_modules_next_dist_1e8vcs8._.js:776
[  419121ms] [LOG] [Fast Refresh] done in 12ms @ http://localhost:3000/_next/static/chunks/node_modules_next_dist_1e8vcs8._.js:776
[  419174ms] [LOG] [Fast Refresh] done in 12ms @ http://localhost:3000/_next/static/chunks/node_modules_next_dist_1e8vcs8._.js:776
[  419233ms] [LOG] [Fast Refresh] done in 12ms @ http://localhost:3000/_next/static/chunks/node_modules_next_dist_1e8vcs8._.js:776
[  419292ms] [LOG] [Fast Refresh] done in 12ms @ http://localhost:3000/_next/static/chunks/node_modules_next_dist_1e8vcs8._.js:776
[  419342ms] [LOG] [Fast Refresh] done in 12ms @ http://localhost:3000/_next/static/chunks/node_modules_next_dist_1e8vcs8._.js:776
[  419394ms] [LOG] [Fast Refresh] done in 12ms @ http://localhost:3000/_next/static/chunks/node_modules_next_dist_1e8vcs8._.js:776
[  419448ms] [LOG] [Fast Refresh] done in 12ms @ http://localhost:3000/_next/static/chunks/node_modules_next_dist_1e8vcs8._.js:776
[  419495ms] [LOG] [Fast Refresh] done in 12ms @ http://localhost:3000/_next/static/chunks/node_modules_next_dist_1e8vcs8._.js:776
[  419550ms] [LOG] [Fast Refresh] done in 12ms @ http://localhost:3000/_next/static/chunks/node_modules_next_dist_1e8vcs8._.js:776
[  419592ms] [LOG] [Fast Refresh] done in 12ms @ http://localhost:3000/_next/static/chunks/node_modules_next_dist_1e8vcs8._.js:776
[  419634ms] [LOG] [Fast Refresh] done in 12ms @ http://localhost:3000/_next/static/chunks/node_modules_next_dist_1e8vcs8._.js:776
[  419678ms] [LOG] [Fast Refresh] done in 12ms @ http://localhost:3000/_next/static/chunks/node_modules_next_dist_1e8vcs8._.js:776
[  419718ms] [LOG] [Fast Refresh] done in 12ms @ http://localhost:3000/_next/static/chunks/node_modules_next_dist_1e8vcs8._.js:776
[  419775ms] [LOG] [Fast Refresh] done in 12ms @ http://localhost:3000/_next/static/chunks/node_modules_next_dist_1e8vcs8._.js:776
[  419830ms] [LOG] [Fast Refresh] done in 12ms @ http://localhost:3000/_next/static/chunks/node_modules_next_dist_1e8vcs8._.js:776
[  419890ms] [LOG] [Fast Refresh] done in 12ms @ http://localhost:3000/_next/static/chunks/node_modules_next_dist_1e8vcs8._.js:776
[  419932ms] [LOG] [Fast Refresh] done in 12ms @ http://localhost:3000/_next/static/chunks/node_modules_next_dist_1e8vcs8._.js:776
[  419977ms] [LOG] [Fast Refresh] done in 12ms @ http://localhost:3000/_next/static/chunks/node_modules_next_dist_1e8vcs8._.js:776
[  420026ms] [LOG] [Fast Refresh] done in 12ms @ http://localhost:3000/_next/static/chunks/node_modules_next_dist_1e8vcs8._.js:776
[  420081ms] [LOG] [Fast Refresh] done in 12ms @ http://localhost:3000/_next/static/chunks/node_modules_next_dist_1e8vcs8._.js:776
[  420120ms] [LOG] [Fast Refresh] done in 12ms @ http://localhost:3000/_next/static/chunks/node_modules_next_dist_1e8vcs8._.js:776
[  420163ms] [LOG] [Fast Refresh] done in 12ms @ http://localhost:3000/_next/static/chunks/node_modules_next_dist_1e8vcs8._.js:776
[  420217ms] [LOG] [Fast Refresh] done in 12ms @ http://localhost:3000/_next/static/chunks/node_modules_next_dist_1e8vcs8._.js:776
[  420266ms] [LOG] [Fast Refresh] done in 12ms @ http://localhost:3000/_next/static/chunks/node_modules_next_dist_1e8vcs8._.js:776
[  420314ms] [LOG] [Fast Refresh] done in 12ms @ http://localhost:3000/_next/static/chunks/node_modules_next_dist_1e8vcs8._.js:776
[  420365ms] [LOG] [Fast Refresh] done in 12ms @ http://localhost:3000/_next/static/chunks/node_modules_next_dist_1e8vcs8._.js:776
[  420408ms] [LOG] [Fast Refresh] done in 12ms @ http://localhost:3000/_next/static/chunks/node_modules_next_dist_1e8vcs8._.js:776
[  420448ms] [LOG] [Fast Refresh] done in 12ms @ http://localhost:3000/_next/static/chunks/node_modules_next_dist_1e8vcs8._.js:776
[  420503ms] [LOG] [Fast Refresh] done in 12ms @ http://localhost:3000/_next/static/chunks/node_modules_next_dist_1e8vcs8._.js:776
[  420544ms] [LOG] [Fast Refresh] done in 12ms @ http://localhost:3000/_next/static/chunks/node_modules_next_dist_1e8vcs8._.js:776
[  420585ms] [LOG] [Fast Refresh] done in 12ms @ http://localhost:3000/_next/static/chunks/node_modules_next_dist_1e8vcs8._.js:776
[  420636ms] [LOG] [Fast Refresh] done in 12ms @ http://localhost:3000/_next/static/chunks/node_modules_next_dist_1e8vcs8._.js:776
[  420675ms] [LOG] [Fast Refresh] done in 12ms @ http://localhost:3000/_next/static/chunks/node_modules_next_dist_1e8vcs8._.js:776
[  420718ms] [LOG] [Fast Refresh] done in 12ms @ http://localhost:3000/_next/static/chunks/node_modules_next_dist_1e8vcs8._.js:776
[  420760ms] [LOG] [Fast Refresh] done in 12ms @ http://localhost:3000/_next/static/chunks/node_modules_next_dist_1e8vcs8._.js:776
[  420808ms] [LOG] [Fast Refresh] done in 12ms @ http://localhost:3000/_next/static/chunks/node_modules_next_dist_1e8vcs8._.js:776
[  420849ms] [LOG] [Fast Refresh] done in 12ms @ http://localhost:3000/_next/static/chunks/node_modules_next_dist_1e8vcs8._.js:776
[  420903ms] [LOG] [Fast Refresh] done in 12ms @ http://localhost:3000/_next/static/chunks/node_modules_next_dist_1e8vcs8._.js:776
[  420947ms] [LOG] [Fast Refresh] done in 12ms @ http://localhost:3000/_next/static/chunks/node_modules_next_dist_1e8vcs8._.js:776
[  420988ms] [LOG] [Fast Refresh] done in 12ms @ http://localhost:3000/_next/static/chunks/node_modules_next_dist_1e8vcs8._.js:776
[  421045ms] [LOG] [Fast Refresh] done in 12ms @ http://localhost:3000/_next/static/chunks/node_modules_next_dist_1e8vcs8._.js:776
[  421086ms] [LOG] [Fast Refresh] done in 12ms @ http://localhost:3000/_next/static/chunks/node_modules_next_dist_1e8vcs8._.js:776
[  421136ms] [LOG] [Fast Refresh] done in 12ms @ http://localhost:3000/_next/static/chunks/node_modules_next_dist_1e8vcs8._.js:776
[  421176ms] [LOG] [Fast Refresh] done in 12ms @ http://localhost:3000/_next/static/chunks/node_modules_next_dist_1e8vcs8._.js:776
[  421226ms] [LOG] [Fast Refresh] done in 12ms @ http://localhost:3000/_next/static/chunks/node_modules_next_dist_1e8vcs8._.js:776
[  421267ms] [LOG] [Fast Refresh] done in 12ms @ http://localhost:3000/_next/static/chunks/node_modules_next_dist_1e8vcs8._.js:776
[  421308ms] [LOG] [Fast Refresh] done in 12ms @ http://localhost:3000/_next/static/chunks/node_modules_next_dist_1e8vcs8._.js:776
[  421350ms] [LOG] [Fast Refresh] done in 12ms @ http://localhost:3000/_next/static/chunks/node_modules_next_dist_1e8vcs8._.js:776
[  421399ms] [LOG] [Fast Refresh] done in 12ms @ http://localhost:3000/_next/static/chunks/node_modules_next_dist_1e8vcs8._.js:776
[  421447ms] [LOG] [Fast Refresh] done in 12ms @ http://localhost:3000/_next/static/chunks/node_modules_next_dist_1e8vcs8._.js:776
[  421496ms] [LOG] [Fast Refresh] done in 12ms @ http://localhost:3000/_next/static/chunks/node_modules_next_dist_1e8vcs8._.js:776
[  421543ms] [LOG] [Fast Refresh] done in 12ms @ http://localhost:3000/_next/static/chunks/node_modules_next_dist_1e8vcs8._.js:776
[  421586ms] [LOG] [Fast Refresh] done in 12ms @ http://localhost:3000/_next/static/chunks/node_modules_next_dist_1e8vcs8._.js:776
[  421630ms] [LOG] [Fast Refresh] done in 12ms @ http://localhost:3000/_next/static/chunks/node_modules_next_dist_1e8vcs8._.js:776
[  421679ms] [LOG] [Fast Refresh] done in 12ms @ http://localhost:3000/_next/static/chunks/node_modules_next_dist_1e8vcs8._.js:776
[  421728ms] [LOG] [Fast Refresh] done in 12ms @ http://localhost:3000/_next/static/chunks/node_modules_next_dist_1e8vcs8._.js:776
[  421776ms] [LOG] [Fast Refresh] done in 12ms @ http://localhost:3000/_next/static/chunks/node_modules_next_dist_1e8vcs8._.js:776
[  421828ms] [LOG] [Fast Refresh] done in 12ms @ http://localhost:3000/_next/static/chunks/node_modules_next_dist_1e8vcs8._.js:776
[  421881ms] [LOG] [Fast Refresh] done in 12ms @ http://localhost:3000/_next/static/chunks/node_modules_next_dist_1e8vcs8._.js:776
[  421929ms] [LOG] [Fast Refresh] done in 12ms @ http://localhost:3000/_next/static/chunks/node_modules_next_dist_1e8vcs8._.js:776
[  421981ms] [LOG] [Fast Refresh] done in 12ms @ http://localhost:3000/_next/static/chunks/node_modules_next_dist_1e8vcs8._.js:776
[  422031ms] [LOG] [Fast Refresh] done in 12ms @ http://localhost:3000/_next/static/chunks/node_modules_next_dist_1e8vcs8._.js:776
[  422073ms] [LOG] [Fast Refresh] done in 12ms @ http://localhost:3000/_next/static/chunks/node_modules_next_dist_1e8vcs8._.js:776
[  422115ms] [LOG] [Fast Refresh] done in 12ms @ http://localhost:3000/_next/static/chunks/node_modules_next_dist_1e8vcs8._.js:776
[  422165ms] [LOG] [Fast Refresh] done in 12ms @ http://localhost:3000/_next/static/chunks/node_modules_next_dist_1e8vcs8._.js:776
[  422228ms] [LOG] [Fast Refresh] done in 12ms @ http://localhost:3000/_next/static/chunks/node_modules_next_dist_1e8vcs8._.js:776
[  422276ms] [LOG] [Fast Refresh] done in 12ms @ http://localhost:3000/_next/static/chunks/node_modules_next_dist_1e8vcs8._.js:776
[  422332ms] [LOG] [Fast Refresh] done in 12ms @ http://localhost:3000/_next/static/chunks/node_modules_next_dist_1e8vcs8._.js:776
[  422382ms] [LOG] [Fast Refresh] done in 12ms @ http://localhost:3000/_next/static/chunks/node_modules_next_dist_1e8vcs8._.js:776
[  422429ms] [LOG] [Fast Refresh] done in 12ms @ http://localhost:3000/_next/static/chunks/node_modules_next_dist_1e8vcs8._.js:776
[  422474ms] [LOG] [Fast Refresh] done in 12ms @ http://localhost:3000/_next/static/chunks/node_modules_next_dist_1e8vcs8._.js:776
[  422527ms] [LOG] [Fast Refresh] done in 12ms @ http://localhost:3000/_next/static/chunks/node_modules_next_dist_1e8vcs8._.js:776
[  422582ms] [LOG] [Fast Refresh] done in 12ms @ http://localhost:3000/_next/static/chunks/node_modules_next_dist_1e8vcs8._.js:776
[  422629ms] [LOG] [Fast Refresh] done in 12ms @ http://localhost:3000/_next/static/chunks/node_modules_next_dist_1e8vcs8._.js:776
[  422669ms] [LOG] [Fast Refresh] done in 12ms @ http://localhost:3000/_next/static/chunks/node_modules_next_dist_1e8vcs8._.js:776
[  422727ms] [LOG] [Fast Refresh] done in 12ms @ http://localhost:3000/_next/static/chunks/node_modules_next_dist_1e8vcs8._.js:776
[  422774ms] [LOG] [Fast Refresh] done in 12ms @ http://localhost:3000/_next/static/chunks/node_modules_next_dist_1e8vcs8._.js:776
[  422832ms] [LOG] [Fast Refresh] done in 12ms @ http://localhost:3000/_next/static/chunks/node_modules_next_dist_1e8vcs8._.js:776
[  422880ms] [LOG] [Fast Refresh] done in 12ms @ http://localhost:3000/_next/static/chunks/node_modules_next_dist_1e8vcs8._.js:776
[  422929ms] [LOG] [Fast Refresh] done in 12ms @ http://localhost:3000/_next/static/chunks/node_modules_next_dist_1e8vcs8._.js:776
[  422978ms] [LOG] [Fast Refresh] done in 12ms @ http://localhost:3000/_next/static/chunks/node_modules_next_dist_1e8vcs8._.js:776
[  423029ms] [LOG] [Fast Refresh] done in 12ms @ http://localhost:3000/_next/static/chunks/node_modules_next_dist_1e8vcs8._.js:776
[  423072ms] [LOG] [Fast Refresh] done in 12ms @ http://localhost:3000/_next/static/chunks/node_modules_next_dist_1e8vcs8._.js:776
[  423115ms] [LOG] [Fast Refresh] done in 12ms @ http://localhost:3000/_next/static/chunks/node_modules_next_dist_1e8vcs8._.js:776
[  423171ms] [LOG] [Fast Refresh] done in 12ms @ http://localhost:3000/_next/static/chunks/node_modules_next_dist_1e8vcs8._.js:776
[  423218ms] [LOG] [Fast Refresh] done in 12ms @ http://localhost:3000/_next/static/chunks/node_modules_next_dist_1e8vcs8._.js:776
[  423259ms] [LOG] [Fast Refresh] done in 12ms @ http://localhost:3000/_next/static/chunks/node_modules_next_dist_1e8vcs8._.js:776
[  423317ms] [LOG] [Fast Refresh] done in 12ms @ http://localhost:3000/_next/static/chunks/node_modules_next_dist_1e8vcs8._.js:776
[  423381ms] [LOG] [Fast Refresh] done in 12ms @ http://localhost:3000/_next/static/chunks/node_modules_next_dist_1e8vcs8._.js:776
[  423429ms] [LOG] [Fast Refresh] done in 12ms @ http://localhost:3000/_next/static/chunks/node_modules_next_dist_1e8vcs8._.js:776
[  423481ms] [LOG] [Fast Refresh] done in 12ms @ http://localhost:3000/_next/static/chunks/node_modules_next_dist_1e8vcs8._.js:776
[  423525ms] [LOG] [Fast Refresh] done in 12ms @ http://localhost:3000/_next/static/chunks/node_modules_next_dist_1e8vcs8._.js:776
[  423582ms] [LOG] [Fast Refresh] done in 12ms @ http://localhost:3000/_next/static/chunks/node_modules_next_dist_1e8vcs8._.js:776
[  423630ms] [LOG] [Fast Refresh] done in 12ms @ http://localhost:3000/_next/static/chunks/node_modules_next_dist_1e8vcs8._.js:776
[  423670ms] [LOG] [Fast Refresh] done in 12ms @ http://localhost:3000/_next/static/chunks/node_modules_next_dist_1e8vcs8._.js:776
[  423712ms] [LOG] [Fast Refresh] done in 12ms @ http://localhost:3000/_next/static/chunks/node_modules_next_dist_1e8vcs8._.js:776
[  423776ms] [LOG] [Fast Refresh] done in 12ms @ http://localhost:3000/_next/static/chunks/node_modules_next_dist_1e8vcs8._.js:776
[  423832ms] [LOG] [Fast Refresh] done in 12ms @ http://localhost:3000/_next/static/chunks/node_modules_next_dist_1e8vcs8._.js:776
[  423880ms] [LOG] [Fast Refresh] done in 12ms @ http://localhost:3000/_next/static/chunks/node_modules_next_dist_1e8vcs8._.js:776
[  423929ms] [LOG] [Fast Refresh] done in 12ms @ http://localhost:3000/_next/static/chunks/node_modules_next_dist_1e8vcs8._.js:776
[  423973ms] [LOG] [Fast Refresh] done in 12ms @ http://localhost:3000/_next/static/chunks/node_modules_next_dist_1e8vcs8._.js:776
[  424027ms] [LOG] [Fast Refresh] done in 12ms @ http://localhost:3000/_next/static/chunks/node_modules_next_dist_1e8vcs8._.js:776
[  424077ms] [LOG] [Fast Refresh] done in 12ms @ http://localhost:3000/_next/static/chunks/node_modules_next_dist_1e8vcs8._.js:776
[  424131ms] [LOG] [Fast Refresh] done in 12ms @ http://localhost:3000/_next/static/chunks/node_modules_next_dist_1e8vcs8._.js:776
[  424179ms] [LOG] [Fast Refresh] done in 12ms @ http://localhost:3000/_next/static/chunks/node_modules_next_dist_1e8vcs8._.js:776
[  424231ms] [LOG] [Fast Refresh] done in 12ms @ http://localhost:3000/_next/static/chunks/node_modules_next_dist_1e8vcs8._.js:776
[  424277ms] [LOG] [Fast Refresh] done in 12ms @ http://localhost:3000/_next/static/chunks/node_modules_next_dist_1e8vcs8._.js:776
[  424325ms] [LOG] [Fast Refresh] done in 12ms @ http://localhost:3000/_next/static/chunks/node_modules_next_dist_1e8vcs8._.js:776
[  424377ms] [LOG] [Fast Refresh] done in 12ms @ http://localhost:3000/_next/static/chunks/node_modules_next_dist_1e8vcs8._.js:776
[  424429ms] [LOG] [Fast Refresh] done in 12ms @ http://localhost:3000/_next/static/chunks/node_modules_next_dist_1e8vcs8._.js:776
[  424478ms] [LOG] [Fast Refresh] done in 12ms @ http://localhost:3000/_next/static/chunks/node_modules_next_dist_1e8vcs8._.js:776
[  424527ms] [LOG] [Fast Refresh] done in 12ms @ http://localhost:3000/_next/static/chunks/node_modules_next_dist_1e8vcs8._.js:776
[  424572ms] [LOG] [Fast Refresh] done in 12ms @ http://localhost:3000/_next/static/chunks/node_modules_next_dist_1e8vcs8._.js:776
[  424615ms] [LOG] [Fast Refresh] done in 12ms @ http://localhost:3000/_next/static/chunks/node_modules_next_dist_1e8vcs8._.js:776
[  424664ms] [LOG] [Fast Refresh] done in 12ms @ http://localhost:3000/_next/static/chunks/node_modules_next_dist_1e8vcs8._.js:776
[  424717ms] [LOG] [Fast Refresh] done in 12ms @ http://localhost:3000/_next/static/chunks/node_modules_next_dist_1e8vcs8._.js:776
[  424776ms] [LOG] [Fast Refresh] done in 12ms @ http://localhost:3000/_next/static/chunks/node_modules_next_dist_1e8vcs8._.js:776
[  424825ms] [LOG] [Fast Refresh] done in 12ms @ http://localhost:3000/_next/static/chunks/node_modules_next_dist_1e8vcs8._.js:776
[  424878ms] [LOG] [Fast Refresh] done in 12ms @ http://localhost:3000/_next/static/chunks/node_modules_next_dist_1e8vcs8._.js:776
[  424929ms] [LOG] [Fast Refresh] done in 12ms @ http://localhost:3000/_next/static/chunks/node_modules_next_dist_1e8vcs8._.js:776
[  424978ms] [LOG] [Fast Refresh] done in 12ms @ http://localhost:3000/_next/static/chunks/node_modules_next_dist_1e8vcs8._.js:776
[  425027ms] [LOG] [Fast Refresh] done in 12ms @ http://localhost:3000/_next/static/chunks/node_modules_next_dist_1e8vcs8._.js:776
[  425072ms] [LOG] [Fast Refresh] done in 12ms @ http://localhost:3000/_next/static/chunks/node_modules_next_dist_1e8vcs8._.js:776
[  425130ms] [LOG] [Fast Refresh] done in 12ms @ http://localhost:3000/_next/static/chunks/node_modules_next_dist_1e8vcs8._.js:776
[  425179ms] [LOG] [Fast Refresh] done in 12ms @ http://localhost:3000/_next/static/chunks/node_modules_next_dist_1e8vcs8._.js:776
[  425229ms] [LOG] [Fast Refresh] done in 12ms @ http://localhost:3000/_next/static/chunks/node_modules_next_dist_1e8vcs8._.js:776
[  425280ms] [LOG] [Fast Refresh] done in 12ms @ http://localhost:3000/_next/static/chunks/node_modules_next_dist_1e8vcs8._.js:776
[  425325ms] [LOG] [Fast Refresh] done in 12ms @ http://localhost:3000/_next/static/chunks/node_modules_next_dist_1e8vcs8._.js:776
[  425381ms] [LOG] [Fast Refresh] done in 12ms @ http://localhost:3000/_next/static/chunks/node_modules_next_dist_1e8vcs8._.js:776
[  425429ms] [LOG] [Fast Refresh] done in 12ms @ http://localhost:3000/_next/static/chunks/node_modules_next_dist_1e8vcs8._.js:776
[  425479ms] [LOG] [Fast Refresh] done in 12ms @ http://localhost:3000/_next/static/chunks/node_modules_next_dist_1e8vcs8._.js:776
[  425523ms] [LOG] [Fast Refresh] done in 12ms @ http://localhost:3000/_next/static/chunks/node_modules_next_dist_1e8vcs8._.js:776
[  425571ms] [LOG] [Fast Refresh] done in 12ms @ http://localhost:3000/_next/static/chunks/node_modules_next_dist_1e8vcs8._.js:776
[  425615ms] [LOG] [Fast Refresh] done in 12ms @ http://localhost:3000/_next/static/chunks/node_modules_next_dist_1e8vcs8._.js:776
[  425663ms] [LOG] [Fast Refresh] done in 12ms @ http://localhost:3000/_next/static/chunks/node_modules_next_dist_1e8vcs8._.js:776
[  425728ms] [LOG] [Fast Refresh] done in 12ms @ http://localhost:3000/_next/static/chunks/node_modules_next_dist_1e8vcs8._.js:776
[  425774ms] [LOG] [Fast Refresh] done in 12ms @ http://localhost:3000/_next/static/chunks/node_modules_next_dist_1e8vcs8._.js:776
[  425817ms] [LOG] [Fast Refresh] done in 12ms @ http://localhost:3000/_next/static/chunks/node_modules_next_dist_1e8vcs8._.js:776
[  425865ms] [LOG] [Fast Refresh] done in 12ms @ http://localhost:3000/_next/static/chunks/node_modules_next_dist_1e8vcs8._.js:776
[  425929ms] [LOG] [Fast Refresh] done in 12ms @ http://localhost:3000/_next/static/chunks/node_modules_next_dist_1e8vcs8._.js:776
[  425977ms] [LOG] [Fast Refresh] done in 12ms @ http://localhost:3000/_next/static/chunks/node_modules_next_dist_1e8vcs8._.js:776
[  426017ms] [LOG] [Fast Refresh] done in 12ms @ http://localhost:3000/_next/static/chunks/node_modules_next_dist_1e8vcs8._.js:776
[  426066ms] [LOG] [Fast Refresh] done in 12ms @ http://localhost:3000/_next/static/chunks/node_modules_next_dist_1e8vcs8._.js:776
[  426130ms] [LOG] [Fast Refresh] done in 12ms @ http://localhost:3000/_next/static/chunks/node_modules_next_dist_1e8vcs8._.js:776
[  426178ms] [LOG] [Fast Refresh] done in 12ms @ http://localhost:3000/_next/static/chunks/node_modules_next_dist_1e8vcs8._.js:776
[  426228ms] [LOG] [Fast Refresh] done in 12ms @ http://localhost:3000/_next/static/chunks/node_modules_next_dist_1e8vcs8._.js:776
[  426266ms] [LOG] [Fast Refresh] done in 12ms @ http://localhost:3000/_next/static/chunks/node_modules_next_dist_1e8vcs8._.js:776
[  426307ms] [LOG] [Fast Refresh] done in 12ms @ http://localhost:3000/_next/static/chunks/node_modules_next_dist_1e8vcs8._.js:776
[  426365ms] [LOG] [Fast Refresh] done in 12ms @ http://localhost:3000/_next/static/chunks/node_modules_next_dist_1e8vcs8._.js:776
[  426429ms] [LOG] [Fast Refresh] done in 12ms @ http://localhost:3000/_next/static/chunks/node_modules_next_dist_1e8vcs8._.js:776
[  426468ms] [LOG] [Fast Refresh] done in 12ms @ http://localhost:3000/_next/static/chunks/node_modules_next_dist_1e8vcs8._.js:776
[  426526ms] [LOG] [Fast Refresh] done in 12ms @ http://localhost:3000/_next/static/chunks/node_modules_next_dist_1e8vcs8._.js:776
[  426571ms] [LOG] [Fast Refresh] done in 12ms @ http://localhost:3000/_next/static/chunks/node_modules_next_dist_1e8vcs8._.js:776
[  426615ms] [LOG] [Fast Refresh] done in 12ms @ http://localhost:3000/_next/static/chunks/node_modules_next_dist_1e8vcs8._.js:776
[  426664ms] [LOG] [Fast Refresh] done in 12ms @ http://localhost:3000/_next/static/chunks/node_modules_next_dist_1e8vcs8._.js:776
[  426717ms] [LOG] [Fast Refresh] done in 12ms @ http://localhost:3000/_next/static/chunks/node_modules_next_dist_1e8vcs8._.js:776
[  426761ms] [LOG] [Fast Refresh] done in 12ms @ http://localhost:3000/_next/static/chunks/node_modules_next_dist_1e8vcs8._.js:776
[  426814ms] [LOG] [Fast Refresh] done in 12ms @ http://localhost:3000/_next/static/chunks/node_modules_next_dist_1e8vcs8._.js:776
[  426857ms] [LOG] [Fast Refresh] done in 12ms @ http://localhost:3000/_next/static/chunks/node_modules_next_dist_1e8vcs8._.js:776
[  426899ms] [LOG] [Fast Refresh] done in 12ms @ http://localhost:3000/_next/static/chunks/node_modules_next_dist_1e8vcs8._.js:776
[  426953ms] [LOG] [Fast Refresh] done in 12ms @ http://localhost:3000/_next/static/chunks/node_modules_next_dist_1e8vcs8._.js:776
[  427008ms] [LOG] [Fast Refresh] done in 12ms @ http://localhost:3000/_next/static/chunks/node_modules_next_dist_1e8vcs8._.js:776
[  427059ms] [LOG] [Fast Refresh] done in 12ms @ http://localhost:3000/_next/static/chunks/node_modules_next_dist_1e8vcs8._.js:776
[  427115ms] [LOG] [Fast Refresh] done in 12ms @ http://localhost:3000/_next/static/chunks/node_modules_next_dist_1e8vcs8._.js:776
[  427179ms] [LOG] [Fast Refresh] done in 12ms @ http://localhost:3000/_next/static/chunks/node_modules_next_dist_1e8vcs8._.js:776
[  427227ms] [LOG] [Fast Refresh] done in 12ms @ http://localhost:3000/_next/static/chunks/node_modules_next_dist_1e8vcs8._.js:776
[  427276ms] [LOG] [Fast Refresh] done in 12ms @ http://localhost:3000/_next/static/chunks/node_modules_next_dist_1e8vcs8._.js:776
[  427327ms] [LOG] [Fast Refresh] done in 12ms @ http://localhost:3000/_next/static/chunks/node_modules_next_dist_1e8vcs8._.js:776
[  427371ms] [LOG] [Fast Refresh] done in 12ms @ http://localhost:3000/_next/static/chunks/node_modules_next_dist_1e8vcs8._.js:776
[  427414ms] [LOG] [Fast Refresh] done in 12ms @ http://localhost:3000/_next/static/chunks/node_modules_next_dist_1e8vcs8._.js:776
[  427469ms] [LOG] [Fast Refresh] done in 12ms @ http://localhost:3000/_next/static/chunks/node_modules_next_dist_1e8vcs8._.js:776
[  427527ms] [LOG] [Fast Refresh] done in 12ms @ http://localhost:3000/_next/static/chunks/node_modules_next_dist_1e8vcs8._.js:776
[  427576ms] [LOG] [Fast Refresh] done in 12ms @ http://localhost:3000/_next/static/chunks/node_modules_next_dist_1e8vcs8._.js:776
[  427631ms] [LOG] [Fast Refresh] done in 12ms @ http://localhost:3000/_next/static/chunks/node_modules_next_dist_1e8vcs8._.js:776
[  427679ms] [LOG] [Fast Refresh] done in 12ms @ http://localhost:3000/_next/static/chunks/node_modules_next_dist_1e8vcs8._.js:776
[  427728ms] [LOG] [Fast Refresh] done in 12ms @ http://localhost:3000/_next/static/chunks/node_modules_next_dist_1e8vcs8._.js:776
[  427776ms] [LOG] [Fast Refresh] done in 12ms @ http://localhost:3000/_next/static/chunks/node_modules_next_dist_1e8vcs8._.js:776
[  427836ms] [LOG] [Fast Refresh] done in 12ms @ http://localhost:3000/_next/static/chunks/node_modules_next_dist_1e8vcs8._.js:776
[  427881ms] [LOG] [Fast Refresh] done in 12ms @ http://localhost:3000/_next/static/chunks/node_modules_next_dist_1e8vcs8._.js:776
[  427927ms] [LOG] [Fast Refresh] done in 12ms @ http://localhost:3000/_next/static/chunks/node_modules_next_dist_1e8vcs8._.js:776
[  427975ms] [LOG] [Fast Refresh] done in 12ms @ http://localhost:3000/_next/static/chunks/node_modules_next_dist_1e8vcs8._.js:776
[  428027ms] [LOG] [Fast Refresh] done in 12ms @ http://localhost:3000/_next/static/chunks/node_modules_next_dist_1e8vcs8._.js:776
[  428075ms] [LOG] [Fast Refresh] done in 12ms @ http://localhost:3000/_next/static/chunks/node_modules_next_dist_1e8vcs8._.js:776
[  428120ms] [LOG] [Fast Refresh] done in 12ms @ http://localhost:3000/_next/static/chunks/node_modules_next_dist_1e8vcs8._.js:776
[  428163ms] [LOG] [Fast Refresh] done in 12ms @ http://localhost:3000/_next/static/chunks/node_modules_next_dist_1e8vcs8._.js:776
[  428227ms] [LOG] [Fast Refresh] done in 12ms @ http://localhost:3000/_next/static/chunks/node_modules_next_dist_1e8vcs8._.js:776
[  428277ms] [LOG] [Fast Refresh] done in 12ms @ http://localhost:3000/_next/static/chunks/node_modules_next_dist_1e8vcs8._.js:776
[  428324ms] [LOG] [Fast Refresh] done in 12ms @ http://localhost:3000/_next/static/chunks/node_modules_next_dist_1e8vcs8._.js:776
[  428365ms] [LOG] [Fast Refresh] done in 12ms @ http://localhost:3000/_next/static/chunks/node_modules_next_dist_1e8vcs8._.js:776
[  428413ms] [LOG] [Fast Refresh] done in 12ms @ http://localhost:3000/_next/static/chunks/node_modules_next_dist_1e8vcs8._.js:776
[  428469ms] [LOG] [Fast Refresh] done in 12ms @ http://localhost:3000/_next/static/chunks/node_modules_next_dist_1e8vcs8._.js:776
[  428516ms] [LOG] [Fast Refresh] done in 12ms @ http://localhost:3000/_next/static/chunks/node_modules_next_dist_1e8vcs8._.js:776
[  428566ms] [LOG] [Fast Refresh] done in 12ms @ http://localhost:3000/_next/static/chunks/node_modules_next_dist_1e8vcs8._.js:776
[  428631ms] [LOG] [Fast Refresh] done in 12ms @ http://localhost:3000/_next/static/chunks/node_modules_next_dist_1e8vcs8._.js:776
[  428669ms] [LOG] [Fast Refresh] done in 12ms @ http://localhost:3000/_next/static/chunks/node_modules_next_dist_1e8vcs8._.js:776
[  428712ms] [LOG] [Fast Refresh] done in 12ms @ http://localhost:3000/_next/static/chunks/node_modules_next_dist_1e8vcs8._.js:776
[  428761ms] [LOG] [Fast Refresh] done in 12ms @ http://localhost:3000/_next/static/chunks/node_modules_next_dist_1e8vcs8._.js:776
[  428809ms] [LOG] [Fast Refresh] done in 12ms @ http://localhost:3000/_next/static/chunks/node_modules_next_dist_1e8vcs8._.js:776
[  428865ms] [LOG] [Fast Refresh] done in 12ms @ http://localhost:3000/_next/static/chunks/node_modules_next_dist_1e8vcs8._.js:776
[  428914ms] [LOG] [Fast Refresh] done in 12ms @ http://localhost:3000/_next/static/chunks/node_modules_next_dist_1e8vcs8._.js:776
[  428968ms] [LOG] [Fast Refresh] done in 12ms @ http://localhost:3000/_next/static/chunks/node_modules_next_dist_1e8vcs8._.js:776
[  429011ms] [LOG] [Fast Refresh] done in 12ms @ http://localhost:3000/_next/static/chunks/node_modules_next_dist_1e8vcs8._.js:776
[  429076ms] [LOG] [Fast Refresh] done in 12ms @ http://localhost:3000/_next/static/chunks/node_modules_next_dist_1e8vcs8._.js:776
[  429131ms] [LOG] [Fast Refresh] done in 12ms @ http://localhost:3000/_next/static/chunks/node_modules_next_dist_1e8vcs8._.js:776
[  429184ms] [LOG] [Fast Refresh] done in 12ms @ http://localhost:3000/_next/static/chunks/node_modules_next_dist_1e8vcs8._.js:776
[  429228ms] [LOG] [Fast Refresh] done in 12ms @ http://localhost:3000/_next/static/chunks/node_modules_next_dist_1e8vcs8._.js:776
[  429274ms] [LOG] [Fast Refresh] done in 12ms @ http://localhost:3000/_next/static/chunks/node_modules_next_dist_1e8vcs8._.js:776
[  429316ms] [LOG] [Fast Refresh] done in 12ms @ http://localhost:3000/_next/static/chunks/node_modules_next_dist_1e8vcs8._.js:776
[  429366ms] [LOG] [Fast Refresh] done in 12ms @ http://localhost:3000/_next/static/chunks/node_modules_next_dist_1e8vcs8._.js:776
[  429429ms] [LOG] [Fast Refresh] done in 12ms @ http://localhost:3000/_next/static/chunks/node_modules_next_dist_1e8vcs8._.js:776
[  429478ms] [LOG] [Fast Refresh] done in 12ms @ http://localhost:3000/_next/static/chunks/node_modules_next_dist_1e8vcs8._.js:776
[  429524ms] [LOG] [Fast Refresh] done in 12ms @ http://localhost:3000/_next/static/chunks/node_modules_next_dist_1e8vcs8._.js:776
[  429582ms] [LOG] [Fast Refresh] done in 12ms @ http://localhost:3000/_next/static/chunks/node_modules_next_dist_1e8vcs8._.js:776
[  429631ms] [LOG] [Fast Refresh] done in 12ms @ http://localhost:3000/_next/static/chunks/node_modules_next_dist_1e8vcs8._.js:776
[  429679ms] [LOG] [Fast Refresh] done in 12ms @ http://localhost:3000/_next/static/chunks/node_modules_next_dist_1e8vcs8._.js:776
[  429728ms] [LOG] [Fast Refresh] done in 12ms @ http://localhost:3000/_next/static/chunks/node_modules_next_dist_1e8vcs8._.js:776
[  429767ms] [LOG] [Fast Refresh] done in 12ms @ http://localhost:3000/_next/static/chunks/node_modules_next_dist_1e8vcs8._.js:776
[  429826ms] [LOG] [Fast Refresh] done in 12ms @ http://localhost:3000/_next/static/chunks/node_modules_next_dist_1e8vcs8._.js:776
[  429871ms] [LOG] [Fast Refresh] done in 12ms @ http://localhost:3000/_next/static/chunks/node_modules_next_dist_1e8vcs8._.js:776
[  429929ms] [LOG] [Fast Refresh] done in 12ms @ http://localhost:3000/_next/static/chunks/node_modules_next_dist_1e8vcs8._.js:776
[  429978ms] [LOG] [Fast Refresh] done in 12ms @ http://localhost:3000/_next/static/chunks/node_modules_next_dist_1e8vcs8._.js:776
[  430017ms] [LOG] [Fast Refresh] done in 12ms @ http://localhost:3000/_next/static/chunks/node_modules_next_dist_1e8vcs8._.js:776
[  430059ms] [LOG] [Fast Refresh] done in 12ms @ http://localhost:3000/_next/static/chunks/node_modules_next_dist_1e8vcs8._.js:776
[  430115ms] [LOG] [Fast Refresh] done in 12ms @ http://localhost:3000/_next/static/chunks/node_modules_next_dist_1e8vcs8._.js:776
[  430163ms] [LOG] [Fast Refresh] done in 12ms @ http://localhost:3000/_next/static/chunks/node_modules_next_dist_1e8vcs8._.js:776
[  430229ms] [LOG] [Fast Refresh] done in 12ms @ http://localhost:3000/_next/static/chunks/node_modules_next_dist_1e8vcs8._.js:776
[  430276ms] [LOG] [Fast Refresh] done in 12ms @ http://localhost:3000/_next/static/chunks/node_modules_next_dist_1e8vcs8._.js:776
[  430326ms] [LOG] [Fast Refresh] done in 12ms @ http://localhost:3000/_next/static/chunks/node_modules_next_dist_1e8vcs8._.js:776
[  430370ms] [LOG] [Fast Refresh] done in 12ms @ http://localhost:3000/_next/static/chunks/node_modules_next_dist_1e8vcs8._.js:776
[  430428ms] [LOG] [Fast Refresh] done in 12ms @ http://localhost:3000/_next/static/chunks/node_modules_next_dist_1e8vcs8._.js:776
[  430467ms] [LOG] [Fast Refresh] done in 12ms @ http://localhost:3000/_next/static/chunks/node_modules_next_dist_1e8vcs8._.js:776
[  430510ms] [LOG] [Fast Refresh] done in 12ms @ http://localhost:3000/_next/static/chunks/node_modules_next_dist_1e8vcs8._.js:776
[  430565ms] [LOG] [Fast Refresh] done in 12ms @ http://localhost:3000/_next/static/chunks/node_modules_next_dist_1e8vcs8._.js:776
[  430615ms] [LOG] [Fast Refresh] done in 12ms @ http://localhost:3000/_next/static/chunks/node_modules_next_dist_1e8vcs8._.js:776
[  430666ms] [LOG] [Fast Refresh] done in 12ms @ http://localhost:3000/_next/static/chunks/node_modules_next_dist_1e8vcs8._.js:776
[  430712ms] [LOG] [Fast Refresh] done in 12ms @ http://localhost:3000/_next/static/chunks/node_modules_next_dist_1e8vcs8._.js:776
[  430761ms] [LOG] [Fast Refresh] done in 12ms @ http://localhost:3000/_next/static/chunks/node_modules_next_dist_1e8vcs8._.js:776
[  430809ms] [LOG] [Fast Refresh] done in 12ms @ http://localhost:3000/_next/static/chunks/node_modules_next_dist_1e8vcs8._.js:776
[  430864ms] [LOG] [Fast Refresh] done in 12ms @ http://localhost:3000/_next/static/chunks/node_modules_next_dist_1e8vcs8._.js:776
[  430914ms] [LOG] [Fast Refresh] done in 12ms @ http://localhost:3000/_next/static/chunks/node_modules_next_dist_1e8vcs8._.js:776
[  430978ms] [LOG] [Fast Refresh] done in 12ms @ http://localhost:3000/_next/static/chunks/node_modules_next_dist_1e8vcs8._.js:776
[  431024ms] [LOG] [Fast Refresh] done in 12ms @ http://localhost:3000/_next/static/chunks/node_modules_next_dist_1e8vcs8._.js:776
[  431066ms] [LOG] [Fast Refresh] done in 12ms @ http://localhost:3000/_next/static/chunks/node_modules_next_dist_1e8vcs8._.js:776
[  431115ms] [LOG] [Fast Refresh] done in 12ms @ http://localhost:3000/_next/static/chunks/node_modules_next_dist_1e8vcs8._.js:776
[  431164ms] [LOG] [Fast Refresh] done in 12ms @ http://localhost:3000/_next/static/chunks/node_modules_next_dist_1e8vcs8._.js:776
[  431218ms] [LOG] [Fast Refresh] done in 12ms @ http://localhost:3000/_next/static/chunks/node_modules_next_dist_1e8vcs8._.js:776
[  431260ms] [LOG] [Fast Refresh] done in 12ms @ http://localhost:3000/_next/static/chunks/node_modules_next_dist_1e8vcs8._.js:776
[  431325ms] [LOG] [Fast Refresh] done in 12ms @ http://localhost:3000/_next/static/chunks/node_modules_next_dist_1e8vcs8._.js:776
[  431381ms] [LOG] [Fast Refresh] done in 12ms @ http://localhost:3000/_next/static/chunks/node_modules_next_dist_1e8vcs8._.js:776
[  431430ms] [LOG] [Fast Refresh] done in 12ms @ http://localhost:3000/_next/static/chunks/node_modules_next_dist_1e8vcs8._.js:776
[  431473ms] [LOG] [Fast Refresh] done in 12ms @ http://localhost:3000/_next/static/chunks/node_modules_next_dist_1e8vcs8._.js:776
[  431526ms] [LOG] [Fast Refresh] done in 12ms @ http://localhost:3000/_next/static/chunks/node_modules_next_dist_1e8vcs8._.js:776
[  431576ms] [LOG] [Fast Refresh] done in 12ms @ http://localhost:3000/_next/static/chunks/node_modules_next_dist_1e8vcs8._.js:776
[  431621ms] [LOG] [Fast Refresh] done in 12ms @ http://localhost:3000/_next/static/chunks/node_modules_next_dist_1e8vcs8._.js:776
[  431673ms] [LOG] [Fast Refresh] done in 12ms @ http://localhost:3000/_next/static/chunks/node_modules_next_dist_1e8vcs8._.js:776
[  431712ms] [LOG] [Fast Refresh] done in 12ms @ http://localhost:3000/_next/static/chunks/node_modules_next_dist_1e8vcs8._.js:776
[  431766ms] [LOG] [Fast Refresh] done in 12ms @ http://localhost:3000/_next/static/chunks/node_modules_next_dist_1e8vcs8._.js:776
[  431817ms] [LOG] [Fast Refresh] done in 12ms @ http://localhost:3000/_next/static/chunks/node_modules_next_dist_1e8vcs8._.js:776
[  431881ms] [LOG] [Fast Refresh] done in 12ms @ http://localhost:3000/_next/static/chunks/node_modules_next_dist_1e8vcs8._.js:776
[  431930ms] [LOG] [Fast Refresh] done in 12ms @ http://localhost:3000/_next/static/chunks/node_modules_next_dist_1e8vcs8._.js:776
[  431982ms] [LOG] [Fast Refresh] done in 12ms @ http://localhost:3000/_next/static/chunks/node_modules_next_dist_1e8vcs8._.js:776
[  432028ms] [LOG] [Fast Refresh] done in 12ms @ http://localhost:3000/_next/static/chunks/node_modules_next_dist_1e8vcs8._.js:776
[  432082ms] [LOG] [Fast Refresh] done in 12ms @ http://localhost:3000/_next/static/chunks/node_modules_next_dist_1e8vcs8._.js:776
[  432132ms] [LOG] [Fast Refresh] done in 12ms @ http://localhost:3000/_next/static/chunks/node_modules_next_dist_1e8vcs8._.js:776
[  432183ms] [LOG] [Fast Refresh] done in 12ms @ http://localhost:3000/_next/static/chunks/node_modules_next_dist_1e8vcs8._.js:776
[  432228ms] [LOG] [Fast Refresh] done in 12ms @ http://localhost:3000/_next/static/chunks/node_modules_next_dist_1e8vcs8._.js:776
[  432267ms] [LOG] [Fast Refresh] done in 12ms @ http://localhost:3000/_next/static/chunks/node_modules_next_dist_1e8vcs8._.js:776
[  432316ms] [LOG] [Fast Refresh] done in 12ms @ http://localhost:3000/_next/static/chunks/node_modules_next_dist_1e8vcs8._.js:776
[  432380ms] [LOG] [Fast Refresh] done in 12ms @ http://localhost:3000/_next/static/chunks/node_modules_next_dist_1e8vcs8._.js:776
[  432430ms] [LOG] [Fast Refresh] done in 12ms @ http://localhost:3000/_next/static/chunks/node_modules_next_dist_1e8vcs8._.js:776
[  432478ms] [LOG] [Fast Refresh] done in 12ms @ http://localhost:3000/_next/static/chunks/node_modules_next_dist_1e8vcs8._.js:776
[  432527ms] [LOG] [Fast Refresh] done in 12ms @ http://localhost:3000/_next/static/chunks/node_modules_next_dist_1e8vcs8._.js:776
[  432577ms] [LOG] [Fast Refresh] done in 12ms @ http://localhost:3000/_next/static/chunks/node_modules_next_dist_1e8vcs8._.js:776
[  432621ms] [LOG] [Fast Refresh] done in 12ms @ http://localhost:3000/_next/static/chunks/node_modules_next_dist_1e8vcs8._.js:776
[  432664ms] [LOG] [Fast Refresh] done in 12ms @ http://localhost:3000/_next/static/chunks/node_modules_next_dist_1e8vcs8._.js:776
[  432712ms] [LOG] [Fast Refresh] done in 12ms @ http://localhost:3000/_next/static/chunks/node_modules_next_dist_1e8vcs8._.js:776
[  432777ms] [LOG] [Fast Refresh] done in 12ms @ http://localhost:3000/_next/static/chunks/node_modules_next_dist_1e8vcs8._.js:776
[  432822ms] [LOG] [Fast Refresh] done in 12ms @ http://localhost:3000/_next/static/chunks/node_modules_next_dist_1e8vcs8._.js:776
[  432881ms] [LOG] [Fast Refresh] done in 12ms @ http://localhost:3000/_next/static/chunks/node_modules_next_dist_1e8vcs8._.js:776
[  432930ms] [LOG] [Fast Refresh] done in 12ms @ http://localhost:3000/_next/static/chunks/node_modules_next_dist_1e8vcs8._.js:776
[  432978ms] [LOG] [Fast Refresh] done in 12ms @ http://localhost:3000/_next/static/chunks/node_modules_next_dist_1e8vcs8._.js:776
[  433027ms] [LOG] [Fast Refresh] done in 12ms @ http://localhost:3000/_next/static/chunks/node_modules_next_dist_1e8vcs8._.js:776
[  433075ms] [LOG] [Fast Refresh] done in 12ms @ http://localhost:3000/_next/static/chunks/node_modules_next_dist_1e8vcs8._.js:776
[  433130ms] [LOG] [Fast Refresh] done in 12ms @ http://localhost:3000/_next/static/chunks/node_modules_next_dist_1e8vcs8._.js:776
[  433179ms] [LOG] [Fast Refresh] done in 12ms @ http://localhost:3000/_next/static/chunks/node_modules_next_dist_1e8vcs8._.js:776
[  433226ms] [LOG] [Fast Refresh] done in 12ms @ http://localhost:3000/_next/static/chunks/node_modules_next_dist_1e8vcs8._.js:776
[  433277ms] [LOG] [Fast Refresh] done in 12ms @ http://localhost:3000/_next/static/chunks/node_modules_next_dist_1e8vcs8._.js:776
[  433331ms] [LOG] [Fast Refresh] done in 12ms @ http://localhost:3000/_next/static/chunks/node_modules_next_dist_1e8vcs8._.js:776
[  433380ms] [LOG] [Fast Refresh] done in 12ms @ http://localhost:3000/_next/static/chunks/node_modules_next_dist_1e8vcs8._.js:776
[  433430ms] [LOG] [Fast Refresh] done in 12ms @ http://localhost:3000/_next/static/chunks/node_modules_next_dist_1e8vcs8._.js:776
[  433478ms] [LOG] [Fast Refresh] done in 12ms @ http://localhost:3000/_next/static/chunks/node_modules_next_dist_1e8vcs8._.js:776
[  433528ms] [LOG] [Fast Refresh] done in 12ms @ http://localhost:3000/_next/static/chunks/node_modules_next_dist_1e8vcs8._.js:776
[  433582ms] [LOG] [Fast Refresh] done in 12ms @ http://localhost:3000/_next/static/chunks/node_modules_next_dist_1e8vcs8._.js:776
[  433631ms] [LOG] [Fast Refresh] done in 12ms @ http://localhost:3000/_next/static/chunks/node_modules_next_dist_1e8vcs8._.js:776
[  433678ms] [LOG] [Fast Refresh] done in 12ms @ http://localhost:3000/_next/static/chunks/node_modules_next_dist_1e8vcs8._.js:776
[  433728ms] [LOG] [Fast Refresh] done in 12ms @ http://localhost:3000/_next/static/chunks/node_modules_next_dist_1e8vcs8._.js:776
[  433766ms] [LOG] [Fast Refresh] done in 12ms @ http://localhost:3000/_next/static/chunks/node_modules_next_dist_1e8vcs8._.js:776
[  433808ms] [LOG] [Fast Refresh] done in 12ms @ http://localhost:3000/_next/static/chunks/node_modules_next_dist_1e8vcs8._.js:776
[  433865ms] [LOG] [Fast Refresh] done in 12ms @ http://localhost:3000/_next/static/chunks/node_modules_next_dist_1e8vcs8._.js:776
[  433929ms] [LOG] [Fast Refresh] done in 12ms @ http://localhost:3000/_next/static/chunks/node_modules_next_dist_1e8vcs8._.js:776
[  433976ms] [LOG] [Fast Refresh] done in 12ms @ http://localhost:3000/_next/static/chunks/node_modules_next_dist_1e8vcs8._.js:776
[  434026ms] [LOG] [Fast Refresh] done in 12ms @ http://localhost:3000/_next/static/chunks/node_modules_next_dist_1e8vcs8._.js:776
[  434078ms] [LOG] [Fast Refresh] done in 12ms @ http://localhost:3000/_next/static/chunks/node_modules_next_dist_1e8vcs8._.js:776
[  434131ms] [LOG] [Fast Refresh] done in 12ms @ http://localhost:3000/_next/static/chunks/node_modules_next_dist_1e8vcs8._.js:776
[  434179ms] [LOG] [Fast Refresh] done in 12ms @ http://localhost:3000/_next/static/chunks/node_modules_next_dist_1e8vcs8._.js:776
[  434228ms] [LOG] [Fast Refresh] done in 12ms @ http://localhost:3000/_next/static/chunks/node_modules_next_dist_1e8vcs8._.js:776
[  434273ms] [LOG] [Fast Refresh] done in 12ms @ http://localhost:3000/_next/static/chunks/node_modules_next_dist_1e8vcs8._.js:776
[  434332ms] [LOG] [Fast Refresh] done in 12ms @ http://localhost:3000/_next/static/chunks/node_modules_next_dist_1e8vcs8._.js:776
[  434383ms] [LOG] [Fast Refresh] done in 12ms @ http://localhost:3000/_next/static/chunks/node_modules_next_dist_1e8vcs8._.js:776
[  434429ms] [LOG] [Fast Refresh] done in 12ms @ http://localhost:3000/_next/static/chunks/node_modules_next_dist_1e8vcs8._.js:776
[  434472ms] [LOG] [Fast Refresh] done in 12ms @ http://localhost:3000/_next/static/chunks/node_modules_next_dist_1e8vcs8._.js:776
[  434527ms] [LOG] [Fast Refresh] done in 12ms @ http://localhost:3000/_next/static/chunks/node_modules_next_dist_1e8vcs8._.js:776
[  434571ms] [LOG] [Fast Refresh] done in 12ms @ http://localhost:3000/_next/static/chunks/node_modules_next_dist_1e8vcs8._.js:776
[  434631ms] [LOG] [Fast Refresh] done in 12ms @ http://localhost:3000/_next/static/chunks/node_modules_next_dist_1e8vcs8._.js:776
[  434679ms] [LOG] [Fast Refresh] done in 12ms @ http://localhost:3000/_next/static/chunks/node_modules_next_dist_1e8vcs8._.js:776
[  434728ms] [LOG] [Fast Refresh] done in 12ms @ http://localhost:3000/_next/static/chunks/node_modules_next_dist_1e8vcs8._.js:776
[  434777ms] [LOG] [Fast Refresh] done in 12ms @ http://localhost:3000/_next/static/chunks/node_modules_next_dist_1e8vcs8._.js:776
[  434823ms] [LOG] [Fast Refresh] done in 12ms @ http://localhost:3000/_next/static/chunks/node_modules_next_dist_1e8vcs8._.js:776
[  434881ms] [LOG] [Fast Refresh] done in 12ms @ http://localhost:3000/_next/static/chunks/node_modules_next_dist_1e8vcs8._.js:776
[  434933ms] [LOG] [Fast Refresh] done in 12ms @ http://localhost:3000/_next/static/chunks/node_modules_next_dist_1e8vcs8._.js:776
[  435011ms] [LOG] [Fast Refresh] done in 12ms @ http://localhost:3000/_next/static/chunks/node_modules_next_dist_1e8vcs8._.js:776
[  435060ms] [LOG] [Fast Refresh] done in 12ms @ http://localhost:3000/_next/static/chunks/node_modules_next_dist_1e8vcs8._.js:776
[  435113ms] [LOG] [Fast Refresh] done in 12ms @ http://localhost:3000/_next/static/chunks/node_modules_next_dist_1e8vcs8._.js:776
[  435164ms] [LOG] [Fast Refresh] done in 12ms @ http://localhost:3000/_next/static/chunks/node_modules_next_dist_1e8vcs8._.js:776
[  435212ms] [LOG] [Fast Refresh] done in 12ms @ http://localhost:3000/_next/static/chunks/node_modules_next_dist_1e8vcs8._.js:776
[  435275ms] [LOG] [Fast Refresh] done in 12ms @ http://localhost:3000/_next/static/chunks/node_modules_next_dist_1e8vcs8._.js:776
[  435324ms] [LOG] [Fast Refresh] done in 12ms @ http://localhost:3000/_next/static/chunks/node_modules_next_dist_1e8vcs8._.js:776
[  435365ms] [LOG] [Fast Refresh] done in 12ms @ http://localhost:3000/_next/static/chunks/node_modules_next_dist_1e8vcs8._.js:776
[  435414ms] [LOG] [Fast Refresh] done in 12ms @ http://localhost:3000/_next/static/chunks/node_modules_next_dist_1e8vcs8._.js:776
[  435478ms] [LOG] [Fast Refresh] done in 12ms @ http://localhost:3000/_next/static/chunks/node_modules_next_dist_1e8vcs8._.js:776
[  435527ms] [LOG] [Fast Refresh] done in 12ms @ http://localhost:3000/_next/static/chunks/node_modules_next_dist_1e8vcs8._.js:776
[  435577ms] [LOG] [Fast Refresh] done in 12ms @ http://localhost:3000/_next/static/chunks/node_modules_next_dist_1e8vcs8._.js:776
[  435631ms] [LOG] [Fast Refresh] done in 12ms @ http://localhost:3000/_next/static/chunks/node_modules_next_dist_1e8vcs8._.js:776
[  435677ms] [LOG] [Fast Refresh] done in 12ms @ http://localhost:3000/_next/static/chunks/node_modules_next_dist_1e8vcs8._.js:776
[  435728ms] [LOG] [Fast Refresh] done in 12ms @ http://localhost:3000/_next/static/chunks/node_modules_next_dist_1e8vcs8._.js:776
[  435776ms] [LOG] [Fast Refresh] done in 12ms @ http://localhost:3000/_next/static/chunks/node_modules_next_dist_1e8vcs8._.js:776
[  435822ms] [LOG] [Fast Refresh] done in 12ms @ http://localhost:3000/_next/static/chunks/node_modules_next_dist_1e8vcs8._.js:776
[  435864ms] [LOG] [Fast Refresh] done in 12ms @ http://localhost:3000/_next/static/chunks/node_modules_next_dist_1e8vcs8._.js:776
[  435913ms] [LOG] [Fast Refresh] done in 12ms @ http://localhost:3000/_next/static/chunks/node_modules_next_dist_1e8vcs8._.js:776
[  435978ms] [LOG] [Fast Refresh] done in 12ms @ http://localhost:3000/_next/static/chunks/node_modules_next_dist_1e8vcs8._.js:776
[  436023ms] [LOG] [Fast Refresh] done in 12ms @ http://localhost:3000/_next/static/chunks/node_modules_next_dist_1e8vcs8._.js:776
[  436066ms] [LOG] [Fast Refresh] done in 12ms @ http://localhost:3000/_next/static/chunks/node_modules_next_dist_1e8vcs8._.js:776
[  436131ms] [LOG] [Fast Refresh] done in 12ms @ http://localhost:3000/_next/static/chunks/node_modules_next_dist_1e8vcs8._.js:776
[  436179ms] [LOG] [Fast Refresh] done in 12ms @ http://localhost:3000/_next/static/chunks/node_modules_next_dist_1e8vcs8._.js:776
[  436228ms] [LOG] [Fast Refresh] done in 12ms @ http://localhost:3000/_next/static/chunks/node_modules_next_dist_1e8vcs8._.js:776
[  436277ms] [LOG] [Fast Refresh] done in 12ms @ http://localhost:3000/_next/static/chunks/node_modules_next_dist_1e8vcs8._.js:776
[  436325ms] [LOG] [Fast Refresh] done in 12ms @ http://localhost:3000/_next/static/chunks/node_modules_next_dist_1e8vcs8._.js:776
[  436371ms] [LOG] [Fast Refresh] done in 12ms @ http://localhost:3000/_next/static/chunks/node_modules_next_dist_1e8vcs8._.js:776
[  436414ms] [LOG] [Fast Refresh] done in 12ms @ http://localhost:3000/_next/static/chunks/node_modules_next_dist_1e8vcs8._.js:776
[  436462ms] [LOG] [Fast Refresh] done in 12ms @ http://localhost:3000/_next/static/chunks/node_modules_next_dist_1e8vcs8._.js:776
[  436511ms] [LOG] [Fast Refresh] done in 12ms @ http://localhost:3000/_next/static/chunks/node_modules_next_dist_1e8vcs8._.js:776
[  436559ms] [LOG] [Fast Refresh] done in 12ms @ http://localhost:3000/_next/static/chunks/node_modules_next_dist_1e8vcs8._.js:776
[  436615ms] [LOG] [Fast Refresh] done in 12ms @ http://localhost:3000/_next/static/chunks/node_modules_next_dist_1e8vcs8._.js:776
[  436664ms] [LOG] [Fast Refresh] done in 12ms @ http://localhost:3000/_next/static/chunks/node_modules_next_dist_1e8vcs8._.js:776
[  436712ms] [LOG] [Fast Refresh] done in 12ms @ http://localhost:3000/_next/static/chunks/node_modules_next_dist_1e8vcs8._.js:776
[  436761ms] [LOG] [Fast Refresh] done in 12ms @ http://localhost:3000/_next/static/chunks/node_modules_next_dist_1e8vcs8._.js:776
[  436809ms] [LOG] [Fast Refresh] done in 12ms @ http://localhost:3000/_next/static/chunks/node_modules_next_dist_1e8vcs8._.js:776
[  436865ms] [LOG] [Fast Refresh] done in 12ms @ http://localhost:3000/_next/static/chunks/node_modules_next_dist_1e8vcs8._.js:776
[  436914ms] [LOG] [Fast Refresh] done in 12ms @ http://localhost:3000/_next/static/chunks/node_modules_next_dist_1e8vcs8._.js:776
[  436962ms] [LOG] [Fast Refresh] done in 12ms @ http://localhost:3000/_next/static/chunks/node_modules_next_dist_1e8vcs8._.js:776
[  437011ms] [LOG] [Fast Refresh] done in 12ms @ http://localhost:3000/_next/static/chunks/node_modules_next_dist_1e8vcs8._.js:776
[  437075ms] [LOG] [Fast Refresh] done in 12ms @ http://localhost:3000/_next/static/chunks/node_modules_next_dist_1e8vcs8._.js:776
[  437131ms] [LOG] [Fast Refresh] done in 12ms @ http://localhost:3000/_next/static/chunks/node_modules_next_dist_1e8vcs8._.js:776
[  437180ms] [LOG] [Fast Refresh] done in 12ms @ http://localhost:3000/_next/static/chunks/node_modules_next_dist_1e8vcs8._.js:776
[  437228ms] [LOG] [Fast Refresh] done in 12ms @ http://localhost:3000/_next/static/chunks/node_modules_next_dist_1e8vcs8._.js:776
[  437268ms] [LOG] [Fast Refresh] done in 12ms @ http://localhost:3000/_next/static/chunks/node_modules_next_dist_1e8vcs8._.js:776
[  437310ms] [LOG] [Fast Refresh] done in 12ms @ http://localhost:3000/_next/static/chunks/node_modules_next_dist_1e8vcs8._.js:776
[  437371ms] [LOG] [Fast Refresh] done in 12ms @ http://localhost:3000/_next/static/chunks/node_modules_next_dist_1e8vcs8._.js:776
[  437414ms] [LOG] [Fast Refresh] done in 12ms @ http://localhost:3000/_next/static/chunks/node_modules_next_dist_1e8vcs8._.js:776
[  437468ms] [LOG] [Fast Refresh] done in 12ms @ http://localhost:3000/_next/static/chunks/node_modules_next_dist_1e8vcs8._.js:776
[  437509ms] [LOG] [Fast Refresh] done in 12ms @ http://localhost:3000/_next/static/chunks/node_modules_next_dist_1e8vcs8._.js:776
[  437552ms] [LOG] [Fast Refresh] done in 12ms @ http://localhost:3000/_next/static/chunks/node_modules_next_dist_1e8vcs8._.js:776
[  437616ms] [LOG] [Fast Refresh] done in 12ms @ http://localhost:3000/_next/static/chunks/node_modules_next_dist_1e8vcs8._.js:776
[  437679ms] [LOG] [Fast Refresh] done in 12ms @ http://localhost:3000/_next/static/chunks/node_modules_next_dist_1e8vcs8._.js:776
[  437729ms] [LOG] [Fast Refresh] done in 12ms @ http://localhost:3000/_next/static/chunks/node_modules_next_dist_1e8vcs8._.js:776
[  437781ms] [LOG] [Fast Refresh] done in 12ms @ http://localhost:3000/_next/static/chunks/node_modules_next_dist_1e8vcs8._.js:776
[  437826ms] [LOG] [Fast Refresh] done in 12ms @ http://localhost:3000/_next/static/chunks/node_modules_next_dist_1e8vcs8._.js:776
[  437871ms] [LOG] [Fast Refresh] done in 12ms @ http://localhost:3000/_next/static/chunks/node_modules_next_dist_1e8vcs8._.js:776
[  437914ms] [LOG] [Fast Refresh] done in 12ms @ http://localhost:3000/_next/static/chunks/node_modules_next_dist_1e8vcs8._.js:776
[  437962ms] [LOG] [Fast Refresh] done in 12ms @ http://localhost:3000/_next/static/chunks/node_modules_next_dist_1e8vcs8._.js:776
[  438005ms] [LOG] [Fast Refresh] done in 12ms @ http://localhost:3000/_next/static/chunks/node_modules_next_dist_1e8vcs8._.js:776
[  438052ms] [LOG] [Fast Refresh] done in 12ms @ http://localhost:3000/_next/static/chunks/node_modules_next_dist_1e8vcs8._.js:776
[  438094ms] [LOG] [Fast Refresh] done in 12ms @ http://localhost:3000/_next/static/chunks/node_modules_next_dist_1e8vcs8._.js:776
[  438141ms] [LOG] [Fast Refresh] done in 12ms @ http://localhost:3000/_next/static/chunks/node_modules_next_dist_1e8vcs8._.js:776
[  438184ms] [LOG] [Fast Refresh] done in 12ms @ http://localhost:3000/_next/static/chunks/node_modules_next_dist_1e8vcs8._.js:776
[  438228ms] [LOG] [Fast Refresh] done in 12ms @ http://localhost:3000/_next/static/chunks/node_modules_next_dist_1e8vcs8._.js:776
[  438276ms] [LOG] [Fast Refresh] done in 12ms @ http://localhost:3000/_next/static/chunks/node_modules_next_dist_1e8vcs8._.js:776
[  438326ms] [LOG] [Fast Refresh] done in 12ms @ http://localhost:3000/_next/static/chunks/node_modules_next_dist_1e8vcs8._.js:776
[  438371ms] [LOG] [Fast Refresh] done in 12ms @ http://localhost:3000/_next/static/chunks/node_modules_next_dist_1e8vcs8._.js:776
[  438414ms] [LOG] [Fast Refresh] done in 12ms @ http://localhost:3000/_next/static/chunks/node_modules_next_dist_1e8vcs8._.js:776
[  438478ms] [LOG] [Fast Refresh] done in 12ms @ http://localhost:3000/_next/static/chunks/node_modules_next_dist_1e8vcs8._.js:776
[  438517ms] [LOG] [Fast Refresh] done in 12ms @ http://localhost:3000/_next/static/chunks/node_modules_next_dist_1e8vcs8._.js:776
[  438576ms] [LOG] [Fast Refresh] done in 12ms @ http://localhost:3000/_next/static/chunks/node_modules_next_dist_1e8vcs8._.js:776
[  438621ms] [LOG] [Fast Refresh] done in 12ms @ http://localhost:3000/_next/static/chunks/node_modules_next_dist_1e8vcs8._.js:776
[  438679ms] [LOG] [Fast Refresh] done in 12ms @ http://localhost:3000/_next/static/chunks/node_modules_next_dist_1e8vcs8._.js:776
[  438728ms] [LOG] [Fast Refresh] done in 12ms @ http://localhost:3000/_next/static/chunks/node_modules_next_dist_1e8vcs8._.js:776
[  438777ms] [LOG] [Fast Refresh] done in 12ms @ http://localhost:3000/_next/static/chunks/node_modules_next_dist_1e8vcs8._.js:776
[  438821ms] [LOG] [Fast Refresh] done in 12ms @ http://localhost:3000/_next/static/chunks/node_modules_next_dist_1e8vcs8._.js:776
[  438878ms] [LOG] [Fast Refresh] done in 12ms @ http://localhost:3000/_next/static/chunks/node_modules_next_dist_1e8vcs8._.js:776
[  438929ms] [LOG] [Fast Refresh] done in 12ms @ http://localhost:3000/_next/static/chunks/node_modules_next_dist_1e8vcs8._.js:776
[  438979ms] [LOG] [Fast Refresh] done in 12ms @ http://localhost:3000/_next/static/chunks/node_modules_next_dist_1e8vcs8._.js:776
[  439026ms] [LOG] [Fast Refresh] done in 12ms @ http://localhost:3000/_next/static/chunks/node_modules_next_dist_1e8vcs8._.js:776
[  439084ms] [LOG] [Fast Refresh] done in 12ms @ http://localhost:3000/_next/static/chunks/node_modules_next_dist_1e8vcs8._.js:776
[  439132ms] [LOG] [Fast Refresh] done in 12ms @ http://localhost:3000/_next/static/chunks/node_modules_next_dist_1e8vcs8._.js:776
[  439180ms] [LOG] [Fast Refresh] done in 12ms @ http://localhost:3000/_next/static/chunks/node_modules_next_dist_1e8vcs8._.js:776
[  439229ms] [LOG] [Fast Refresh] done in 12ms @ http://localhost:3000/_next/static/chunks/node_modules_next_dist_1e8vcs8._.js:776
[  439277ms] [LOG] [Fast Refresh] done in 12ms @ http://localhost:3000/_next/static/chunks/node_modules_next_dist_1e8vcs8._.js:776
[  439313ms] [LOG] [Fast Refresh] done in 12ms @ http://localhost:3000/_next/static/chunks/node_modules_next_dist_1e8vcs8._.js:776
[  439364ms] [LOG] [Fast Refresh] done in 12ms @ http://localhost:3000/_next/static/chunks/node_modules_next_dist_1e8vcs8._.js:776
[  439414ms] [LOG] [Fast Refresh] done in 12ms @ http://localhost:3000/_next/static/chunks/node_modules_next_dist_1e8vcs8._.js:776
[  439462ms] [LOG] [Fast Refresh] done in 12ms @ http://localhost:3000/_next/static/chunks/node_modules_next_dist_1e8vcs8._.js:776
[  439526ms] [LOG] [Fast Refresh] done in 12ms @ http://localhost:3000/_next/static/chunks/node_modules_next_dist_1e8vcs8._.js:776
[  439566ms] [LOG] [Fast Refresh] done in 12ms @ http://localhost:3000/_next/static/chunks/node_modules_next_dist_1e8vcs8._.js:776
[  439615ms] [LOG] [Fast Refresh] done in 12ms @ http://localhost:3000/_next/static/chunks/node_modules_next_dist_1e8vcs8._.js:776
[  439664ms] [LOG] [Fast Refresh] done in 12ms @ http://localhost:3000/_next/static/chunks/node_modules_next_dist_1e8vcs8._.js:776
[  439719ms] [LOG] [Fast Refresh] done in 12ms @ http://localhost:3000/_next/static/chunks/node_modules_next_dist_1e8vcs8._.js:776
[  439760ms] [LOG] [Fast Refresh] done in 12ms @ http://localhost:3000/_next/static/chunks/node_modules_next_dist_1e8vcs8._.js:776
[  439814ms] [LOG] [Fast Refresh] done in 12ms @ http://localhost:3000/_next/static/chunks/node_modules_next_dist_1e8vcs8._.js:776
