[  286265ms] [ERROR] ./src/components/categories-page/CategoryPageView/CategoryPageView.module.css
Error: Error evaluating Node.js code
CssSyntaxError: D:\work\kaelis-website-new\src\components\categories-page\CategoryPageView\CategoryPageView.module.css:1:1: Unclosed block
    [at Input.error (turbopack:///[project]/node_modules/postcss/lib/input.js:135:16)]
    [at Parser.unclosedBlock (turbopack:///[project]/node_modules/postcss/lib/parser.js:582:22)]
    [at Parser.endFile (turbopack:///[project]/node_modules/postcss/lib/parser.js:342:35)]
    [at Parser.parse (turbopack:///[project]/node_modules/postcss/lib/parser.js:483:10)]
    [at parser (turbopack:///[project]/node_modules/postcss/lib/parse.js:11:12)]
    [at new LazyResult (turbopack:///[project]/node_modules/postcss/lib/lazy-result.js:171:16)]
    [at Processor.process (turbopack:///[project]/node_modules/postcss/lib/processor.js:53:14)]
    [at transform (turbopack:///[turbopack-node]/transforms/postcss.ts?config=[project]/postcss.config.mjs:70:51)]
    [at run (turbopack:///[turbopack-node]/child_process/evaluate.ts:89:29)]
    [at run (turbopack:///[turbopack-node]/child_process/evaluate.ts:112:11)]

Import trace:
  Server Component:
    ./src/components/categories-page/CategoryPageView/CategoryPageView.module.css
    ./src/components/categories-page/CategoryPageView/CategoryPageView.tsx
    ./src/app/categories/[...slug]/page.tsx @ http://localhost:3000/_next/static/chunks/node_modules_next_dist_1e8vcs8._.js:1052
[  286324ms] [LOG] [Fast Refresh] rebuilding @ http://localhost:3000/_next/static/chunks/node_modules_next_dist_1e8vcs8._.js:776
[  286484ms] [LOG] [Fast Refresh] rebuilding @ http://localhost:3000/_next/static/chunks/node_modules_next_dist_1e8vcs8._.js:776
[  286681ms] [ERROR] ./src/components/categories-page/CategoryPageView/CategoryPageView.module.css
Error: Error evaluating Node.js code
CssSyntaxError: D:\work\kaelis-website-new\src\components\categories-page\CategoryPageView\CategoryPageView.module.css:1:1: Unclosed block
    [at Input.error (turbopack:///[project]/node_modules/postcss/lib/input.js:135:16)]
    [at Parser.unclosedBlock (turbopack:///[project]/node_modules/postcss/lib/parser.js:582:22)]
    [at Parser.endFile (turbopack:///[project]/node_modules/postcss/lib/parser.js:342:35)]
    [at Parser.parse (turbopack:///[project]/node_modules/postcss/lib/parser.js:483:10)]
    [at parser (turbopack:///[project]/node_modules/postcss/lib/parse.js:11:12)]
    [at new LazyResult (turbopack:///[project]/node_modules/postcss/lib/lazy-result.js:171:16)]
    [at Processor.process (turbopack:///[project]/node_modules/postcss/lib/processor.js:53:14)]
    [at transform (turbopack:///[turbopack-node]/transforms/postcss.ts?config=[project]/postcss.config.mjs:70:51)]
    [at run (turbopack:///[turbopack-node]/child_process/evaluate.ts:89:29)]
    [at run (turbopack:///[turbopack-node]/child_process/evaluate.ts:112:11)]

Import trace:
  Server Component:
    ./src/components/categories-page/CategoryPageView/CategoryPageView.module.css
    ./src/components/categories-page/CategoryPageView/CategoryPageView.tsx
    ./src/app/categories/[...slug]/page.tsx @ http://localhost:3000/_next/static/chunks/node_modules_next_dist_1e8vcs8._.js:1052
[  286743ms] [ERROR] ./src/components/categories-page/CategoryPageView/CategoryPageView.module.css
Error: Error evaluating Node.js code
CssSyntaxError: D:\work\kaelis-website-new\src\components\categories-page\CategoryPageView\CategoryPageView.module.css:1:1: Unclosed block
    [at Input.error (turbopack:///[project]/node_modules/postcss/lib/input.js:135:16)]
    [at Parser.unclosedBlock (turbopack:///[project]/node_modules/postcss/lib/parser.js:582:22)]
    [at Parser.endFile (turbopack:///[project]/node_modules/postcss/lib/parser.js:342:35)]
    [at Parser.parse (turbopack:///[project]/node_modules/postcss/lib/parser.js:483:10)]
    [at parser (turbopack:///[project]/node_modules/postcss/lib/parse.js:11:12)]
    [at new LazyResult (turbopack:///[project]/node_modules/postcss/lib/lazy-result.js:171:16)]
    [at Processor.process (turbopack:///[project]/node_modules/postcss/lib/processor.js:53:14)]
    [at transform (turbopack:///[turbopack-node]/transforms/postcss.ts?config=[project]/postcss.config.mjs:70:51)]
    [at run (turbopack:///[turbopack-node]/child_process/evaluate.ts:89:29)]
    [at run (turbopack:///[turbopack-node]/child_process/evaluate.ts:112:11)]

Import trace:
  Server Component:
    ./src/components/categories-page/CategoryPageView/CategoryPageView.module.css
    ./src/components/categories-page/CategoryPageView/CategoryPageView.tsx
    ./src/app/categories/[...slug]/page.tsx @ http://localhost:3000/_next/static/chunks/node_modules_next_dist_1e8vcs8._.js:1052
[  286791ms] [ERROR] ./src/components/categories-page/CategoryPageView/CategoryPageView.module.css
Error: Error evaluating Node.js code
CssSyntaxError: D:\work\kaelis-website-new\src\components\categories-page\CategoryPageView\CategoryPageView.module.css:1:1: Unclosed block
    [at Input.error (turbopack:///[project]/node_modules/postcss/lib/input.js:135:16)]
    [at Parser.unclosedBlock (turbopack:///[project]/node_modules/postcss/lib/parser.js:582:22)]
    [at Parser.endFile (turbopack:///[project]/node_modules/postcss/lib/parser.js:342:35)]
    [at Parser.parse (turbopack:///[project]/node_modules/postcss/lib/parser.js:483:10)]
    [at parser (turbopack:///[project]/node_modules/postcss/lib/parse.js:11:12)]
    [at new LazyResult (turbopack:///[project]/node_modules/postcss/lib/lazy-result.js:171:16)]
    [at Processor.process (turbopack:///[project]/node_modules/postcss/lib/processor.js:53:14)]
    [at transform (turbopack:///[turbopack-node]/transforms/postcss.ts?config=[project]/postcss.config.mjs:70:51)]
    [at run (turbopack:///[turbopack-node]/child_process/evaluate.ts:89:29)]
    [at run (turbopack:///[turbopack-node]/child_process/evaluate.ts:112:11)]

Import trace:
  Server Component:
    ./src/components/categories-page/CategoryPageView/CategoryPageView.module.css
    ./src/components/categories-page/CategoryPageView/CategoryPageView.tsx
    ./src/app/categories/[...slug]/page.tsx @ http://localhost:3000/_next/static/chunks/node_modules_next_dist_1e8vcs8._.js:1052
[  286836ms] [ERROR] ./src/components/categories-page/CategoryPageView/CategoryPageView.module.css
Error: Error evaluating Node.js code
CssSyntaxError: D:\work\kaelis-website-new\src\components\categories-page\CategoryPageView\CategoryPageView.module.css:1:1: Unclosed block
    [at Input.error (turbopack:///[project]/node_modules/postcss/lib/input.js:135:16)]
    [at Parser.unclosedBlock (turbopack:///[project]/node_modules/postcss/lib/parser.js:582:22)]
    [at Parser.endFile (turbopack:///[project]/node_modules/postcss/lib/parser.js:342:35)]
    [at Parser.parse (turbopack:///[project]/node_modules/postcss/lib/parser.js:483:10)]
    [at parser (turbopack:///[project]/node_modules/postcss/lib/parse.js:11:12)]
    [at new LazyResult (turbopack:///[project]/node_modules/postcss/lib/lazy-result.js:171:16)]
    [at Processor.process (turbopack:///[project]/node_modules/postcss/lib/processor.js:53:14)]
    [at transform (turbopack:///[turbopack-node]/transforms/postcss.ts?config=[project]/postcss.config.mjs:70:51)]
    [at run (turbopack:///[turbopack-node]/child_process/evaluate.ts:89:29)]
    [at run (turbopack:///[turbopack-node]/child_process/evaluate.ts:112:11)]

Import trace:
  Server Component:
    ./src/components/categories-page/CategoryPageView/CategoryPageView.module.css
    ./src/components/categories-page/CategoryPageView/CategoryPageView.tsx
    ./src/app/categories/[...slug]/page.tsx @ http://localhost:3000/_next/static/chunks/node_modules_next_dist_1e8vcs8._.js:1052
[  286896ms] [ERROR] ./src/components/categories-page/CategoryPageView/CategoryPageView.module.css
Error: Error evaluating Node.js code
CssSyntaxError: D:\work\kaelis-website-new\src\components\categories-page\CategoryPageView\CategoryPageView.module.css:1:1: Unclosed block
    [at Input.error (turbopack:///[project]/node_modules/postcss/lib/input.js:135:16)]
    [at Parser.unclosedBlock (turbopack:///[project]/node_modules/postcss/lib/parser.js:582:22)]
    [at Parser.endFile (turbopack:///[project]/node_modules/postcss/lib/parser.js:342:35)]
    [at Parser.parse (turbopack:///[project]/node_modules/postcss/lib/parser.js:483:10)]
    [at parser (turbopack:///[project]/node_modules/postcss/lib/parse.js:11:12)]
    [at new LazyResult (turbopack:///[project]/node_modules/postcss/lib/lazy-result.js:171:16)]
    [at Processor.process (turbopack:///[project]/node_modules/postcss/lib/processor.js:53:14)]
    [at transform (turbopack:///[turbopack-node]/transforms/postcss.ts?config=[project]/postcss.config.mjs:70:51)]
    [at run (turbopack:///[turbopack-node]/child_process/evaluate.ts:89:29)]
    [at run (turbopack:///[turbopack-node]/child_process/evaluate.ts:112:11)]

Import trace:
  Server Component:
    ./src/components/categories-page/CategoryPageView/CategoryPageView.module.css
    ./src/components/categories-page/CategoryPageView/CategoryPageView.tsx
    ./src/app/categories/[...slug]/page.tsx @ http://localhost:3000/_next/static/chunks/node_modules_next_dist_1e8vcs8._.js:1052
[  286946ms] [ERROR] ./src/components/categories-page/CategoryPageView/CategoryPageView.module.css
Error: Error evaluating Node.js code
CssSyntaxError: D:\work\kaelis-website-new\src\components\categories-page\CategoryPageView\CategoryPageView.module.css:1:1: Unclosed block
    [at Input.error (turbopack:///[project]/node_modules/postcss/lib/input.js:135:16)]
    [at Parser.unclosedBlock (turbopack:///[project]/node_modules/postcss/lib/parser.js:582:22)]
    [at Parser.endFile (turbopack:///[project]/node_modules/postcss/lib/parser.js:342:35)]
    [at Parser.parse (turbopack:///[project]/node_modules/postcss/lib/parser.js:483:10)]
    [at parser (turbopack:///[project]/node_modules/postcss/lib/parse.js:11:12)]
    [at new LazyResult (turbopack:///[project]/node_modules/postcss/lib/lazy-result.js:171:16)]
    [at Processor.process (turbopack:///[project]/node_modules/postcss/lib/processor.js:53:14)]
    [at transform (turbopack:///[turbopack-node]/transforms/postcss.ts?config=[project]/postcss.config.mjs:70:51)]
    [at run (turbopack:///[turbopack-node]/child_process/evaluate.ts:89:29)]
    [at run (turbopack:///[turbopack-node]/child_process/evaluate.ts:112:11)]

Import trace:
  Server Component:
    ./src/components/categories-page/CategoryPageView/CategoryPageView.module.css
    ./src/components/categories-page/CategoryPageView/CategoryPageView.tsx
    ./src/app/categories/[...slug]/page.tsx @ http://localhost:3000/_next/static/chunks/node_modules_next_dist_1e8vcs8._.js:1052
[  286997ms] [ERROR] ./src/components/categories-page/CategoryPageView/CategoryPageView.module.css
Error: Error evaluating Node.js code
CssSyntaxError: D:\work\kaelis-website-new\src\components\categories-page\CategoryPageView\CategoryPageView.module.css:1:1: Unclosed block
    [at Input.error (turbopack:///[project]/node_modules/postcss/lib/input.js:135:16)]
    [at Parser.unclosedBlock (turbopack:///[project]/node_modules/postcss/lib/parser.js:582:22)]
    [at Parser.endFile (turbopack:///[project]/node_modules/postcss/lib/parser.js:342:35)]
    [at Parser.parse (turbopack:///[project]/node_modules/postcss/lib/parser.js:483:10)]
    [at parser (turbopack:///[project]/node_modules/postcss/lib/parse.js:11:12)]
    [at new LazyResult (turbopack:///[project]/node_modules/postcss/lib/lazy-result.js:171:16)]
    [at Processor.process (turbopack:///[project]/node_modules/postcss/lib/processor.js:53:14)]
    [at transform (turbopack:///[turbopack-node]/transforms/postcss.ts?config=[project]/postcss.config.mjs:70:51)]
    [at run (turbopack:///[turbopack-node]/child_process/evaluate.ts:89:29)]
    [at run (turbopack:///[turbopack-node]/child_process/evaluate.ts:112:11)]

Import trace:
  Server Component:
    ./src/components/categories-page/CategoryPageView/CategoryPageView.module.css
    ./src/components/categories-page/CategoryPageView/CategoryPageView.tsx
    ./src/app/categories/[...slug]/page.tsx @ http://localhost:3000/_next/static/chunks/node_modules_next_dist_1e8vcs8._.js:1052
[  287039ms] [ERROR] ./src/components/categories-page/CategoryPageView/CategoryPageView.module.css
Error: Error evaluating Node.js code
CssSyntaxError: D:\work\kaelis-website-new\src\components\categories-page\CategoryPageView\CategoryPageView.module.css:1:1: Unclosed block
    [at Input.error (turbopack:///[project]/node_modules/postcss/lib/input.js:135:16)]
    [at Parser.unclosedBlock (turbopack:///[project]/node_modules/postcss/lib/parser.js:582:22)]
    [at Parser.endFile (turbopack:///[project]/node_modules/postcss/lib/parser.js:342:35)]
    [at Parser.parse (turbopack:///[project]/node_modules/postcss/lib/parser.js:483:10)]
    [at parser (turbopack:///[project]/node_modules/postcss/lib/parse.js:11:12)]
    [at new LazyResult (turbopack:///[project]/node_modules/postcss/lib/lazy-result.js:171:16)]
    [at Processor.process (turbopack:///[project]/node_modules/postcss/lib/processor.js:53:14)]
    [at transform (turbopack:///[turbopack-node]/transforms/postcss.ts?config=[project]/postcss.config.mjs:70:51)]
    [at run (turbopack:///[turbopack-node]/child_process/evaluate.ts:89:29)]
    [at run (turbopack:///[turbopack-node]/child_process/evaluate.ts:112:11)]

Import trace:
  Server Component:
    ./src/components/categories-page/CategoryPageView/CategoryPageView.module.css
    ./src/components/categories-page/CategoryPageView/CategoryPageView.tsx
    ./src/app/categories/[...slug]/page.tsx @ http://localhost:3000/_next/static/chunks/node_modules_next_dist_1e8vcs8._.js:1052
[  287090ms] [ERROR] ./src/components/categories-page/CategoryPageView/CategoryPageView.module.css
Error: Error evaluating Node.js code
CssSyntaxError: D:\work\kaelis-website-new\src\components\categories-page\CategoryPageView\CategoryPageView.module.css:1:1: Unclosed block
    [at Input.error (turbopack:///[project]/node_modules/postcss/lib/input.js:135:16)]
    [at Parser.unclosedBlock (turbopack:///[project]/node_modules/postcss/lib/parser.js:582:22)]
    [at Parser.endFile (turbopack:///[project]/node_modules/postcss/lib/parser.js:342:35)]
    [at Parser.parse (turbopack:///[project]/node_modules/postcss/lib/parser.js:483:10)]
    [at parser (turbopack:///[project]/node_modules/postcss/lib/parse.js:11:12)]
    [at new LazyResult (turbopack:///[project]/node_modules/postcss/lib/lazy-result.js:171:16)]
    [at Processor.process (turbopack:///[project]/node_modules/postcss/lib/processor.js:53:14)]
    [at transform (turbopack:///[turbopack-node]/transforms/postcss.ts?config=[project]/postcss.config.mjs:70:51)]
    [at run (turbopack:///[turbopack-node]/child_process/evaluate.ts:89:29)]
    [at run (turbopack:///[turbopack-node]/child_process/evaluate.ts:112:11)]

Import trace:
  Server Component:
    ./src/components/categories-page/CategoryPageView/CategoryPageView.module.css
    ./src/components/categories-page/CategoryPageView/CategoryPageView.tsx
    ./src/app/categories/[...slug]/page.tsx @ http://localhost:3000/_next/static/chunks/node_modules_next_dist_1e8vcs8._.js:1052
[  287132ms] [ERROR] ./src/components/categories-page/CategoryPageView/CategoryPageView.module.css
Error: Error evaluating Node.js code
CssSyntaxError: D:\work\kaelis-website-new\src\components\categories-page\CategoryPageView\CategoryPageView.module.css:1:1: Unclosed block
    [at Input.error (turbopack:///[project]/node_modules/postcss/lib/input.js:135:16)]
    [at Parser.unclosedBlock (turbopack:///[project]/node_modules/postcss/lib/parser.js:582:22)]
    [at Parser.endFile (turbopack:///[project]/node_modules/postcss/lib/parser.js:342:35)]
    [at Parser.parse (turbopack:///[project]/node_modules/postcss/lib/parser.js:483:10)]
    [at parser (turbopack:///[project]/node_modules/postcss/lib/parse.js:11:12)]
    [at new LazyResult (turbopack:///[project]/node_modules/postcss/lib/lazy-result.js:171:16)]
    [at Processor.process (turbopack:///[project]/node_modules/postcss/lib/processor.js:53:14)]
    [at transform (turbopack:///[turbopack-node]/transforms/postcss.ts?config=[project]/postcss.config.mjs:70:51)]
    [at run (turbopack:///[turbopack-node]/child_process/evaluate.ts:89:29)]
    [at run (turbopack:///[turbopack-node]/child_process/evaluate.ts:112:11)]

Import trace:
  Server Component:
    ./src/components/categories-page/CategoryPageView/CategoryPageView.module.css
    ./src/components/categories-page/CategoryPageView/CategoryPageView.tsx
    ./src/app/categories/[...slug]/page.tsx @ http://localhost:3000/_next/static/chunks/node_modules_next_dist_1e8vcs8._.js:1052
[  287184ms] [ERROR] ./src/components/categories-page/CategoryPageView/CategoryPageView.module.css
Error: Error evaluating Node.js code
CssSyntaxError: D:\work\kaelis-website-new\src\components\categories-page\CategoryPageView\CategoryPageView.module.css:1:1: Unclosed block
    [at Input.error (turbopack:///[project]/node_modules/postcss/lib/input.js:135:16)]
    [at Parser.unclosedBlock (turbopack:///[project]/node_modules/postcss/lib/parser.js:582:22)]
    [at Parser.endFile (turbopack:///[project]/node_modules/postcss/lib/parser.js:342:35)]
    [at Parser.parse (turbopack:///[project]/node_modules/postcss/lib/parser.js:483:10)]
    [at parser (turbopack:///[project]/node_modules/postcss/lib/parse.js:11:12)]
    [at new LazyResult (turbopack:///[project]/node_modules/postcss/lib/lazy-result.js:171:16)]
    [at Processor.process (turbopack:///[project]/node_modules/postcss/lib/processor.js:53:14)]
    [at transform (turbopack:///[turbopack-node]/transforms/postcss.ts?config=[project]/postcss.config.mjs:70:51)]
    [at run (turbopack:///[turbopack-node]/child_process/evaluate.ts:89:29)]
    [at run (turbopack:///[turbopack-node]/child_process/evaluate.ts:112:11)]

Import trace:
  Server Component:
    ./src/components/categories-page/CategoryPageView/CategoryPageView.module.css
    ./src/components/categories-page/CategoryPageView/CategoryPageView.tsx
    ./src/app/categories/[...slug]/page.tsx @ http://localhost:3000/_next/static/chunks/node_modules_next_dist_1e8vcs8._.js:1052
[  287236ms] [ERROR] ./src/components/categories-page/CategoryPageView/CategoryPageView.module.css
Error: Error evaluating Node.js code
CssSyntaxError: D:\work\kaelis-website-new\src\components\categories-page\CategoryPageView\CategoryPageView.module.css:1:1: Unclosed block
    [at Input.error (turbopack:///[project]/node_modules/postcss/lib/input.js:135:16)]
    [at Parser.unclosedBlock (turbopack:///[project]/node_modules/postcss/lib/parser.js:582:22)]
    [at Parser.endFile (turbopack:///[project]/node_modules/postcss/lib/parser.js:342:35)]
    [at Parser.parse (turbopack:///[project]/node_modules/postcss/lib/parser.js:483:10)]
    [at parser (turbopack:///[project]/node_modules/postcss/lib/parse.js:11:12)]
    [at new LazyResult (turbopack:///[project]/node_modules/postcss/lib/lazy-result.js:171:16)]
    [at Processor.process (turbopack:///[project]/node_modules/postcss/lib/processor.js:53:14)]
    [at transform (turbopack:///[turbopack-node]/transforms/postcss.ts?config=[project]/postcss.config.mjs:70:51)]
    [at run (turbopack:///[turbopack-node]/child_process/evaluate.ts:89:29)]
    [at run (turbopack:///[turbopack-node]/child_process/evaluate.ts:112:11)]

Import trace:
  Server Component:
    ./src/components/categories-page/CategoryPageView/CategoryPageView.module.css
    ./src/components/categories-page/CategoryPageView/CategoryPageView.tsx
    ./src/app/categories/[...slug]/page.tsx @ http://localhost:3000/_next/static/chunks/node_modules_next_dist_1e8vcs8._.js:1052
[  287288ms] [ERROR] ./src/components/categories-page/CategoryPageView/CategoryPageView.module.css
Error: Error evaluating Node.js code
CssSyntaxError: D:\work\kaelis-website-new\src\components\categories-page\CategoryPageView\CategoryPageView.module.css:1:1: Unclosed block
    [at Input.error (turbopack:///[project]/node_modules/postcss/lib/input.js:135:16)]
    [at Parser.unclosedBlock (turbopack:///[project]/node_modules/postcss/lib/parser.js:582:22)]
    [at Parser.endFile (turbopack:///[project]/node_modules/postcss/lib/parser.js:342:35)]
    [at Parser.parse (turbopack:///[project]/node_modules/postcss/lib/parser.js:483:10)]
    [at parser (turbopack:///[project]/node_modules/postcss/lib/parse.js:11:12)]
    [at new LazyResult (turbopack:///[project]/node_modules/postcss/lib/lazy-result.js:171:16)]
    [at Processor.process (turbopack:///[project]/node_modules/postcss/lib/processor.js:53:14)]
    [at transform (turbopack:///[turbopack-node]/transforms/postcss.ts?config=[project]/postcss.config.mjs:70:51)]
    [at run (turbopack:///[turbopack-node]/child_process/evaluate.ts:89:29)]
    [at run (turbopack:///[turbopack-node]/child_process/evaluate.ts:112:11)]

Import trace:
  Server Component:
    ./src/components/categories-page/CategoryPageView/CategoryPageView.module.css
    ./src/components/categories-page/CategoryPageView/CategoryPageView.tsx
    ./src/app/categories/[...slug]/page.tsx @ http://localhost:3000/_next/static/chunks/node_modules_next_dist_1e8vcs8._.js:1052
[  287344ms] [ERROR] ./src/components/categories-page/CategoryPageView/CategoryPageView.module.css
Error: Error evaluating Node.js code
CssSyntaxError: D:\work\kaelis-website-new\src\components\categories-page\CategoryPageView\CategoryPageView.module.css:1:1: Unclosed block
    [at Input.error (turbopack:///[project]/node_modules/postcss/lib/input.js:135:16)]
    [at Parser.unclosedBlock (turbopack:///[project]/node_modules/postcss/lib/parser.js:582:22)]
    [at Parser.endFile (turbopack:///[project]/node_modules/postcss/lib/parser.js:342:35)]
    [at Parser.parse (turbopack:///[project]/node_modules/postcss/lib/parser.js:483:10)]
    [at parser (turbopack:///[project]/node_modules/postcss/lib/parse.js:11:12)]
    [at new LazyResult (turbopack:///[project]/node_modules/postcss/lib/lazy-result.js:171:16)]
    [at Processor.process (turbopack:///[project]/node_modules/postcss/lib/processor.js:53:14)]
    [at transform (turbopack:///[turbopack-node]/transforms/postcss.ts?config=[project]/postcss.config.mjs:70:51)]
    [at run (turbopack:///[turbopack-node]/child_process/evaluate.ts:89:29)]
    [at run (turbopack:///[turbopack-node]/child_process/evaluate.ts:112:11)]

Import trace:
  Server Component:
    ./src/components/categories-page/CategoryPageView/CategoryPageView.module.css
    ./src/components/categories-page/CategoryPageView/CategoryPageView.tsx
    ./src/app/categories/[...slug]/page.tsx @ http://localhost:3000/_next/static/chunks/node_modules_next_dist_1e8vcs8._.js:1052
[  287390ms] [ERROR] ./src/components/categories-page/CategoryPageView/CategoryPageView.module.css
Error: Error evaluating Node.js code
CssSyntaxError: D:\work\kaelis-website-new\src\components\categories-page\CategoryPageView\CategoryPageView.module.css:1:1: Unclosed block
    [at Input.error (turbopack:///[project]/node_modules/postcss/lib/input.js:135:16)]
    [at Parser.unclosedBlock (turbopack:///[project]/node_modules/postcss/lib/parser.js:582:22)]
    [at Parser.endFile (turbopack:///[project]/node_modules/postcss/lib/parser.js:342:35)]
    [at Parser.parse (turbopack:///[project]/node_modules/postcss/lib/parser.js:483:10)]
    [at parser (turbopack:///[project]/node_modules/postcss/lib/parse.js:11:12)]
    [at new LazyResult (turbopack:///[project]/node_modules/postcss/lib/lazy-result.js:171:16)]
    [at Processor.process (turbopack:///[project]/node_modules/postcss/lib/processor.js:53:14)]
    [at transform (turbopack:///[turbopack-node]/transforms/postcss.ts?config=[project]/postcss.config.mjs:70:51)]
    [at run (turbopack:///[turbopack-node]/child_process/evaluate.ts:89:29)]
    [at run (turbopack:///[turbopack-node]/child_process/evaluate.ts:112:11)]

Import trace:
  Server Component:
    ./src/components/categories-page/CategoryPageView/CategoryPageView.module.css
    ./src/components/categories-page/CategoryPageView/CategoryPageView.tsx
    ./src/app/categories/[...slug]/page.tsx @ http://localhost:3000/_next/static/chunks/node_modules_next_dist_1e8vcs8._.js:1052
[  287435ms] [ERROR] ./src/components/categories-page/CategoryPageView/CategoryPageView.module.css
Error: Error evaluating Node.js code
CssSyntaxError: D:\work\kaelis-website-new\src\components\categories-page\CategoryPageView\CategoryPageView.module.css:1:1: Unclosed block
    [at Input.error (turbopack:///[project]/node_modules/postcss/lib/input.js:135:16)]
    [at Parser.unclosedBlock (turbopack:///[project]/node_modules/postcss/lib/parser.js:582:22)]
    [at Parser.endFile (turbopack:///[project]/node_modules/postcss/lib/parser.js:342:35)]
    [at Parser.parse (turbopack:///[project]/node_modules/postcss/lib/parser.js:483:10)]
    [at parser (turbopack:///[project]/node_modules/postcss/lib/parse.js:11:12)]
    [at new LazyResult (turbopack:///[project]/node_modules/postcss/lib/lazy-result.js:171:16)]
    [at Processor.process (turbopack:///[project]/node_modules/postcss/lib/processor.js:53:14)]
    [at transform (turbopack:///[turbopack-node]/transforms/postcss.ts?config=[project]/postcss.config.mjs:70:51)]
    [at run (turbopack:///[turbopack-node]/child_process/evaluate.ts:89:29)]
    [at run (turbopack:///[turbopack-node]/child_process/evaluate.ts:112:11)]

Import trace:
  Server Component:
    ./src/components/categories-page/CategoryPageView/CategoryPageView.module.css
    ./src/components/categories-page/CategoryPageView/CategoryPageView.tsx
    ./src/app/categories/[...slug]/page.tsx @ http://localhost:3000/_next/static/chunks/node_modules_next_dist_1e8vcs8._.js:1052
[  287491ms] [ERROR] ./src/components/categories-page/CategoryPageView/CategoryPageView.module.css
Error: Error evaluating Node.js code
CssSyntaxError: D:\work\kaelis-website-new\src\components\categories-page\CategoryPageView\CategoryPageView.module.css:1:1: Unclosed block
    [at Input.error (turbopack:///[project]/node_modules/postcss/lib/input.js:135:16)]
    [at Parser.unclosedBlock (turbopack:///[project]/node_modules/postcss/lib/parser.js:582:22)]
    [at Parser.endFile (turbopack:///[project]/node_modules/postcss/lib/parser.js:342:35)]
    [at Parser.parse (turbopack:///[project]/node_modules/postcss/lib/parser.js:483:10)]
    [at parser (turbopack:///[project]/node_modules/postcss/lib/parse.js:11:12)]
    [at new LazyResult (turbopack:///[project]/node_modules/postcss/lib/lazy-result.js:171:16)]
    [at Processor.process (turbopack:///[project]/node_modules/postcss/lib/processor.js:53:14)]
    [at transform (turbopack:///[turbopack-node]/transforms/postcss.ts?config=[project]/postcss.config.mjs:70:51)]
    [at run (turbopack:///[turbopack-node]/child_process/evaluate.ts:89:29)]
    [at run (turbopack:///[turbopack-node]/child_process/evaluate.ts:112:11)]

Import trace:
  Server Component:
    ./src/components/categories-page/CategoryPageView/CategoryPageView.module.css
    ./src/components/categories-page/CategoryPageView/CategoryPageView.tsx
    ./src/app/categories/[...slug]/page.tsx @ http://localhost:3000/_next/static/chunks/node_modules_next_dist_1e8vcs8._.js:1052
[  287539ms] [ERROR] ./src/components/categories-page/CategoryPageView/CategoryPageView.module.css
Error: Error evaluating Node.js code
CssSyntaxError: D:\work\kaelis-website-new\src\components\categories-page\CategoryPageView\CategoryPageView.module.css:1:1: Unclosed block
    [at Input.error (turbopack:///[project]/node_modules/postcss/lib/input.js:135:16)]
    [at Parser.unclosedBlock (turbopack:///[project]/node_modules/postcss/lib/parser.js:582:22)]
    [at Parser.endFile (turbopack:///[project]/node_modules/postcss/lib/parser.js:342:35)]
    [at Parser.parse (turbopack:///[project]/node_modules/postcss/lib/parser.js:483:10)]
    [at parser (turbopack:///[project]/node_modules/postcss/lib/parse.js:11:12)]
    [at new LazyResult (turbopack:///[project]/node_modules/postcss/lib/lazy-result.js:171:16)]
    [at Processor.process (turbopack:///[project]/node_modules/postcss/lib/processor.js:53:14)]
    [at transform (turbopack:///[turbopack-node]/transforms/postcss.ts?config=[project]/postcss.config.mjs:70:51)]
    [at run (turbopack:///[turbopack-node]/child_process/evaluate.ts:89:29)]
    [at run (turbopack:///[turbopack-node]/child_process/evaluate.ts:112:11)]

Import trace:
  Server Component:
    ./src/components/categories-page/CategoryPageView/CategoryPageView.module.css
    ./src/components/categories-page/CategoryPageView/CategoryPageView.tsx
    ./src/app/categories/[...slug]/page.tsx @ http://localhost:3000/_next/static/chunks/node_modules_next_dist_1e8vcs8._.js:1052
[  287588ms] [ERROR] ./src/components/categories-page/CategoryPageView/CategoryPageView.module.css
Error: Error evaluating Node.js code
CssSyntaxError: D:\work\kaelis-website-new\src\components\categories-page\CategoryPageView\CategoryPageView.module.css:1:1: Unclosed block
    [at Input.error (turbopack:///[project]/node_modules/postcss/lib/input.js:135:16)]
    [at Parser.unclosedBlock (turbopack:///[project]/node_modules/postcss/lib/parser.js:582:22)]
    [at Parser.endFile (turbopack:///[project]/node_modules/postcss/lib/parser.js:342:35)]
    [at Parser.parse (turbopack:///[project]/node_modules/postcss/lib/parser.js:483:10)]
    [at parser (turbopack:///[project]/node_modules/postcss/lib/parse.js:11:12)]
    [at new LazyResult (turbopack:///[project]/node_modules/postcss/lib/lazy-result.js:171:16)]
    [at Processor.process (turbopack:///[project]/node_modules/postcss/lib/processor.js:53:14)]
    [at transform (turbopack:///[turbopack-node]/transforms/postcss.ts?config=[project]/postcss.config.mjs:70:51)]
    [at run (turbopack:///[turbopack-node]/child_process/evaluate.ts:89:29)]
    [at run (turbopack:///[turbopack-node]/child_process/evaluate.ts:112:11)]

Import trace:
  Server Component:
    ./src/components/categories-page/CategoryPageView/CategoryPageView.module.css
    ./src/components/categories-page/CategoryPageView/CategoryPageView.tsx
    ./src/app/categories/[...slug]/page.tsx @ http://localhost:3000/_next/static/chunks/node_modules_next_dist_1e8vcs8._.js:1052
[  287642ms] [ERROR] ./src/components/categories-page/CategoryPageView/CategoryPageView.module.css
Error: Error evaluating Node.js code
CssSyntaxError: D:\work\kaelis-website-new\src\components\categories-page\CategoryPageView\CategoryPageView.module.css:1:1: Unclosed block
    [at Input.error (turbopack:///[project]/node_modules/postcss/lib/input.js:135:16)]
    [at Parser.unclosedBlock (turbopack:///[project]/node_modules/postcss/lib/parser.js:582:22)]
    [at Parser.endFile (turbopack:///[project]/node_modules/postcss/lib/parser.js:342:35)]
    [at Parser.parse (turbopack:///[project]/node_modules/postcss/lib/parser.js:483:10)]
    [at parser (turbopack:///[project]/node_modules/postcss/lib/parse.js:11:12)]
    [at new LazyResult (turbopack:///[project]/node_modules/postcss/lib/lazy-result.js:171:16)]
    [at Processor.process (turbopack:///[project]/node_modules/postcss/lib/processor.js:53:14)]
    [at transform (turbopack:///[turbopack-node]/transforms/postcss.ts?config=[project]/postcss.config.mjs:70:51)]
    [at run (turbopack:///[turbopack-node]/child_process/evaluate.ts:89:29)]
    [at run (turbopack:///[turbopack-node]/child_process/evaluate.ts:112:11)]

Import trace:
  Server Component:
    ./src/components/categories-page/CategoryPageView/CategoryPageView.module.css
    ./src/components/categories-page/CategoryPageView/CategoryPageView.tsx
    ./src/app/categories/[...slug]/page.tsx @ http://localhost:3000/_next/static/chunks/node_modules_next_dist_1e8vcs8._.js:1052
[  287686ms] [ERROR] ./src/components/categories-page/CategoryPageView/CategoryPageView.module.css
Error: Error evaluating Node.js code
CssSyntaxError: D:\work\kaelis-website-new\src\components\categories-page\CategoryPageView\CategoryPageView.module.css:1:1: Unclosed block
    [at Input.error (turbopack:///[project]/node_modules/postcss/lib/input.js:135:16)]
    [at Parser.unclosedBlock (turbopack:///[project]/node_modules/postcss/lib/parser.js:582:22)]
    [at Parser.endFile (turbopack:///[project]/node_modules/postcss/lib/parser.js:342:35)]
    [at Parser.parse (turbopack:///[project]/node_modules/postcss/lib/parser.js:483:10)]
    [at parser (turbopack:///[project]/node_modules/postcss/lib/parse.js:11:12)]
    [at new LazyResult (turbopack:///[project]/node_modules/postcss/lib/lazy-result.js:171:16)]
    [at Processor.process (turbopack:///[project]/node_modules/postcss/lib/processor.js:53:14)]
    [at transform (turbopack:///[turbopack-node]/transforms/postcss.ts?config=[project]/postcss.config.mjs:70:51)]
    [at run (turbopack:///[turbopack-node]/child_process/evaluate.ts:89:29)]
    [at run (turbopack:///[turbopack-node]/child_process/evaluate.ts:112:11)]

Import trace:
  Server Component:
    ./src/components/categories-page/CategoryPageView/CategoryPageView.module.css
    ./src/components/categories-page/CategoryPageView/CategoryPageView.tsx
    ./src/app/categories/[...slug]/page.tsx @ http://localhost:3000/_next/static/chunks/node_modules_next_dist_1e8vcs8._.js:1052
[  287742ms] [ERROR] ./src/components/categories-page/CategoryPageView/CategoryPageView.module.css
Error: Error evaluating Node.js code
CssSyntaxError: D:\work\kaelis-website-new\src\components\categories-page\CategoryPageView\CategoryPageView.module.css:1:1: Unclosed block
    [at Input.error (turbopack:///[project]/node_modules/postcss/lib/input.js:135:16)]
    [at Parser.unclosedBlock (turbopack:///[project]/node_modules/postcss/lib/parser.js:582:22)]
    [at Parser.endFile (turbopack:///[project]/node_modules/postcss/lib/parser.js:342:35)]
    [at Parser.parse (turbopack:///[project]/node_modules/postcss/lib/parser.js:483:10)]
    [at parser (turbopack:///[project]/node_modules/postcss/lib/parse.js:11:12)]
    [at new LazyResult (turbopack:///[project]/node_modules/postcss/lib/lazy-result.js:171:16)]
    [at Processor.process (turbopack:///[project]/node_modules/postcss/lib/processor.js:53:14)]
    [at transform (turbopack:///[turbopack-node]/transforms/postcss.ts?config=[project]/postcss.config.mjs:70:51)]
    [at run (turbopack:///[turbopack-node]/child_process/evaluate.ts:89:29)]
    [at run (turbopack:///[turbopack-node]/child_process/evaluate.ts:112:11)]

Import trace:
  Server Component:
    ./src/components/categories-page/CategoryPageView/CategoryPageView.module.css
    ./src/components/categories-page/CategoryPageView/CategoryPageView.tsx
    ./src/app/categories/[...slug]/page.tsx @ http://localhost:3000/_next/static/chunks/node_modules_next_dist_1e8vcs8._.js:1052
[  287783ms] [ERROR] ./src/components/categories-page/CategoryPageView/CategoryPageView.module.css
Error: Error evaluating Node.js code
CssSyntaxError: D:\work\kaelis-website-new\src\components\categories-page\CategoryPageView\CategoryPageView.module.css:1:1: Unclosed block
    [at Input.error (turbopack:///[project]/node_modules/postcss/lib/input.js:135:16)]
    [at Parser.unclosedBlock (turbopack:///[project]/node_modules/postcss/lib/parser.js:582:22)]
    [at Parser.endFile (turbopack:///[project]/node_modules/postcss/lib/parser.js:342:35)]
    [at Parser.parse (turbopack:///[project]/node_modules/postcss/lib/parser.js:483:10)]
    [at parser (turbopack:///[project]/node_modules/postcss/lib/parse.js:11:12)]
    [at new LazyResult (turbopack:///[project]/node_modules/postcss/lib/lazy-result.js:171:16)]
    [at Processor.process (turbopack:///[project]/node_modules/postcss/lib/processor.js:53:14)]
    [at transform (turbopack:///[turbopack-node]/transforms/postcss.ts?config=[project]/postcss.config.mjs:70:51)]
    [at run (turbopack:///[turbopack-node]/child_process/evaluate.ts:89:29)]
    [at run (turbopack:///[turbopack-node]/child_process/evaluate.ts:112:11)]

Import trace:
  Server Component:
    ./src/components/categories-page/CategoryPageView/CategoryPageView.module.css
    ./src/components/categories-page/CategoryPageView/CategoryPageView.tsx
    ./src/app/categories/[...slug]/page.tsx @ http://localhost:3000/_next/static/chunks/node_modules_next_dist_1e8vcs8._.js:1052
[  287844ms] [ERROR] ./src/components/categories-page/CategoryPageView/CategoryPageView.module.css
Error: Error evaluating Node.js code
CssSyntaxError: D:\work\kaelis-website-new\src\components\categories-page\CategoryPageView\CategoryPageView.module.css:1:1: Unclosed block
    [at Input.error (turbopack:///[project]/node_modules/postcss/lib/input.js:135:16)]
    [at Parser.unclosedBlock (turbopack:///[project]/node_modules/postcss/lib/parser.js:582:22)]
    [at Parser.endFile (turbopack:///[project]/node_modules/postcss/lib/parser.js:342:35)]
    [at Parser.parse (turbopack:///[project]/node_modules/postcss/lib/parser.js:483:10)]
    [at parser (turbopack:///[project]/node_modules/postcss/lib/parse.js:11:12)]
    [at new LazyResult (turbopack:///[project]/node_modules/postcss/lib/lazy-result.js:171:16)]
    [at Processor.process (turbopack:///[project]/node_modules/postcss/lib/processor.js:53:14)]
    [at transform (turbopack:///[turbopack-node]/transforms/postcss.ts?config=[project]/postcss.config.mjs:70:51)]
    [at run (turbopack:///[turbopack-node]/child_process/evaluate.ts:89:29)]
    [at run (turbopack:///[turbopack-node]/child_process/evaluate.ts:112:11)]

Import trace:
  Server Component:
    ./src/components/categories-page/CategoryPageView/CategoryPageView.module.css
    ./src/components/categories-page/CategoryPageView/CategoryPageView.tsx
    ./src/app/categories/[...slug]/page.tsx @ http://localhost:3000/_next/static/chunks/node_modules_next_dist_1e8vcs8._.js:1052
[  287891ms] [ERROR] ./src/components/categories-page/CategoryPageView/CategoryPageView.module.css
Error: Error evaluating Node.js code
CssSyntaxError: D:\work\kaelis-website-new\src\components\categories-page\CategoryPageView\CategoryPageView.module.css:1:1: Unclosed block
    [at Input.error (turbopack:///[project]/node_modules/postcss/lib/input.js:135:16)]
    [at Parser.unclosedBlock (turbopack:///[project]/node_modules/postcss/lib/parser.js:582:22)]
    [at Parser.endFile (turbopack:///[project]/node_modules/postcss/lib/parser.js:342:35)]
    [at Parser.parse (turbopack:///[project]/node_modules/postcss/lib/parser.js:483:10)]
    [at parser (turbopack:///[project]/node_modules/postcss/lib/parse.js:11:12)]
    [at new LazyResult (turbopack:///[project]/node_modules/postcss/lib/lazy-result.js:171:16)]
    [at Processor.process (turbopack:///[project]/node_modules/postcss/lib/processor.js:53:14)]
    [at transform (turbopack:///[turbopack-node]/transforms/postcss.ts?config=[project]/postcss.config.mjs:70:51)]
    [at run (turbopack:///[turbopack-node]/child_process/evaluate.ts:89:29)]
    [at run (turbopack:///[turbopack-node]/child_process/evaluate.ts:112:11)]

Import trace:
  Server Component:
    ./src/components/categories-page/CategoryPageView/CategoryPageView.module.css
    ./src/components/categories-page/CategoryPageView/CategoryPageView.tsx
    ./src/app/categories/[...slug]/page.tsx @ http://localhost:3000/_next/static/chunks/node_modules_next_dist_1e8vcs8._.js:1052
[  287952ms] [ERROR] ./src/components/categories-page/CategoryPageView/CategoryPageView.module.css
Error: Error evaluating Node.js code
CssSyntaxError: D:\work\kaelis-website-new\src\components\categories-page\CategoryPageView\CategoryPageView.module.css:1:1: Unclosed block
    [at Input.error (turbopack:///[project]/node_modules/postcss/lib/input.js:135:16)]
    [at Parser.unclosedBlock (turbopack:///[project]/node_modules/postcss/lib/parser.js:582:22)]
    [at Parser.endFile (turbopack:///[project]/node_modules/postcss/lib/parser.js:342:35)]
    [at Parser.parse (turbopack:///[project]/node_modules/postcss/lib/parser.js:483:10)]
    [at parser (turbopack:///[project]/node_modules/postcss/lib/parse.js:11:12)]
    [at new LazyResult (turbopack:///[project]/node_modules/postcss/lib/lazy-result.js:171:16)]
    [at Processor.process (turbopack:///[project]/node_modules/postcss/lib/processor.js:53:14)]
    [at transform (turbopack:///[turbopack-node]/transforms/postcss.ts?config=[project]/postcss.config.mjs:70:51)]
    [at run (turbopack:///[turbopack-node]/child_process/evaluate.ts:89:29)]
    [at run (turbopack:///[turbopack-node]/child_process/evaluate.ts:112:11)]

Import trace:
  Server Component:
    ./src/components/categories-page/CategoryPageView/CategoryPageView.module.css
    ./src/components/categories-page/CategoryPageView/CategoryPageView.tsx
    ./src/app/categories/[...slug]/page.tsx @ http://localhost:3000/_next/static/chunks/node_modules_next_dist_1e8vcs8._.js:1052
[  288012ms] [ERROR] ./src/components/categories-page/CategoryPageView/CategoryPageView.module.css
Error: Error evaluating Node.js code
CssSyntaxError: D:\work\kaelis-website-new\src\components\categories-page\CategoryPageView\CategoryPageView.module.css:1:1: Unclosed block
    [at Input.error (turbopack:///[project]/node_modules/postcss/lib/input.js:135:16)]
    [at Parser.unclosedBlock (turbopack:///[project]/node_modules/postcss/lib/parser.js:582:22)]
    [at Parser.endFile (turbopack:///[project]/node_modules/postcss/lib/parser.js:342:35)]
    [at Parser.parse (turbopack:///[project]/node_modules/postcss/lib/parser.js:483:10)]
    [at parser (turbopack:///[project]/node_modules/postcss/lib/parse.js:11:12)]
    [at new LazyResult (turbopack:///[project]/node_modules/postcss/lib/lazy-result.js:171:16)]
    [at Processor.process (turbopack:///[project]/node_modules/postcss/lib/processor.js:53:14)]
    [at transform (turbopack:///[turbopack-node]/transforms/postcss.ts?config=[project]/postcss.config.mjs:70:51)]
    [at run (turbopack:///[turbopack-node]/child_process/evaluate.ts:89:29)]
    [at run (turbopack:///[turbopack-node]/child_process/evaluate.ts:112:11)]

Import trace:
  Server Component:
    ./src/components/categories-page/CategoryPageView/CategoryPageView.module.css
    ./src/components/categories-page/CategoryPageView/CategoryPageView.tsx
    ./src/app/categories/[...slug]/page.tsx @ http://localhost:3000/_next/static/chunks/node_modules_next_dist_1e8vcs8._.js:1052
[  288052ms] [ERROR] ./src/components/categories-page/CategoryPageView/CategoryPageView.module.css
Error: Error evaluating Node.js code
CssSyntaxError: D:\work\kaelis-website-new\src\components\categories-page\CategoryPageView\CategoryPageView.module.css:1:1: Unclosed block
    [at Input.error (turbopack:///[project]/node_modules/postcss/lib/input.js:135:16)]
    [at Parser.unclosedBlock (turbopack:///[project]/node_modules/postcss/lib/parser.js:582:22)]
    [at Parser.endFile (turbopack:///[project]/node_modules/postcss/lib/parser.js:342:35)]
    [at Parser.parse (turbopack:///[project]/node_modules/postcss/lib/parser.js:483:10)]
    [at parser (turbopack:///[project]/node_modules/postcss/lib/parse.js:11:12)]
    [at new LazyResult (turbopack:///[project]/node_modules/postcss/lib/lazy-result.js:171:16)]
    [at Processor.process (turbopack:///[project]/node_modules/postcss/lib/processor.js:53:14)]
    [at transform (turbopack:///[turbopack-node]/transforms/postcss.ts?config=[project]/postcss.config.mjs:70:51)]
    [at run (turbopack:///[turbopack-node]/child_process/evaluate.ts:89:29)]
    [at run (turbopack:///[turbopack-node]/child_process/evaluate.ts:112:11)]

Import trace:
  Server Component:
    ./src/components/categories-page/CategoryPageView/CategoryPageView.module.css
    ./src/components/categories-page/CategoryPageView/CategoryPageView.tsx
    ./src/app/categories/[...slug]/page.tsx @ http://localhost:3000/_next/static/chunks/node_modules_next_dist_1e8vcs8._.js:1052
[  288098ms] [ERROR] ./src/components/categories-page/CategoryPageView/CategoryPageView.module.css
Error: Error evaluating Node.js code
CssSyntaxError: D:\work\kaelis-website-new\src\components\categories-page\CategoryPageView\CategoryPageView.module.css:1:1: Unclosed block
    [at Input.error (turbopack:///[project]/node_modules/postcss/lib/input.js:135:16)]
    [at Parser.unclosedBlock (turbopack:///[project]/node_modules/postcss/lib/parser.js:582:22)]
    [at Parser.endFile (turbopack:///[project]/node_modules/postcss/lib/parser.js:342:35)]
    [at Parser.parse (turbopack:///[project]/node_modules/postcss/lib/parser.js:483:10)]
    [at parser (turbopack:///[project]/node_modules/postcss/lib/parse.js:11:12)]
    [at new LazyResult (turbopack:///[project]/node_modules/postcss/lib/lazy-result.js:171:16)]
    [at Processor.process (turbopack:///[project]/node_modules/postcss/lib/processor.js:53:14)]
    [at transform (turbopack:///[turbopack-node]/transforms/postcss.ts?config=[project]/postcss.config.mjs:70:51)]
    [at run (turbopack:///[turbopack-node]/child_process/evaluate.ts:89:29)]
    [at run (turbopack:///[turbopack-node]/child_process/evaluate.ts:112:11)]

Import trace:
  Server Component:
    ./src/components/categories-page/CategoryPageView/CategoryPageView.module.css
    ./src/components/categories-page/CategoryPageView/CategoryPageView.tsx
    ./src/app/categories/[...slug]/page.tsx @ http://localhost:3000/_next/static/chunks/node_modules_next_dist_1e8vcs8._.js:1052
[  288173ms] [ERROR] ./src/components/categories-page/CategoryPageView/CategoryPageView.module.css
Error: Error evaluating Node.js code
CssSyntaxError: D:\work\kaelis-website-new\src\components\categories-page\CategoryPageView\CategoryPageView.module.css:1:1: Unclosed block
    [at Input.error (turbopack:///[project]/node_modules/postcss/lib/input.js:135:16)]
    [at Parser.unclosedBlock (turbopack:///[project]/node_modules/postcss/lib/parser.js:582:22)]
    [at Parser.endFile (turbopack:///[project]/node_modules/postcss/lib/parser.js:342:35)]
    [at Parser.parse (turbopack:///[project]/node_modules/postcss/lib/parser.js:483:10)]
    [at parser (turbopack:///[project]/node_modules/postcss/lib/parse.js:11:12)]
    [at new LazyResult (turbopack:///[project]/node_modules/postcss/lib/lazy-result.js:171:16)]
    [at Processor.process (turbopack:///[project]/node_modules/postcss/lib/processor.js:53:14)]
    [at transform (turbopack:///[turbopack-node]/transforms/postcss.ts?config=[project]/postcss.config.mjs:70:51)]
    [at run (turbopack:///[turbopack-node]/child_process/evaluate.ts:89:29)]
    [at run (turbopack:///[turbopack-node]/child_process/evaluate.ts:112:11)]

Import trace:
  Server Component:
    ./src/components/categories-page/CategoryPageView/CategoryPageView.module.css
    ./src/components/categories-page/CategoryPageView/CategoryPageView.tsx
    ./src/app/categories/[...slug]/page.tsx @ http://localhost:3000/_next/static/chunks/node_modules_next_dist_1e8vcs8._.js:1052
[  288233ms] [ERROR] ./src/components/categories-page/CategoryPageView/CategoryPageView.module.css
Error: Error evaluating Node.js code
CssSyntaxError: D:\work\kaelis-website-new\src\components\categories-page\CategoryPageView\CategoryPageView.module.css:1:1: Unclosed block
    [at Input.error (turbopack:///[project]/node_modules/postcss/lib/input.js:135:16)]
    [at Parser.unclosedBlock (turbopack:///[project]/node_modules/postcss/lib/parser.js:582:22)]
    [at Parser.endFile (turbopack:///[project]/node_modules/postcss/lib/parser.js:342:35)]
    [at Parser.parse (turbopack:///[project]/node_modules/postcss/lib/parser.js:483:10)]
    [at parser (turbopack:///[project]/node_modules/postcss/lib/parse.js:11:12)]
    [at new LazyResult (turbopack:///[project]/node_modules/postcss/lib/lazy-result.js:171:16)]
    [at Processor.process (turbopack:///[project]/node_modules/postcss/lib/processor.js:53:14)]
    [at transform (turbopack:///[turbopack-node]/transforms/postcss.ts?config=[project]/postcss.config.mjs:70:51)]
    [at run (turbopack:///[turbopack-node]/child_process/evaluate.ts:89:29)]
    [at run (turbopack:///[turbopack-node]/child_process/evaluate.ts:112:11)]

Import trace:
  Server Component:
    ./src/components/categories-page/CategoryPageView/CategoryPageView.module.css
    ./src/components/categories-page/CategoryPageView/CategoryPageView.tsx
    ./src/app/categories/[...slug]/page.tsx @ http://localhost:3000/_next/static/chunks/node_modules_next_dist_1e8vcs8._.js:1052
[  288289ms] [ERROR] ./src/components/categories-page/CategoryPageView/CategoryPageView.module.css
Error: Error evaluating Node.js code
CssSyntaxError: D:\work\kaelis-website-new\src\components\categories-page\CategoryPageView\CategoryPageView.module.css:1:1: Unclosed block
    [at Input.error (turbopack:///[project]/node_modules/postcss/lib/input.js:135:16)]
    [at Parser.unclosedBlock (turbopack:///[project]/node_modules/postcss/lib/parser.js:582:22)]
    [at Parser.endFile (turbopack:///[project]/node_modules/postcss/lib/parser.js:342:35)]
    [at Parser.parse (turbopack:///[project]/node_modules/postcss/lib/parser.js:483:10)]
    [at parser (turbopack:///[project]/node_modules/postcss/lib/parse.js:11:12)]
    [at new LazyResult (turbopack:///[project]/node_modules/postcss/lib/lazy-result.js:171:16)]
    [at Processor.process (turbopack:///[project]/node_modules/postcss/lib/processor.js:53:14)]
    [at transform (turbopack:///[turbopack-node]/transforms/postcss.ts?config=[project]/postcss.config.mjs:70:51)]
    [at run (turbopack:///[turbopack-node]/child_process/evaluate.ts:89:29)]
    [at run (turbopack:///[turbopack-node]/child_process/evaluate.ts:112:11)]

Import trace:
  Server Component:
    ./src/components/categories-page/CategoryPageView/CategoryPageView.module.css
    ./src/components/categories-page/CategoryPageView/CategoryPageView.tsx
    ./src/app/categories/[...slug]/page.tsx @ http://localhost:3000/_next/static/chunks/node_modules_next_dist_1e8vcs8._.js:1052
[  288340ms] [ERROR] ./src/components/categories-page/CategoryPageView/CategoryPageView.module.css
Error: Error evaluating Node.js code
CssSyntaxError: D:\work\kaelis-website-new\src\components\categories-page\CategoryPageView\CategoryPageView.module.css:1:1: Unclosed block
    [at Input.error (turbopack:///[project]/node_modules/postcss/lib/input.js:135:16)]
    [at Parser.unclosedBlock (turbopack:///[project]/node_modules/postcss/lib/parser.js:582:22)]
    [at Parser.endFile (turbopack:///[project]/node_modules/postcss/lib/parser.js:342:35)]
    [at Parser.parse (turbopack:///[project]/node_modules/postcss/lib/parser.js:483:10)]
    [at parser (turbopack:///[project]/node_modules/postcss/lib/parse.js:11:12)]
    [at new LazyResult (turbopack:///[project]/node_modules/postcss/lib/lazy-result.js:171:16)]
    [at Processor.process (turbopack:///[project]/node_modules/postcss/lib/processor.js:53:14)]
    [at transform (turbopack:///[turbopack-node]/transforms/postcss.ts?config=[project]/postcss.config.mjs:70:51)]
    [at run (turbopack:///[turbopack-node]/child_process/evaluate.ts:89:29)]
    [at run (turbopack:///[turbopack-node]/child_process/evaluate.ts:112:11)]

Import trace:
  Server Component:
    ./src/components/categories-page/CategoryPageView/CategoryPageView.module.css
    ./src/components/categories-page/CategoryPageView/CategoryPageView.tsx
    ./src/app/categories/[...slug]/page.tsx @ http://localhost:3000/_next/static/chunks/node_modules_next_dist_1e8vcs8._.js:1052
[  288395ms] [ERROR] ./src/components/categories-page/CategoryPageView/CategoryPageView.module.css
Error: Error evaluating Node.js code
CssSyntaxError: D:\work\kaelis-website-new\src\components\categories-page\CategoryPageView\CategoryPageView.module.css:1:1: Unclosed block
    [at Input.error (turbopack:///[project]/node_modules/postcss/lib/input.js:135:16)]
    [at Parser.unclosedBlock (turbopack:///[project]/node_modules/postcss/lib/parser.js:582:22)]
    [at Parser.endFile (turbopack:///[project]/node_modules/postcss/lib/parser.js:342:35)]
    [at Parser.parse (turbopack:///[project]/node_modules/postcss/lib/parser.js:483:10)]
    [at parser (turbopack:///[project]/node_modules/postcss/lib/parse.js:11:12)]
    [at new LazyResult (turbopack:///[project]/node_modules/postcss/lib/lazy-result.js:171:16)]
    [at Processor.process (turbopack:///[project]/node_modules/postcss/lib/processor.js:53:14)]
    [at transform (turbopack:///[turbopack-node]/transforms/postcss.ts?config=[project]/postcss.config.mjs:70:51)]
    [at run (turbopack:///[turbopack-node]/child_process/evaluate.ts:89:29)]
    [at run (turbopack:///[turbopack-node]/child_process/evaluate.ts:112:11)]

Import trace:
  Server Component:
    ./src/components/categories-page/CategoryPageView/CategoryPageView.module.css
    ./src/components/categories-page/CategoryPageView/CategoryPageView.tsx
    ./src/app/categories/[...slug]/page.tsx @ http://localhost:3000/_next/static/chunks/node_modules_next_dist_1e8vcs8._.js:1052
[  288466ms] [ERROR] ./src/components/categories-page/CategoryPageView/CategoryPageView.module.css
Error: Error evaluating Node.js code
CssSyntaxError: D:\work\kaelis-website-new\src\components\categories-page\CategoryPageView\CategoryPageView.module.css:1:1: Unclosed block
    [at Input.error (turbopack:///[project]/node_modules/postcss/lib/input.js:135:16)]
    [at Parser.unclosedBlock (turbopack:///[project]/node_modules/postcss/lib/parser.js:582:22)]
    [at Parser.endFile (turbopack:///[project]/node_modules/postcss/lib/parser.js:342:35)]
    [at Parser.parse (turbopack:///[project]/node_modules/postcss/lib/parser.js:483:10)]
    [at parser (turbopack:///[project]/node_modules/postcss/lib/parse.js:11:12)]
    [at new LazyResult (turbopack:///[project]/node_modules/postcss/lib/lazy-result.js:171:16)]
    [at Processor.process (turbopack:///[project]/node_modules/postcss/lib/processor.js:53:14)]
    [at transform (turbopack:///[turbopack-node]/transforms/postcss.ts?config=[project]/postcss.config.mjs:70:51)]
    [at run (turbopack:///[turbopack-node]/child_process/evaluate.ts:89:29)]
    [at run (turbopack:///[turbopack-node]/child_process/evaluate.ts:112:11)]

Import trace:
  Server Component:
    ./src/components/categories-page/CategoryPageView/CategoryPageView.module.css
    ./src/components/categories-page/CategoryPageView/CategoryPageView.tsx
    ./src/app/categories/[...slug]/page.tsx @ http://localhost:3000/_next/static/chunks/node_modules_next_dist_1e8vcs8._.js:1052
[  288510ms] [ERROR] ./src/components/categories-page/CategoryPageView/CategoryPageView.module.css
Error: Error evaluating Node.js code
CssSyntaxError: D:\work\kaelis-website-new\src\components\categories-page\CategoryPageView\CategoryPageView.module.css:1:1: Unclosed block
    [at Input.error (turbopack:///[project]/node_modules/postcss/lib/input.js:135:16)]
    [at Parser.unclosedBlock (turbopack:///[project]/node_modules/postcss/lib/parser.js:582:22)]
    [at Parser.endFile (turbopack:///[project]/node_modules/postcss/lib/parser.js:342:35)]
    [at Parser.parse (turbopack:///[project]/node_modules/postcss/lib/parser.js:483:10)]
    [at parser (turbopack:///[project]/node_modules/postcss/lib/parse.js:11:12)]
    [at new LazyResult (turbopack:///[project]/node_modules/postcss/lib/lazy-result.js:171:16)]
    [at Processor.process (turbopack:///[project]/node_modules/postcss/lib/processor.js:53:14)]
    [at transform (turbopack:///[turbopack-node]/transforms/postcss.ts?config=[project]/postcss.config.mjs:70:51)]
    [at run (turbopack:///[turbopack-node]/child_process/evaluate.ts:89:29)]
    [at run (turbopack:///[turbopack-node]/child_process/evaluate.ts:112:11)]

Import trace:
  Server Component:
    ./src/components/categories-page/CategoryPageView/CategoryPageView.module.css
    ./src/components/categories-page/CategoryPageView/CategoryPageView.tsx
    ./src/app/categories/[...slug]/page.tsx @ http://localhost:3000/_next/static/chunks/node_modules_next_dist_1e8vcs8._.js:1052
[  288559ms] [ERROR] ./src/components/categories-page/CategoryPageView/CategoryPageView.module.css
Error: Error evaluating Node.js code
CssSyntaxError: D:\work\kaelis-website-new\src\components\categories-page\CategoryPageView\CategoryPageView.module.css:1:1: Unclosed block
    [at Input.error (turbopack:///[project]/node_modules/postcss/lib/input.js:135:16)]
    [at Parser.unclosedBlock (turbopack:///[project]/node_modules/postcss/lib/parser.js:582:22)]
    [at Parser.endFile (turbopack:///[project]/node_modules/postcss/lib/parser.js:342:35)]
    [at Parser.parse (turbopack:///[project]/node_modules/postcss/lib/parser.js:483:10)]
    [at parser (turbopack:///[project]/node_modules/postcss/lib/parse.js:11:12)]
    [at new LazyResult (turbopack:///[project]/node_modules/postcss/lib/lazy-result.js:171:16)]
    [at Processor.process (turbopack:///[project]/node_modules/postcss/lib/processor.js:53:14)]
    [at transform (turbopack:///[turbopack-node]/transforms/postcss.ts?config=[project]/postcss.config.mjs:70:51)]
    [at run (turbopack:///[turbopack-node]/child_process/evaluate.ts:89:29)]
    [at run (turbopack:///[turbopack-node]/child_process/evaluate.ts:112:11)]

Import trace:
  Server Component:
    ./src/components/categories-page/CategoryPageView/CategoryPageView.module.css
    ./src/components/categories-page/CategoryPageView/CategoryPageView.tsx
    ./src/app/categories/[...slug]/page.tsx @ http://localhost:3000/_next/static/chunks/node_modules_next_dist_1e8vcs8._.js:1052
[  288607ms] [ERROR] ./src/components/categories-page/CategoryPageView/CategoryPageView.module.css
Error: Error evaluating Node.js code
CssSyntaxError: D:\work\kaelis-website-new\src\components\categories-page\CategoryPageView\CategoryPageView.module.css:1:1: Unclosed block
    [at Input.error (turbopack:///[project]/node_modules/postcss/lib/input.js:135:16)]
    [at Parser.unclosedBlock (turbopack:///[project]/node_modules/postcss/lib/parser.js:582:22)]
    [at Parser.endFile (turbopack:///[project]/node_modules/postcss/lib/parser.js:342:35)]
    [at Parser.parse (turbopack:///[project]/node_modules/postcss/lib/parser.js:483:10)]
    [at parser (turbopack:///[project]/node_modules/postcss/lib/parse.js:11:12)]
    [at new LazyResult (turbopack:///[project]/node_modules/postcss/lib/lazy-result.js:171:16)]
    [at Processor.process (turbopack:///[project]/node_modules/postcss/lib/processor.js:53:14)]
    [at transform (turbopack:///[turbopack-node]/transforms/postcss.ts?config=[project]/postcss.config.mjs:70:51)]
    [at run (turbopack:///[turbopack-node]/child_process/evaluate.ts:89:29)]
    [at run (turbopack:///[turbopack-node]/child_process/evaluate.ts:112:11)]

Import trace:
  Server Component:
    ./src/components/categories-page/CategoryPageView/CategoryPageView.module.css
    ./src/components/categories-page/CategoryPageView/CategoryPageView.tsx
    ./src/app/categories/[...slug]/page.tsx @ http://localhost:3000/_next/static/chunks/node_modules_next_dist_1e8vcs8._.js:1052
[  288659ms] [ERROR] ./src/components/categories-page/CategoryPageView/CategoryPageView.module.css
Error: Error evaluating Node.js code
CssSyntaxError: D:\work\kaelis-website-new\src\components\categories-page\CategoryPageView\CategoryPageView.module.css:1:1: Unclosed block
    [at Input.error (turbopack:///[project]/node_modules/postcss/lib/input.js:135:16)]
    [at Parser.unclosedBlock (turbopack:///[project]/node_modules/postcss/lib/parser.js:582:22)]
    [at Parser.endFile (turbopack:///[project]/node_modules/postcss/lib/parser.js:342:35)]
    [at Parser.parse (turbopack:///[project]/node_modules/postcss/lib/parser.js:483:10)]
    [at parser (turbopack:///[project]/node_modules/postcss/lib/parse.js:11:12)]
    [at new LazyResult (turbopack:///[project]/node_modules/postcss/lib/lazy-result.js:171:16)]
    [at Processor.process (turbopack:///[project]/node_modules/postcss/lib/processor.js:53:14)]
    [at transform (turbopack:///[turbopack-node]/transforms/postcss.ts?config=[project]/postcss.config.mjs:70:51)]
    [at run (turbopack:///[turbopack-node]/child_process/evaluate.ts:89:29)]
    [at run (turbopack:///[turbopack-node]/child_process/evaluate.ts:112:11)]

Import trace:
  Server Component:
    ./src/components/categories-page/CategoryPageView/CategoryPageView.module.css
    ./src/components/categories-page/CategoryPageView/CategoryPageView.tsx
    ./src/app/categories/[...slug]/page.tsx @ http://localhost:3000/_next/static/chunks/node_modules_next_dist_1e8vcs8._.js:1052
[  288709ms] [ERROR] ./src/components/categories-page/CategoryPageView/CategoryPageView.module.css
Error: Error evaluating Node.js code
CssSyntaxError: D:\work\kaelis-website-new\src\components\categories-page\CategoryPageView\CategoryPageView.module.css:1:1: Unclosed block
    [at Input.error (turbopack:///[project]/node_modules/postcss/lib/input.js:135:16)]
    [at Parser.unclosedBlock (turbopack:///[project]/node_modules/postcss/lib/parser.js:582:22)]
    [at Parser.endFile (turbopack:///[project]/node_modules/postcss/lib/parser.js:342:35)]
    [at Parser.parse (turbopack:///[project]/node_modules/postcss/lib/parser.js:483:10)]
    [at parser (turbopack:///[project]/node_modules/postcss/lib/parse.js:11:12)]
    [at new LazyResult (turbopack:///[project]/node_modules/postcss/lib/lazy-result.js:171:16)]
    [at Processor.process (turbopack:///[project]/node_modules/postcss/lib/processor.js:53:14)]
    [at transform (turbopack:///[turbopack-node]/transforms/postcss.ts?config=[project]/postcss.config.mjs:70:51)]
    [at run (turbopack:///[turbopack-node]/child_process/evaluate.ts:89:29)]
    [at run (turbopack:///[turbopack-node]/child_process/evaluate.ts:112:11)]

Import trace:
  Server Component:
    ./src/components/categories-page/CategoryPageView/CategoryPageView.module.css
    ./src/components/categories-page/CategoryPageView/CategoryPageView.tsx
    ./src/app/categories/[...slug]/page.tsx @ http://localhost:3000/_next/static/chunks/node_modules_next_dist_1e8vcs8._.js:1052
[  288764ms] [ERROR] ./src/components/categories-page/CategoryPageView/CategoryPageView.module.css
Error: Error evaluating Node.js code
CssSyntaxError: D:\work\kaelis-website-new\src\components\categories-page\CategoryPageView\CategoryPageView.module.css:1:1: Unclosed block
    [at Input.error (turbopack:///[project]/node_modules/postcss/lib/input.js:135:16)]
    [at Parser.unclosedBlock (turbopack:///[project]/node_modules/postcss/lib/parser.js:582:22)]
    [at Parser.endFile (turbopack:///[project]/node_modules/postcss/lib/parser.js:342:35)]
    [at Parser.parse (turbopack:///[project]/node_modules/postcss/lib/parser.js:483:10)]
    [at parser (turbopack:///[project]/node_modules/postcss/lib/parse.js:11:12)]
    [at new LazyResult (turbopack:///[project]/node_modules/postcss/lib/lazy-result.js:171:16)]
    [at Processor.process (turbopack:///[project]/node_modules/postcss/lib/processor.js:53:14)]
    [at transform (turbopack:///[turbopack-node]/transforms/postcss.ts?config=[project]/postcss.config.mjs:70:51)]
    [at run (turbopack:///[turbopack-node]/child_process/evaluate.ts:89:29)]
    [at run (turbopack:///[turbopack-node]/child_process/evaluate.ts:112:11)]

Import trace:
  Server Component:
    ./src/components/categories-page/CategoryPageView/CategoryPageView.module.css
    ./src/components/categories-page/CategoryPageView/CategoryPageView.tsx
    ./src/app/categories/[...slug]/page.tsx @ http://localhost:3000/_next/static/chunks/node_modules_next_dist_1e8vcs8._.js:1052
[  288824ms] [ERROR] ./src/components/categories-page/CategoryPageView/CategoryPageView.module.css
Error: Error evaluating Node.js code
CssSyntaxError: D:\work\kaelis-website-new\src\components\categories-page\CategoryPageView\CategoryPageView.module.css:1:1: Unclosed block
    [at Input.error (turbopack:///[project]/node_modules/postcss/lib/input.js:135:16)]
    [at Parser.unclosedBlock (turbopack:///[project]/node_modules/postcss/lib/parser.js:582:22)]
    [at Parser.endFile (turbopack:///[project]/node_modules/postcss/lib/parser.js:342:35)]
    [at Parser.parse (turbopack:///[project]/node_modules/postcss/lib/parser.js:483:10)]
    [at parser (turbopack:///[project]/node_modules/postcss/lib/parse.js:11:12)]
    [at new LazyResult (turbopack:///[project]/node_modules/postcss/lib/lazy-result.js:171:16)]
    [at Processor.process (turbopack:///[project]/node_modules/postcss/lib/processor.js:53:14)]
    [at transform (turbopack:///[turbopack-node]/transforms/postcss.ts?config=[project]/postcss.config.mjs:70:51)]
    [at run (turbopack:///[turbopack-node]/child_process/evaluate.ts:89:29)]
    [at run (turbopack:///[turbopack-node]/child_process/evaluate.ts:112:11)]

Import trace:
  Server Component:
    ./src/components/categories-page/CategoryPageView/CategoryPageView.module.css
    ./src/components/categories-page/CategoryPageView/CategoryPageView.tsx
    ./src/app/categories/[...slug]/page.tsx @ http://localhost:3000/_next/static/chunks/node_modules_next_dist_1e8vcs8._.js:1052
[  288871ms] [ERROR] ./src/components/categories-page/CategoryPageView/CategoryPageView.module.css
Error: Error evaluating Node.js code
CssSyntaxError: D:\work\kaelis-website-new\src\components\categories-page\CategoryPageView\CategoryPageView.module.css:1:1: Unclosed block
    [at Input.error (turbopack:///[project]/node_modules/postcss/lib/input.js:135:16)]
    [at Parser.unclosedBlock (turbopack:///[project]/node_modules/postcss/lib/parser.js:582:22)]
    [at Parser.endFile (turbopack:///[project]/node_modules/postcss/lib/parser.js:342:35)]
    [at Parser.parse (turbopack:///[project]/node_modules/postcss/lib/parser.js:483:10)]
    [at parser (turbopack:///[project]/node_modules/postcss/lib/parse.js:11:12)]
    [at new LazyResult (turbopack:///[project]/node_modules/postcss/lib/lazy-result.js:171:16)]
    [at Processor.process (turbopack:///[project]/node_modules/postcss/lib/processor.js:53:14)]
    [at transform (turbopack:///[turbopack-node]/transforms/postcss.ts?config=[project]/postcss.config.mjs:70:51)]
    [at run (turbopack:///[turbopack-node]/child_process/evaluate.ts:89:29)]
    [at run (turbopack:///[turbopack-node]/child_process/evaluate.ts:112:11)]

Import trace:
  Server Component:
    ./src/components/categories-page/CategoryPageView/CategoryPageView.module.css
    ./src/components/categories-page/CategoryPageView/CategoryPageView.tsx
    ./src/app/categories/[...slug]/page.tsx @ http://localhost:3000/_next/static/chunks/node_modules_next_dist_1e8vcs8._.js:1052
[  288931ms] [ERROR] ./src/components/categories-page/CategoryPageView/CategoryPageView.module.css
Error: Error evaluating Node.js code
CssSyntaxError: D:\work\kaelis-website-new\src\components\categories-page\CategoryPageView\CategoryPageView.module.css:1:1: Unclosed block
    [at Input.error (turbopack:///[project]/node_modules/postcss/lib/input.js:135:16)]
    [at Parser.unclosedBlock (turbopack:///[project]/node_modules/postcss/lib/parser.js:582:22)]
    [at Parser.endFile (turbopack:///[project]/node_modules/postcss/lib/parser.js:342:35)]
    [at Parser.parse (turbopack:///[project]/node_modules/postcss/lib/parser.js:483:10)]
    [at parser (turbopack:///[project]/node_modules/postcss/lib/parse.js:11:12)]
    [at new LazyResult (turbopack:///[project]/node_modules/postcss/lib/lazy-result.js:171:16)]
    [at Processor.process (turbopack:///[project]/node_modules/postcss/lib/processor.js:53:14)]
    [at transform (turbopack:///[turbopack-node]/transforms/postcss.ts?config=[project]/postcss.config.mjs:70:51)]
    [at run (turbopack:///[turbopack-node]/child_process/evaluate.ts:89:29)]
    [at run (turbopack:///[turbopack-node]/child_process/evaluate.ts:112:11)]

Import trace:
  Server Component:
    ./src/components/categories-page/CategoryPageView/CategoryPageView.module.css
    ./src/components/categories-page/CategoryPageView/CategoryPageView.tsx
    ./src/app/categories/[...slug]/page.tsx @ http://localhost:3000/_next/static/chunks/node_modules_next_dist_1e8vcs8._.js:1052
[  288979ms] [ERROR] ./src/components/categories-page/CategoryPageView/CategoryPageView.module.css
Error: Error evaluating Node.js code
CssSyntaxError: D:\work\kaelis-website-new\src\components\categories-page\CategoryPageView\CategoryPageView.module.css:1:1: Unclosed block
    [at Input.error (turbopack:///[project]/node_modules/postcss/lib/input.js:135:16)]
    [at Parser.unclosedBlock (turbopack:///[project]/node_modules/postcss/lib/parser.js:582:22)]
    [at Parser.endFile (turbopack:///[project]/node_modules/postcss/lib/parser.js:342:35)]
    [at Parser.parse (turbopack:///[project]/node_modules/postcss/lib/parser.js:483:10)]
    [at parser (turbopack:///[project]/node_modules/postcss/lib/parse.js:11:12)]
    [at new LazyResult (turbopack:///[project]/node_modules/postcss/lib/lazy-result.js:171:16)]
    [at Processor.process (turbopack:///[project]/node_modules/postcss/lib/processor.js:53:14)]
    [at transform (turbopack:///[turbopack-node]/transforms/postcss.ts?config=[project]/postcss.config.mjs:70:51)]
    [at run (turbopack:///[turbopack-node]/child_process/evaluate.ts:89:29)]
    [at run (turbopack:///[turbopack-node]/child_process/evaluate.ts:112:11)]

Import trace:
  Server Component:
    ./src/components/categories-page/CategoryPageView/CategoryPageView.module.css
    ./src/components/categories-page/CategoryPageView/CategoryPageView.tsx
    ./src/app/categories/[...slug]/page.tsx @ http://localhost:3000/_next/static/chunks/node_modules_next_dist_1e8vcs8._.js:1052
[  289024ms] [ERROR] ./src/components/categories-page/CategoryPageView/CategoryPageView.module.css
Error: Error evaluating Node.js code
CssSyntaxError: D:\work\kaelis-website-new\src\components\categories-page\CategoryPageView\CategoryPageView.module.css:1:1: Unclosed block
    [at Input.error (turbopack:///[project]/node_modules/postcss/lib/input.js:135:16)]
    [at Parser.unclosedBlock (turbopack:///[project]/node_modules/postcss/lib/parser.js:582:22)]
    [at Parser.endFile (turbopack:///[project]/node_modules/postcss/lib/parser.js:342:35)]
    [at Parser.parse (turbopack:///[project]/node_modules/postcss/lib/parser.js:483:10)]
    [at parser (turbopack:///[project]/node_modules/postcss/lib/parse.js:11:12)]
    [at new LazyResult (turbopack:///[project]/node_modules/postcss/lib/lazy-result.js:171:16)]
    [at Processor.process (turbopack:///[project]/node_modules/postcss/lib/processor.js:53:14)]
    [at transform (turbopack:///[turbopack-node]/transforms/postcss.ts?config=[project]/postcss.config.mjs:70:51)]
    [at run (turbopack:///[turbopack-node]/child_process/evaluate.ts:89:29)]
    [at run (turbopack:///[turbopack-node]/child_process/evaluate.ts:112:11)]

Import trace:
  Server Component:
    ./src/components/categories-page/CategoryPageView/CategoryPageView.module.css
    ./src/components/categories-page/CategoryPageView/CategoryPageView.tsx
    ./src/app/categories/[...slug]/page.tsx @ http://localhost:3000/_next/static/chunks/node_modules_next_dist_1e8vcs8._.js:1052
[  289080ms] [ERROR] ./src/components/categories-page/CategoryPageView/CategoryPageView.module.css
Error: Error evaluating Node.js code
CssSyntaxError: D:\work\kaelis-website-new\src\components\categories-page\CategoryPageView\CategoryPageView.module.css:1:1: Unclosed block
    [at Input.error (turbopack:///[project]/node_modules/postcss/lib/input.js:135:16)]
    [at Parser.unclosedBlock (turbopack:///[project]/node_modules/postcss/lib/parser.js:582:22)]
    [at Parser.endFile (turbopack:///[project]/node_modules/postcss/lib/parser.js:342:35)]
    [at Parser.parse (turbopack:///[project]/node_modules/postcss/lib/parser.js:483:10)]
    [at parser (turbopack:///[project]/node_modules/postcss/lib/parse.js:11:12)]
    [at new LazyResult (turbopack:///[project]/node_modules/postcss/lib/lazy-result.js:171:16)]
    [at Processor.process (turbopack:///[project]/node_modules/postcss/lib/processor.js:53:14)]
    [at transform (turbopack:///[turbopack-node]/transforms/postcss.ts?config=[project]/postcss.config.mjs:70:51)]
    [at run (turbopack:///[turbopack-node]/child_process/evaluate.ts:89:29)]
    [at run (turbopack:///[turbopack-node]/child_process/evaluate.ts:112:11)]

Import trace:
  Server Component:
    ./src/components/categories-page/CategoryPageView/CategoryPageView.module.css
    ./src/components/categories-page/CategoryPageView/CategoryPageView.tsx
    ./src/app/categories/[...slug]/page.tsx @ http://localhost:3000/_next/static/chunks/node_modules_next_dist_1e8vcs8._.js:1052
[  289130ms] [ERROR] ./src/components/categories-page/CategoryPageView/CategoryPageView.module.css
Error: Error evaluating Node.js code
CssSyntaxError: D:\work\kaelis-website-new\src\components\categories-page\CategoryPageView\CategoryPageView.module.css:1:1: Unclosed block
    [at Input.error (turbopack:///[project]/node_modules/postcss/lib/input.js:135:16)]
    [at Parser.unclosedBlock (turbopack:///[project]/node_modules/postcss/lib/parser.js:582:22)]
    [at Parser.endFile (turbopack:///[project]/node_modules/postcss/lib/parser.js:342:35)]
    [at Parser.parse (turbopack:///[project]/node_modules/postcss/lib/parser.js:483:10)]
    [at parser (turbopack:///[project]/node_modules/postcss/lib/parse.js:11:12)]
    [at new LazyResult (turbopack:///[project]/node_modules/postcss/lib/lazy-result.js:171:16)]
    [at Processor.process (turbopack:///[project]/node_modules/postcss/lib/processor.js:53:14)]
    [at transform (turbopack:///[turbopack-node]/transforms/postcss.ts?config=[project]/postcss.config.mjs:70:51)]
    [at run (turbopack:///[turbopack-node]/child_process/evaluate.ts:89:29)]
    [at run (turbopack:///[turbopack-node]/child_process/evaluate.ts:112:11)]

Import trace:
  Server Component:
    ./src/components/categories-page/CategoryPageView/CategoryPageView.module.css
    ./src/components/categories-page/CategoryPageView/CategoryPageView.tsx
    ./src/app/categories/[...slug]/page.tsx @ http://localhost:3000/_next/static/chunks/node_modules_next_dist_1e8vcs8._.js:1052
[  289180ms] [ERROR] ./src/components/categories-page/CategoryPageView/CategoryPageView.module.css
Error: Error evaluating Node.js code
CssSyntaxError: D:\work\kaelis-website-new\src\components\categories-page\CategoryPageView\CategoryPageView.module.css:1:1: Unclosed block
    [at Input.error (turbopack:///[project]/node_modules/postcss/lib/input.js:135:16)]
    [at Parser.unclosedBlock (turbopack:///[project]/node_modules/postcss/lib/parser.js:582:22)]
    [at Parser.endFile (turbopack:///[project]/node_modules/postcss/lib/parser.js:342:35)]
    [at Parser.parse (turbopack:///[project]/node_modules/postcss/lib/parser.js:483:10)]
    [at parser (turbopack:///[project]/node_modules/postcss/lib/parse.js:11:12)]
    [at new LazyResult (turbopack:///[project]/node_modules/postcss/lib/lazy-result.js:171:16)]
    [at Processor.process (turbopack:///[project]/node_modules/postcss/lib/processor.js:53:14)]
    [at transform (turbopack:///[turbopack-node]/transforms/postcss.ts?config=[project]/postcss.config.mjs:70:51)]
    [at run (turbopack:///[turbopack-node]/child_process/evaluate.ts:89:29)]
    [at run (turbopack:///[turbopack-node]/child_process/evaluate.ts:112:11)]

Import trace:
  Server Component:
    ./src/components/categories-page/CategoryPageView/CategoryPageView.module.css
    ./src/components/categories-page/CategoryPageView/CategoryPageView.tsx
    ./src/app/categories/[...slug]/page.tsx @ http://localhost:3000/_next/static/chunks/node_modules_next_dist_1e8vcs8._.js:1052
[  289224ms] [ERROR] ./src/components/categories-page/CategoryPageView/CategoryPageView.module.css
Error: Error evaluating Node.js code
CssSyntaxError: D:\work\kaelis-website-new\src\components\categories-page\CategoryPageView\CategoryPageView.module.css:1:1: Unclosed block
    [at Input.error (turbopack:///[project]/node_modules/postcss/lib/input.js:135:16)]
    [at Parser.unclosedBlock (turbopack:///[project]/node_modules/postcss/lib/parser.js:582:22)]
    [at Parser.endFile (turbopack:///[project]/node_modules/postcss/lib/parser.js:342:35)]
    [at Parser.parse (turbopack:///[project]/node_modules/postcss/lib/parser.js:483:10)]
    [at parser (turbopack:///[project]/node_modules/postcss/lib/parse.js:11:12)]
    [at new LazyResult (turbopack:///[project]/node_modules/postcss/lib/lazy-result.js:171:16)]
    [at Processor.process (turbopack:///[project]/node_modules/postcss/lib/processor.js:53:14)]
    [at transform (turbopack:///[turbopack-node]/transforms/postcss.ts?config=[project]/postcss.config.mjs:70:51)]
    [at run (turbopack:///[turbopack-node]/child_process/evaluate.ts:89:29)]
    [at run (turbopack:///[turbopack-node]/child_process/evaluate.ts:112:11)]

Import trace:
  Server Component:
    ./src/components/categories-page/CategoryPageView/CategoryPageView.module.css
    ./src/components/categories-page/CategoryPageView/CategoryPageView.tsx
    ./src/app/categories/[...slug]/page.tsx @ http://localhost:3000/_next/static/chunks/node_modules_next_dist_1e8vcs8._.js:1052
[  289270ms] [ERROR] ./src/components/categories-page/CategoryPageView/CategoryPageView.module.css
Error: Error evaluating Node.js code
CssSyntaxError: D:\work\kaelis-website-new\src\components\categories-page\CategoryPageView\CategoryPageView.module.css:1:1: Unclosed block
    [at Input.error (turbopack:///[project]/node_modules/postcss/lib/input.js:135:16)]
    [at Parser.unclosedBlock (turbopack:///[project]/node_modules/postcss/lib/parser.js:582:22)]
    [at Parser.endFile (turbopack:///[project]/node_modules/postcss/lib/parser.js:342:35)]
    [at Parser.parse (turbopack:///[project]/node_modules/postcss/lib/parser.js:483:10)]
    [at parser (turbopack:///[project]/node_modules/postcss/lib/parse.js:11:12)]
    [at new LazyResult (turbopack:///[project]/node_modules/postcss/lib/lazy-result.js:171:16)]
    [at Processor.process (turbopack:///[project]/node_modules/postcss/lib/processor.js:53:14)]
    [at transform (turbopack:///[turbopack-node]/transforms/postcss.ts?config=[project]/postcss.config.mjs:70:51)]
    [at run (turbopack:///[turbopack-node]/child_process/evaluate.ts:89:29)]
    [at run (turbopack:///[turbopack-node]/child_process/evaluate.ts:112:11)]

Import trace:
  Server Component:
    ./src/components/categories-page/CategoryPageView/CategoryPageView.module.css
    ./src/components/categories-page/CategoryPageView/CategoryPageView.tsx
    ./src/app/categories/[...slug]/page.tsx @ http://localhost:3000/_next/static/chunks/node_modules_next_dist_1e8vcs8._.js:1052
[  289319ms] [ERROR] ./src/components/categories-page/CategoryPageView/CategoryPageView.module.css
Error: Error evaluating Node.js code
CssSyntaxError: D:\work\kaelis-website-new\src\components\categories-page\CategoryPageView\CategoryPageView.module.css:1:1: Unclosed block
    [at Input.error (turbopack:///[project]/node_modules/postcss/lib/input.js:135:16)]
    [at Parser.unclosedBlock (turbopack:///[project]/node_modules/postcss/lib/parser.js:582:22)]
    [at Parser.endFile (turbopack:///[project]/node_modules/postcss/lib/parser.js:342:35)]
    [at Parser.parse (turbopack:///[project]/node_modules/postcss/lib/parser.js:483:10)]
    [at parser (turbopack:///[project]/node_modules/postcss/lib/parse.js:11:12)]
    [at new LazyResult (turbopack:///[project]/node_modules/postcss/lib/lazy-result.js:171:16)]
    [at Processor.process (turbopack:///[project]/node_modules/postcss/lib/processor.js:53:14)]
    [at transform (turbopack:///[turbopack-node]/transforms/postcss.ts?config=[project]/postcss.config.mjs:70:51)]
    [at run (turbopack:///[turbopack-node]/child_process/evaluate.ts:89:29)]
    [at run (turbopack:///[turbopack-node]/child_process/evaluate.ts:112:11)]

Import trace:
  Server Component:
    ./src/components/categories-page/CategoryPageView/CategoryPageView.module.css
    ./src/components/categories-page/CategoryPageView/CategoryPageView.tsx
    ./src/app/categories/[...slug]/page.tsx @ http://localhost:3000/_next/static/chunks/node_modules_next_dist_1e8vcs8._.js:1052
[  289360ms] [ERROR] ./src/components/categories-page/CategoryPageView/CategoryPageView.module.css
Error: Error evaluating Node.js code
CssSyntaxError: D:\work\kaelis-website-new\src\components\categories-page\CategoryPageView\CategoryPageView.module.css:1:1: Unclosed block
    [at Input.error (turbopack:///[project]/node_modules/postcss/lib/input.js:135:16)]
    [at Parser.unclosedBlock (turbopack:///[project]/node_modules/postcss/lib/parser.js:582:22)]
    [at Parser.endFile (turbopack:///[project]/node_modules/postcss/lib/parser.js:342:35)]
    [at Parser.parse (turbopack:///[project]/node_modules/postcss/lib/parser.js:483:10)]
    [at parser (turbopack:///[project]/node_modules/postcss/lib/parse.js:11:12)]
    [at new LazyResult (turbopack:///[project]/node_modules/postcss/lib/lazy-result.js:171:16)]
    [at Processor.process (turbopack:///[project]/node_modules/postcss/lib/processor.js:53:14)]
    [at transform (turbopack:///[turbopack-node]/transforms/postcss.ts?config=[project]/postcss.config.mjs:70:51)]
    [at run (turbopack:///[turbopack-node]/child_process/evaluate.ts:89:29)]
    [at run (turbopack:///[turbopack-node]/child_process/evaluate.ts:112:11)]

Import trace:
  Server Component:
    ./src/components/categories-page/CategoryPageView/CategoryPageView.module.css
    ./src/components/categories-page/CategoryPageView/CategoryPageView.tsx
    ./src/app/categories/[...slug]/page.tsx @ http://localhost:3000/_next/static/chunks/node_modules_next_dist_1e8vcs8._.js:1052
[  289409ms] [ERROR] ./src/components/categories-page/CategoryPageView/CategoryPageView.module.css
Error: Error evaluating Node.js code
CssSyntaxError: D:\work\kaelis-website-new\src\components\categories-page\CategoryPageView\CategoryPageView.module.css:1:1: Unclosed block
    [at Input.error (turbopack:///[project]/node_modules/postcss/lib/input.js:135:16)]
    [at Parser.unclosedBlock (turbopack:///[project]/node_modules/postcss/lib/parser.js:582:22)]
    [at Parser.endFile (turbopack:///[project]/node_modules/postcss/lib/parser.js:342:35)]
    [at Parser.parse (turbopack:///[project]/node_modules/postcss/lib/parser.js:483:10)]
    [at parser (turbopack:///[project]/node_modules/postcss/lib/parse.js:11:12)]
    [at new LazyResult (turbopack:///[project]/node_modules/postcss/lib/lazy-result.js:171:16)]
    [at Processor.process (turbopack:///[project]/node_modules/postcss/lib/processor.js:53:14)]
    [at transform (turbopack:///[turbopack-node]/transforms/postcss.ts?config=[project]/postcss.config.mjs:70:51)]
    [at run (turbopack:///[turbopack-node]/child_process/evaluate.ts:89:29)]
    [at run (turbopack:///[turbopack-node]/child_process/evaluate.ts:112:11)]

Import trace:
  Server Component:
    ./src/components/categories-page/CategoryPageView/CategoryPageView.module.css
    ./src/components/categories-page/CategoryPageView/CategoryPageView.tsx
    ./src/app/categories/[...slug]/page.tsx @ http://localhost:3000/_next/static/chunks/node_modules_next_dist_1e8vcs8._.js:1052
[  289457ms] [ERROR] ./src/components/categories-page/CategoryPageView/CategoryPageView.module.css
Error: Error evaluating Node.js code
CssSyntaxError: D:\work\kaelis-website-new\src\components\categories-page\CategoryPageView\CategoryPageView.module.css:1:1: Unclosed block
    [at Input.error (turbopack:///[project]/node_modules/postcss/lib/input.js:135:16)]
    [at Parser.unclosedBlock (turbopack:///[project]/node_modules/postcss/lib/parser.js:582:22)]
    [at Parser.endFile (turbopack:///[project]/node_modules/postcss/lib/parser.js:342:35)]
    [at Parser.parse (turbopack:///[project]/node_modules/postcss/lib/parser.js:483:10)]
    [at parser (turbopack:///[project]/node_modules/postcss/lib/parse.js:11:12)]
    [at new LazyResult (turbopack:///[project]/node_modules/postcss/lib/lazy-result.js:171:16)]
    [at Processor.process (turbopack:///[project]/node_modules/postcss/lib/processor.js:53:14)]
    [at transform (turbopack:///[turbopack-node]/transforms/postcss.ts?config=[project]/postcss.config.mjs:70:51)]
    [at run (turbopack:///[turbopack-node]/child_process/evaluate.ts:89:29)]
    [at run (turbopack:///[turbopack-node]/child_process/evaluate.ts:112:11)]

Import trace:
  Server Component:
    ./src/components/categories-page/CategoryPageView/CategoryPageView.module.css
    ./src/components/categories-page/CategoryPageView/CategoryPageView.tsx
    ./src/app/categories/[...slug]/page.tsx @ http://localhost:3000/_next/static/chunks/node_modules_next_dist_1e8vcs8._.js:1052
[  289499ms] [ERROR] ./src/components/categories-page/CategoryPageView/CategoryPageView.module.css
Error: Error evaluating Node.js code
CssSyntaxError: D:\work\kaelis-website-new\src\components\categories-page\CategoryPageView\CategoryPageView.module.css:1:1: Unclosed block
    [at Input.error (turbopack:///[project]/node_modules/postcss/lib/input.js:135:16)]
    [at Parser.unclosedBlock (turbopack:///[project]/node_modules/postcss/lib/parser.js:582:22)]
    [at Parser.endFile (turbopack:///[project]/node_modules/postcss/lib/parser.js:342:35)]
    [at Parser.parse (turbopack:///[project]/node_modules/postcss/lib/parser.js:483:10)]
    [at parser (turbopack:///[project]/node_modules/postcss/lib/parse.js:11:12)]
    [at new LazyResult (turbopack:///[project]/node_modules/postcss/lib/lazy-result.js:171:16)]
    [at Processor.process (turbopack:///[project]/node_modules/postcss/lib/processor.js:53:14)]
    [at transform (turbopack:///[turbopack-node]/transforms/postcss.ts?config=[project]/postcss.config.mjs:70:51)]
    [at run (turbopack:///[turbopack-node]/child_process/evaluate.ts:89:29)]
    [at run (turbopack:///[turbopack-node]/child_process/evaluate.ts:112:11)]

Import trace:
  Server Component:
    ./src/components/categories-page/CategoryPageView/CategoryPageView.module.css
    ./src/components/categories-page/CategoryPageView/CategoryPageView.tsx
    ./src/app/categories/[...slug]/page.tsx @ http://localhost:3000/_next/static/chunks/node_modules_next_dist_1e8vcs8._.js:1052
[  289548ms] [ERROR] ./src/components/categories-page/CategoryPageView/CategoryPageView.module.css
Error: Error evaluating Node.js code
CssSyntaxError: D:\work\kaelis-website-new\src\components\categories-page\CategoryPageView\CategoryPageView.module.css:1:1: Unclosed block
    [at Input.error (turbopack:///[project]/node_modules/postcss/lib/input.js:135:16)]
    [at Parser.unclosedBlock (turbopack:///[project]/node_modules/postcss/lib/parser.js:582:22)]
    [at Parser.endFile (turbopack:///[project]/node_modules/postcss/lib/parser.js:342:35)]
    [at Parser.parse (turbopack:///[project]/node_modules/postcss/lib/parser.js:483:10)]
    [at parser (turbopack:///[project]/node_modules/postcss/lib/parse.js:11:12)]
    [at new LazyResult (turbopack:///[project]/node_modules/postcss/lib/lazy-result.js:171:16)]
    [at Processor.process (turbopack:///[project]/node_modules/postcss/lib/processor.js:53:14)]
    [at transform (turbopack:///[turbopack-node]/transforms/postcss.ts?config=[project]/postcss.config.mjs:70:51)]
    [at run (turbopack:///[turbopack-node]/child_process/evaluate.ts:89:29)]
    [at run (turbopack:///[turbopack-node]/child_process/evaluate.ts:112:11)]

Import trace:
  Server Component:
    ./src/components/categories-page/CategoryPageView/CategoryPageView.module.css
    ./src/components/categories-page/CategoryPageView/CategoryPageView.tsx
    ./src/app/categories/[...slug]/page.tsx @ http://localhost:3000/_next/static/chunks/node_modules_next_dist_1e8vcs8._.js:1052
[  289604ms] [ERROR] ./src/components/categories-page/CategoryPageView/CategoryPageView.module.css
Error: Error evaluating Node.js code
CssSyntaxError: D:\work\kaelis-website-new\src\components\categories-page\CategoryPageView\CategoryPageView.module.css:1:1: Unclosed block
    [at Input.error (turbopack:///[project]/node_modules/postcss/lib/input.js:135:16)]
    [at Parser.unclosedBlock (turbopack:///[project]/node_modules/postcss/lib/parser.js:582:22)]
    [at Parser.endFile (turbopack:///[project]/node_modules/postcss/lib/parser.js:342:35)]
    [at Parser.parse (turbopack:///[project]/node_modules/postcss/lib/parser.js:483:10)]
    [at parser (turbopack:///[project]/node_modules/postcss/lib/parse.js:11:12)]
    [at new LazyResult (turbopack:///[project]/node_modules/postcss/lib/lazy-result.js:171:16)]
    [at Processor.process (turbopack:///[project]/node_modules/postcss/lib/processor.js:53:14)]
    [at transform (turbopack:///[turbopack-node]/transforms/postcss.ts?config=[project]/postcss.config.mjs:70:51)]
    [at run (turbopack:///[turbopack-node]/child_process/evaluate.ts:89:29)]
    [at run (turbopack:///[turbopack-node]/child_process/evaluate.ts:112:11)]

Import trace:
  Server Component:
    ./src/components/categories-page/CategoryPageView/CategoryPageView.module.css
    ./src/components/categories-page/CategoryPageView/CategoryPageView.tsx
    ./src/app/categories/[...slug]/page.tsx @ http://localhost:3000/_next/static/chunks/node_modules_next_dist_1e8vcs8._.js:1052
[  289651ms] [ERROR] ./src/components/categories-page/CategoryPageView/CategoryPageView.module.css
Error: Error evaluating Node.js code
CssSyntaxError: D:\work\kaelis-website-new\src\components\categories-page\CategoryPageView\CategoryPageView.module.css:1:1: Unclosed block
    [at Input.error (turbopack:///[project]/node_modules/postcss/lib/input.js:135:16)]
    [at Parser.unclosedBlock (turbopack:///[project]/node_modules/postcss/lib/parser.js:582:22)]
    [at Parser.endFile (turbopack:///[project]/node_modules/postcss/lib/parser.js:342:35)]
    [at Parser.parse (turbopack:///[project]/node_modules/postcss/lib/parser.js:483:10)]
    [at parser (turbopack:///[project]/node_modules/postcss/lib/parse.js:11:12)]
    [at new LazyResult (turbopack:///[project]/node_modules/postcss/lib/lazy-result.js:171:16)]
    [at Processor.process (turbopack:///[project]/node_modules/postcss/lib/processor.js:53:14)]
    [at transform (turbopack:///[turbopack-node]/transforms/postcss.ts?config=[project]/postcss.config.mjs:70:51)]
    [at run (turbopack:///[turbopack-node]/child_process/evaluate.ts:89:29)]
    [at run (turbopack:///[turbopack-node]/child_process/evaluate.ts:112:11)]

Import trace:
  Server Component:
    ./src/components/categories-page/CategoryPageView/CategoryPageView.module.css
    ./src/components/categories-page/CategoryPageView/CategoryPageView.tsx
    ./src/app/categories/[...slug]/page.tsx @ http://localhost:3000/_next/static/chunks/node_modules_next_dist_1e8vcs8._.js:1052
[  289694ms] [ERROR] ./src/components/categories-page/CategoryPageView/CategoryPageView.module.css
Error: Error evaluating Node.js code
CssSyntaxError: D:\work\kaelis-website-new\src\components\categories-page\CategoryPageView\CategoryPageView.module.css:1:1: Unclosed block
    [at Input.error (turbopack:///[project]/node_modules/postcss/lib/input.js:135:16)]
    [at Parser.unclosedBlock (turbopack:///[project]/node_modules/postcss/lib/parser.js:582:22)]
    [at Parser.endFile (turbopack:///[project]/node_modules/postcss/lib/parser.js:342:35)]
    [at Parser.parse (turbopack:///[project]/node_modules/postcss/lib/parser.js:483:10)]
    [at parser (turbopack:///[project]/node_modules/postcss/lib/parse.js:11:12)]
    [at new LazyResult (turbopack:///[project]/node_modules/postcss/lib/lazy-result.js:171:16)]
    [at Processor.process (turbopack:///[project]/node_modules/postcss/lib/processor.js:53:14)]
    [at transform (turbopack:///[turbopack-node]/transforms/postcss.ts?config=[project]/postcss.config.mjs:70:51)]
    [at run (turbopack:///[turbopack-node]/child_process/evaluate.ts:89:29)]
    [at run (turbopack:///[turbopack-node]/child_process/evaluate.ts:112:11)]

Import trace:
  Server Component:
    ./src/components/categories-page/CategoryPageView/CategoryPageView.module.css
    ./src/components/categories-page/CategoryPageView/CategoryPageView.tsx
    ./src/app/categories/[...slug]/page.tsx @ http://localhost:3000/_next/static/chunks/node_modules_next_dist_1e8vcs8._.js:1052
[  289743ms] [ERROR] ./src/components/categories-page/CategoryPageView/CategoryPageView.module.css
Error: Error evaluating Node.js code
CssSyntaxError: D:\work\kaelis-website-new\src\components\categories-page\CategoryPageView\CategoryPageView.module.css:1:1: Unclosed block
    [at Input.error (turbopack:///[project]/node_modules/postcss/lib/input.js:135:16)]
    [at Parser.unclosedBlock (turbopack:///[project]/node_modules/postcss/lib/parser.js:582:22)]
    [at Parser.endFile (turbopack:///[project]/node_modules/postcss/lib/parser.js:342:35)]
    [at Parser.parse (turbopack:///[project]/node_modules/postcss/lib/parser.js:483:10)]
    [at parser (turbopack:///[project]/node_modules/postcss/lib/parse.js:11:12)]
    [at new LazyResult (turbopack:///[project]/node_modules/postcss/lib/lazy-result.js:171:16)]
    [at Processor.process (turbopack:///[project]/node_modules/postcss/lib/processor.js:53:14)]
    [at transform (turbopack:///[turbopack-node]/transforms/postcss.ts?config=[project]/postcss.config.mjs:70:51)]
    [at run (turbopack:///[turbopack-node]/child_process/evaluate.ts:89:29)]
    [at run (turbopack:///[turbopack-node]/child_process/evaluate.ts:112:11)]

Import trace:
  Server Component:
    ./src/components/categories-page/CategoryPageView/CategoryPageView.module.css
    ./src/components/categories-page/CategoryPageView/CategoryPageView.tsx
    ./src/app/categories/[...slug]/page.tsx @ http://localhost:3000/_next/static/chunks/node_modules_next_dist_1e8vcs8._.js:1052
[  289784ms] [ERROR] ./src/components/categories-page/CategoryPageView/CategoryPageView.module.css
Error: Error evaluating Node.js code
CssSyntaxError: D:\work\kaelis-website-new\src\components\categories-page\CategoryPageView\CategoryPageView.module.css:1:1: Unclosed block
    [at Input.error (turbopack:///[project]/node_modules/postcss/lib/input.js:135:16)]
    [at Parser.unclosedBlock (turbopack:///[project]/node_modules/postcss/lib/parser.js:582:22)]
    [at Parser.endFile (turbopack:///[project]/node_modules/postcss/lib/parser.js:342:35)]
    [at Parser.parse (turbopack:///[project]/node_modules/postcss/lib/parser.js:483:10)]
    [at parser (turbopack:///[project]/node_modules/postcss/lib/parse.js:11:12)]
    [at new LazyResult (turbopack:///[project]/node_modules/postcss/lib/lazy-result.js:171:16)]
    [at Processor.process (turbopack:///[project]/node_modules/postcss/lib/processor.js:53:14)]
    [at transform (turbopack:///[turbopack-node]/transforms/postcss.ts?config=[project]/postcss.config.mjs:70:51)]
    [at run (turbopack:///[turbopack-node]/child_process/evaluate.ts:89:29)]
    [at run (turbopack:///[turbopack-node]/child_process/evaluate.ts:112:11)]

Import trace:
  Server Component:
    ./src/components/categories-page/CategoryPageView/CategoryPageView.module.css
    ./src/components/categories-page/CategoryPageView/CategoryPageView.tsx
    ./src/app/categories/[...slug]/page.tsx @ http://localhost:3000/_next/static/chunks/node_modules_next_dist_1e8vcs8._.js:1052
[  289833ms] [ERROR] ./src/components/categories-page/CategoryPageView/CategoryPageView.module.css
Error: Error evaluating Node.js code
CssSyntaxError: D:\work\kaelis-website-new\src\components\categories-page\CategoryPageView\CategoryPageView.module.css:1:1: Unclosed block
    [at Input.error (turbopack:///[project]/node_modules/postcss/lib/input.js:135:16)]
    [at Parser.unclosedBlock (turbopack:///[project]/node_modules/postcss/lib/parser.js:582:22)]
    [at Parser.endFile (turbopack:///[project]/node_modules/postcss/lib/parser.js:342:35)]
    [at Parser.parse (turbopack:///[project]/node_modules/postcss/lib/parser.js:483:10)]
    [at parser (turbopack:///[project]/node_modules/postcss/lib/parse.js:11:12)]
    [at new LazyResult (turbopack:///[project]/node_modules/postcss/lib/lazy-result.js:171:16)]
    [at Processor.process (turbopack:///[project]/node_modules/postcss/lib/processor.js:53:14)]
    [at transform (turbopack:///[turbopack-node]/transforms/postcss.ts?config=[project]/postcss.config.mjs:70:51)]
    [at run (turbopack:///[turbopack-node]/child_process/evaluate.ts:89:29)]
    [at run (turbopack:///[turbopack-node]/child_process/evaluate.ts:112:11)]

Import trace:
  Server Component:
    ./src/components/categories-page/CategoryPageView/CategoryPageView.module.css
    ./src/components/categories-page/CategoryPageView/CategoryPageView.tsx
    ./src/app/categories/[...slug]/page.tsx @ http://localhost:3000/_next/static/chunks/node_modules_next_dist_1e8vcs8._.js:1052
[  289874ms] [ERROR] ./src/components/categories-page/CategoryPageView/CategoryPageView.module.css
Error: Error evaluating Node.js code
CssSyntaxError: D:\work\kaelis-website-new\src\components\categories-page\CategoryPageView\CategoryPageView.module.css:1:1: Unclosed block
    [at Input.error (turbopack:///[project]/node_modules/postcss/lib/input.js:135:16)]
    [at Parser.unclosedBlock (turbopack:///[project]/node_modules/postcss/lib/parser.js:582:22)]
    [at Parser.endFile (turbopack:///[project]/node_modules/postcss/lib/parser.js:342:35)]
    [at Parser.parse (turbopack:///[project]/node_modules/postcss/lib/parser.js:483:10)]
    [at parser (turbopack:///[project]/node_modules/postcss/lib/parse.js:11:12)]
    [at new LazyResult (turbopack:///[project]/node_modules/postcss/lib/lazy-result.js:171:16)]
    [at Processor.process (turbopack:///[project]/node_modules/postcss/lib/processor.js:53:14)]
    [at transform (turbopack:///[turbopack-node]/transforms/postcss.ts?config=[project]/postcss.config.mjs:70:51)]
    [at run (turbopack:///[turbopack-node]/child_process/evaluate.ts:89:29)]
    [at run (turbopack:///[turbopack-node]/child_process/evaluate.ts:112:11)]

Import trace:
  Server Component:
    ./src/components/categories-page/CategoryPageView/CategoryPageView.module.css
    ./src/components/categories-page/CategoryPageView/CategoryPageView.tsx
    ./src/app/categories/[...slug]/page.tsx @ http://localhost:3000/_next/static/chunks/node_modules_next_dist_1e8vcs8._.js:1052
[  289923ms] [ERROR] ./src/components/categories-page/CategoryPageView/CategoryPageView.module.css
Error: Error evaluating Node.js code
CssSyntaxError: D:\work\kaelis-website-new\src\components\categories-page\CategoryPageView\CategoryPageView.module.css:1:1: Unclosed block
    [at Input.error (turbopack:///[project]/node_modules/postcss/lib/input.js:135:16)]
    [at Parser.unclosedBlock (turbopack:///[project]/node_modules/postcss/lib/parser.js:582:22)]
    [at Parser.endFile (turbopack:///[project]/node_modules/postcss/lib/parser.js:342:35)]
    [at Parser.parse (turbopack:///[project]/node_modules/postcss/lib/parser.js:483:10)]
    [at parser (turbopack:///[project]/node_modules/postcss/lib/parse.js:11:12)]
    [at new LazyResult (turbopack:///[project]/node_modules/postcss/lib/lazy-result.js:171:16)]
    [at Processor.process (turbopack:///[project]/node_modules/postcss/lib/processor.js:53:14)]
    [at transform (turbopack:///[turbopack-node]/transforms/postcss.ts?config=[project]/postcss.config.mjs:70:51)]
    [at run (turbopack:///[turbopack-node]/child_process/evaluate.ts:89:29)]
    [at run (turbopack:///[turbopack-node]/child_process/evaluate.ts:112:11)]

Import trace:
  Server Component:
    ./src/components/categories-page/CategoryPageView/CategoryPageView.module.css
    ./src/components/categories-page/CategoryPageView/CategoryPageView.tsx
    ./src/app/categories/[...slug]/page.tsx @ http://localhost:3000/_next/static/chunks/node_modules_next_dist_1e8vcs8._.js:1052
[  289964ms] [ERROR] ./src/components/categories-page/CategoryPageView/CategoryPageView.module.css
Error: Error evaluating Node.js code
CssSyntaxError: D:\work\kaelis-website-new\src\components\categories-page\CategoryPageView\CategoryPageView.module.css:1:1: Unclosed block
    [at Input.error (turbopack:///[project]/node_modules/postcss/lib/input.js:135:16)]
    [at Parser.unclosedBlock (turbopack:///[project]/node_modules/postcss/lib/parser.js:582:22)]
    [at Parser.endFile (turbopack:///[project]/node_modules/postcss/lib/parser.js:342:35)]
    [at Parser.parse (turbopack:///[project]/node_modules/postcss/lib/parser.js:483:10)]
    [at parser (turbopack:///[project]/node_modules/postcss/lib/parse.js:11:12)]
    [at new LazyResult (turbopack:///[project]/node_modules/postcss/lib/lazy-result.js:171:16)]
    [at Processor.process (turbopack:///[project]/node_modules/postcss/lib/processor.js:53:14)]
    [at transform (turbopack:///[turbopack-node]/transforms/postcss.ts?config=[project]/postcss.config.mjs:70:51)]
    [at run (turbopack:///[turbopack-node]/child_process/evaluate.ts:89:29)]
    [at run (turbopack:///[turbopack-node]/child_process/evaluate.ts:112:11)]

Import trace:
  Server Component:
    ./src/components/categories-page/CategoryPageView/CategoryPageView.module.css
    ./src/components/categories-page/CategoryPageView/CategoryPageView.tsx
    ./src/app/categories/[...slug]/page.tsx @ http://localhost:3000/_next/static/chunks/node_modules_next_dist_1e8vcs8._.js:1052
[  290020ms] [ERROR] ./src/components/categories-page/CategoryPageView/CategoryPageView.module.css
Error: Error evaluating Node.js code
CssSyntaxError: D:\work\kaelis-website-new\src\components\categories-page\CategoryPageView\CategoryPageView.module.css:1:1: Unclosed block
    [at Input.error (turbopack:///[project]/node_modules/postcss/lib/input.js:135:16)]
    [at Parser.unclosedBlock (turbopack:///[project]/node_modules/postcss/lib/parser.js:582:22)]
    [at Parser.endFile (turbopack:///[project]/node_modules/postcss/lib/parser.js:342:35)]
    [at Parser.parse (turbopack:///[project]/node_modules/postcss/lib/parser.js:483:10)]
    [at parser (turbopack:///[project]/node_modules/postcss/lib/parse.js:11:12)]
    [at new LazyResult (turbopack:///[project]/node_modules/postcss/lib/lazy-result.js:171:16)]
    [at Processor.process (turbopack:///[project]/node_modules/postcss/lib/processor.js:53:14)]
    [at transform (turbopack:///[turbopack-node]/transforms/postcss.ts?config=[project]/postcss.config.mjs:70:51)]
    [at run (turbopack:///[turbopack-node]/child_process/evaluate.ts:89:29)]
    [at run (turbopack:///[turbopack-node]/child_process/evaluate.ts:112:11)]

Import trace:
  Server Component:
    ./src/components/categories-page/CategoryPageView/CategoryPageView.module.css
    ./src/components/categories-page/CategoryPageView/CategoryPageView.tsx
    ./src/app/categories/[...slug]/page.tsx @ http://localhost:3000/_next/static/chunks/node_modules_next_dist_1e8vcs8._.js:1052
[  290068ms] [ERROR] ./src/components/categories-page/CategoryPageView/CategoryPageView.module.css
Error: Error evaluating Node.js code
CssSyntaxError: D:\work\kaelis-website-new\src\components\categories-page\CategoryPageView\CategoryPageView.module.css:1:1: Unclosed block
    [at Input.error (turbopack:///[project]/node_modules/postcss/lib/input.js:135:16)]
    [at Parser.unclosedBlock (turbopack:///[project]/node_modules/postcss/lib/parser.js:582:22)]
    [at Parser.endFile (turbopack:///[project]/node_modules/postcss/lib/parser.js:342:35)]
    [at Parser.parse (turbopack:///[project]/node_modules/postcss/lib/parser.js:483:10)]
    [at parser (turbopack:///[project]/node_modules/postcss/lib/parse.js:11:12)]
    [at new LazyResult (turbopack:///[project]/node_modules/postcss/lib/lazy-result.js:171:16)]
    [at Processor.process (turbopack:///[project]/node_modules/postcss/lib/processor.js:53:14)]
    [at transform (turbopack:///[turbopack-node]/transforms/postcss.ts?config=[project]/postcss.config.mjs:70:51)]
    [at run (turbopack:///[turbopack-node]/child_process/evaluate.ts:89:29)]
    [at run (turbopack:///[turbopack-node]/child_process/evaluate.ts:112:11)]

Import trace:
  Server Component:
    ./src/components/categories-page/CategoryPageView/CategoryPageView.module.css
    ./src/components/categories-page/CategoryPageView/CategoryPageView.tsx
    ./src/app/categories/[...slug]/page.tsx @ http://localhost:3000/_next/static/chunks/node_modules_next_dist_1e8vcs8._.js:1052
[  290110ms] [ERROR] ./src/components/categories-page/CategoryPageView/CategoryPageView.module.css
Error: Error evaluating Node.js code
CssSyntaxError: D:\work\kaelis-website-new\src\components\categories-page\CategoryPageView\CategoryPageView.module.css:1:1: Unclosed block
    [at Input.error (turbopack:///[project]/node_modules/postcss/lib/input.js:135:16)]
    [at Parser.unclosedBlock (turbopack:///[project]/node_modules/postcss/lib/parser.js:582:22)]
    [at Parser.endFile (turbopack:///[project]/node_modules/postcss/lib/parser.js:342:35)]
    [at Parser.parse (turbopack:///[project]/node_modules/postcss/lib/parser.js:483:10)]
    [at parser (turbopack:///[project]/node_modules/postcss/lib/parse.js:11:12)]
    [at new LazyResult (turbopack:///[project]/node_modules/postcss/lib/lazy-result.js:171:16)]
    [at Processor.process (turbopack:///[project]/node_modules/postcss/lib/processor.js:53:14)]
    [at transform (turbopack:///[turbopack-node]/transforms/postcss.ts?config=[project]/postcss.config.mjs:70:51)]
    [at run (turbopack:///[turbopack-node]/child_process/evaluate.ts:89:29)]
    [at run (turbopack:///[turbopack-node]/child_process/evaluate.ts:112:11)]

Import trace:
  Server Component:
    ./src/components/categories-page/CategoryPageView/CategoryPageView.module.css
    ./src/components/categories-page/CategoryPageView/CategoryPageView.tsx
    ./src/app/categories/[...slug]/page.tsx @ http://localhost:3000/_next/static/chunks/node_modules_next_dist_1e8vcs8._.js:1052
[  290152ms] [ERROR] ./src/components/categories-page/CategoryPageView/CategoryPageView.module.css
Error: Error evaluating Node.js code
CssSyntaxError: D:\work\kaelis-website-new\src\components\categories-page\CategoryPageView\CategoryPageView.module.css:1:1: Unclosed block
    [at Input.error (turbopack:///[project]/node_modules/postcss/lib/input.js:135:16)]
    [at Parser.unclosedBlock (turbopack:///[project]/node_modules/postcss/lib/parser.js:582:22)]
    [at Parser.endFile (turbopack:///[project]/node_modules/postcss/lib/parser.js:342:35)]
    [at Parser.parse (turbopack:///[project]/node_modules/postcss/lib/parser.js:483:10)]
    [at parser (turbopack:///[project]/node_modules/postcss/lib/parse.js:11:12)]
    [at new LazyResult (turbopack:///[project]/node_modules/postcss/lib/lazy-result.js:171:16)]
    [at Processor.process (turbopack:///[project]/node_modules/postcss/lib/processor.js:53:14)]
    [at transform (turbopack:///[turbopack-node]/transforms/postcss.ts?config=[project]/postcss.config.mjs:70:51)]
    [at run (turbopack:///[turbopack-node]/child_process/evaluate.ts:89:29)]
    [at run (turbopack:///[turbopack-node]/child_process/evaluate.ts:112:11)]

Import trace:
  Server Component:
    ./src/components/categories-page/CategoryPageView/CategoryPageView.module.css
    ./src/components/categories-page/CategoryPageView/CategoryPageView.tsx
    ./src/app/categories/[...slug]/page.tsx @ http://localhost:3000/_next/static/chunks/node_modules_next_dist_1e8vcs8._.js:1052
[  290200ms] [ERROR] ./src/components/categories-page/CategoryPageView/CategoryPageView.module.css
Error: Error evaluating Node.js code
CssSyntaxError: D:\work\kaelis-website-new\src\components\categories-page\CategoryPageView\CategoryPageView.module.css:1:1: Unclosed block
    [at Input.error (turbopack:///[project]/node_modules/postcss/lib/input.js:135:16)]
    [at Parser.unclosedBlock (turbopack:///[project]/node_modules/postcss/lib/parser.js:582:22)]
    [at Parser.endFile (turbopack:///[project]/node_modules/postcss/lib/parser.js:342:35)]
    [at Parser.parse (turbopack:///[project]/node_modules/postcss/lib/parser.js:483:10)]
    [at parser (turbopack:///[project]/node_modules/postcss/lib/parse.js:11:12)]
    [at new LazyResult (turbopack:///[project]/node_modules/postcss/lib/lazy-result.js:171:16)]
    [at Processor.process (turbopack:///[project]/node_modules/postcss/lib/processor.js:53:14)]
    [at transform (turbopack:///[turbopack-node]/transforms/postcss.ts?config=[project]/postcss.config.mjs:70:51)]
    [at run (turbopack:///[turbopack-node]/child_process/evaluate.ts:89:29)]
    [at run (turbopack:///[turbopack-node]/child_process/evaluate.ts:112:11)]

Import trace:
  Server Component:
    ./src/components/categories-page/CategoryPageView/CategoryPageView.module.css
    ./src/components/categories-page/CategoryPageView/CategoryPageView.tsx
    ./src/app/categories/[...slug]/page.tsx @ http://localhost:3000/_next/static/chunks/node_modules_next_dist_1e8vcs8._.js:1052
[  290242ms] [ERROR] ./src/components/categories-page/CategoryPageView/CategoryPageView.module.css
Error: Error evaluating Node.js code
CssSyntaxError: D:\work\kaelis-website-new\src\components\categories-page\CategoryPageView\CategoryPageView.module.css:1:1: Unclosed block
    [at Input.error (turbopack:///[project]/node_modules/postcss/lib/input.js:135:16)]
    [at Parser.unclosedBlock (turbopack:///[project]/node_modules/postcss/lib/parser.js:582:22)]
    [at Parser.endFile (turbopack:///[project]/node_modules/postcss/lib/parser.js:342:35)]
    [at Parser.parse (turbopack:///[project]/node_modules/postcss/lib/parser.js:483:10)]
    [at parser (turbopack:///[project]/node_modules/postcss/lib/parse.js:11:12)]
    [at new LazyResult (turbopack:///[project]/node_modules/postcss/lib/lazy-result.js:171:16)]
    [at Processor.process (turbopack:///[project]/node_modules/postcss/lib/processor.js:53:14)]
    [at transform (turbopack:///[turbopack-node]/transforms/postcss.ts?config=[project]/postcss.config.mjs:70:51)]
    [at run (turbopack:///[turbopack-node]/child_process/evaluate.ts:89:29)]
    [at run (turbopack:///[turbopack-node]/child_process/evaluate.ts:112:11)]

Import trace:
  Server Component:
    ./src/components/categories-page/CategoryPageView/CategoryPageView.module.css
    ./src/components/categories-page/CategoryPageView/CategoryPageView.tsx
    ./src/app/categories/[...slug]/page.tsx @ http://localhost:3000/_next/static/chunks/node_modules_next_dist_1e8vcs8._.js:1052
[  290291ms] [ERROR] ./src/components/categories-page/CategoryPageView/CategoryPageView.module.css
Error: Error evaluating Node.js code
CssSyntaxError: D:\work\kaelis-website-new\src\components\categories-page\CategoryPageView\CategoryPageView.module.css:1:1: Unclosed block
    [at Input.error (turbopack:///[project]/node_modules/postcss/lib/input.js:135:16)]
    [at Parser.unclosedBlock (turbopack:///[project]/node_modules/postcss/lib/parser.js:582:22)]
    [at Parser.endFile (turbopack:///[project]/node_modules/postcss/lib/parser.js:342:35)]
    [at Parser.parse (turbopack:///[project]/node_modules/postcss/lib/parser.js:483:10)]
    [at parser (turbopack:///[project]/node_modules/postcss/lib/parse.js:11:12)]
    [at new LazyResult (turbopack:///[project]/node_modules/postcss/lib/lazy-result.js:171:16)]
    [at Processor.process (turbopack:///[project]/node_modules/postcss/lib/processor.js:53:14)]
    [at transform (turbopack:///[turbopack-node]/transforms/postcss.ts?config=[project]/postcss.config.mjs:70:51)]
    [at run (turbopack:///[turbopack-node]/child_process/evaluate.ts:89:29)]
    [at run (turbopack:///[turbopack-node]/child_process/evaluate.ts:112:11)]

Import trace:
  Server Component:
    ./src/components/categories-page/CategoryPageView/CategoryPageView.module.css
    ./src/components/categories-page/CategoryPageView/CategoryPageView.tsx
    ./src/app/categories/[...slug]/page.tsx @ http://localhost:3000/_next/static/chunks/node_modules_next_dist_1e8vcs8._.js:1052
[  290339ms] [ERROR] ./src/components/categories-page/CategoryPageView/CategoryPageView.module.css
Error: Error evaluating Node.js code
CssSyntaxError: D:\work\kaelis-website-new\src\components\categories-page\CategoryPageView\CategoryPageView.module.css:1:1: Unclosed block
    [at Input.error (turbopack:///[project]/node_modules/postcss/lib/input.js:135:16)]
    [at Parser.unclosedBlock (turbopack:///[project]/node_modules/postcss/lib/parser.js:582:22)]
    [at Parser.endFile (turbopack:///[project]/node_modules/postcss/lib/parser.js:342:35)]
    [at Parser.parse (turbopack:///[project]/node_modules/postcss/lib/parser.js:483:10)]
    [at parser (turbopack:///[project]/node_modules/postcss/lib/parse.js:11:12)]
    [at new LazyResult (turbopack:///[project]/node_modules/postcss/lib/lazy-result.js:171:16)]
    [at Processor.process (turbopack:///[project]/node_modules/postcss/lib/processor.js:53:14)]
    [at transform (turbopack:///[turbopack-node]/transforms/postcss.ts?config=[project]/postcss.config.mjs:70:51)]
    [at run (turbopack:///[turbopack-node]/child_process/evaluate.ts:89:29)]
    [at run (turbopack:///[turbopack-node]/child_process/evaluate.ts:112:11)]

Import trace:
  Server Component:
    ./src/components/categories-page/CategoryPageView/CategoryPageView.module.css
    ./src/components/categories-page/CategoryPageView/CategoryPageView.tsx
    ./src/app/categories/[...slug]/page.tsx @ http://localhost:3000/_next/static/chunks/node_modules_next_dist_1e8vcs8._.js:1052
[  290388ms] [ERROR] ./src/components/categories-page/CategoryPageView/CategoryPageView.module.css
Error: Error evaluating Node.js code
CssSyntaxError: D:\work\kaelis-website-new\src\components\categories-page\CategoryPageView\CategoryPageView.module.css:1:1: Unclosed block
    [at Input.error (turbopack:///[project]/node_modules/postcss/lib/input.js:135:16)]
    [at Parser.unclosedBlock (turbopack:///[project]/node_modules/postcss/lib/parser.js:582:22)]
    [at Parser.endFile (turbopack:///[project]/node_modules/postcss/lib/parser.js:342:35)]
    [at Parser.parse (turbopack:///[project]/node_modules/postcss/lib/parser.js:483:10)]
    [at parser (turbopack:///[project]/node_modules/postcss/lib/parse.js:11:12)]
    [at new LazyResult (turbopack:///[project]/node_modules/postcss/lib/lazy-result.js:171:16)]
    [at Processor.process (turbopack:///[project]/node_modules/postcss/lib/processor.js:53:14)]
    [at transform (turbopack:///[turbopack-node]/transforms/postcss.ts?config=[project]/postcss.config.mjs:70:51)]
    [at run (turbopack:///[turbopack-node]/child_process/evaluate.ts:89:29)]
    [at run (turbopack:///[turbopack-node]/child_process/evaluate.ts:112:11)]

Import trace:
  Server Component:
    ./src/components/categories-page/CategoryPageView/CategoryPageView.module.css
    ./src/components/categories-page/CategoryPageView/CategoryPageView.tsx
    ./src/app/categories/[...slug]/page.tsx @ http://localhost:3000/_next/static/chunks/node_modules_next_dist_1e8vcs8._.js:1052
[  290447ms] [ERROR] ./src/components/categories-page/CategoryPageView/CategoryPageView.module.css
Error: Error evaluating Node.js code
CssSyntaxError: D:\work\kaelis-website-new\src\components\categories-page\CategoryPageView\CategoryPageView.module.css:1:1: Unclosed block
    [at Input.error (turbopack:///[project]/node_modules/postcss/lib/input.js:135:16)]
    [at Parser.unclosedBlock (turbopack:///[project]/node_modules/postcss/lib/parser.js:582:22)]
    [at Parser.endFile (turbopack:///[project]/node_modules/postcss/lib/parser.js:342:35)]
    [at Parser.parse (turbopack:///[project]/node_modules/postcss/lib/parser.js:483:10)]
    [at parser (turbopack:///[project]/node_modules/postcss/lib/parse.js:11:12)]
    [at new LazyResult (turbopack:///[project]/node_modules/postcss/lib/lazy-result.js:171:16)]
    [at Processor.process (turbopack:///[project]/node_modules/postcss/lib/processor.js:53:14)]
    [at transform (turbopack:///[turbopack-node]/transforms/postcss.ts?config=[project]/postcss.config.mjs:70:51)]
    [at run (turbopack:///[turbopack-node]/child_process/evaluate.ts:89:29)]
    [at run (turbopack:///[turbopack-node]/child_process/evaluate.ts:112:11)]

Import trace:
  Server Component:
    ./src/components/categories-page/CategoryPageView/CategoryPageView.module.css
    ./src/components/categories-page/CategoryPageView/CategoryPageView.tsx
    ./src/app/categories/[...slug]/page.tsx @ http://localhost:3000/_next/static/chunks/node_modules_next_dist_1e8vcs8._.js:1052
[  290493ms] [ERROR] ./src/components/categories-page/CategoryPageView/CategoryPageView.module.css
Error: Error evaluating Node.js code
CssSyntaxError: D:\work\kaelis-website-new\src\components\categories-page\CategoryPageView\CategoryPageView.module.css:1:1: Unclosed block
    [at Input.error (turbopack:///[project]/node_modules/postcss/lib/input.js:135:16)]
    [at Parser.unclosedBlock (turbopack:///[project]/node_modules/postcss/lib/parser.js:582:22)]
    [at Parser.endFile (turbopack:///[project]/node_modules/postcss/lib/parser.js:342:35)]
    [at Parser.parse (turbopack:///[project]/node_modules/postcss/lib/parser.js:483:10)]
    [at parser (turbopack:///[project]/node_modules/postcss/lib/parse.js:11:12)]
    [at new LazyResult (turbopack:///[project]/node_modules/postcss/lib/lazy-result.js:171:16)]
    [at Processor.process (turbopack:///[project]/node_modules/postcss/lib/processor.js:53:14)]
    [at transform (turbopack:///[turbopack-node]/transforms/postcss.ts?config=[project]/postcss.config.mjs:70:51)]
    [at run (turbopack:///[turbopack-node]/child_process/evaluate.ts:89:29)]
    [at run (turbopack:///[turbopack-node]/child_process/evaluate.ts:112:11)]

Import trace:
  Server Component:
    ./src/components/categories-page/CategoryPageView/CategoryPageView.module.css
    ./src/components/categories-page/CategoryPageView/CategoryPageView.tsx
    ./src/app/categories/[...slug]/page.tsx @ http://localhost:3000/_next/static/chunks/node_modules_next_dist_1e8vcs8._.js:1052
[  290534ms] [ERROR] ./src/components/categories-page/CategoryPageView/CategoryPageView.module.css
Error: Error evaluating Node.js code
CssSyntaxError: D:\work\kaelis-website-new\src\components\categories-page\CategoryPageView\CategoryPageView.module.css:1:1: Unclosed block
    [at Input.error (turbopack:///[project]/node_modules/postcss/lib/input.js:135:16)]
    [at Parser.unclosedBlock (turbopack:///[project]/node_modules/postcss/lib/parser.js:582:22)]
    [at Parser.endFile (turbopack:///[project]/node_modules/postcss/lib/parser.js:342:35)]
    [at Parser.parse (turbopack:///[project]/node_modules/postcss/lib/parser.js:483:10)]
    [at parser (turbopack:///[project]/node_modules/postcss/lib/parse.js:11:12)]
    [at new LazyResult (turbopack:///[project]/node_modules/postcss/lib/lazy-result.js:171:16)]
    [at Processor.process (turbopack:///[project]/node_modules/postcss/lib/processor.js:53:14)]
    [at transform (turbopack:///[turbopack-node]/transforms/postcss.ts?config=[project]/postcss.config.mjs:70:51)]
    [at run (turbopack:///[turbopack-node]/child_process/evaluate.ts:89:29)]
    [at run (turbopack:///[turbopack-node]/child_process/evaluate.ts:112:11)]

Import trace:
  Server Component:
    ./src/components/categories-page/CategoryPageView/CategoryPageView.module.css
    ./src/components/categories-page/CategoryPageView/CategoryPageView.tsx
    ./src/app/categories/[...slug]/page.tsx @ http://localhost:3000/_next/static/chunks/node_modules_next_dist_1e8vcs8._.js:1052
[  290575ms] [ERROR] ./src/components/categories-page/CategoryPageView/CategoryPageView.module.css
Error: Error evaluating Node.js code
CssSyntaxError: D:\work\kaelis-website-new\src\components\categories-page\CategoryPageView\CategoryPageView.module.css:1:1: Unclosed block
    [at Input.error (turbopack:///[project]/node_modules/postcss/lib/input.js:135:16)]
    [at Parser.unclosedBlock (turbopack:///[project]/node_modules/postcss/lib/parser.js:582:22)]
    [at Parser.endFile (turbopack:///[project]/node_modules/postcss/lib/parser.js:342:35)]
    [at Parser.parse (turbopack:///[project]/node_modules/postcss/lib/parser.js:483:10)]
    [at parser (turbopack:///[project]/node_modules/postcss/lib/parse.js:11:12)]
    [at new LazyResult (turbopack:///[project]/node_modules/postcss/lib/lazy-result.js:171:16)]
    [at Processor.process (turbopack:///[project]/node_modules/postcss/lib/processor.js:53:14)]
    [at transform (turbopack:///[turbopack-node]/transforms/postcss.ts?config=[project]/postcss.config.mjs:70:51)]
    [at run (turbopack:///[turbopack-node]/child_process/evaluate.ts:89:29)]
    [at run (turbopack:///[turbopack-node]/child_process/evaluate.ts:112:11)]

Import trace:
  Server Component:
    ./src/components/categories-page/CategoryPageView/CategoryPageView.module.css
    ./src/components/categories-page/CategoryPageView/CategoryPageView.tsx
    ./src/app/categories/[...slug]/page.tsx @ http://localhost:3000/_next/static/chunks/node_modules_next_dist_1e8vcs8._.js:1052
[  290625ms] [ERROR] ./src/components/categories-page/CategoryPageView/CategoryPageView.module.css
Error: Error evaluating Node.js code
CssSyntaxError: D:\work\kaelis-website-new\src\components\categories-page\CategoryPageView\CategoryPageView.module.css:1:1: Unclosed block
    [at Input.error (turbopack:///[project]/node_modules/postcss/lib/input.js:135:16)]
    [at Parser.unclosedBlock (turbopack:///[project]/node_modules/postcss/lib/parser.js:582:22)]
    [at Parser.endFile (turbopack:///[project]/node_modules/postcss/lib/parser.js:342:35)]
    [at Parser.parse (turbopack:///[project]/node_modules/postcss/lib/parser.js:483:10)]
    [at parser (turbopack:///[project]/node_modules/postcss/lib/parse.js:11:12)]
    [at new LazyResult (turbopack:///[project]/node_modules/postcss/lib/lazy-result.js:171:16)]
    [at Processor.process (turbopack:///[project]/node_modules/postcss/lib/processor.js:53:14)]
    [at transform (turbopack:///[turbopack-node]/transforms/postcss.ts?config=[project]/postcss.config.mjs:70:51)]
    [at run (turbopack:///[turbopack-node]/child_process/evaluate.ts:89:29)]
    [at run (turbopack:///[turbopack-node]/child_process/evaluate.ts:112:11)]

Import trace:
  Server Component:
    ./src/components/categories-page/CategoryPageView/CategoryPageView.module.css
    ./src/components/categories-page/CategoryPageView/CategoryPageView.tsx
    ./src/app/categories/[...slug]/page.tsx @ http://localhost:3000/_next/static/chunks/node_modules_next_dist_1e8vcs8._.js:1052
[  290666ms] [ERROR] ./src/components/categories-page/CategoryPageView/CategoryPageView.module.css
Error: Error evaluating Node.js code
CssSyntaxError: D:\work\kaelis-website-new\src\components\categories-page\CategoryPageView\CategoryPageView.module.css:1:1: Unclosed block
    [at Input.error (turbopack:///[project]/node_modules/postcss/lib/input.js:135:16)]
    [at Parser.unclosedBlock (turbopack:///[project]/node_modules/postcss/lib/parser.js:582:22)]
    [at Parser.endFile (turbopack:///[project]/node_modules/postcss/lib/parser.js:342:35)]
    [at Parser.parse (turbopack:///[project]/node_modules/postcss/lib/parser.js:483:10)]
    [at parser (turbopack:///[project]/node_modules/postcss/lib/parse.js:11:12)]
    [at new LazyResult (turbopack:///[project]/node_modules/postcss/lib/lazy-result.js:171:16)]
    [at Processor.process (turbopack:///[project]/node_modules/postcss/lib/processor.js:53:14)]
    [at transform (turbopack:///[turbopack-node]/transforms/postcss.ts?config=[project]/postcss.config.mjs:70:51)]
    [at run (turbopack:///[turbopack-node]/child_process/evaluate.ts:89:29)]
    [at run (turbopack:///[turbopack-node]/child_process/evaluate.ts:112:11)]

Import trace:
  Server Component:
    ./src/components/categories-page/CategoryPageView/CategoryPageView.module.css
    ./src/components/categories-page/CategoryPageView/CategoryPageView.tsx
    ./src/app/categories/[...slug]/page.tsx @ http://localhost:3000/_next/static/chunks/node_modules_next_dist_1e8vcs8._.js:1052
[  290708ms] [ERROR] ./src/components/categories-page/CategoryPageView/CategoryPageView.module.css
Error: Error evaluating Node.js code
CssSyntaxError: D:\work\kaelis-website-new\src\components\categories-page\CategoryPageView\CategoryPageView.module.css:1:1: Unclosed block
    [at Input.error (turbopack:///[project]/node_modules/postcss/lib/input.js:135:16)]
    [at Parser.unclosedBlock (turbopack:///[project]/node_modules/postcss/lib/parser.js:582:22)]
    [at Parser.endFile (turbopack:///[project]/node_modules/postcss/lib/parser.js:342:35)]
    [at Parser.parse (turbopack:///[project]/node_modules/postcss/lib/parser.js:483:10)]
    [at parser (turbopack:///[project]/node_modules/postcss/lib/parse.js:11:12)]
    [at new LazyResult (turbopack:///[project]/node_modules/postcss/lib/lazy-result.js:171:16)]
    [at Processor.process (turbopack:///[project]/node_modules/postcss/lib/processor.js:53:14)]
    [at transform (turbopack:///[turbopack-node]/transforms/postcss.ts?config=[project]/postcss.config.mjs:70:51)]
    [at run (turbopack:///[turbopack-node]/child_process/evaluate.ts:89:29)]
    [at run (turbopack:///[turbopack-node]/child_process/evaluate.ts:112:11)]

Import trace:
  Server Component:
    ./src/components/categories-page/CategoryPageView/CategoryPageView.module.css
    ./src/components/categories-page/CategoryPageView/CategoryPageView.tsx
    ./src/app/categories/[...slug]/page.tsx @ http://localhost:3000/_next/static/chunks/node_modules_next_dist_1e8vcs8._.js:1052
[  290756ms] [ERROR] ./src/components/categories-page/CategoryPageView/CategoryPageView.module.css
Error: Error evaluating Node.js code
CssSyntaxError: D:\work\kaelis-website-new\src\components\categories-page\CategoryPageView\CategoryPageView.module.css:1:1: Unclosed block
    [at Input.error (turbopack:///[project]/node_modules/postcss/lib/input.js:135:16)]
    [at Parser.unclosedBlock (turbopack:///[project]/node_modules/postcss/lib/parser.js:582:22)]
    [at Parser.endFile (turbopack:///[project]/node_modules/postcss/lib/parser.js:342:35)]
    [at Parser.parse (turbopack:///[project]/node_modules/postcss/lib/parser.js:483:10)]
    [at parser (turbopack:///[project]/node_modules/postcss/lib/parse.js:11:12)]
    [at new LazyResult (turbopack:///[project]/node_modules/postcss/lib/lazy-result.js:171:16)]
    [at Processor.process (turbopack:///[project]/node_modules/postcss/lib/processor.js:53:14)]
    [at transform (turbopack:///[turbopack-node]/transforms/postcss.ts?config=[project]/postcss.config.mjs:70:51)]
    [at run (turbopack:///[turbopack-node]/child_process/evaluate.ts:89:29)]
    [at run (turbopack:///[turbopack-node]/child_process/evaluate.ts:112:11)]

Import trace:
  Server Component:
    ./src/components/categories-page/CategoryPageView/CategoryPageView.module.css
    ./src/components/categories-page/CategoryPageView/CategoryPageView.tsx
    ./src/app/categories/[...slug]/page.tsx @ http://localhost:3000/_next/static/chunks/node_modules_next_dist_1e8vcs8._.js:1052
[  290798ms] [ERROR] ./src/components/categories-page/CategoryPageView/CategoryPageView.module.css
Error: Error evaluating Node.js code
CssSyntaxError: D:\work\kaelis-website-new\src\components\categories-page\CategoryPageView\CategoryPageView.module.css:1:1: Unclosed block
    [at Input.error (turbopack:///[project]/node_modules/postcss/lib/input.js:135:16)]
    [at Parser.unclosedBlock (turbopack:///[project]/node_modules/postcss/lib/parser.js:582:22)]
    [at Parser.endFile (turbopack:///[project]/node_modules/postcss/lib/parser.js:342:35)]
    [at Parser.parse (turbopack:///[project]/node_modules/postcss/lib/parser.js:483:10)]
    [at parser (turbopack:///[project]/node_modules/postcss/lib/parse.js:11:12)]
    [at new LazyResult (turbopack:///[project]/node_modules/postcss/lib/lazy-result.js:171:16)]
    [at Processor.process (turbopack:///[project]/node_modules/postcss/lib/processor.js:53:14)]
    [at transform (turbopack:///[turbopack-node]/transforms/postcss.ts?config=[project]/postcss.config.mjs:70:51)]
    [at run (turbopack:///[turbopack-node]/child_process/evaluate.ts:89:29)]
    [at run (turbopack:///[turbopack-node]/child_process/evaluate.ts:112:11)]

Import trace:
  Server Component:
    ./src/components/categories-page/CategoryPageView/CategoryPageView.module.css
    ./src/components/categories-page/CategoryPageView/CategoryPageView.tsx
    ./src/app/categories/[...slug]/page.tsx @ http://localhost:3000/_next/static/chunks/node_modules_next_dist_1e8vcs8._.js:1052
[  290839ms] [ERROR] ./src/components/categories-page/CategoryPageView/CategoryPageView.module.css
Error: Error evaluating Node.js code
CssSyntaxError: D:\work\kaelis-website-new\src\components\categories-page\CategoryPageView\CategoryPageView.module.css:1:1: Unclosed block
    [at Input.error (turbopack:///[project]/node_modules/postcss/lib/input.js:135:16)]
    [at Parser.unclosedBlock (turbopack:///[project]/node_modules/postcss/lib/parser.js:582:22)]
    [at Parser.endFile (turbopack:///[project]/node_modules/postcss/lib/parser.js:342:35)]
    [at Parser.parse (turbopack:///[project]/node_modules/postcss/lib/parser.js:483:10)]
    [at parser (turbopack:///[project]/node_modules/postcss/lib/parse.js:11:12)]
    [at new LazyResult (turbopack:///[project]/node_modules/postcss/lib/lazy-result.js:171:16)]
    [at Processor.process (turbopack:///[project]/node_modules/postcss/lib/processor.js:53:14)]
    [at transform (turbopack:///[turbopack-node]/transforms/postcss.ts?config=[project]/postcss.config.mjs:70:51)]
    [at run (turbopack:///[turbopack-node]/child_process/evaluate.ts:89:29)]
    [at run (turbopack:///[turbopack-node]/child_process/evaluate.ts:112:11)]

Import trace:
  Server Component:
    ./src/components/categories-page/CategoryPageView/CategoryPageView.module.css
    ./src/components/categories-page/CategoryPageView/CategoryPageView.tsx
    ./src/app/categories/[...slug]/page.tsx @ http://localhost:3000/_next/static/chunks/node_modules_next_dist_1e8vcs8._.js:1052
[  290881ms] [ERROR] ./src/components/categories-page/CategoryPageView/CategoryPageView.module.css
Error: Error evaluating Node.js code
CssSyntaxError: D:\work\kaelis-website-new\src\components\categories-page\CategoryPageView\CategoryPageView.module.css:1:1: Unclosed block
    [at Input.error (turbopack:///[project]/node_modules/postcss/lib/input.js:135:16)]
    [at Parser.unclosedBlock (turbopack:///[project]/node_modules/postcss/lib/parser.js:582:22)]
    [at Parser.endFile (turbopack:///[project]/node_modules/postcss/lib/parser.js:342:35)]
    [at Parser.parse (turbopack:///[project]/node_modules/postcss/lib/parser.js:483:10)]
    [at parser (turbopack:///[project]/node_modules/postcss/lib/parse.js:11:12)]
    [at new LazyResult (turbopack:///[project]/node_modules/postcss/lib/lazy-result.js:171:16)]
    [at Processor.process (turbopack:///[project]/node_modules/postcss/lib/processor.js:53:14)]
    [at transform (turbopack:///[turbopack-node]/transforms/postcss.ts?config=[project]/postcss.config.mjs:70:51)]
    [at run (turbopack:///[turbopack-node]/child_process/evaluate.ts:89:29)]
    [at run (turbopack:///[turbopack-node]/child_process/evaluate.ts:112:11)]

Import trace:
  Server Component:
    ./src/components/categories-page/CategoryPageView/CategoryPageView.module.css
    ./src/components/categories-page/CategoryPageView/CategoryPageView.tsx
    ./src/app/categories/[...slug]/page.tsx @ http://localhost:3000/_next/static/chunks/node_modules_next_dist_1e8vcs8._.js:1052
[  290923ms] [ERROR] ./src/components/categories-page/CategoryPageView/CategoryPageView.module.css
Error: Error evaluating Node.js code
CssSyntaxError: D:\work\kaelis-website-new\src\components\categories-page\CategoryPageView\CategoryPageView.module.css:1:1: Unclosed block
    [at Input.error (turbopack:///[project]/node_modules/postcss/lib/input.js:135:16)]
    [at Parser.unclosedBlock (turbopack:///[project]/node_modules/postcss/lib/parser.js:582:22)]
    [at Parser.endFile (turbopack:///[project]/node_modules/postcss/lib/parser.js:342:35)]
    [at Parser.parse (turbopack:///[project]/node_modules/postcss/lib/parser.js:483:10)]
    [at parser (turbopack:///[project]/node_modules/postcss/lib/parse.js:11:12)]
    [at new LazyResult (turbopack:///[project]/node_modules/postcss/lib/lazy-result.js:171:16)]
    [at Processor.process (turbopack:///[project]/node_modules/postcss/lib/processor.js:53:14)]
    [at transform (turbopack:///[turbopack-node]/transforms/postcss.ts?config=[project]/postcss.config.mjs:70:51)]
    [at run (turbopack:///[turbopack-node]/child_process/evaluate.ts:89:29)]
    [at run (turbopack:///[turbopack-node]/child_process/evaluate.ts:112:11)]

Import trace:
  Server Component:
    ./src/components/categories-page/CategoryPageView/CategoryPageView.module.css
    ./src/components/categories-page/CategoryPageView/CategoryPageView.tsx
    ./src/app/categories/[...slug]/page.tsx @ http://localhost:3000/_next/static/chunks/node_modules_next_dist_1e8vcs8._.js:1052
[  290971ms] [ERROR] ./src/components/categories-page/CategoryPageView/CategoryPageView.module.css
Error: Error evaluating Node.js code
CssSyntaxError: D:\work\kaelis-website-new\src\components\categories-page\CategoryPageView\CategoryPageView.module.css:1:1: Unclosed block
    [at Input.error (turbopack:///[project]/node_modules/postcss/lib/input.js:135:16)]
    [at Parser.unclosedBlock (turbopack:///[project]/node_modules/postcss/lib/parser.js:582:22)]
    [at Parser.endFile (turbopack:///[project]/node_modules/postcss/lib/parser.js:342:35)]
    [at Parser.parse (turbopack:///[project]/node_modules/postcss/lib/parser.js:483:10)]
    [at parser (turbopack:///[project]/node_modules/postcss/lib/parse.js:11:12)]
    [at new LazyResult (turbopack:///[project]/node_modules/postcss/lib/lazy-result.js:171:16)]
    [at Processor.process (turbopack:///[project]/node_modules/postcss/lib/processor.js:53:14)]
    [at transform (turbopack:///[turbopack-node]/transforms/postcss.ts?config=[project]/postcss.config.mjs:70:51)]
    [at run (turbopack:///[turbopack-node]/child_process/evaluate.ts:89:29)]
    [at run (turbopack:///[turbopack-node]/child_process/evaluate.ts:112:11)]

Import trace:
  Server Component:
    ./src/components/categories-page/CategoryPageView/CategoryPageView.module.css
    ./src/components/categories-page/CategoryPageView/CategoryPageView.tsx
    ./src/app/categories/[...slug]/page.tsx @ http://localhost:3000/_next/static/chunks/node_modules_next_dist_1e8vcs8._.js:1052
[  291021ms] [ERROR] ./src/components/categories-page/CategoryPageView/CategoryPageView.module.css
Error: Error evaluating Node.js code
CssSyntaxError: D:\work\kaelis-website-new\src\components\categories-page\CategoryPageView\CategoryPageView.module.css:1:1: Unclosed block
    [at Input.error (turbopack:///[project]/node_modules/postcss/lib/input.js:135:16)]
    [at Parser.unclosedBlock (turbopack:///[project]/node_modules/postcss/lib/parser.js:582:22)]
    [at Parser.endFile (turbopack:///[project]/node_modules/postcss/lib/parser.js:342:35)]
    [at Parser.parse (turbopack:///[project]/node_modules/postcss/lib/parser.js:483:10)]
    [at parser (turbopack:///[project]/node_modules/postcss/lib/parse.js:11:12)]
    [at new LazyResult (turbopack:///[project]/node_modules/postcss/lib/lazy-result.js:171:16)]
    [at Processor.process (turbopack:///[project]/node_modules/postcss/lib/processor.js:53:14)]
    [at transform (turbopack:///[turbopack-node]/transforms/postcss.ts?config=[project]/postcss.config.mjs:70:51)]
    [at run (turbopack:///[turbopack-node]/child_process/evaluate.ts:89:29)]
    [at run (turbopack:///[turbopack-node]/child_process/evaluate.ts:112:11)]

Import trace:
  Server Component:
    ./src/components/categories-page/CategoryPageView/CategoryPageView.module.css
    ./src/components/categories-page/CategoryPageView/CategoryPageView.tsx
    ./src/app/categories/[...slug]/page.tsx @ http://localhost:3000/_next/static/chunks/node_modules_next_dist_1e8vcs8._.js:1052
[  291074ms] [ERROR] ./src/components/categories-page/CategoryPageView/CategoryPageView.module.css
Error: Error evaluating Node.js code
CssSyntaxError: D:\work\kaelis-website-new\src\components\categories-page\CategoryPageView\CategoryPageView.module.css:1:1: Unclosed block
    [at Input.error (turbopack:///[project]/node_modules/postcss/lib/input.js:135:16)]
    [at Parser.unclosedBlock (turbopack:///[project]/node_modules/postcss/lib/parser.js:582:22)]
    [at Parser.endFile (turbopack:///[project]/node_modules/postcss/lib/parser.js:342:35)]
    [at Parser.parse (turbopack:///[project]/node_modules/postcss/lib/parser.js:483:10)]
    [at parser (turbopack:///[project]/node_modules/postcss/lib/parse.js:11:12)]
    [at new LazyResult (turbopack:///[project]/node_modules/postcss/lib/lazy-result.js:171:16)]
    [at Processor.process (turbopack:///[project]/node_modules/postcss/lib/processor.js:53:14)]
    [at transform (turbopack:///[turbopack-node]/transforms/postcss.ts?config=[project]/postcss.config.mjs:70:51)]
    [at run (turbopack:///[turbopack-node]/child_process/evaluate.ts:89:29)]
    [at run (turbopack:///[turbopack-node]/child_process/evaluate.ts:112:11)]

Import trace:
  Server Component:
    ./src/components/categories-page/CategoryPageView/CategoryPageView.module.css
    ./src/components/categories-page/CategoryPageView/CategoryPageView.tsx
    ./src/app/categories/[...slug]/page.tsx @ http://localhost:3000/_next/static/chunks/node_modules_next_dist_1e8vcs8._.js:1052
[  291132ms] [ERROR] ./src/components/categories-page/CategoryPageView/CategoryPageView.module.css
Error: Error evaluating Node.js code
CssSyntaxError: D:\work\kaelis-website-new\src\components\categories-page\CategoryPageView\CategoryPageView.module.css:1:1: Unclosed block
    [at Input.error (turbopack:///[project]/node_modules/postcss/lib/input.js:135:16)]
    [at Parser.unclosedBlock (turbopack:///[project]/node_modules/postcss/lib/parser.js:582:22)]
    [at Parser.endFile (turbopack:///[project]/node_modules/postcss/lib/parser.js:342:35)]
    [at Parser.parse (turbopack:///[project]/node_modules/postcss/lib/parser.js:483:10)]
    [at parser (turbopack:///[project]/node_modules/postcss/lib/parse.js:11:12)]
    [at new LazyResult (turbopack:///[project]/node_modules/postcss/lib/lazy-result.js:171:16)]
    [at Processor.process (turbopack:///[project]/node_modules/postcss/lib/processor.js:53:14)]
    [at transform (turbopack:///[turbopack-node]/transforms/postcss.ts?config=[project]/postcss.config.mjs:70:51)]
    [at run (turbopack:///[turbopack-node]/child_process/evaluate.ts:89:29)]
    [at run (turbopack:///[turbopack-node]/child_process/evaluate.ts:112:11)]

Import trace:
  Server Component:
    ./src/components/categories-page/CategoryPageView/CategoryPageView.module.css
    ./src/components/categories-page/CategoryPageView/CategoryPageView.tsx
    ./src/app/categories/[...slug]/page.tsx @ http://localhost:3000/_next/static/chunks/node_modules_next_dist_1e8vcs8._.js:1052
[  291180ms] [ERROR] ./src/components/categories-page/CategoryPageView/CategoryPageView.module.css
Error: Error evaluating Node.js code
CssSyntaxError: D:\work\kaelis-website-new\src\components\categories-page\CategoryPageView\CategoryPageView.module.css:1:1: Unclosed block
    [at Input.error (turbopack:///[project]/node_modules/postcss/lib/input.js:135:16)]
    [at Parser.unclosedBlock (turbopack:///[project]/node_modules/postcss/lib/parser.js:582:22)]
    [at Parser.endFile (turbopack:///[project]/node_modules/postcss/lib/parser.js:342:35)]
    [at Parser.parse (turbopack:///[project]/node_modules/postcss/lib/parser.js:483:10)]
    [at parser (turbopack:///[project]/node_modules/postcss/lib/parse.js:11:12)]
    [at new LazyResult (turbopack:///[project]/node_modules/postcss/lib/lazy-result.js:171:16)]
    [at Processor.process (turbopack:///[project]/node_modules/postcss/lib/processor.js:53:14)]
    [at transform (turbopack:///[turbopack-node]/transforms/postcss.ts?config=[project]/postcss.config.mjs:70:51)]
    [at run (turbopack:///[turbopack-node]/child_process/evaluate.ts:89:29)]
    [at run (turbopack:///[turbopack-node]/child_process/evaluate.ts:112:11)]

Import trace:
  Server Component:
    ./src/components/categories-page/CategoryPageView/CategoryPageView.module.css
    ./src/components/categories-page/CategoryPageView/CategoryPageView.tsx
    ./src/app/categories/[...slug]/page.tsx @ http://localhost:3000/_next/static/chunks/node_modules_next_dist_1e8vcs8._.js:1052
[  291243ms] [ERROR] ./src/components/categories-page/CategoryPageView/CategoryPageView.module.css
Error: Error evaluating Node.js code
CssSyntaxError: D:\work\kaelis-website-new\src\components\categories-page\CategoryPageView\CategoryPageView.module.css:1:1: Unclosed block
    [at Input.error (turbopack:///[project]/node_modules/postcss/lib/input.js:135:16)]
    [at Parser.unclosedBlock (turbopack:///[project]/node_modules/postcss/lib/parser.js:582:22)]
    [at Parser.endFile (turbopack:///[project]/node_modules/postcss/lib/parser.js:342:35)]
    [at Parser.parse (turbopack:///[project]/node_modules/postcss/lib/parser.js:483:10)]
    [at parser (turbopack:///[project]/node_modules/postcss/lib/parse.js:11:12)]
    [at new LazyResult (turbopack:///[project]/node_modules/postcss/lib/lazy-result.js:171:16)]
    [at Processor.process (turbopack:///[project]/node_modules/postcss/lib/processor.js:53:14)]
    [at transform (turbopack:///[turbopack-node]/transforms/postcss.ts?config=[project]/postcss.config.mjs:70:51)]
    [at run (turbopack:///[turbopack-node]/child_process/evaluate.ts:89:29)]
    [at run (turbopack:///[turbopack-node]/child_process/evaluate.ts:112:11)]

Import trace:
  Server Component:
    ./src/components/categories-page/CategoryPageView/CategoryPageView.module.css
    ./src/components/categories-page/CategoryPageView/CategoryPageView.tsx
    ./src/app/categories/[...slug]/page.tsx @ http://localhost:3000/_next/static/chunks/node_modules_next_dist_1e8vcs8._.js:1052
[  291291ms] [ERROR] ./src/components/categories-page/CategoryPageView/CategoryPageView.module.css
Error: Error evaluating Node.js code
CssSyntaxError: D:\work\kaelis-website-new\src\components\categories-page\CategoryPageView\CategoryPageView.module.css:1:1: Unclosed block
    [at Input.error (turbopack:///[project]/node_modules/postcss/lib/input.js:135:16)]
    [at Parser.unclosedBlock (turbopack:///[project]/node_modules/postcss/lib/parser.js:582:22)]
    [at Parser.endFile (turbopack:///[project]/node_modules/postcss/lib/parser.js:342:35)]
    [at Parser.parse (turbopack:///[project]/node_modules/postcss/lib/parser.js:483:10)]
    [at parser (turbopack:///[project]/node_modules/postcss/lib/parse.js:11:12)]
    [at new LazyResult (turbopack:///[project]/node_modules/postcss/lib/lazy-result.js:171:16)]
    [at Processor.process (turbopack:///[project]/node_modules/postcss/lib/processor.js:53:14)]
    [at transform (turbopack:///[turbopack-node]/transforms/postcss.ts?config=[project]/postcss.config.mjs:70:51)]
    [at run (turbopack:///[turbopack-node]/child_process/evaluate.ts:89:29)]
    [at run (turbopack:///[turbopack-node]/child_process/evaluate.ts:112:11)]

Import trace:
  Server Component:
    ./src/components/categories-page/CategoryPageView/CategoryPageView.module.css
    ./src/components/categories-page/CategoryPageView/CategoryPageView.tsx
    ./src/app/categories/[...slug]/page.tsx @ http://localhost:3000/_next/static/chunks/node_modules_next_dist_1e8vcs8._.js:1052
[  291333ms] [ERROR] ./src/components/categories-page/CategoryPageView/CategoryPageView.module.css
Error: Error evaluating Node.js code
CssSyntaxError: D:\work\kaelis-website-new\src\components\categories-page\CategoryPageView\CategoryPageView.module.css:1:1: Unclosed block
    [at Input.error (turbopack:///[project]/node_modules/postcss/lib/input.js:135:16)]
    [at Parser.unclosedBlock (turbopack:///[project]/node_modules/postcss/lib/parser.js:582:22)]
    [at Parser.endFile (turbopack:///[project]/node_modules/postcss/lib/parser.js:342:35)]
    [at Parser.parse (turbopack:///[project]/node_modules/postcss/lib/parser.js:483:10)]
    [at parser (turbopack:///[project]/node_modules/postcss/lib/parse.js:11:12)]
    [at new LazyResult (turbopack:///[project]/node_modules/postcss/lib/lazy-result.js:171:16)]
    [at Processor.process (turbopack:///[project]/node_modules/postcss/lib/processor.js:53:14)]
    [at transform (turbopack:///[turbopack-node]/transforms/postcss.ts?config=[project]/postcss.config.mjs:70:51)]
    [at run (turbopack:///[turbopack-node]/child_process/evaluate.ts:89:29)]
    [at run (turbopack:///[turbopack-node]/child_process/evaluate.ts:112:11)]

Import trace:
  Server Component:
    ./src/components/categories-page/CategoryPageView/CategoryPageView.module.css
    ./src/components/categories-page/CategoryPageView/CategoryPageView.tsx
    ./src/app/categories/[...slug]/page.tsx @ http://localhost:3000/_next/static/chunks/node_modules_next_dist_1e8vcs8._.js:1052
[  291374ms] [ERROR] ./src/components/categories-page/CategoryPageView/CategoryPageView.module.css
Error: Error evaluating Node.js code
CssSyntaxError: D:\work\kaelis-website-new\src\components\categories-page\CategoryPageView\CategoryPageView.module.css:1:1: Unclosed block
    [at Input.error (turbopack:///[project]/node_modules/postcss/lib/input.js:135:16)]
    [at Parser.unclosedBlock (turbopack:///[project]/node_modules/postcss/lib/parser.js:582:22)]
    [at Parser.endFile (turbopack:///[project]/node_modules/postcss/lib/parser.js:342:35)]
    [at Parser.parse (turbopack:///[project]/node_modules/postcss/lib/parser.js:483:10)]
    [at parser (turbopack:///[project]/node_modules/postcss/lib/parse.js:11:12)]
    [at new LazyResult (turbopack:///[project]/node_modules/postcss/lib/lazy-result.js:171:16)]
    [at Processor.process (turbopack:///[project]/node_modules/postcss/lib/processor.js:53:14)]
    [at transform (turbopack:///[turbopack-node]/transforms/postcss.ts?config=[project]/postcss.config.mjs:70:51)]
    [at run (turbopack:///[turbopack-node]/child_process/evaluate.ts:89:29)]
    [at run (turbopack:///[turbopack-node]/child_process/evaluate.ts:112:11)]

Import trace:
  Server Component:
    ./src/components/categories-page/CategoryPageView/CategoryPageView.module.css
    ./src/components/categories-page/CategoryPageView/CategoryPageView.tsx
    ./src/app/categories/[...slug]/page.tsx @ http://localhost:3000/_next/static/chunks/node_modules_next_dist_1e8vcs8._.js:1052
[  291423ms] [ERROR] ./src/components/categories-page/CategoryPageView/CategoryPageView.module.css
Error: Error evaluating Node.js code
CssSyntaxError: D:\work\kaelis-website-new\src\components\categories-page\CategoryPageView\CategoryPageView.module.css:1:1: Unclosed block
    [at Input.error (turbopack:///[project]/node_modules/postcss/lib/input.js:135:16)]
    [at Parser.unclosedBlock (turbopack:///[project]/node_modules/postcss/lib/parser.js:582:22)]
    [at Parser.endFile (turbopack:///[project]/node_modules/postcss/lib/parser.js:342:35)]
    [at Parser.parse (turbopack:///[project]/node_modules/postcss/lib/parser.js:483:10)]
    [at parser (turbopack:///[project]/node_modules/postcss/lib/parse.js:11:12)]
    [at new LazyResult (turbopack:///[project]/node_modules/postcss/lib/lazy-result.js:171:16)]
    [at Processor.process (turbopack:///[project]/node_modules/postcss/lib/processor.js:53:14)]
    [at transform (turbopack:///[turbopack-node]/transforms/postcss.ts?config=[project]/postcss.config.mjs:70:51)]
    [at run (turbopack:///[turbopack-node]/child_process/evaluate.ts:89:29)]
    [at run (turbopack:///[turbopack-node]/child_process/evaluate.ts:112:11)]

Import trace:
  Server Component:
    ./src/components/categories-page/CategoryPageView/CategoryPageView.module.css
    ./src/components/categories-page/CategoryPageView/CategoryPageView.tsx
    ./src/app/categories/[...slug]/page.tsx @ http://localhost:3000/_next/static/chunks/node_modules_next_dist_1e8vcs8._.js:1052
[  291471ms] [ERROR] ./src/components/categories-page/CategoryPageView/CategoryPageView.module.css
Error: Error evaluating Node.js code
CssSyntaxError: D:\work\kaelis-website-new\src\components\categories-page\CategoryPageView\CategoryPageView.module.css:1:1: Unclosed block
    [at Input.error (turbopack:///[project]/node_modules/postcss/lib/input.js:135:16)]
    [at Parser.unclosedBlock (turbopack:///[project]/node_modules/postcss/lib/parser.js:582:22)]
    [at Parser.endFile (turbopack:///[project]/node_modules/postcss/lib/parser.js:342:35)]
    [at Parser.parse (turbopack:///[project]/node_modules/postcss/lib/parser.js:483:10)]
    [at parser (turbopack:///[project]/node_modules/postcss/lib/parse.js:11:12)]
    [at new LazyResult (turbopack:///[project]/node_modules/postcss/lib/lazy-result.js:171:16)]
    [at Processor.process (turbopack:///[project]/node_modules/postcss/lib/processor.js:53:14)]
    [at transform (turbopack:///[turbopack-node]/transforms/postcss.ts?config=[project]/postcss.config.mjs:70:51)]
    [at run (turbopack:///[turbopack-node]/child_process/evaluate.ts:89:29)]
    [at run (turbopack:///[turbopack-node]/child_process/evaluate.ts:112:11)]

Import trace:
  Server Component:
    ./src/components/categories-page/CategoryPageView/CategoryPageView.module.css
    ./src/components/categories-page/CategoryPageView/CategoryPageView.tsx
    ./src/app/categories/[...slug]/page.tsx @ http://localhost:3000/_next/static/chunks/node_modules_next_dist_1e8vcs8._.js:1052
[  291514ms] [ERROR] ./src/components/categories-page/CategoryPageView/CategoryPageView.module.css
Error: Error evaluating Node.js code
CssSyntaxError: D:\work\kaelis-website-new\src\components\categories-page\CategoryPageView\CategoryPageView.module.css:1:1: Unclosed block
    [at Input.error (turbopack:///[project]/node_modules/postcss/lib/input.js:135:16)]
    [at Parser.unclosedBlock (turbopack:///[project]/node_modules/postcss/lib/parser.js:582:22)]
    [at Parser.endFile (turbopack:///[project]/node_modules/postcss/lib/parser.js:342:35)]
    [at Parser.parse (turbopack:///[project]/node_modules/postcss/lib/parser.js:483:10)]
    [at parser (turbopack:///[project]/node_modules/postcss/lib/parse.js:11:12)]
    [at new LazyResult (turbopack:///[project]/node_modules/postcss/lib/lazy-result.js:171:16)]
    [at Processor.process (turbopack:///[project]/node_modules/postcss/lib/processor.js:53:14)]
    [at transform (turbopack:///[turbopack-node]/transforms/postcss.ts?config=[project]/postcss.config.mjs:70:51)]
    [at run (turbopack:///[turbopack-node]/child_process/evaluate.ts:89:29)]
    [at run (turbopack:///[turbopack-node]/child_process/evaluate.ts:112:11)]

Import trace:
  Server Component:
    ./src/components/categories-page/CategoryPageView/CategoryPageView.module.css
    ./src/components/categories-page/CategoryPageView/CategoryPageView.tsx
    ./src/app/categories/[...slug]/page.tsx @ http://localhost:3000/_next/static/chunks/node_modules_next_dist_1e8vcs8._.js:1052
[  291555ms] [ERROR] ./src/components/categories-page/CategoryPageView/CategoryPageView.module.css
Error: Error evaluating Node.js code
CssSyntaxError: D:\work\kaelis-website-new\src\components\categories-page\CategoryPageView\CategoryPageView.module.css:1:1: Unclosed block
    [at Input.error (turbopack:///[project]/node_modules/postcss/lib/input.js:135:16)]
    [at Parser.unclosedBlock (turbopack:///[project]/node_modules/postcss/lib/parser.js:582:22)]
    [at Parser.endFile (turbopack:///[project]/node_modules/postcss/lib/parser.js:342:35)]
    [at Parser.parse (turbopack:///[project]/node_modules/postcss/lib/parser.js:483:10)]
    [at parser (turbopack:///[project]/node_modules/postcss/lib/parse.js:11:12)]
    [at new LazyResult (turbopack:///[project]/node_modules/postcss/lib/lazy-result.js:171:16)]
    [at Processor.process (turbopack:///[project]/node_modules/postcss/lib/processor.js:53:14)]
    [at transform (turbopack:///[turbopack-node]/transforms/postcss.ts?config=[project]/postcss.config.mjs:70:51)]
    [at run (turbopack:///[turbopack-node]/child_process/evaluate.ts:89:29)]
    [at run (turbopack:///[turbopack-node]/child_process/evaluate.ts:112:11)]

Import trace:
  Server Component:
    ./src/components/categories-page/CategoryPageView/CategoryPageView.module.css
    ./src/components/categories-page/CategoryPageView/CategoryPageView.tsx
    ./src/app/categories/[...slug]/page.tsx @ http://localhost:3000/_next/static/chunks/node_modules_next_dist_1e8vcs8._.js:1052
[  291605ms] [ERROR] ./src/components/categories-page/CategoryPageView/CategoryPageView.module.css
Error: Error evaluating Node.js code
CssSyntaxError: D:\work\kaelis-website-new\src\components\categories-page\CategoryPageView\CategoryPageView.module.css:1:1: Unclosed block
    [at Input.error (turbopack:///[project]/node_modules/postcss/lib/input.js:135:16)]
    [at Parser.unclosedBlock (turbopack:///[project]/node_modules/postcss/lib/parser.js:582:22)]
    [at Parser.endFile (turbopack:///[project]/node_modules/postcss/lib/parser.js:342:35)]
    [at Parser.parse (turbopack:///[project]/node_modules/postcss/lib/parser.js:483:10)]
    [at parser (turbopack:///[project]/node_modules/postcss/lib/parse.js:11:12)]
    [at new LazyResult (turbopack:///[project]/node_modules/postcss/lib/lazy-result.js:171:16)]
    [at Processor.process (turbopack:///[project]/node_modules/postcss/lib/processor.js:53:14)]
    [at transform (turbopack:///[turbopack-node]/transforms/postcss.ts?config=[project]/postcss.config.mjs:70:51)]
    [at run (turbopack:///[turbopack-node]/child_process/evaluate.ts:89:29)]
    [at run (turbopack:///[turbopack-node]/child_process/evaluate.ts:112:11)]

Import trace:
  Server Component:
    ./src/components/categories-page/CategoryPageView/CategoryPageView.module.css
    ./src/components/categories-page/CategoryPageView/CategoryPageView.tsx
    ./src/app/categories/[...slug]/page.tsx @ http://localhost:3000/_next/static/chunks/node_modules_next_dist_1e8vcs8._.js:1052
[  291649ms] [ERROR] ./src/components/categories-page/CategoryPageView/CategoryPageView.module.css
Error: Error evaluating Node.js code
CssSyntaxError: D:\work\kaelis-website-new\src\components\categories-page\CategoryPageView\CategoryPageView.module.css:1:1: Unclosed block
    [at Input.error (turbopack:///[project]/node_modules/postcss/lib/input.js:135:16)]
    [at Parser.unclosedBlock (turbopack:///[project]/node_modules/postcss/lib/parser.js:582:22)]
    [at Parser.endFile (turbopack:///[project]/node_modules/postcss/lib/parser.js:342:35)]
    [at Parser.parse (turbopack:///[project]/node_modules/postcss/lib/parser.js:483:10)]
    [at parser (turbopack:///[project]/node_modules/postcss/lib/parse.js:11:12)]
    [at new LazyResult (turbopack:///[project]/node_modules/postcss/lib/lazy-result.js:171:16)]
    [at Processor.process (turbopack:///[project]/node_modules/postcss/lib/processor.js:53:14)]
    [at transform (turbopack:///[turbopack-node]/transforms/postcss.ts?config=[project]/postcss.config.mjs:70:51)]
    [at run (turbopack:///[turbopack-node]/child_process/evaluate.ts:89:29)]
    [at run (turbopack:///[turbopack-node]/child_process/evaluate.ts:112:11)]

Import trace:
  Server Component:
    ./src/components/categories-page/CategoryPageView/CategoryPageView.module.css
    ./src/components/categories-page/CategoryPageView/CategoryPageView.tsx
    ./src/app/categories/[...slug]/page.tsx @ http://localhost:3000/_next/static/chunks/node_modules_next_dist_1e8vcs8._.js:1052
[  291701ms] [ERROR] ./src/components/categories-page/CategoryPageView/CategoryPageView.module.css
Error: Error evaluating Node.js code
CssSyntaxError: D:\work\kaelis-website-new\src\components\categories-page\CategoryPageView\CategoryPageView.module.css:1:1: Unclosed block
    [at Input.error (turbopack:///[project]/node_modules/postcss/lib/input.js:135:16)]
    [at Parser.unclosedBlock (turbopack:///[project]/node_modules/postcss/lib/parser.js:582:22)]
    [at Parser.endFile (turbopack:///[project]/node_modules/postcss/lib/parser.js:342:35)]
    [at Parser.parse (turbopack:///[project]/node_modules/postcss/lib/parser.js:483:10)]
    [at parser (turbopack:///[project]/node_modules/postcss/lib/parse.js:11:12)]
    [at new LazyResult (turbopack:///[project]/node_modules/postcss/lib/lazy-result.js:171:16)]
    [at Processor.process (turbopack:///[project]/node_modules/postcss/lib/processor.js:53:14)]
    [at transform (turbopack:///[turbopack-node]/transforms/postcss.ts?config=[project]/postcss.config.mjs:70:51)]
    [at run (turbopack:///[turbopack-node]/child_process/evaluate.ts:89:29)]
    [at run (turbopack:///[turbopack-node]/child_process/evaluate.ts:112:11)]

Import trace:
  Server Component:
    ./src/components/categories-page/CategoryPageView/CategoryPageView.module.css
    ./src/components/categories-page/CategoryPageView/CategoryPageView.tsx
    ./src/app/categories/[...slug]/page.tsx @ http://localhost:3000/_next/static/chunks/node_modules_next_dist_1e8vcs8._.js:1052
[  291742ms] [ERROR] ./src/components/categories-page/CategoryPageView/CategoryPageView.module.css
Error: Error evaluating Node.js code
CssSyntaxError: D:\work\kaelis-website-new\src\components\categories-page\CategoryPageView\CategoryPageView.module.css:1:1: Unclosed block
    [at Input.error (turbopack:///[project]/node_modules/postcss/lib/input.js:135:16)]
    [at Parser.unclosedBlock (turbopack:///[project]/node_modules/postcss/lib/parser.js:582:22)]
    [at Parser.endFile (turbopack:///[project]/node_modules/postcss/lib/parser.js:342:35)]
    [at Parser.parse (turbopack:///[project]/node_modules/postcss/lib/parser.js:483:10)]
    [at parser (turbopack:///[project]/node_modules/postcss/lib/parse.js:11:12)]
    [at new LazyResult (turbopack:///[project]/node_modules/postcss/lib/lazy-result.js:171:16)]
    [at Processor.process (turbopack:///[project]/node_modules/postcss/lib/processor.js:53:14)]
    [at transform (turbopack:///[turbopack-node]/transforms/postcss.ts?config=[project]/postcss.config.mjs:70:51)]
    [at run (turbopack:///[turbopack-node]/child_process/evaluate.ts:89:29)]
    [at run (turbopack:///[turbopack-node]/child_process/evaluate.ts:112:11)]

Import trace:
  Server Component:
    ./src/components/categories-page/CategoryPageView/CategoryPageView.module.css
    ./src/components/categories-page/CategoryPageView/CategoryPageView.tsx
    ./src/app/categories/[...slug]/page.tsx @ http://localhost:3000/_next/static/chunks/node_modules_next_dist_1e8vcs8._.js:1052
[  291790ms] [ERROR] ./src/components/categories-page/CategoryPageView/CategoryPageView.module.css
Error: Error evaluating Node.js code
CssSyntaxError: D:\work\kaelis-website-new\src\components\categories-page\CategoryPageView\CategoryPageView.module.css:1:1: Unclosed block
    [at Input.error (turbopack:///[project]/node_modules/postcss/lib/input.js:135:16)]
    [at Parser.unclosedBlock (turbopack:///[project]/node_modules/postcss/lib/parser.js:582:22)]
    [at Parser.endFile (turbopack:///[project]/node_modules/postcss/lib/parser.js:342:35)]
    [at Parser.parse (turbopack:///[project]/node_modules/postcss/lib/parser.js:483:10)]
    [at parser (turbopack:///[project]/node_modules/postcss/lib/parse.js:11:12)]
    [at new LazyResult (turbopack:///[project]/node_modules/postcss/lib/lazy-result.js:171:16)]
    [at Processor.process (turbopack:///[project]/node_modules/postcss/lib/processor.js:53:14)]
    [at transform (turbopack:///[turbopack-node]/transforms/postcss.ts?config=[project]/postcss.config.mjs:70:51)]
    [at run (turbopack:///[turbopack-node]/child_process/evaluate.ts:89:29)]
    [at run (turbopack:///[turbopack-node]/child_process/evaluate.ts:112:11)]

Import trace:
  Server Component:
    ./src/components/categories-page/CategoryPageView/CategoryPageView.module.css
    ./src/components/categories-page/CategoryPageView/CategoryPageView.tsx
    ./src/app/categories/[...slug]/page.tsx @ http://localhost:3000/_next/static/chunks/node_modules_next_dist_1e8vcs8._.js:1052
[  291833ms] [ERROR] ./src/components/categories-page/CategoryPageView/CategoryPageView.module.css
Error: Error evaluating Node.js code
CssSyntaxError: D:\work\kaelis-website-new\src\components\categories-page\CategoryPageView\CategoryPageView.module.css:1:1: Unclosed block
    [at Input.error (turbopack:///[project]/node_modules/postcss/lib/input.js:135:16)]
    [at Parser.unclosedBlock (turbopack:///[project]/node_modules/postcss/lib/parser.js:582:22)]
    [at Parser.endFile (turbopack:///[project]/node_modules/postcss/lib/parser.js:342:35)]
    [at Parser.parse (turbopack:///[project]/node_modules/postcss/lib/parser.js:483:10)]
    [at parser (turbopack:///[project]/node_modules/postcss/lib/parse.js:11:12)]
    [at new LazyResult (turbopack:///[project]/node_modules/postcss/lib/lazy-result.js:171:16)]
    [at Processor.process (turbopack:///[project]/node_modules/postcss/lib/processor.js:53:14)]
    [at transform (turbopack:///[turbopack-node]/transforms/postcss.ts?config=[project]/postcss.config.mjs:70:51)]
    [at run (turbopack:///[turbopack-node]/child_process/evaluate.ts:89:29)]
    [at run (turbopack:///[turbopack-node]/child_process/evaluate.ts:112:11)]

Import trace:
  Server Component:
    ./src/components/categories-page/CategoryPageView/CategoryPageView.module.css
    ./src/components/categories-page/CategoryPageView/CategoryPageView.tsx
    ./src/app/categories/[...slug]/page.tsx @ http://localhost:3000/_next/static/chunks/node_modules_next_dist_1e8vcs8._.js:1052
[  291874ms] [ERROR] ./src/components/categories-page/CategoryPageView/CategoryPageView.module.css
Error: Error evaluating Node.js code
CssSyntaxError: D:\work\kaelis-website-new\src\components\categories-page\CategoryPageView\CategoryPageView.module.css:1:1: Unclosed block
    [at Input.error (turbopack:///[project]/node_modules/postcss/lib/input.js:135:16)]
    [at Parser.unclosedBlock (turbopack:///[project]/node_modules/postcss/lib/parser.js:582:22)]
    [at Parser.endFile (turbopack:///[project]/node_modules/postcss/lib/parser.js:342:35)]
    [at Parser.parse (turbopack:///[project]/node_modules/postcss/lib/parser.js:483:10)]
    [at parser (turbopack:///[project]/node_modules/postcss/lib/parse.js:11:12)]
    [at new LazyResult (turbopack:///[project]/node_modules/postcss/lib/lazy-result.js:171:16)]
    [at Processor.process (turbopack:///[project]/node_modules/postcss/lib/processor.js:53:14)]
    [at transform (turbopack:///[turbopack-node]/transforms/postcss.ts?config=[project]/postcss.config.mjs:70:51)]
    [at run (turbopack:///[turbopack-node]/child_process/evaluate.ts:89:29)]
    [at run (turbopack:///[turbopack-node]/child_process/evaluate.ts:112:11)]

Import trace:
  Server Component:
    ./src/components/categories-page/CategoryPageView/CategoryPageView.module.css
    ./src/components/categories-page/CategoryPageView/CategoryPageView.tsx
    ./src/app/categories/[...slug]/page.tsx @ http://localhost:3000/_next/static/chunks/node_modules_next_dist_1e8vcs8._.js:1052
[  291915ms] [ERROR] ./src/components/categories-page/CategoryPageView/CategoryPageView.module.css
Error: Error evaluating Node.js code
CssSyntaxError: D:\work\kaelis-website-new\src\components\categories-page\CategoryPageView\CategoryPageView.module.css:1:1: Unclosed block
    [at Input.error (turbopack:///[project]/node_modules/postcss/lib/input.js:135:16)]
    [at Parser.unclosedBlock (turbopack:///[project]/node_modules/postcss/lib/parser.js:582:22)]
    [at Parser.endFile (turbopack:///[project]/node_modules/postcss/lib/parser.js:342:35)]
    [at Parser.parse (turbopack:///[project]/node_modules/postcss/lib/parser.js:483:10)]
    [at parser (turbopack:///[project]/node_modules/postcss/lib/parse.js:11:12)]
    [at new LazyResult (turbopack:///[project]/node_modules/postcss/lib/lazy-result.js:171:16)]
    [at Processor.process (turbopack:///[project]/node_modules/postcss/lib/processor.js:53:14)]
    [at transform (turbopack:///[turbopack-node]/transforms/postcss.ts?config=[project]/postcss.config.mjs:70:51)]
    [at run (turbopack:///[turbopack-node]/child_process/evaluate.ts:89:29)]
    [at run (turbopack:///[turbopack-node]/child_process/evaluate.ts:112:11)]

Import trace:
  Server Component:
    ./src/components/categories-page/CategoryPageView/CategoryPageView.module.css
    ./src/components/categories-page/CategoryPageView/CategoryPageView.tsx
    ./src/app/categories/[...slug]/page.tsx @ http://localhost:3000/_next/static/chunks/node_modules_next_dist_1e8vcs8._.js:1052
[  291965ms] [ERROR] ./src/components/categories-page/CategoryPageView/CategoryPageView.module.css
Error: Error evaluating Node.js code
CssSyntaxError: D:\work\kaelis-website-new\src\components\categories-page\CategoryPageView\CategoryPageView.module.css:1:1: Unclosed block
    [at Input.error (turbopack:///[project]/node_modules/postcss/lib/input.js:135:16)]
    [at Parser.unclosedBlock (turbopack:///[project]/node_modules/postcss/lib/parser.js:582:22)]
    [at Parser.endFile (turbopack:///[project]/node_modules/postcss/lib/parser.js:342:35)]
    [at Parser.parse (turbopack:///[project]/node_modules/postcss/lib/parser.js:483:10)]
    [at parser (turbopack:///[project]/node_modules/postcss/lib/parse.js:11:12)]
    [at new LazyResult (turbopack:///[project]/node_modules/postcss/lib/lazy-result.js:171:16)]
    [at Processor.process (turbopack:///[project]/node_modules/postcss/lib/processor.js:53:14)]
    [at transform (turbopack:///[turbopack-node]/transforms/postcss.ts?config=[project]/postcss.config.mjs:70:51)]
    [at run (turbopack:///[turbopack-node]/child_process/evaluate.ts:89:29)]
    [at run (turbopack:///[turbopack-node]/child_process/evaluate.ts:112:11)]

Import trace:
  Server Component:
    ./src/components/categories-page/CategoryPageView/CategoryPageView.module.css
    ./src/components/categories-page/CategoryPageView/CategoryPageView.tsx
    ./src/app/categories/[...slug]/page.tsx @ http://localhost:3000/_next/static/chunks/node_modules_next_dist_1e8vcs8._.js:1052
[  292006ms] [ERROR] ./src/components/categories-page/CategoryPageView/CategoryPageView.module.css
Error: Error evaluating Node.js code
CssSyntaxError: D:\work\kaelis-website-new\src\components\categories-page\CategoryPageView\CategoryPageView.module.css:1:1: Unclosed block
    [at Input.error (turbopack:///[project]/node_modules/postcss/lib/input.js:135:16)]
    [at Parser.unclosedBlock (turbopack:///[project]/node_modules/postcss/lib/parser.js:582:22)]
    [at Parser.endFile (turbopack:///[project]/node_modules/postcss/lib/parser.js:342:35)]
    [at Parser.parse (turbopack:///[project]/node_modules/postcss/lib/parser.js:483:10)]
    [at parser (turbopack:///[project]/node_modules/postcss/lib/parse.js:11:12)]
    [at new LazyResult (turbopack:///[project]/node_modules/postcss/lib/lazy-result.js:171:16)]
    [at Processor.process (turbopack:///[project]/node_modules/postcss/lib/processor.js:53:14)]
    [at transform (turbopack:///[turbopack-node]/transforms/postcss.ts?config=[project]/postcss.config.mjs:70:51)]
    [at run (turbopack:///[turbopack-node]/child_process/evaluate.ts:89:29)]
    [at run (turbopack:///[turbopack-node]/child_process/evaluate.ts:112:11)]

Import trace:
  Server Component:
    ./src/components/categories-page/CategoryPageView/CategoryPageView.module.css
    ./src/components/categories-page/CategoryPageView/CategoryPageView.tsx
    ./src/app/categories/[...slug]/page.tsx @ http://localhost:3000/_next/static/chunks/node_modules_next_dist_1e8vcs8._.js:1052
[  292054ms] [ERROR] ./src/components/categories-page/CategoryPageView/CategoryPageView.module.css
Error: Error evaluating Node.js code
CssSyntaxError: D:\work\kaelis-website-new\src\components\categories-page\CategoryPageView\CategoryPageView.module.css:1:1: Unclosed block
    [at Input.error (turbopack:///[project]/node_modules/postcss/lib/input.js:135:16)]
    [at Parser.unclosedBlock (turbopack:///[project]/node_modules/postcss/lib/parser.js:582:22)]
    [at Parser.endFile (turbopack:///[project]/node_modules/postcss/lib/parser.js:342:35)]
    [at Parser.parse (turbopack:///[project]/node_modules/postcss/lib/parser.js:483:10)]
    [at parser (turbopack:///[project]/node_modules/postcss/lib/parse.js:11:12)]
    [at new LazyResult (turbopack:///[project]/node_modules/postcss/lib/lazy-result.js:171:16)]
    [at Processor.process (turbopack:///[project]/node_modules/postcss/lib/processor.js:53:14)]
    [at transform (turbopack:///[turbopack-node]/transforms/postcss.ts?config=[project]/postcss.config.mjs:70:51)]
    [at run (turbopack:///[turbopack-node]/child_process/evaluate.ts:89:29)]
    [at run (turbopack:///[turbopack-node]/child_process/evaluate.ts:112:11)]

Import trace:
  Server Component:
    ./src/components/categories-page/CategoryPageView/CategoryPageView.module.css
    ./src/components/categories-page/CategoryPageView/CategoryPageView.tsx
    ./src/app/categories/[...slug]/page.tsx @ http://localhost:3000/_next/static/chunks/node_modules_next_dist_1e8vcs8._.js:1052
[  292104ms] [ERROR] ./src/components/categories-page/CategoryPageView/CategoryPageView.module.css
Error: Error evaluating Node.js code
CssSyntaxError: D:\work\kaelis-website-new\src\components\categories-page\CategoryPageView\CategoryPageView.module.css:1:1: Unclosed block
    [at Input.error (turbopack:///[project]/node_modules/postcss/lib/input.js:135:16)]
    [at Parser.unclosedBlock (turbopack:///[project]/node_modules/postcss/lib/parser.js:582:22)]
    [at Parser.endFile (turbopack:///[project]/node_modules/postcss/lib/parser.js:342:35)]
    [at Parser.parse (turbopack:///[project]/node_modules/postcss/lib/parser.js:483:10)]
    [at parser (turbopack:///[project]/node_modules/postcss/lib/parse.js:11:12)]
    [at new LazyResult (turbopack:///[project]/node_modules/postcss/lib/lazy-result.js:171:16)]
    [at Processor.process (turbopack:///[project]/node_modules/postcss/lib/processor.js:53:14)]
    [at transform (turbopack:///[turbopack-node]/transforms/postcss.ts?config=[project]/postcss.config.mjs:70:51)]
    [at run (turbopack:///[turbopack-node]/child_process/evaluate.ts:89:29)]
    [at run (turbopack:///[turbopack-node]/child_process/evaluate.ts:112:11)]

Import trace:
  Server Component:
    ./src/components/categories-page/CategoryPageView/CategoryPageView.module.css
    ./src/components/categories-page/CategoryPageView/CategoryPageView.tsx
    ./src/app/categories/[...slug]/page.tsx @ http://localhost:3000/_next/static/chunks/node_modules_next_dist_1e8vcs8._.js:1052
[  292163ms] [ERROR] ./src/components/categories-page/CategoryPageView/CategoryPageView.module.css
Error: Error evaluating Node.js code
CssSyntaxError: D:\work\kaelis-website-new\src\components\categories-page\CategoryPageView\CategoryPageView.module.css:1:1: Unclosed block
    [at Input.error (turbopack:///[project]/node_modules/postcss/lib/input.js:135:16)]
    [at Parser.unclosedBlock (turbopack:///[project]/node_modules/postcss/lib/parser.js:582:22)]
    [at Parser.endFile (turbopack:///[project]/node_modules/postcss/lib/parser.js:342:35)]
    [at Parser.parse (turbopack:///[project]/node_modules/postcss/lib/parser.js:483:10)]
    [at parser (turbopack:///[project]/node_modules/postcss/lib/parse.js:11:12)]
    [at new LazyResult (turbopack:///[project]/node_modules/postcss/lib/lazy-result.js:171:16)]
    [at Processor.process (turbopack:///[project]/node_modules/postcss/lib/processor.js:53:14)]
    [at transform (turbopack:///[turbopack-node]/transforms/postcss.ts?config=[project]/postcss.config.mjs:70:51)]
    [at run (turbopack:///[turbopack-node]/child_process/evaluate.ts:89:29)]
    [at run (turbopack:///[turbopack-node]/child_process/evaluate.ts:112:11)]

Import trace:
  Server Component:
    ./src/components/categories-page/CategoryPageView/CategoryPageView.module.css
    ./src/components/categories-page/CategoryPageView/CategoryPageView.tsx
    ./src/app/categories/[...slug]/page.tsx @ http://localhost:3000/_next/static/chunks/node_modules_next_dist_1e8vcs8._.js:1052
[  292208ms] [ERROR] ./src/components/categories-page/CategoryPageView/CategoryPageView.module.css
Error: Error evaluating Node.js code
CssSyntaxError: D:\work\kaelis-website-new\src\components\categories-page\CategoryPageView\CategoryPageView.module.css:1:1: Unclosed block
    [at Input.error (turbopack:///[project]/node_modules/postcss/lib/input.js:135:16)]
    [at Parser.unclosedBlock (turbopack:///[project]/node_modules/postcss/lib/parser.js:582:22)]
    [at Parser.endFile (turbopack:///[project]/node_modules/postcss/lib/parser.js:342:35)]
    [at Parser.parse (turbopack:///[project]/node_modules/postcss/lib/parser.js:483:10)]
    [at parser (turbopack:///[project]/node_modules/postcss/lib/parse.js:11:12)]
    [at new LazyResult (turbopack:///[project]/node_modules/postcss/lib/lazy-result.js:171:16)]
    [at Processor.process (turbopack:///[project]/node_modules/postcss/lib/processor.js:53:14)]
    [at transform (turbopack:///[turbopack-node]/transforms/postcss.ts?config=[project]/postcss.config.mjs:70:51)]
    [at run (turbopack:///[turbopack-node]/child_process/evaluate.ts:89:29)]
    [at run (turbopack:///[turbopack-node]/child_process/evaluate.ts:112:11)]

Import trace:
  Server Component:
    ./src/components/categories-page/CategoryPageView/CategoryPageView.module.css
    ./src/components/categories-page/CategoryPageView/CategoryPageView.tsx
    ./src/app/categories/[...slug]/page.tsx @ http://localhost:3000/_next/static/chunks/node_modules_next_dist_1e8vcs8._.js:1052
[  292321ms] [ERROR] ./src/components/categories-page/CategoryPageView/CategoryPageView.module.css
Error: Error evaluating Node.js code
CssSyntaxError: D:\work\kaelis-website-new\src\components\categories-page\CategoryPageView\CategoryPageView.module.css:1:1: Unclosed block
    [at Input.error (turbopack:///[project]/node_modules/postcss/lib/input.js:135:16)]
    [at Parser.unclosedBlock (turbopack:///[project]/node_modules/postcss/lib/parser.js:582:22)]
    [at Parser.endFile (turbopack:///[project]/node_modules/postcss/lib/parser.js:342:35)]
    [at Parser.parse (turbopack:///[project]/node_modules/postcss/lib/parser.js:483:10)]
    [at parser (turbopack:///[project]/node_modules/postcss/lib/parse.js:11:12)]
    [at new LazyResult (turbopack:///[project]/node_modules/postcss/lib/lazy-result.js:171:16)]
    [at Processor.process (turbopack:///[project]/node_modules/postcss/lib/processor.js:53:14)]
    [at transform (turbopack:///[turbopack-node]/transforms/postcss.ts?config=[project]/postcss.config.mjs:70:51)]
    [at run (turbopack:///[turbopack-node]/child_process/evaluate.ts:89:29)]
    [at run (turbopack:///[turbopack-node]/child_process/evaluate.ts:112:11)]

Import trace:
  Server Component:
    ./src/components/categories-page/CategoryPageView/CategoryPageView.module.css
    ./src/components/categories-page/CategoryPageView/CategoryPageView.tsx
    ./src/app/categories/[...slug]/page.tsx @ http://localhost:3000/_next/static/chunks/node_modules_next_dist_1e8vcs8._.js:1052
[  292379ms] [ERROR] ./src/components/categories-page/CategoryPageView/CategoryPageView.module.css
Error: Error evaluating Node.js code
CssSyntaxError: D:\work\kaelis-website-new\src\components\categories-page\CategoryPageView\CategoryPageView.module.css:1:1: Unclosed block
    [at Input.error (turbopack:///[project]/node_modules/postcss/lib/input.js:135:16)]
    [at Parser.unclosedBlock (turbopack:///[project]/node_modules/postcss/lib/parser.js:582:22)]
    [at Parser.endFile (turbopack:///[project]/node_modules/postcss/lib/parser.js:342:35)]
    [at Parser.parse (turbopack:///[project]/node_modules/postcss/lib/parser.js:483:10)]
    [at parser (turbopack:///[project]/node_modules/postcss/lib/parse.js:11:12)]
    [at new LazyResult (turbopack:///[project]/node_modules/postcss/lib/lazy-result.js:171:16)]
    [at Processor.process (turbopack:///[project]/node_modules/postcss/lib/processor.js:53:14)]
    [at transform (turbopack:///[turbopack-node]/transforms/postcss.ts?config=[project]/postcss.config.mjs:70:51)]
    [at run (turbopack:///[turbopack-node]/child_process/evaluate.ts:89:29)]
    [at run (turbopack:///[turbopack-node]/child_process/evaluate.ts:112:11)]

Import trace:
  Server Component:
    ./src/components/categories-page/CategoryPageView/CategoryPageView.module.css
    ./src/components/categories-page/CategoryPageView/CategoryPageView.tsx
    ./src/app/categories/[...slug]/page.tsx @ http://localhost:3000/_next/static/chunks/node_modules_next_dist_1e8vcs8._.js:1052
[  292423ms] [LOG] [Fast Refresh] rebuilding @ http://localhost:3000/_next/static/chunks/node_modules_next_dist_1e8vcs8._.js:776
[  292424ms] [ERROR] ./src/components/categories-page/CategoryPageView/CategoryPageView.module.css
Error: Error evaluating Node.js code
CssSyntaxError: D:\work\kaelis-website-new\src\components\categories-page\CategoryPageView\CategoryPageView.module.css:1:1: Unclosed block
    [at Input.error (turbopack:///[project]/node_modules/postcss/lib/input.js:135:16)]
    [at Parser.unclosedBlock (turbopack:///[project]/node_modules/postcss/lib/parser.js:582:22)]
    [at Parser.endFile (turbopack:///[project]/node_modules/postcss/lib/parser.js:342:35)]
    [at Parser.parse (turbopack:///[project]/node_modules/postcss/lib/parser.js:483:10)]
    [at parser (turbopack:///[project]/node_modules/postcss/lib/parse.js:11:12)]
    [at new LazyResult (turbopack:///[project]/node_modules/postcss/lib/lazy-result.js:171:16)]
    [at Processor.process (turbopack:///[project]/node_modules/postcss/lib/processor.js:53:14)]
    [at transform (turbopack:///[turbopack-node]/transforms/postcss.ts?config=[project]/postcss.config.mjs:70:51)]
    [at run (turbopack:///[turbopack-node]/child_process/evaluate.ts:89:29)]
    [at run (turbopack:///[turbopack-node]/child_process/evaluate.ts:112:11)]

Import trace:
  Server Component:
    ./src/components/categories-page/CategoryPageView/CategoryPageView.module.css
    ./src/components/categories-page/CategoryPageView/CategoryPageView.tsx
    ./src/app/categories/[...slug]/page.tsx @ http://localhost:3000/_next/static/chunks/node_modules_next_dist_1e8vcs8._.js:1052
[  292469ms] [ERROR] ./src/components/categories-page/CategoryPageView/CategoryPageView.module.css
Error: Error evaluating Node.js code
CssSyntaxError: D:\work\kaelis-website-new\src\components\categories-page\CategoryPageView\CategoryPageView.module.css:1:1: Unclosed block
    [at Input.error (turbopack:///[project]/node_modules/postcss/lib/input.js:135:16)]
    [at Parser.unclosedBlock (turbopack:///[project]/node_modules/postcss/lib/parser.js:582:22)]
    [at Parser.endFile (turbopack:///[project]/node_modules/postcss/lib/parser.js:342:35)]
    [at Parser.parse (turbopack:///[project]/node_modules/postcss/lib/parser.js:483:10)]
    [at parser (turbopack:///[project]/node_modules/postcss/lib/parse.js:11:12)]
    [at new LazyResult (turbopack:///[project]/node_modules/postcss/lib/lazy-result.js:171:16)]
    [at Processor.process (turbopack:///[project]/node_modules/postcss/lib/processor.js:53:14)]
    [at transform (turbopack:///[turbopack-node]/transforms/postcss.ts?config=[project]/postcss.config.mjs:70:51)]
    [at run (turbopack:///[turbopack-node]/child_process/evaluate.ts:89:29)]
    [at run (turbopack:///[turbopack-node]/child_process/evaluate.ts:112:11)]

Import trace:
  Server Component:
    ./src/components/categories-page/CategoryPageView/CategoryPageView.module.css
    ./src/components/categories-page/CategoryPageView/CategoryPageView.tsx
    ./src/app/categories/[...slug]/page.tsx @ http://localhost:3000/_next/static/chunks/node_modules_next_dist_1e8vcs8._.js:1052
[  292527ms] [ERROR] ./src/components/categories-page/CategoryPageView/CategoryPageView.module.css
Error: Error evaluating Node.js code
CssSyntaxError: D:\work\kaelis-website-new\src\components\categories-page\CategoryPageView\CategoryPageView.module.css:1:1: Unclosed block
    [at Input.error (turbopack:///[project]/node_modules/postcss/lib/input.js:135:16)]
    [at Parser.unclosedBlock (turbopack:///[project]/node_modules/postcss/lib/parser.js:582:22)]
    [at Parser.endFile (turbopack:///[project]/node_modules/postcss/lib/parser.js:342:35)]
    [at Parser.parse (turbopack:///[project]/node_modules/postcss/lib/parser.js:483:10)]
    [at parser (turbopack:///[project]/node_modules/postcss/lib/parse.js:11:12)]
    [at new LazyResult (turbopack:///[project]/node_modules/postcss/lib/lazy-result.js:171:16)]
    [at Processor.process (turbopack:///[project]/node_modules/postcss/lib/processor.js:53:14)]
    [at transform (turbopack:///[turbopack-node]/transforms/postcss.ts?config=[project]/postcss.config.mjs:70:51)]
    [at run (turbopack:///[turbopack-node]/child_process/evaluate.ts:89:29)]
    [at run (turbopack:///[turbopack-node]/child_process/evaluate.ts:112:11)]

Import trace:
  Server Component:
    ./src/components/categories-page/CategoryPageView/CategoryPageView.module.css
    ./src/components/categories-page/CategoryPageView/CategoryPageView.tsx
    ./src/app/categories/[...slug]/page.tsx @ http://localhost:3000/_next/static/chunks/node_modules_next_dist_1e8vcs8._.js:1052
[  292573ms] [ERROR] ./src/components/categories-page/CategoryPageView/CategoryPageView.module.css
Error: Error evaluating Node.js code
CssSyntaxError: D:\work\kaelis-website-new\src\components\categories-page\CategoryPageView\CategoryPageView.module.css:1:1: Unclosed block
    [at Input.error (turbopack:///[project]/node_modules/postcss/lib/input.js:135:16)]
    [at Parser.unclosedBlock (turbopack:///[project]/node_modules/postcss/lib/parser.js:582:22)]
    [at Parser.endFile (turbopack:///[project]/node_modules/postcss/lib/parser.js:342:35)]
    [at Parser.parse (turbopack:///[project]/node_modules/postcss/lib/parser.js:483:10)]
    [at parser (turbopack:///[project]/node_modules/postcss/lib/parse.js:11:12)]
    [at new LazyResult (turbopack:///[project]/node_modules/postcss/lib/lazy-result.js:171:16)]
    [at Processor.process (turbopack:///[project]/node_modules/postcss/lib/processor.js:53:14)]
    [at transform (turbopack:///[turbopack-node]/transforms/postcss.ts?config=[project]/postcss.config.mjs:70:51)]
    [at run (turbopack:///[turbopack-node]/child_process/evaluate.ts:89:29)]
    [at run (turbopack:///[turbopack-node]/child_process/evaluate.ts:112:11)]

Import trace:
  Server Component:
    ./src/components/categories-page/CategoryPageView/CategoryPageView.module.css
    ./src/components/categories-page/CategoryPageView/CategoryPageView.tsx
    ./src/app/categories/[...slug]/page.tsx @ http://localhost:3000/_next/static/chunks/node_modules_next_dist_1e8vcs8._.js:1052
[  292619ms] [ERROR] ./src/components/categories-page/CategoryPageView/CategoryPageView.module.css
Error: Error evaluating Node.js code
CssSyntaxError: D:\work\kaelis-website-new\src\components\categories-page\CategoryPageView\CategoryPageView.module.css:1:1: Unclosed block
    [at Input.error (turbopack:///[project]/node_modules/postcss/lib/input.js:135:16)]
    [at Parser.unclosedBlock (turbopack:///[project]/node_modules/postcss/lib/parser.js:582:22)]
    [at Parser.endFile (turbopack:///[project]/node_modules/postcss/lib/parser.js:342:35)]
    [at Parser.parse (turbopack:///[project]/node_modules/postcss/lib/parser.js:483:10)]
    [at parser (turbopack:///[project]/node_modules/postcss/lib/parse.js:11:12)]
    [at new LazyResult (turbopack:///[project]/node_modules/postcss/lib/lazy-result.js:171:16)]
    [at Processor.process (turbopack:///[project]/node_modules/postcss/lib/processor.js:53:14)]
    [at transform (turbopack:///[turbopack-node]/transforms/postcss.ts?config=[project]/postcss.config.mjs:70:51)]
    [at run (turbopack:///[turbopack-node]/child_process/evaluate.ts:89:29)]
    [at run (turbopack:///[turbopack-node]/child_process/evaluate.ts:112:11)]

Import trace:
  Server Component:
    ./src/components/categories-page/CategoryPageView/CategoryPageView.module.css
    ./src/components/categories-page/CategoryPageView/CategoryPageView.tsx
    ./src/app/categories/[...slug]/page.tsx @ http://localhost:3000/_next/static/chunks/node_modules_next_dist_1e8vcs8._.js:1052
[  292673ms] [ERROR] ./src/components/categories-page/CategoryPageView/CategoryPageView.module.css
Error: Error evaluating Node.js code
CssSyntaxError: D:\work\kaelis-website-new\src\components\categories-page\CategoryPageView\CategoryPageView.module.css:1:1: Unclosed block
    [at Input.error (turbopack:///[project]/node_modules/postcss/lib/input.js:135:16)]
    [at Parser.unclosedBlock (turbopack:///[project]/node_modules/postcss/lib/parser.js:582:22)]
    [at Parser.endFile (turbopack:///[project]/node_modules/postcss/lib/parser.js:342:35)]
    [at Parser.parse (turbopack:///[project]/node_modules/postcss/lib/parser.js:483:10)]
    [at parser (turbopack:///[project]/node_modules/postcss/lib/parse.js:11:12)]
    [at new LazyResult (turbopack:///[project]/node_modules/postcss/lib/lazy-result.js:171:16)]
    [at Processor.process (turbopack:///[project]/node_modules/postcss/lib/processor.js:53:14)]
    [at transform (turbopack:///[turbopack-node]/transforms/postcss.ts?config=[project]/postcss.config.mjs:70:51)]
    [at run (turbopack:///[turbopack-node]/child_process/evaluate.ts:89:29)]
    [at run (turbopack:///[turbopack-node]/child_process/evaluate.ts:112:11)]

Import trace:
  Server Component:
    ./src/components/categories-page/CategoryPageView/CategoryPageView.module.css
    ./src/components/categories-page/CategoryPageView/CategoryPageView.tsx
    ./src/app/categories/[...slug]/page.tsx @ http://localhost:3000/_next/static/chunks/node_modules_next_dist_1e8vcs8._.js:1052
[  292727ms] [ERROR] ./src/components/categories-page/CategoryPageView/CategoryPageView.module.css
Error: Error evaluating Node.js code
CssSyntaxError: D:\work\kaelis-website-new\src\components\categories-page\CategoryPageView\CategoryPageView.module.css:1:1: Unclosed block
    [at Input.error (turbopack:///[project]/node_modules/postcss/lib/input.js:135:16)]
    [at Parser.unclosedBlock (turbopack:///[project]/node_modules/postcss/lib/parser.js:582:22)]
    [at Parser.endFile (turbopack:///[project]/node_modules/postcss/lib/parser.js:342:35)]
    [at Parser.parse (turbopack:///[project]/node_modules/postcss/lib/parser.js:483:10)]
    [at parser (turbopack:///[project]/node_modules/postcss/lib/parse.js:11:12)]
    [at new LazyResult (turbopack:///[project]/node_modules/postcss/lib/lazy-result.js:171:16)]
    [at Processor.process (turbopack:///[project]/node_modules/postcss/lib/processor.js:53:14)]
    [at transform (turbopack:///[turbopack-node]/transforms/postcss.ts?config=[project]/postcss.config.mjs:70:51)]
    [at run (turbopack:///[turbopack-node]/child_process/evaluate.ts:89:29)]
    [at run (turbopack:///[turbopack-node]/child_process/evaluate.ts:112:11)]

Import trace:
  Server Component:
    ./src/components/categories-page/CategoryPageView/CategoryPageView.module.css
    ./src/components/categories-page/CategoryPageView/CategoryPageView.tsx
    ./src/app/categories/[...slug]/page.tsx @ http://localhost:3000/_next/static/chunks/node_modules_next_dist_1e8vcs8._.js:1052
[  292774ms] [ERROR] ./src/components/categories-page/CategoryPageView/CategoryPageView.module.css
Error: Error evaluating Node.js code
CssSyntaxError: D:\work\kaelis-website-new\src\components\categories-page\CategoryPageView\CategoryPageView.module.css:1:1: Unclosed block
    [at Input.error (turbopack:///[project]/node_modules/postcss/lib/input.js:135:16)]
    [at Parser.unclosedBlock (turbopack:///[project]/node_modules/postcss/lib/parser.js:582:22)]
    [at Parser.endFile (turbopack:///[project]/node_modules/postcss/lib/parser.js:342:35)]
    [at Parser.parse (turbopack:///[project]/node_modules/postcss/lib/parser.js:483:10)]
    [at parser (turbopack:///[project]/node_modules/postcss/lib/parse.js:11:12)]
    [at new LazyResult (turbopack:///[project]/node_modules/postcss/lib/lazy-result.js:171:16)]
    [at Processor.process (turbopack:///[project]/node_modules/postcss/lib/processor.js:53:14)]
    [at transform (turbopack:///[turbopack-node]/transforms/postcss.ts?config=[project]/postcss.config.mjs:70:51)]
    [at run (turbopack:///[turbopack-node]/child_process/evaluate.ts:89:29)]
    [at run (turbopack:///[turbopack-node]/child_process/evaluate.ts:112:11)]

Import trace:
  Server Component:
    ./src/components/categories-page/CategoryPageView/CategoryPageView.module.css
    ./src/components/categories-page/CategoryPageView/CategoryPageView.tsx
    ./src/app/categories/[...slug]/page.tsx @ http://localhost:3000/_next/static/chunks/node_modules_next_dist_1e8vcs8._.js:1052
[  292831ms] [ERROR] ./src/components/categories-page/CategoryPageView/CategoryPageView.module.css
Error: Error evaluating Node.js code
CssSyntaxError: D:\work\kaelis-website-new\src\components\categories-page\CategoryPageView\CategoryPageView.module.css:1:1: Unclosed block
    [at Input.error (turbopack:///[project]/node_modules/postcss/lib/input.js:135:16)]
    [at Parser.unclosedBlock (turbopack:///[project]/node_modules/postcss/lib/parser.js:582:22)]
    [at Parser.endFile (turbopack:///[project]/node_modules/postcss/lib/parser.js:342:35)]
    [at Parser.parse (turbopack:///[project]/node_modules/postcss/lib/parser.js:483:10)]
    [at parser (turbopack:///[project]/node_modules/postcss/lib/parse.js:11:12)]
    [at new LazyResult (turbopack:///[project]/node_modules/postcss/lib/lazy-result.js:171:16)]
    [at Processor.process (turbopack:///[project]/node_modules/postcss/lib/processor.js:53:14)]
    [at transform (turbopack:///[turbopack-node]/transforms/postcss.ts?config=[project]/postcss.config.mjs:70:51)]
    [at run (turbopack:///[turbopack-node]/child_process/evaluate.ts:89:29)]
    [at run (turbopack:///[turbopack-node]/child_process/evaluate.ts:112:11)]

Import trace:
  Server Component:
    ./src/components/categories-page/CategoryPageView/CategoryPageView.module.css
    ./src/components/categories-page/CategoryPageView/CategoryPageView.tsx
    ./src/app/categories/[...slug]/page.tsx @ http://localhost:3000/_next/static/chunks/node_modules_next_dist_1e8vcs8._.js:1052
[  292877ms] [ERROR] ./src/components/categories-page/CategoryPageView/CategoryPageView.module.css
Error: Error evaluating Node.js code
CssSyntaxError: D:\work\kaelis-website-new\src\components\categories-page\CategoryPageView\CategoryPageView.module.css:1:1: Unclosed block
    [at Input.error (turbopack:///[project]/node_modules/postcss/lib/input.js:135:16)]
    [at Parser.unclosedBlock (turbopack:///[project]/node_modules/postcss/lib/parser.js:582:22)]
    [at Parser.endFile (turbopack:///[project]/node_modules/postcss/lib/parser.js:342:35)]
    [at Parser.parse (turbopack:///[project]/node_modules/postcss/lib/parser.js:483:10)]
    [at parser (turbopack:///[project]/node_modules/postcss/lib/parse.js:11:12)]
    [at new LazyResult (turbopack:///[project]/node_modules/postcss/lib/lazy-result.js:171:16)]
    [at Processor.process (turbopack:///[project]/node_modules/postcss/lib/processor.js:53:14)]
    [at transform (turbopack:///[turbopack-node]/transforms/postcss.ts?config=[project]/postcss.config.mjs:70:51)]
    [at run (turbopack:///[turbopack-node]/child_process/evaluate.ts:89:29)]
    [at run (turbopack:///[turbopack-node]/child_process/evaluate.ts:112:11)]

Import trace:
  Server Component:
    ./src/components/categories-page/CategoryPageView/CategoryPageView.module.css
    ./src/components/categories-page/CategoryPageView/CategoryPageView.tsx
    ./src/app/categories/[...slug]/page.tsx @ http://localhost:3000/_next/static/chunks/node_modules_next_dist_1e8vcs8._.js:1052
[  292941ms] [ERROR] ./src/components/categories-page/CategoryPageView/CategoryPageView.module.css
Error: Error evaluating Node.js code
CssSyntaxError: D:\work\kaelis-website-new\src\components\categories-page\CategoryPageView\CategoryPageView.module.css:1:1: Unclosed block
    [at Input.error (turbopack:///[project]/node_modules/postcss/lib/input.js:135:16)]
    [at Parser.unclosedBlock (turbopack:///[project]/node_modules/postcss/lib/parser.js:582:22)]
    [at Parser.endFile (turbopack:///[project]/node_modules/postcss/lib/parser.js:342:35)]
    [at Parser.parse (turbopack:///[project]/node_modules/postcss/lib/parser.js:483:10)]
    [at parser (turbopack:///[project]/node_modules/postcss/lib/parse.js:11:12)]
    [at new LazyResult (turbopack:///[project]/node_modules/postcss/lib/lazy-result.js:171:16)]
    [at Processor.process (turbopack:///[project]/node_modules/postcss/lib/processor.js:53:14)]
    [at transform (turbopack:///[turbopack-node]/transforms/postcss.ts?config=[project]/postcss.config.mjs:70:51)]
    [at run (turbopack:///[turbopack-node]/child_process/evaluate.ts:89:29)]
    [at run (turbopack:///[turbopack-node]/child_process/evaluate.ts:112:11)]

Import trace:
  Server Component:
    ./src/components/categories-page/CategoryPageView/CategoryPageView.module.css
    ./src/components/categories-page/CategoryPageView/CategoryPageView.tsx
    ./src/app/categories/[...slug]/page.tsx @ http://localhost:3000/_next/static/chunks/node_modules_next_dist_1e8vcs8._.js:1052
[  293005ms] [ERROR] ./src/components/categories-page/CategoryPageView/CategoryPageView.module.css
Error: Error evaluating Node.js code
CssSyntaxError: D:\work\kaelis-website-new\src\components\categories-page\CategoryPageView\CategoryPageView.module.css:1:1: Unclosed block
    [at Input.error (turbopack:///[project]/node_modules/postcss/lib/input.js:135:16)]
    [at Parser.unclosedBlock (turbopack:///[project]/node_modules/postcss/lib/parser.js:582:22)]
    [at Parser.endFile (turbopack:///[project]/node_modules/postcss/lib/parser.js:342:35)]
    [at Parser.parse (turbopack:///[project]/node_modules/postcss/lib/parser.js:483:10)]
    [at parser (turbopack:///[project]/node_modules/postcss/lib/parse.js:11:12)]
    [at new LazyResult (turbopack:///[project]/node_modules/postcss/lib/lazy-result.js:171:16)]
    [at Processor.process (turbopack:///[project]/node_modules/postcss/lib/processor.js:53:14)]
    [at transform (turbopack:///[turbopack-node]/transforms/postcss.ts?config=[project]/postcss.config.mjs:70:51)]
    [at run (turbopack:///[turbopack-node]/child_process/evaluate.ts:89:29)]
    [at run (turbopack:///[turbopack-node]/child_process/evaluate.ts:112:11)]

Import trace:
  Server Component:
    ./src/components/categories-page/CategoryPageView/CategoryPageView.module.css
    ./src/components/categories-page/CategoryPageView/CategoryPageView.tsx
    ./src/app/categories/[...slug]/page.tsx @ http://localhost:3000/_next/static/chunks/node_modules_next_dist_1e8vcs8._.js:1052
[  293059ms] [ERROR] ./src/components/categories-page/CategoryPageView/CategoryPageView.module.css
Error: Error evaluating Node.js code
CssSyntaxError: D:\work\kaelis-website-new\src\components\categories-page\CategoryPageView\CategoryPageView.module.css:1:1: Unclosed block
    [at Input.error (turbopack:///[project]/node_modules/postcss/lib/input.js:135:16)]
    [at Parser.unclosedBlock (turbopack:///[project]/node_modules/postcss/lib/parser.js:582:22)]
    [at Parser.endFile (turbopack:///[project]/node_modules/postcss/lib/parser.js:342:35)]
    [at Parser.parse (turbopack:///[project]/node_modules/postcss/lib/parser.js:483:10)]
    [at parser (turbopack:///[project]/node_modules/postcss/lib/parse.js:11:12)]
    [at new LazyResult (turbopack:///[project]/node_modules/postcss/lib/lazy-result.js:171:16)]
    [at Processor.process (turbopack:///[project]/node_modules/postcss/lib/processor.js:53:14)]
    [at transform (turbopack:///[turbopack-node]/transforms/postcss.ts?config=[project]/postcss.config.mjs:70:51)]
    [at run (turbopack:///[turbopack-node]/child_process/evaluate.ts:89:29)]
    [at run (turbopack:///[turbopack-node]/child_process/evaluate.ts:112:11)]

Import trace:
  Server Component:
    ./src/components/categories-page/CategoryPageView/CategoryPageView.module.css
    ./src/components/categories-page/CategoryPageView/CategoryPageView.tsx
    ./src/app/categories/[...slug]/page.tsx @ http://localhost:3000/_next/static/chunks/node_modules_next_dist_1e8vcs8._.js:1052
[  293108ms] [ERROR] ./src/components/categories-page/CategoryPageView/CategoryPageView.module.css
Error: Error evaluating Node.js code
CssSyntaxError: D:\work\kaelis-website-new\src\components\categories-page\CategoryPageView\CategoryPageView.module.css:1:1: Unclosed block
    [at Input.error (turbopack:///[project]/node_modules/postcss/lib/input.js:135:16)]
    [at Parser.unclosedBlock (turbopack:///[project]/node_modules/postcss/lib/parser.js:582:22)]
    [at Parser.endFile (turbopack:///[project]/node_modules/postcss/lib/parser.js:342:35)]
    [at Parser.parse (turbopack:///[project]/node_modules/postcss/lib/parser.js:483:10)]
    [at parser (turbopack:///[project]/node_modules/postcss/lib/parse.js:11:12)]
    [at new LazyResult (turbopack:///[project]/node_modules/postcss/lib/lazy-result.js:171:16)]
    [at Processor.process (turbopack:///[project]/node_modules/postcss/lib/processor.js:53:14)]
    [at transform (turbopack:///[turbopack-node]/transforms/postcss.ts?config=[project]/postcss.config.mjs:70:51)]
    [at run (turbopack:///[turbopack-node]/child_process/evaluate.ts:89:29)]
    [at run (turbopack:///[turbopack-node]/child_process/evaluate.ts:112:11)]

Import trace:
  Server Component:
    ./src/components/categories-page/CategoryPageView/CategoryPageView.module.css
    ./src/components/categories-page/CategoryPageView/CategoryPageView.tsx
    ./src/app/categories/[...slug]/page.tsx @ http://localhost:3000/_next/static/chunks/node_modules_next_dist_1e8vcs8._.js:1052
[  293157ms] [ERROR] ./src/components/categories-page/CategoryPageView/CategoryPageView.module.css
Error: Error evaluating Node.js code
CssSyntaxError: D:\work\kaelis-website-new\src\components\categories-page\CategoryPageView\CategoryPageView.module.css:1:1: Unclosed block
    [at Input.error (turbopack:///[project]/node_modules/postcss/lib/input.js:135:16)]
    [at Parser.unclosedBlock (turbopack:///[project]/node_modules/postcss/lib/parser.js:582:22)]
    [at Parser.endFile (turbopack:///[project]/node_modules/postcss/lib/parser.js:342:35)]
    [at Parser.parse (turbopack:///[project]/node_modules/postcss/lib/parser.js:483:10)]
    [at parser (turbopack:///[project]/node_modules/postcss/lib/parse.js:11:12)]
    [at new LazyResult (turbopack:///[project]/node_modules/postcss/lib/lazy-result.js:171:16)]
    [at Processor.process (turbopack:///[project]/node_modules/postcss/lib/processor.js:53:14)]
    [at transform (turbopack:///[turbopack-node]/transforms/postcss.ts?config=[project]/postcss.config.mjs:70:51)]
    [at run (turbopack:///[turbopack-node]/child_process/evaluate.ts:89:29)]
    [at run (turbopack:///[turbopack-node]/child_process/evaluate.ts:112:11)]

Import trace:
  Server Component:
    ./src/components/categories-page/CategoryPageView/CategoryPageView.module.css
    ./src/components/categories-page/CategoryPageView/CategoryPageView.tsx
    ./src/app/categories/[...slug]/page.tsx @ http://localhost:3000/_next/static/chunks/node_modules_next_dist_1e8vcs8._.js:1052
[  293205ms] [ERROR] ./src/components/categories-page/CategoryPageView/CategoryPageView.module.css
Error: Error evaluating Node.js code
CssSyntaxError: D:\work\kaelis-website-new\src\components\categories-page\CategoryPageView\CategoryPageView.module.css:1:1: Unclosed block
    [at Input.error (turbopack:///[project]/node_modules/postcss/lib/input.js:135:16)]
    [at Parser.unclosedBlock (turbopack:///[project]/node_modules/postcss/lib/parser.js:582:22)]
    [at Parser.endFile (turbopack:///[project]/node_modules/postcss/lib/parser.js:342:35)]
    [at Parser.parse (turbopack:///[project]/node_modules/postcss/lib/parser.js:483:10)]
    [at parser (turbopack:///[project]/node_modules/postcss/lib/parse.js:11:12)]
    [at new LazyResult (turbopack:///[project]/node_modules/postcss/lib/lazy-result.js:171:16)]
    [at Processor.process (turbopack:///[project]/node_modules/postcss/lib/processor.js:53:14)]
    [at transform (turbopack:///[turbopack-node]/transforms/postcss.ts?config=[project]/postcss.config.mjs:70:51)]
    [at run (turbopack:///[turbopack-node]/child_process/evaluate.ts:89:29)]
    [at run (turbopack:///[turbopack-node]/child_process/evaluate.ts:112:11)]

Import trace:
  Server Component:
    ./src/components/categories-page/CategoryPageView/CategoryPageView.module.css
    ./src/components/categories-page/CategoryPageView/CategoryPageView.tsx
    ./src/app/categories/[...slug]/page.tsx @ http://localhost:3000/_next/static/chunks/node_modules_next_dist_1e8vcs8._.js:1052
[  293250ms] [ERROR] ./src/components/categories-page/CategoryPageView/CategoryPageView.module.css
Error: Error evaluating Node.js code
CssSyntaxError: D:\work\kaelis-website-new\src\components\categories-page\CategoryPageView\CategoryPageView.module.css:1:1: Unclosed block
    [at Input.error (turbopack:///[project]/node_modules/postcss/lib/input.js:135:16)]
    [at Parser.unclosedBlock (turbopack:///[project]/node_modules/postcss/lib/parser.js:582:22)]
    [at Parser.endFile (turbopack:///[project]/node_modules/postcss/lib/parser.js:342:35)]
    [at Parser.parse (turbopack:///[project]/node_modules/postcss/lib/parser.js:483:10)]
    [at parser (turbopack:///[project]/node_modules/postcss/lib/parse.js:11:12)]
    [at new LazyResult (turbopack:///[project]/node_modules/postcss/lib/lazy-result.js:171:16)]
    [at Processor.process (turbopack:///[project]/node_modules/postcss/lib/processor.js:53:14)]
    [at transform (turbopack:///[turbopack-node]/transforms/postcss.ts?config=[project]/postcss.config.mjs:70:51)]
    [at run (turbopack:///[turbopack-node]/child_process/evaluate.ts:89:29)]
    [at run (turbopack:///[turbopack-node]/child_process/evaluate.ts:112:11)]

Import trace:
  Server Component:
    ./src/components/categories-page/CategoryPageView/CategoryPageView.module.css
    ./src/components/categories-page/CategoryPageView/CategoryPageView.tsx
    ./src/app/categories/[...slug]/page.tsx @ http://localhost:3000/_next/static/chunks/node_modules_next_dist_1e8vcs8._.js:1052
[  293295ms] [ERROR] ./src/components/categories-page/CategoryPageView/CategoryPageView.module.css
Error: Error evaluating Node.js code
CssSyntaxError: D:\work\kaelis-website-new\src\components\categories-page\CategoryPageView\CategoryPageView.module.css:1:1: Unclosed block
    [at Input.error (turbopack:///[project]/node_modules/postcss/lib/input.js:135:16)]
    [at Parser.unclosedBlock (turbopack:///[project]/node_modules/postcss/lib/parser.js:582:22)]
    [at Parser.endFile (turbopack:///[project]/node_modules/postcss/lib/parser.js:342:35)]
    [at Parser.parse (turbopack:///[project]/node_modules/postcss/lib/parser.js:483:10)]
    [at parser (turbopack:///[project]/node_modules/postcss/lib/parse.js:11:12)]
    [at new LazyResult (turbopack:///[project]/node_modules/postcss/lib/lazy-result.js:171:16)]
    [at Processor.process (turbopack:///[project]/node_modules/postcss/lib/processor.js:53:14)]
    [at transform (turbopack:///[turbopack-node]/transforms/postcss.ts?config=[project]/postcss.config.mjs:70:51)]
    [at run (turbopack:///[turbopack-node]/child_process/evaluate.ts:89:29)]
    [at run (turbopack:///[turbopack-node]/child_process/evaluate.ts:112:11)]

Import trace:
  Server Component:
    ./src/components/categories-page/CategoryPageView/CategoryPageView.module.css
    ./src/components/categories-page/CategoryPageView/CategoryPageView.tsx
    ./src/app/categories/[...slug]/page.tsx @ http://localhost:3000/_next/static/chunks/node_modules_next_dist_1e8vcs8._.js:1052
[  293344ms] [ERROR] ./src/components/categories-page/CategoryPageView/CategoryPageView.module.css
Error: Error evaluating Node.js code
CssSyntaxError: D:\work\kaelis-website-new\src\components\categories-page\CategoryPageView\CategoryPageView.module.css:1:1: Unclosed block
    [at Input.error (turbopack:///[project]/node_modules/postcss/lib/input.js:135:16)]
    [at Parser.unclosedBlock (turbopack:///[project]/node_modules/postcss/lib/parser.js:582:22)]
    [at Parser.endFile (turbopack:///[project]/node_modules/postcss/lib/parser.js:342:35)]
    [at Parser.parse (turbopack:///[project]/node_modules/postcss/lib/parser.js:483:10)]
    [at parser (turbopack:///[project]/node_modules/postcss/lib/parse.js:11:12)]
    [at new LazyResult (turbopack:///[project]/node_modules/postcss/lib/lazy-result.js:171:16)]
    [at Processor.process (turbopack:///[project]/node_modules/postcss/lib/processor.js:53:14)]
    [at transform (turbopack:///[turbopack-node]/transforms/postcss.ts?config=[project]/postcss.config.mjs:70:51)]
    [at run (turbopack:///[turbopack-node]/child_process/evaluate.ts:89:29)]
    [at run (turbopack:///[turbopack-node]/child_process/evaluate.ts:112:11)]

Import trace:
  Server Component:
    ./src/components/categories-page/CategoryPageView/CategoryPageView.module.css
    ./src/components/categories-page/CategoryPageView/CategoryPageView.tsx
    ./src/app/categories/[...slug]/page.tsx @ http://localhost:3000/_next/static/chunks/node_modules_next_dist_1e8vcs8._.js:1052
[  293402ms] [ERROR] ./src/components/categories-page/CategoryPageView/CategoryPageView.module.css
Error: Error evaluating Node.js code
CssSyntaxError: D:\work\kaelis-website-new\src\components\categories-page\CategoryPageView\CategoryPageView.module.css:1:1: Unclosed block
    [at Input.error (turbopack:///[project]/node_modules/postcss/lib/input.js:135:16)]
    [at Parser.unclosedBlock (turbopack:///[project]/node_modules/postcss/lib/parser.js:582:22)]
    [at Parser.endFile (turbopack:///[project]/node_modules/postcss/lib/parser.js:342:35)]
    [at Parser.parse (turbopack:///[project]/node_modules/postcss/lib/parser.js:483:10)]
    [at parser (turbopack:///[project]/node_modules/postcss/lib/parse.js:11:12)]
    [at new LazyResult (turbopack:///[project]/node_modules/postcss/lib/lazy-result.js:171:16)]
    [at Processor.process (turbopack:///[project]/node_modules/postcss/lib/processor.js:53:14)]
    [at transform (turbopack:///[turbopack-node]/transforms/postcss.ts?config=[project]/postcss.config.mjs:70:51)]
    [at run (turbopack:///[turbopack-node]/child_process/evaluate.ts:89:29)]
    [at run (turbopack:///[turbopack-node]/child_process/evaluate.ts:112:11)]

Import trace:
  Server Component:
    ./src/components/categories-page/CategoryPageView/CategoryPageView.module.css
    ./src/components/categories-page/CategoryPageView/CategoryPageView.tsx
    ./src/app/categories/[...slug]/page.tsx @ http://localhost:3000/_next/static/chunks/node_modules_next_dist_1e8vcs8._.js:1052
[  293459ms] [ERROR] ./src/components/categories-page/CategoryPageView/CategoryPageView.module.css
Error: Error evaluating Node.js code
CssSyntaxError: D:\work\kaelis-website-new\src\components\categories-page\CategoryPageView\CategoryPageView.module.css:1:1: Unclosed block
    [at Input.error (turbopack:///[project]/node_modules/postcss/lib/input.js:135:16)]
    [at Parser.unclosedBlock (turbopack:///[project]/node_modules/postcss/lib/parser.js:582:22)]
    [at Parser.endFile (turbopack:///[project]/node_modules/postcss/lib/parser.js:342:35)]
    [at Parser.parse (turbopack:///[project]/node_modules/postcss/lib/parser.js:483:10)]
    [at parser (turbopack:///[project]/node_modules/postcss/lib/parse.js:11:12)]
    [at new LazyResult (turbopack:///[project]/node_modules/postcss/lib/lazy-result.js:171:16)]
    [at Processor.process (turbopack:///[project]/node_modules/postcss/lib/processor.js:53:14)]
    [at transform (turbopack:///[turbopack-node]/transforms/postcss.ts?config=[project]/postcss.config.mjs:70:51)]
    [at run (turbopack:///[turbopack-node]/child_process/evaluate.ts:89:29)]
    [at run (turbopack:///[turbopack-node]/child_process/evaluate.ts:112:11)]

Import trace:
  Server Component:
    ./src/components/categories-page/CategoryPageView/CategoryPageView.module.css
    ./src/components/categories-page/CategoryPageView/CategoryPageView.tsx
    ./src/app/categories/[...slug]/page.tsx @ http://localhost:3000/_next/static/chunks/node_modules_next_dist_1e8vcs8._.js:1052
[  293516ms] [ERROR] ./src/components/categories-page/CategoryPageView/CategoryPageView.module.css
Error: Error evaluating Node.js code
CssSyntaxError: D:\work\kaelis-website-new\src\components\categories-page\CategoryPageView\CategoryPageView.module.css:1:1: Unclosed block
    [at Input.error (turbopack:///[project]/node_modules/postcss/lib/input.js:135:16)]
    [at Parser.unclosedBlock (turbopack:///[project]/node_modules/postcss/lib/parser.js:582:22)]
    [at Parser.endFile (turbopack:///[project]/node_modules/postcss/lib/parser.js:342:35)]
    [at Parser.parse (turbopack:///[project]/node_modules/postcss/lib/parser.js:483:10)]
    [at parser (turbopack:///[project]/node_modules/postcss/lib/parse.js:11:12)]
    [at new LazyResult (turbopack:///[project]/node_modules/postcss/lib/lazy-result.js:171:16)]
    [at Processor.process (turbopack:///[project]/node_modules/postcss/lib/processor.js:53:14)]
    [at transform (turbopack:///[turbopack-node]/transforms/postcss.ts?config=[project]/postcss.config.mjs:70:51)]
    [at run (turbopack:///[turbopack-node]/child_process/evaluate.ts:89:29)]
    [at run (turbopack:///[turbopack-node]/child_process/evaluate.ts:112:11)]

Import trace:
  Server Component:
    ./src/components/categories-page/CategoryPageView/CategoryPageView.module.css
    ./src/components/categories-page/CategoryPageView/CategoryPageView.tsx
    ./src/app/categories/[...slug]/page.tsx @ http://localhost:3000/_next/static/chunks/node_modules_next_dist_1e8vcs8._.js:1052
[  293566ms] [ERROR] ./src/components/categories-page/CategoryPageView/CategoryPageView.module.css
Error: Error evaluating Node.js code
CssSyntaxError: D:\work\kaelis-website-new\src\components\categories-page\CategoryPageView\CategoryPageView.module.css:1:1: Unclosed block
    [at Input.error (turbopack:///[project]/node_modules/postcss/lib/input.js:135:16)]
    [at Parser.unclosedBlock (turbopack:///[project]/node_modules/postcss/lib/parser.js:582:22)]
    [at Parser.endFile (turbopack:///[project]/node_modules/postcss/lib/parser.js:342:35)]
    [at Parser.parse (turbopack:///[project]/node_modules/postcss/lib/parser.js:483:10)]
    [at parser (turbopack:///[project]/node_modules/postcss/lib/parse.js:11:12)]
    [at new LazyResult (turbopack:///[project]/node_modules/postcss/lib/lazy-result.js:171:16)]
    [at Processor.process (turbopack:///[project]/node_modules/postcss/lib/processor.js:53:14)]
    [at transform (turbopack:///[turbopack-node]/transforms/postcss.ts?config=[project]/postcss.config.mjs:70:51)]
    [at run (turbopack:///[turbopack-node]/child_process/evaluate.ts:89:29)]
    [at run (turbopack:///[turbopack-node]/child_process/evaluate.ts:112:11)]

Import trace:
  Server Component:
    ./src/components/categories-page/CategoryPageView/CategoryPageView.module.css
    ./src/components/categories-page/CategoryPageView/CategoryPageView.tsx
    ./src/app/categories/[...slug]/page.tsx @ http://localhost:3000/_next/static/chunks/node_modules_next_dist_1e8vcs8._.js:1052
[  293616ms] [ERROR] ./src/components/categories-page/CategoryPageView/CategoryPageView.module.css
Error: Error evaluating Node.js code
CssSyntaxError: D:\work\kaelis-website-new\src\components\categories-page\CategoryPageView\CategoryPageView.module.css:1:1: Unclosed block
    [at Input.error (turbopack:///[project]/node_modules/postcss/lib/input.js:135:16)]
    [at Parser.unclosedBlock (turbopack:///[project]/node_modules/postcss/lib/parser.js:582:22)]
    [at Parser.endFile (turbopack:///[project]/node_modules/postcss/lib/parser.js:342:35)]
    [at Parser.parse (turbopack:///[project]/node_modules/postcss/lib/parser.js:483:10)]
    [at parser (turbopack:///[project]/node_modules/postcss/lib/parse.js:11:12)]
    [at new LazyResult (turbopack:///[project]/node_modules/postcss/lib/lazy-result.js:171:16)]
    [at Processor.process (turbopack:///[project]/node_modules/postcss/lib/processor.js:53:14)]
    [at transform (turbopack:///[turbopack-node]/transforms/postcss.ts?config=[project]/postcss.config.mjs:70:51)]
    [at run (turbopack:///[turbopack-node]/child_process/evaluate.ts:89:29)]
    [at run (turbopack:///[turbopack-node]/child_process/evaluate.ts:112:11)]

Import trace:
  Server Component:
    ./src/components/categories-page/CategoryPageView/CategoryPageView.module.css
    ./src/components/categories-page/CategoryPageView/CategoryPageView.tsx
    ./src/app/categories/[...slug]/page.tsx @ http://localhost:3000/_next/static/chunks/node_modules_next_dist_1e8vcs8._.js:1052
[  293663ms] [ERROR] ./src/components/categories-page/CategoryPageView/CategoryPageView.module.css
Error: Error evaluating Node.js code
CssSyntaxError: D:\work\kaelis-website-new\src\components\categories-page\CategoryPageView\CategoryPageView.module.css:1:1: Unclosed block
    [at Input.error (turbopack:///[project]/node_modules/postcss/lib/input.js:135:16)]
    [at Parser.unclosedBlock (turbopack:///[project]/node_modules/postcss/lib/parser.js:582:22)]
    [at Parser.endFile (turbopack:///[project]/node_modules/postcss/lib/parser.js:342:35)]
    [at Parser.parse (turbopack:///[project]/node_modules/postcss/lib/parser.js:483:10)]
    [at parser (turbopack:///[project]/node_modules/postcss/lib/parse.js:11:12)]
    [at new LazyResult (turbopack:///[project]/node_modules/postcss/lib/lazy-result.js:171:16)]
    [at Processor.process (turbopack:///[project]/node_modules/postcss/lib/processor.js:53:14)]
    [at transform (turbopack:///[turbopack-node]/transforms/postcss.ts?config=[project]/postcss.config.mjs:70:51)]
    [at run (turbopack:///[turbopack-node]/child_process/evaluate.ts:89:29)]
    [at run (turbopack:///[turbopack-node]/child_process/evaluate.ts:112:11)]

Import trace:
  Server Component:
    ./src/components/categories-page/CategoryPageView/CategoryPageView.module.css
    ./src/components/categories-page/CategoryPageView/CategoryPageView.tsx
    ./src/app/categories/[...slug]/page.tsx @ http://localhost:3000/_next/static/chunks/node_modules_next_dist_1e8vcs8._.js:1052
[  293715ms] [ERROR] ./src/components/categories-page/CategoryPageView/CategoryPageView.module.css
Error: Error evaluating Node.js code
CssSyntaxError: D:\work\kaelis-website-new\src\components\categories-page\CategoryPageView\CategoryPageView.module.css:1:1: Unclosed block
    [at Input.error (turbopack:///[project]/node_modules/postcss/lib/input.js:135:16)]
    [at Parser.unclosedBlock (turbopack:///[project]/node_modules/postcss/lib/parser.js:582:22)]
    [at Parser.endFile (turbopack:///[project]/node_modules/postcss/lib/parser.js:342:35)]
    [at Parser.parse (turbopack:///[project]/node_modules/postcss/lib/parser.js:483:10)]
    [at parser (turbopack:///[project]/node_modules/postcss/lib/parse.js:11:12)]
    [at new LazyResult (turbopack:///[project]/node_modules/postcss/lib/lazy-result.js:171:16)]
    [at Processor.process (turbopack:///[project]/node_modules/postcss/lib/processor.js:53:14)]
    [at transform (turbopack:///[turbopack-node]/transforms/postcss.ts?config=[project]/postcss.config.mjs:70:51)]
    [at run (turbopack:///[turbopack-node]/child_process/evaluate.ts:89:29)]
    [at run (turbopack:///[turbopack-node]/child_process/evaluate.ts:112:11)]

Import trace:
  Server Component:
    ./src/components/categories-page/CategoryPageView/CategoryPageView.module.css
    ./src/components/categories-page/CategoryPageView/CategoryPageView.tsx
    ./src/app/categories/[...slug]/page.tsx @ http://localhost:3000/_next/static/chunks/node_modules_next_dist_1e8vcs8._.js:1052
[  293765ms] [ERROR] ./src/components/categories-page/CategoryPageView/CategoryPageView.module.css
Error: Error evaluating Node.js code
CssSyntaxError: D:\work\kaelis-website-new\src\components\categories-page\CategoryPageView\CategoryPageView.module.css:1:1: Unclosed block
    [at Input.error (turbopack:///[project]/node_modules/postcss/lib/input.js:135:16)]
    [at Parser.unclosedBlock (turbopack:///[project]/node_modules/postcss/lib/parser.js:582:22)]
    [at Parser.endFile (turbopack:///[project]/node_modules/postcss/lib/parser.js:342:35)]
    [at Parser.parse (turbopack:///[project]/node_modules/postcss/lib/parser.js:483:10)]
    [at parser (turbopack:///[project]/node_modules/postcss/lib/parse.js:11:12)]
    [at new LazyResult (turbopack:///[project]/node_modules/postcss/lib/lazy-result.js:171:16)]
    [at Processor.process (turbopack:///[project]/node_modules/postcss/lib/processor.js:53:14)]
    [at transform (turbopack:///[turbopack-node]/transforms/postcss.ts?config=[project]/postcss.config.mjs:70:51)]
    [at run (turbopack:///[turbopack-node]/child_process/evaluate.ts:89:29)]
    [at run (turbopack:///[turbopack-node]/child_process/evaluate.ts:112:11)]

Import trace:
  Server Component:
    ./src/components/categories-page/CategoryPageView/CategoryPageView.module.css
    ./src/components/categories-page/CategoryPageView/CategoryPageView.tsx
    ./src/app/categories/[...slug]/page.tsx @ http://localhost:3000/_next/static/chunks/node_modules_next_dist_1e8vcs8._.js:1052
[  293830ms] [ERROR] ./src/components/categories-page/CategoryPageView/CategoryPageView.module.css
Error: Error evaluating Node.js code
CssSyntaxError: D:\work\kaelis-website-new\src\components\categories-page\CategoryPageView\CategoryPageView.module.css:1:1: Unclosed block
    [at Input.error (turbopack:///[project]/node_modules/postcss/lib/input.js:135:16)]
    [at Parser.unclosedBlock (turbopack:///[project]/node_modules/postcss/lib/parser.js:582:22)]
    [at Parser.endFile (turbopack:///[project]/node_modules/postcss/lib/parser.js:342:35)]
    [at Parser.parse (turbopack:///[project]/node_modules/postcss/lib/parser.js:483:10)]
    [at parser (turbopack:///[project]/node_modules/postcss/lib/parse.js:11:12)]
    [at new LazyResult (turbopack:///[project]/node_modules/postcss/lib/lazy-result.js:171:16)]
    [at Processor.process (turbopack:///[project]/node_modules/postcss/lib/processor.js:53:14)]
    [at transform (turbopack:///[turbopack-node]/transforms/postcss.ts?config=[project]/postcss.config.mjs:70:51)]
    [at run (turbopack:///[turbopack-node]/child_process/evaluate.ts:89:29)]
    [at run (turbopack:///[turbopack-node]/child_process/evaluate.ts:112:11)]

Import trace:
  Server Component:
    ./src/components/categories-page/CategoryPageView/CategoryPageView.module.css
    ./src/components/categories-page/CategoryPageView/CategoryPageView.tsx
    ./src/app/categories/[...slug]/page.tsx @ http://localhost:3000/_next/static/chunks/node_modules_next_dist_1e8vcs8._.js:1052
[  293878ms] [ERROR] ./src/components/categories-page/CategoryPageView/CategoryPageView.module.css
Error: Error evaluating Node.js code
CssSyntaxError: D:\work\kaelis-website-new\src\components\categories-page\CategoryPageView\CategoryPageView.module.css:1:1: Unclosed block
    [at Input.error (turbopack:///[project]/node_modules/postcss/lib/input.js:135:16)]
    [at Parser.unclosedBlock (turbopack:///[project]/node_modules/postcss/lib/parser.js:582:22)]
    [at Parser.endFile (turbopack:///[project]/node_modules/postcss/lib/parser.js:342:35)]
    [at Parser.parse (turbopack:///[project]/node_modules/postcss/lib/parser.js:483:10)]
    [at parser (turbopack:///[project]/node_modules/postcss/lib/parse.js:11:12)]
    [at new LazyResult (turbopack:///[project]/node_modules/postcss/lib/lazy-result.js:171:16)]
    [at Processor.process (turbopack:///[project]/node_modules/postcss/lib/processor.js:53:14)]
    [at transform (turbopack:///[turbopack-node]/transforms/postcss.ts?config=[project]/postcss.config.mjs:70:51)]
    [at run (turbopack:///[turbopack-node]/child_process/evaluate.ts:89:29)]
    [at run (turbopack:///[turbopack-node]/child_process/evaluate.ts:112:11)]

Import trace:
  Server Component:
    ./src/components/categories-page/CategoryPageView/CategoryPageView.module.css
    ./src/components/categories-page/CategoryPageView/CategoryPageView.tsx
    ./src/app/categories/[...slug]/page.tsx @ http://localhost:3000/_next/static/chunks/node_modules_next_dist_1e8vcs8._.js:1052
[  293922ms] [ERROR] ./src/components/categories-page/CategoryPageView/CategoryPageView.module.css
Error: Error evaluating Node.js code
CssSyntaxError: D:\work\kaelis-website-new\src\components\categories-page\CategoryPageView\CategoryPageView.module.css:1:1: Unclosed block
    [at Input.error (turbopack:///[project]/node_modules/postcss/lib/input.js:135:16)]
    [at Parser.unclosedBlock (turbopack:///[project]/node_modules/postcss/lib/parser.js:582:22)]
    [at Parser.endFile (turbopack:///[project]/node_modules/postcss/lib/parser.js:342:35)]
    [at Parser.parse (turbopack:///[project]/node_modules/postcss/lib/parser.js:483:10)]
    [at parser (turbopack:///[project]/node_modules/postcss/lib/parse.js:11:12)]
    [at new LazyResult (turbopack:///[project]/node_modules/postcss/lib/lazy-result.js:171:16)]
    [at Processor.process (turbopack:///[project]/node_modules/postcss/lib/processor.js:53:14)]
    [at transform (turbopack:///[turbopack-node]/transforms/postcss.ts?config=[project]/postcss.config.mjs:70:51)]
    [at run (turbopack:///[turbopack-node]/child_process/evaluate.ts:89:29)]
    [at run (turbopack:///[turbopack-node]/child_process/evaluate.ts:112:11)]

Import trace:
  Server Component:
    ./src/components/categories-page/CategoryPageView/CategoryPageView.module.css
    ./src/components/categories-page/CategoryPageView/CategoryPageView.tsx
    ./src/app/categories/[...slug]/page.tsx @ http://localhost:3000/_next/static/chunks/node_modules_next_dist_1e8vcs8._.js:1052
[  293967ms] [ERROR] ./src/components/categories-page/CategoryPageView/CategoryPageView.module.css
Error: Error evaluating Node.js code
CssSyntaxError: D:\work\kaelis-website-new\src\components\categories-page\CategoryPageView\CategoryPageView.module.css:1:1: Unclosed block
    [at Input.error (turbopack:///[project]/node_modules/postcss/lib/input.js:135:16)]
    [at Parser.unclosedBlock (turbopack:///[project]/node_modules/postcss/lib/parser.js:582:22)]
    [at Parser.endFile (turbopack:///[project]/node_modules/postcss/lib/parser.js:342:35)]
    [at Parser.parse (turbopack:///[project]/node_modules/postcss/lib/parser.js:483:10)]
    [at parser (turbopack:///[project]/node_modules/postcss/lib/parse.js:11:12)]
    [at new LazyResult (turbopack:///[project]/node_modules/postcss/lib/lazy-result.js:171:16)]
    [at Processor.process (turbopack:///[project]/node_modules/postcss/lib/processor.js:53:14)]
    [at transform (turbopack:///[turbopack-node]/transforms/postcss.ts?config=[project]/postcss.config.mjs:70:51)]
    [at run (turbopack:///[turbopack-node]/child_process/evaluate.ts:89:29)]
    [at run (turbopack:///[turbopack-node]/child_process/evaluate.ts:112:11)]

Import trace:
  Server Component:
    ./src/components/categories-page/CategoryPageView/CategoryPageView.module.css
    ./src/components/categories-page/CategoryPageView/CategoryPageView.tsx
    ./src/app/categories/[...slug]/page.tsx @ http://localhost:3000/_next/static/chunks/node_modules_next_dist_1e8vcs8._.js:1052
[  294018ms] [ERROR] ./src/components/categories-page/CategoryPageView/CategoryPageView.module.css
Error: Error evaluating Node.js code
CssSyntaxError: D:\work\kaelis-website-new\src\components\categories-page\CategoryPageView\CategoryPageView.module.css:1:1: Unclosed block
    [at Input.error (turbopack:///[project]/node_modules/postcss/lib/input.js:135:16)]
    [at Parser.unclosedBlock (turbopack:///[project]/node_modules/postcss/lib/parser.js:582:22)]
    [at Parser.endFile (turbopack:///[project]/node_modules/postcss/lib/parser.js:342:35)]
    [at Parser.parse (turbopack:///[project]/node_modules/postcss/lib/parser.js:483:10)]
    [at parser (turbopack:///[project]/node_modules/postcss/lib/parse.js:11:12)]
    [at new LazyResult (turbopack:///[project]/node_modules/postcss/lib/lazy-result.js:171:16)]
    [at Processor.process (turbopack:///[project]/node_modules/postcss/lib/processor.js:53:14)]
    [at transform (turbopack:///[turbopack-node]/transforms/postcss.ts?config=[project]/postcss.config.mjs:70:51)]
    [at run (turbopack:///[turbopack-node]/child_process/evaluate.ts:89:29)]
    [at run (turbopack:///[turbopack-node]/child_process/evaluate.ts:112:11)]

Import trace:
  Server Component:
    ./src/components/categories-page/CategoryPageView/CategoryPageView.module.css
    ./src/components/categories-page/CategoryPageView/CategoryPageView.tsx
    ./src/app/categories/[...slug]/page.tsx @ http://localhost:3000/_next/static/chunks/node_modules_next_dist_1e8vcs8._.js:1052
[  294083ms] [ERROR] ./src/components/categories-page/CategoryPageView/CategoryPageView.module.css
Error: Error evaluating Node.js code
CssSyntaxError: D:\work\kaelis-website-new\src\components\categories-page\CategoryPageView\CategoryPageView.module.css:1:1: Unclosed block
    [at Input.error (turbopack:///[project]/node_modules/postcss/lib/input.js:135:16)]
    [at Parser.unclosedBlock (turbopack:///[project]/node_modules/postcss/lib/parser.js:582:22)]
    [at Parser.endFile (turbopack:///[project]/node_modules/postcss/lib/parser.js:342:35)]
    [at Parser.parse (turbopack:///[project]/node_modules/postcss/lib/parser.js:483:10)]
    [at parser (turbopack:///[project]/node_modules/postcss/lib/parse.js:11:12)]
    [at new LazyResult (turbopack:///[project]/node_modules/postcss/lib/lazy-result.js:171:16)]
    [at Processor.process (turbopack:///[project]/node_modules/postcss/lib/processor.js:53:14)]
    [at transform (turbopack:///[turbopack-node]/transforms/postcss.ts?config=[project]/postcss.config.mjs:70:51)]
    [at run (turbopack:///[turbopack-node]/child_process/evaluate.ts:89:29)]
    [at run (turbopack:///[turbopack-node]/child_process/evaluate.ts:112:11)]

Import trace:
  Server Component:
    ./src/components/categories-page/CategoryPageView/CategoryPageView.module.css
    ./src/components/categories-page/CategoryPageView/CategoryPageView.tsx
    ./src/app/categories/[...slug]/page.tsx @ http://localhost:3000/_next/static/chunks/node_modules_next_dist_1e8vcs8._.js:1052
[  294134ms] [ERROR] ./src/components/categories-page/CategoryPageView/CategoryPageView.module.css
Error: Error evaluating Node.js code
CssSyntaxError: D:\work\kaelis-website-new\src\components\categories-page\CategoryPageView\CategoryPageView.module.css:1:1: Unclosed block
    [at Input.error (turbopack:///[project]/node_modules/postcss/lib/input.js:135:16)]
    [at Parser.unclosedBlock (turbopack:///[project]/node_modules/postcss/lib/parser.js:582:22)]
    [at Parser.endFile (turbopack:///[project]/node_modules/postcss/lib/parser.js:342:35)]
    [at Parser.parse (turbopack:///[project]/node_modules/postcss/lib/parser.js:483:10)]
    [at parser (turbopack:///[project]/node_modules/postcss/lib/parse.js:11:12)]
    [at new LazyResult (turbopack:///[project]/node_modules/postcss/lib/lazy-result.js:171:16)]
    [at Processor.process (turbopack:///[project]/node_modules/postcss/lib/processor.js:53:14)]
    [at transform (turbopack:///[turbopack-node]/transforms/postcss.ts?config=[project]/postcss.config.mjs:70:51)]
    [at run (turbopack:///[turbopack-node]/child_process/evaluate.ts:89:29)]
    [at run (turbopack:///[turbopack-node]/child_process/evaluate.ts:112:11)]

Import trace:
  Server Component:
    ./src/components/categories-page/CategoryPageView/CategoryPageView.module.css
    ./src/components/categories-page/CategoryPageView/CategoryPageView.tsx
    ./src/app/categories/[...slug]/page.tsx @ http://localhost:3000/_next/static/chunks/node_modules_next_dist_1e8vcs8._.js:1052
[  294188ms] [ERROR] ./src/components/categories-page/CategoryPageView/CategoryPageView.module.css
Error: Error evaluating Node.js code
CssSyntaxError: D:\work\kaelis-website-new\src\components\categories-page\CategoryPageView\CategoryPageView.module.css:1:1: Unclosed block
    [at Input.error (turbopack:///[project]/node_modules/postcss/lib/input.js:135:16)]
    [at Parser.unclosedBlock (turbopack:///[project]/node_modules/postcss/lib/parser.js:582:22)]
    [at Parser.endFile (turbopack:///[project]/node_modules/postcss/lib/parser.js:342:35)]
    [at Parser.parse (turbopack:///[project]/node_modules/postcss/lib/parser.js:483:10)]
    [at parser (turbopack:///[project]/node_modules/postcss/lib/parse.js:11:12)]
    [at new LazyResult (turbopack:///[project]/node_modules/postcss/lib/lazy-result.js:171:16)]
    [at Processor.process (turbopack:///[project]/node_modules/postcss/lib/processor.js:53:14)]
    [at transform (turbopack:///[turbopack-node]/transforms/postcss.ts?config=[project]/postcss.config.mjs:70:51)]
    [at run (turbopack:///[turbopack-node]/child_process/evaluate.ts:89:29)]
    [at run (turbopack:///[turbopack-node]/child_process/evaluate.ts:112:11)]

Import trace:
  Server Component:
    ./src/components/categories-page/CategoryPageView/CategoryPageView.module.css
    ./src/components/categories-page/CategoryPageView/CategoryPageView.tsx
    ./src/app/categories/[...slug]/page.tsx @ http://localhost:3000/_next/static/chunks/node_modules_next_dist_1e8vcs8._.js:1052
[  294239ms] [ERROR] ./src/components/categories-page/CategoryPageView/CategoryPageView.module.css
Error: Error evaluating Node.js code
CssSyntaxError: D:\work\kaelis-website-new\src\components\categories-page\CategoryPageView\CategoryPageView.module.css:1:1: Unclosed block
    [at Input.error (turbopack:///[project]/node_modules/postcss/lib/input.js:135:16)]
    [at Parser.unclosedBlock (turbopack:///[project]/node_modules/postcss/lib/parser.js:582:22)]
    [at Parser.endFile (turbopack:///[project]/node_modules/postcss/lib/parser.js:342:35)]
    [at Parser.parse (turbopack:///[project]/node_modules/postcss/lib/parser.js:483:10)]
    [at parser (turbopack:///[project]/node_modules/postcss/lib/parse.js:11:12)]
    [at new LazyResult (turbopack:///[project]/node_modules/postcss/lib/lazy-result.js:171:16)]
    [at Processor.process (turbopack:///[project]/node_modules/postcss/lib/processor.js:53:14)]
    [at transform (turbopack:///[turbopack-node]/transforms/postcss.ts?config=[project]/postcss.config.mjs:70:51)]
    [at run (turbopack:///[turbopack-node]/child_process/evaluate.ts:89:29)]
    [at run (turbopack:///[turbopack-node]/child_process/evaluate.ts:112:11)]

Import trace:
  Server Component:
    ./src/components/categories-page/CategoryPageView/CategoryPageView.module.css
    ./src/components/categories-page/CategoryPageView/CategoryPageView.tsx
    ./src/app/categories/[...slug]/page.tsx @ http://localhost:3000/_next/static/chunks/node_modules_next_dist_1e8vcs8._.js:1052
[  294284ms] [ERROR] ./src/components/categories-page/CategoryPageView/CategoryPageView.module.css
Error: Error evaluating Node.js code
CssSyntaxError: D:\work\kaelis-website-new\src\components\categories-page\CategoryPageView\CategoryPageView.module.css:1:1: Unclosed block
    [at Input.error (turbopack:///[project]/node_modules/postcss/lib/input.js:135:16)]
    [at Parser.unclosedBlock (turbopack:///[project]/node_modules/postcss/lib/parser.js:582:22)]
    [at Parser.endFile (turbopack:///[project]/node_modules/postcss/lib/parser.js:342:35)]
    [at Parser.parse (turbopack:///[project]/node_modules/postcss/lib/parser.js:483:10)]
    [at parser (turbopack:///[project]/node_modules/postcss/lib/parse.js:11:12)]
    [at new LazyResult (turbopack:///[project]/node_modules/postcss/lib/lazy-result.js:171:16)]
    [at Processor.process (turbopack:///[project]/node_modules/postcss/lib/processor.js:53:14)]
    [at transform (turbopack:///[turbopack-node]/transforms/postcss.ts?config=[project]/postcss.config.mjs:70:51)]
    [at run (turbopack:///[turbopack-node]/child_process/evaluate.ts:89:29)]
    [at run (turbopack:///[turbopack-node]/child_process/evaluate.ts:112:11)]

Import trace:
  Server Component:
    ./src/components/categories-page/CategoryPageView/CategoryPageView.module.css
    ./src/components/categories-page/CategoryPageView/CategoryPageView.tsx
    ./src/app/categories/[...slug]/page.tsx @ http://localhost:3000/_next/static/chunks/node_modules_next_dist_1e8vcs8._.js:1052
[  294337ms] [ERROR] ./src/components/categories-page/CategoryPageView/CategoryPageView.module.css
Error: Error evaluating Node.js code
CssSyntaxError: D:\work\kaelis-website-new\src\components\categories-page\CategoryPageView\CategoryPageView.module.css:1:1: Unclosed block
    [at Input.error (turbopack:///[project]/node_modules/postcss/lib/input.js:135:16)]
    [at Parser.unclosedBlock (turbopack:///[project]/node_modules/postcss/lib/parser.js:582:22)]
    [at Parser.endFile (turbopack:///[project]/node_modules/postcss/lib/parser.js:342:35)]
    [at Parser.parse (turbopack:///[project]/node_modules/postcss/lib/parser.js:483:10)]
    [at parser (turbopack:///[project]/node_modules/postcss/lib/parse.js:11:12)]
    [at new LazyResult (turbopack:///[project]/node_modules/postcss/lib/lazy-result.js:171:16)]
    [at Processor.process (turbopack:///[project]/node_modules/postcss/lib/processor.js:53:14)]
    [at transform (turbopack:///[turbopack-node]/transforms/postcss.ts?config=[project]/postcss.config.mjs:70:51)]
    [at run (turbopack:///[turbopack-node]/child_process/evaluate.ts:89:29)]
    [at run (turbopack:///[turbopack-node]/child_process/evaluate.ts:112:11)]

Import trace:
  Server Component:
    ./src/components/categories-page/CategoryPageView/CategoryPageView.module.css
    ./src/components/categories-page/CategoryPageView/CategoryPageView.tsx
    ./src/app/categories/[...slug]/page.tsx @ http://localhost:3000/_next/static/chunks/node_modules_next_dist_1e8vcs8._.js:1052
[  294396ms] [ERROR] ./src/components/categories-page/CategoryPageView/CategoryPageView.module.css
Error: Error evaluating Node.js code
CssSyntaxError: D:\work\kaelis-website-new\src\components\categories-page\CategoryPageView\CategoryPageView.module.css:1:1: Unclosed block
    [at Input.error (turbopack:///[project]/node_modules/postcss/lib/input.js:135:16)]
    [at Parser.unclosedBlock (turbopack:///[project]/node_modules/postcss/lib/parser.js:582:22)]
    [at Parser.endFile (turbopack:///[project]/node_modules/postcss/lib/parser.js:342:35)]
    [at Parser.parse (turbopack:///[project]/node_modules/postcss/lib/parser.js:483:10)]
    [at parser (turbopack:///[project]/node_modules/postcss/lib/parse.js:11:12)]
    [at new LazyResult (turbopack:///[project]/node_modules/postcss/lib/lazy-result.js:171:16)]
    [at Processor.process (turbopack:///[project]/node_modules/postcss/lib/processor.js:53:14)]
    [at transform (turbopack:///[turbopack-node]/transforms/postcss.ts?config=[project]/postcss.config.mjs:70:51)]
    [at run (turbopack:///[turbopack-node]/child_process/evaluate.ts:89:29)]
    [at run (turbopack:///[turbopack-node]/child_process/evaluate.ts:112:11)]

Import trace:
  Server Component:
    ./src/components/categories-page/CategoryPageView/CategoryPageView.module.css
    ./src/components/categories-page/CategoryPageView/CategoryPageView.tsx
    ./src/app/categories/[...slug]/page.tsx @ http://localhost:3000/_next/static/chunks/node_modules_next_dist_1e8vcs8._.js:1052
[  294450ms] [ERROR] ./src/components/categories-page/CategoryPageView/CategoryPageView.module.css
Error: Error evaluating Node.js code
CssSyntaxError: D:\work\kaelis-website-new\src\components\categories-page\CategoryPageView\CategoryPageView.module.css:1:1: Unclosed block
    [at Input.error (turbopack:///[project]/node_modules/postcss/lib/input.js:135:16)]
    [at Parser.unclosedBlock (turbopack:///[project]/node_modules/postcss/lib/parser.js:582:22)]
    [at Parser.endFile (turbopack:///[project]/node_modules/postcss/lib/parser.js:342:35)]
    [at Parser.parse (turbopack:///[project]/node_modules/postcss/lib/parser.js:483:10)]
    [at parser (turbopack:///[project]/node_modules/postcss/lib/parse.js:11:12)]
    [at new LazyResult (turbopack:///[project]/node_modules/postcss/lib/lazy-result.js:171:16)]
    [at Processor.process (turbopack:///[project]/node_modules/postcss/lib/processor.js:53:14)]
    [at transform (turbopack:///[turbopack-node]/transforms/postcss.ts?config=[project]/postcss.config.mjs:70:51)]
    [at run (turbopack:///[turbopack-node]/child_process/evaluate.ts:89:29)]
    [at run (turbopack:///[turbopack-node]/child_process/evaluate.ts:112:11)]

Import trace:
  Server Component:
    ./src/components/categories-page/CategoryPageView/CategoryPageView.module.css
    ./src/components/categories-page/CategoryPageView/CategoryPageView.tsx
    ./src/app/categories/[...slug]/page.tsx @ http://localhost:3000/_next/static/chunks/node_modules_next_dist_1e8vcs8._.js:1052
[  294503ms] [ERROR] ./src/components/categories-page/CategoryPageView/CategoryPageView.module.css
Error: Error evaluating Node.js code
CssSyntaxError: D:\work\kaelis-website-new\src\components\categories-page\CategoryPageView\CategoryPageView.module.css:1:1: Unclosed block
    [at Input.error (turbopack:///[project]/node_modules/postcss/lib/input.js:135:16)]
    [at Parser.unclosedBlock (turbopack:///[project]/node_modules/postcss/lib/parser.js:582:22)]
    [at Parser.endFile (turbopack:///[project]/node_modules/postcss/lib/parser.js:342:35)]
    [at Parser.parse (turbopack:///[project]/node_modules/postcss/lib/parser.js:483:10)]
    [at parser (turbopack:///[project]/node_modules/postcss/lib/parse.js:11:12)]
    [at new LazyResult (turbopack:///[project]/node_modules/postcss/lib/lazy-result.js:171:16)]
    [at Processor.process (turbopack:///[project]/node_modules/postcss/lib/processor.js:53:14)]
    [at transform (turbopack:///[turbopack-node]/transforms/postcss.ts?config=[project]/postcss.config.mjs:70:51)]
    [at run (turbopack:///[turbopack-node]/child_process/evaluate.ts:89:29)]
    [at run (turbopack:///[turbopack-node]/child_process/evaluate.ts:112:11)]

Import trace:
  Server Component:
    ./src/components/categories-page/CategoryPageView/CategoryPageView.module.css
    ./src/components/categories-page/CategoryPageView/CategoryPageView.tsx
    ./src/app/categories/[...slug]/page.tsx @ http://localhost:3000/_next/static/chunks/node_modules_next_dist_1e8vcs8._.js:1052
[  294560ms] [ERROR] ./src/components/categories-page/CategoryPageView/CategoryPageView.module.css
Error: Error evaluating Node.js code
CssSyntaxError: D:\work\kaelis-website-new\src\components\categories-page\CategoryPageView\CategoryPageView.module.css:1:1: Unclosed block
    [at Input.error (turbopack:///[project]/node_modules/postcss/lib/input.js:135:16)]
    [at Parser.unclosedBlock (turbopack:///[project]/node_modules/postcss/lib/parser.js:582:22)]
    [at Parser.endFile (turbopack:///[project]/node_modules/postcss/lib/parser.js:342:35)]
    [at Parser.parse (turbopack:///[project]/node_modules/postcss/lib/parser.js:483:10)]
    [at parser (turbopack:///[project]/node_modules/postcss/lib/parse.js:11:12)]
    [at new LazyResult (turbopack:///[project]/node_modules/postcss/lib/lazy-result.js:171:16)]
    [at Processor.process (turbopack:///[project]/node_modules/postcss/lib/processor.js:53:14)]
    [at transform (turbopack:///[turbopack-node]/transforms/postcss.ts?config=[project]/postcss.config.mjs:70:51)]
    [at run (turbopack:///[turbopack-node]/child_process/evaluate.ts:89:29)]
    [at run (turbopack:///[turbopack-node]/child_process/evaluate.ts:112:11)]

Import trace:
  Server Component:
    ./src/components/categories-page/CategoryPageView/CategoryPageView.module.css
    ./src/components/categories-page/CategoryPageView/CategoryPageView.tsx
    ./src/app/categories/[...slug]/page.tsx @ http://localhost:3000/_next/static/chunks/node_modules_next_dist_1e8vcs8._.js:1052
[  294608ms] [ERROR] ./src/components/categories-page/CategoryPageView/CategoryPageView.module.css
Error: Error evaluating Node.js code
CssSyntaxError: D:\work\kaelis-website-new\src\components\categories-page\CategoryPageView\CategoryPageView.module.css:1:1: Unclosed block
    [at Input.error (turbopack:///[project]/node_modules/postcss/lib/input.js:135:16)]
    [at Parser.unclosedBlock (turbopack:///[project]/node_modules/postcss/lib/parser.js:582:22)]
    [at Parser.endFile (turbopack:///[project]/node_modules/postcss/lib/parser.js:342:35)]
    [at Parser.parse (turbopack:///[project]/node_modules/postcss/lib/parser.js:483:10)]
    [at parser (turbopack:///[project]/node_modules/postcss/lib/parse.js:11:12)]
    [at new LazyResult (turbopack:///[project]/node_modules/postcss/lib/lazy-result.js:171:16)]
    [at Processor.process (turbopack:///[project]/node_modules/postcss/lib/processor.js:53:14)]
    [at transform (turbopack:///[turbopack-node]/transforms/postcss.ts?config=[project]/postcss.config.mjs:70:51)]
    [at run (turbopack:///[turbopack-node]/child_process/evaluate.ts:89:29)]
    [at run (turbopack:///[turbopack-node]/child_process/evaluate.ts:112:11)]

Import trace:
  Server Component:
    ./src/components/categories-page/CategoryPageView/CategoryPageView.module.css
    ./src/components/categories-page/CategoryPageView/CategoryPageView.tsx
    ./src/app/categories/[...slug]/page.tsx @ http://localhost:3000/_next/static/chunks/node_modules_next_dist_1e8vcs8._.js:1052
[  294656ms] [ERROR] ./src/components/categories-page/CategoryPageView/CategoryPageView.module.css
Error: Error evaluating Node.js code
CssSyntaxError: D:\work\kaelis-website-new\src\components\categories-page\CategoryPageView\CategoryPageView.module.css:1:1: Unclosed block
    [at Input.error (turbopack:///[project]/node_modules/postcss/lib/input.js:135:16)]
    [at Parser.unclosedBlock (turbopack:///[project]/node_modules/postcss/lib/parser.js:582:22)]
    [at Parser.endFile (turbopack:///[project]/node_modules/postcss/lib/parser.js:342:35)]
    [at Parser.parse (turbopack:///[project]/node_modules/postcss/lib/parser.js:483:10)]
    [at parser (turbopack:///[project]/node_modules/postcss/lib/parse.js:11:12)]
    [at new LazyResult (turbopack:///[project]/node_modules/postcss/lib/lazy-result.js:171:16)]
    [at Processor.process (turbopack:///[project]/node_modules/postcss/lib/processor.js:53:14)]
    [at transform (turbopack:///[turbopack-node]/transforms/postcss.ts?config=[project]/postcss.config.mjs:70:51)]
    [at run (turbopack:///[turbopack-node]/child_process/evaluate.ts:89:29)]
    [at run (turbopack:///[turbopack-node]/child_process/evaluate.ts:112:11)]

Import trace:
  Server Component:
    ./src/components/categories-page/CategoryPageView/CategoryPageView.module.css
    ./src/components/categories-page/CategoryPageView/CategoryPageView.tsx
    ./src/app/categories/[...slug]/page.tsx @ http://localhost:3000/_next/static/chunks/node_modules_next_dist_1e8vcs8._.js:1052
[  294711ms] [ERROR] ./src/components/categories-page/CategoryPageView/CategoryPageView.module.css
Error: Error evaluating Node.js code
CssSyntaxError: D:\work\kaelis-website-new\src\components\categories-page\CategoryPageView\CategoryPageView.module.css:1:1: Unclosed block
    [at Input.error (turbopack:///[project]/node_modules/postcss/lib/input.js:135:16)]
    [at Parser.unclosedBlock (turbopack:///[project]/node_modules/postcss/lib/parser.js:582:22)]
    [at Parser.endFile (turbopack:///[project]/node_modules/postcss/lib/parser.js:342:35)]
    [at Parser.parse (turbopack:///[project]/node_modules/postcss/lib/parser.js:483:10)]
    [at parser (turbopack:///[project]/node_modules/postcss/lib/parse.js:11:12)]
    [at new LazyResult (turbopack:///[project]/node_modules/postcss/lib/lazy-result.js:171:16)]
    [at Processor.process (turbopack:///[project]/node_modules/postcss/lib/processor.js:53:14)]
    [at transform (turbopack:///[turbopack-node]/transforms/postcss.ts?config=[project]/postcss.config.mjs:70:51)]
    [at run (turbopack:///[turbopack-node]/child_process/evaluate.ts:89:29)]
    [at run (turbopack:///[turbopack-node]/child_process/evaluate.ts:112:11)]

Import trace:
  Server Component:
    ./src/components/categories-page/CategoryPageView/CategoryPageView.module.css
    ./src/components/categories-page/CategoryPageView/CategoryPageView.tsx
    ./src/app/categories/[...slug]/page.tsx @ http://localhost:3000/_next/static/chunks/node_modules_next_dist_1e8vcs8._.js:1052
[  294753ms] [ERROR] ./src/components/categories-page/CategoryPageView/CategoryPageView.module.css
Error: Error evaluating Node.js code
CssSyntaxError: D:\work\kaelis-website-new\src\components\categories-page\CategoryPageView\CategoryPageView.module.css:1:1: Unclosed block
    [at Input.error (turbopack:///[project]/node_modules/postcss/lib/input.js:135:16)]
    [at Parser.unclosedBlock (turbopack:///[project]/node_modules/postcss/lib/parser.js:582:22)]
    [at Parser.endFile (turbopack:///[project]/node_modules/postcss/lib/parser.js:342:35)]
    [at Parser.parse (turbopack:///[project]/node_modules/postcss/lib/parser.js:483:10)]
    [at parser (turbopack:///[project]/node_modules/postcss/lib/parse.js:11:12)]
    [at new LazyResult (turbopack:///[project]/node_modules/postcss/lib/lazy-result.js:171:16)]
    [at Processor.process (turbopack:///[project]/node_modules/postcss/lib/processor.js:53:14)]
    [at transform (turbopack:///[turbopack-node]/transforms/postcss.ts?config=[project]/postcss.config.mjs:70:51)]
    [at run (turbopack:///[turbopack-node]/child_process/evaluate.ts:89:29)]
    [at run (turbopack:///[turbopack-node]/child_process/evaluate.ts:112:11)]

Import trace:
  Server Component:
    ./src/components/categories-page/CategoryPageView/CategoryPageView.module.css
    ./src/components/categories-page/CategoryPageView/CategoryPageView.tsx
    ./src/app/categories/[...slug]/page.tsx @ http://localhost:3000/_next/static/chunks/node_modules_next_dist_1e8vcs8._.js:1052
[  294800ms] [ERROR] ./src/components/categories-page/CategoryPageView/CategoryPageView.module.css
Error: Error evaluating Node.js code
CssSyntaxError: D:\work\kaelis-website-new\src\components\categories-page\CategoryPageView\CategoryPageView.module.css:1:1: Unclosed block
    [at Input.error (turbopack:///[project]/node_modules/postcss/lib/input.js:135:16)]
    [at Parser.unclosedBlock (turbopack:///[project]/node_modules/postcss/lib/parser.js:582:22)]
    [at Parser.endFile (turbopack:///[project]/node_modules/postcss/lib/parser.js:342:35)]
    [at Parser.parse (turbopack:///[project]/node_modules/postcss/lib/parser.js:483:10)]
    [at parser (turbopack:///[project]/node_modules/postcss/lib/parse.js:11:12)]
    [at new LazyResult (turbopack:///[project]/node_modules/postcss/lib/lazy-result.js:171:16)]
    [at Processor.process (turbopack:///[project]/node_modules/postcss/lib/processor.js:53:14)]
    [at transform (turbopack:///[turbopack-node]/transforms/postcss.ts?config=[project]/postcss.config.mjs:70:51)]
    [at run (turbopack:///[turbopack-node]/child_process/evaluate.ts:89:29)]
    [at run (turbopack:///[turbopack-node]/child_process/evaluate.ts:112:11)]

Import trace:
  Server Component:
    ./src/components/categories-page/CategoryPageView/CategoryPageView.module.css
    ./src/components/categories-page/CategoryPageView/CategoryPageView.tsx
    ./src/app/categories/[...slug]/page.tsx @ http://localhost:3000/_next/static/chunks/node_modules_next_dist_1e8vcs8._.js:1052
[  294850ms] [ERROR] ./src/components/categories-page/CategoryPageView/CategoryPageView.module.css
Error: Error evaluating Node.js code
CssSyntaxError: D:\work\kaelis-website-new\src\components\categories-page\CategoryPageView\CategoryPageView.module.css:1:1: Unclosed block
    [at Input.error (turbopack:///[project]/node_modules/postcss/lib/input.js:135:16)]
    [at Parser.unclosedBlock (turbopack:///[project]/node_modules/postcss/lib/parser.js:582:22)]
    [at Parser.endFile (turbopack:///[project]/node_modules/postcss/lib/parser.js:342:35)]
    [at Parser.parse (turbopack:///[project]/node_modules/postcss/lib/parser.js:483:10)]
    [at parser (turbopack:///[project]/node_modules/postcss/lib/parse.js:11:12)]
    [at new LazyResult (turbopack:///[project]/node_modules/postcss/lib/lazy-result.js:171:16)]
    [at Processor.process (turbopack:///[project]/node_modules/postcss/lib/processor.js:53:14)]
    [at transform (turbopack:///[turbopack-node]/transforms/postcss.ts?config=[project]/postcss.config.mjs:70:51)]
    [at run (turbopack:///[turbopack-node]/child_process/evaluate.ts:89:29)]
    [at run (turbopack:///[turbopack-node]/child_process/evaluate.ts:112:11)]

Import trace:
  Server Component:
    ./src/components/categories-page/CategoryPageView/CategoryPageView.module.css
    ./src/components/categories-page/CategoryPageView/CategoryPageView.tsx
    ./src/app/categories/[...slug]/page.tsx @ http://localhost:3000/_next/static/chunks/node_modules_next_dist_1e8vcs8._.js:1052
[  294902ms] [ERROR] ./src/components/categories-page/CategoryPageView/CategoryPageView.module.css
Error: Error evaluating Node.js code
CssSyntaxError: D:\work\kaelis-website-new\src\components\categories-page\CategoryPageView\CategoryPageView.module.css:1:1: Unclosed block
    [at Input.error (turbopack:///[project]/node_modules/postcss/lib/input.js:135:16)]
    [at Parser.unclosedBlock (turbopack:///[project]/node_modules/postcss/lib/parser.js:582:22)]
    [at Parser.endFile (turbopack:///[project]/node_modules/postcss/lib/parser.js:342:35)]
    [at Parser.parse (turbopack:///[project]/node_modules/postcss/lib/parser.js:483:10)]
    [at parser (turbopack:///[project]/node_modules/postcss/lib/parse.js:11:12)]
    [at new LazyResult (turbopack:///[project]/node_modules/postcss/lib/lazy-result.js:171:16)]
    [at Processor.process (turbopack:///[project]/node_modules/postcss/lib/processor.js:53:14)]
    [at transform (turbopack:///[turbopack-node]/transforms/postcss.ts?config=[project]/postcss.config.mjs:70:51)]
    [at run (turbopack:///[turbopack-node]/child_process/evaluate.ts:89:29)]
    [at run (turbopack:///[turbopack-node]/child_process/evaluate.ts:112:11)]

Import trace:
  Server Component:
    ./src/components/categories-page/CategoryPageView/CategoryPageView.module.css
    ./src/components/categories-page/CategoryPageView/CategoryPageView.tsx
    ./src/app/categories/[...slug]/page.tsx @ http://localhost:3000/_next/static/chunks/node_modules_next_dist_1e8vcs8._.js:1052
[  294944ms] [ERROR] ./src/components/categories-page/CategoryPageView/CategoryPageView.module.css
Error: Error evaluating Node.js code
CssSyntaxError: D:\work\kaelis-website-new\src\components\categories-page\CategoryPageView\CategoryPageView.module.css:1:1: Unclosed block
    [at Input.error (turbopack:///[project]/node_modules/postcss/lib/input.js:135:16)]
    [at Parser.unclosedBlock (turbopack:///[project]/node_modules/postcss/lib/parser.js:582:22)]
    [at Parser.endFile (turbopack:///[project]/node_modules/postcss/lib/parser.js:342:35)]
    [at Parser.parse (turbopack:///[project]/node_modules/postcss/lib/parser.js:483:10)]
    [at parser (turbopack:///[project]/node_modules/postcss/lib/parse.js:11:12)]
    [at new LazyResult (turbopack:///[project]/node_modules/postcss/lib/lazy-result.js:171:16)]
    [at Processor.process (turbopack:///[project]/node_modules/postcss/lib/processor.js:53:14)]
    [at transform (turbopack:///[turbopack-node]/transforms/postcss.ts?config=[project]/postcss.config.mjs:70:51)]
    [at run (turbopack:///[turbopack-node]/child_process/evaluate.ts:89:29)]
    [at run (turbopack:///[turbopack-node]/child_process/evaluate.ts:112:11)]

Import trace:
  Server Component:
    ./src/components/categories-page/CategoryPageView/CategoryPageView.module.css
    ./src/components/categories-page/CategoryPageView/CategoryPageView.tsx
    ./src/app/categories/[...slug]/page.tsx @ http://localhost:3000/_next/static/chunks/node_modules_next_dist_1e8vcs8._.js:1052
[  294993ms] [ERROR] ./src/components/categories-page/CategoryPageView/CategoryPageView.module.css
Error: Error evaluating Node.js code
CssSyntaxError: D:\work\kaelis-website-new\src\components\categories-page\CategoryPageView\CategoryPageView.module.css:1:1: Unclosed block
    [at Input.error (turbopack:///[project]/node_modules/postcss/lib/input.js:135:16)]
    [at Parser.unclosedBlock (turbopack:///[project]/node_modules/postcss/lib/parser.js:582:22)]
    [at Parser.endFile (turbopack:///[project]/node_modules/postcss/lib/parser.js:342:35)]
    [at Parser.parse (turbopack:///[project]/node_modules/postcss/lib/parser.js:483:10)]
    [at parser (turbopack:///[project]/node_modules/postcss/lib/parse.js:11:12)]
    [at new LazyResult (turbopack:///[project]/node_modules/postcss/lib/lazy-result.js:171:16)]
    [at Processor.process (turbopack:///[project]/node_modules/postcss/lib/processor.js:53:14)]
    [at transform (turbopack:///[turbopack-node]/transforms/postcss.ts?config=[project]/postcss.config.mjs:70:51)]
    [at run (turbopack:///[turbopack-node]/child_process/evaluate.ts:89:29)]
    [at run (turbopack:///[turbopack-node]/child_process/evaluate.ts:112:11)]

Import trace:
  Server Component:
    ./src/components/categories-page/CategoryPageView/CategoryPageView.module.css
    ./src/components/categories-page/CategoryPageView/CategoryPageView.tsx
    ./src/app/categories/[...slug]/page.tsx @ http://localhost:3000/_next/static/chunks/node_modules_next_dist_1e8vcs8._.js:1052
[  295045ms] [ERROR] ./src/components/categories-page/CategoryPageView/CategoryPageView.module.css
Error: Error evaluating Node.js code
CssSyntaxError: D:\work\kaelis-website-new\src\components\categories-page\CategoryPageView\CategoryPageView.module.css:1:1: Unclosed block
    [at Input.error (turbopack:///[project]/node_modules/postcss/lib/input.js:135:16)]
    [at Parser.unclosedBlock (turbopack:///[project]/node_modules/postcss/lib/parser.js:582:22)]
    [at Parser.endFile (turbopack:///[project]/node_modules/postcss/lib/parser.js:342:35)]
    [at Parser.parse (turbopack:///[project]/node_modules/postcss/lib/parser.js:483:10)]
    [at parser (turbopack:///[project]/node_modules/postcss/lib/parse.js:11:12)]
    [at new LazyResult (turbopack:///[project]/node_modules/postcss/lib/lazy-result.js:171:16)]
    [at Processor.process (turbopack:///[project]/node_modules/postcss/lib/processor.js:53:14)]
    [at transform (turbopack:///[turbopack-node]/transforms/postcss.ts?config=[project]/postcss.config.mjs:70:51)]
    [at run (turbopack:///[turbopack-node]/child_process/evaluate.ts:89:29)]
    [at run (turbopack:///[turbopack-node]/child_process/evaluate.ts:112:11)]

Import trace:
  Server Component:
    ./src/components/categories-page/CategoryPageView/CategoryPageView.module.css
    ./src/components/categories-page/CategoryPageView/CategoryPageView.tsx
    ./src/app/categories/[...slug]/page.tsx @ http://localhost:3000/_next/static/chunks/node_modules_next_dist_1e8vcs8._.js:1052
[  295099ms] [ERROR] ./src/components/categories-page/CategoryPageView/CategoryPageView.module.css
Error: Error evaluating Node.js code
CssSyntaxError: D:\work\kaelis-website-new\src\components\categories-page\CategoryPageView\CategoryPageView.module.css:1:1: Unclosed block
    [at Input.error (turbopack:///[project]/node_modules/postcss/lib/input.js:135:16)]
    [at Parser.unclosedBlock (turbopack:///[project]/node_modules/postcss/lib/parser.js:582:22)]
    [at Parser.endFile (turbopack:///[project]/node_modules/postcss/lib/parser.js:342:35)]
    [at Parser.parse (turbopack:///[project]/node_modules/postcss/lib/parser.js:483:10)]
    [at parser (turbopack:///[project]/node_modules/postcss/lib/parse.js:11:12)]
    [at new LazyResult (turbopack:///[project]/node_modules/postcss/lib/lazy-result.js:171:16)]
    [at Processor.process (turbopack:///[project]/node_modules/postcss/lib/processor.js:53:14)]
    [at transform (turbopack:///[turbopack-node]/transforms/postcss.ts?config=[project]/postcss.config.mjs:70:51)]
    [at run (turbopack:///[turbopack-node]/child_process/evaluate.ts:89:29)]
    [at run (turbopack:///[turbopack-node]/child_process/evaluate.ts:112:11)]

Import trace:
  Server Component:
    ./src/components/categories-page/CategoryPageView/CategoryPageView.module.css
    ./src/components/categories-page/CategoryPageView/CategoryPageView.tsx
    ./src/app/categories/[...slug]/page.tsx @ http://localhost:3000/_next/static/chunks/node_modules_next_dist_1e8vcs8._.js:1052
[  295153ms] [ERROR] ./src/components/categories-page/CategoryPageView/CategoryPageView.module.css
Error: Error evaluating Node.js code
CssSyntaxError: D:\work\kaelis-website-new\src\components\categories-page\CategoryPageView\CategoryPageView.module.css:1:1: Unclosed block
    [at Input.error (turbopack:///[project]/node_modules/postcss/lib/input.js:135:16)]
    [at Parser.unclosedBlock (turbopack:///[project]/node_modules/postcss/lib/parser.js:582:22)]
    [at Parser.endFile (turbopack:///[project]/node_modules/postcss/lib/parser.js:342:35)]
    [at Parser.parse (turbopack:///[project]/node_modules/postcss/lib/parser.js:483:10)]
    [at parser (turbopack:///[project]/node_modules/postcss/lib/parse.js:11:12)]
    [at new LazyResult (turbopack:///[project]/node_modules/postcss/lib/lazy-result.js:171:16)]
    [at Processor.process (turbopack:///[project]/node_modules/postcss/lib/processor.js:53:14)]
    [at transform (turbopack:///[turbopack-node]/transforms/postcss.ts?config=[project]/postcss.config.mjs:70:51)]
    [at run (turbopack:///[turbopack-node]/child_process/evaluate.ts:89:29)]
    [at run (turbopack:///[turbopack-node]/child_process/evaluate.ts:112:11)]

Import trace:
  Server Component:
    ./src/components/categories-page/CategoryPageView/CategoryPageView.module.css
    ./src/components/categories-page/CategoryPageView/CategoryPageView.tsx
    ./src/app/categories/[...slug]/page.tsx @ http://localhost:3000/_next/static/chunks/node_modules_next_dist_1e8vcs8._.js:1052
[  295206ms] [ERROR] ./src/components/categories-page/CategoryPageView/CategoryPageView.module.css
Error: Error evaluating Node.js code
CssSyntaxError: D:\work\kaelis-website-new\src\components\categories-page\CategoryPageView\CategoryPageView.module.css:1:1: Unclosed block
    [at Input.error (turbopack:///[project]/node_modules/postcss/lib/input.js:135:16)]
    [at Parser.unclosedBlock (turbopack:///[project]/node_modules/postcss/lib/parser.js:582:22)]
    [at Parser.endFile (turbopack:///[project]/node_modules/postcss/lib/parser.js:342:35)]
    [at Parser.parse (turbopack:///[project]/node_modules/postcss/lib/parser.js:483:10)]
    [at parser (turbopack:///[project]/node_modules/postcss/lib/parse.js:11:12)]
    [at new LazyResult (turbopack:///[project]/node_modules/postcss/lib/lazy-result.js:171:16)]
    [at Processor.process (turbopack:///[project]/node_modules/postcss/lib/processor.js:53:14)]
    [at transform (turbopack:///[turbopack-node]/transforms/postcss.ts?config=[project]/postcss.config.mjs:70:51)]
    [at run (turbopack:///[turbopack-node]/child_process/evaluate.ts:89:29)]
    [at run (turbopack:///[turbopack-node]/child_process/evaluate.ts:112:11)]

Import trace:
  Server Component:
    ./src/components/categories-page/CategoryPageView/CategoryPageView.module.css
    ./src/components/categories-page/CategoryPageView/CategoryPageView.tsx
    ./src/app/categories/[...slug]/page.tsx @ http://localhost:3000/_next/static/chunks/node_modules_next_dist_1e8vcs8._.js:1052
[  295260ms] [ERROR] ./src/components/categories-page/CategoryPageView/CategoryPageView.module.css
Error: Error evaluating Node.js code
CssSyntaxError: D:\work\kaelis-website-new\src\components\categories-page\CategoryPageView\CategoryPageView.module.css:1:1: Unclosed block
    [at Input.error (turbopack:///[project]/node_modules/postcss/lib/input.js:135:16)]
    [at Parser.unclosedBlock (turbopack:///[project]/node_modules/postcss/lib/parser.js:582:22)]
    [at Parser.endFile (turbopack:///[project]/node_modules/postcss/lib/parser.js:342:35)]
    [at Parser.parse (turbopack:///[project]/node_modules/postcss/lib/parser.js:483:10)]
    [at parser (turbopack:///[project]/node_modules/postcss/lib/parse.js:11:12)]
    [at new LazyResult (turbopack:///[project]/node_modules/postcss/lib/lazy-result.js:171:16)]
    [at Processor.process (turbopack:///[project]/node_modules/postcss/lib/processor.js:53:14)]
    [at transform (turbopack:///[turbopack-node]/transforms/postcss.ts?config=[project]/postcss.config.mjs:70:51)]
    [at run (turbopack:///[turbopack-node]/child_process/evaluate.ts:89:29)]
    [at run (turbopack:///[turbopack-node]/child_process/evaluate.ts:112:11)]

Import trace:
  Server Component:
    ./src/components/categories-page/CategoryPageView/CategoryPageView.module.css
    ./src/components/categories-page/CategoryPageView/CategoryPageView.tsx
    ./src/app/categories/[...slug]/page.tsx @ http://localhost:3000/_next/static/chunks/node_modules_next_dist_1e8vcs8._.js:1052
[  295309ms] [ERROR] ./src/components/categories-page/CategoryPageView/CategoryPageView.module.css
Error: Error evaluating Node.js code
CssSyntaxError: D:\work\kaelis-website-new\src\components\categories-page\CategoryPageView\CategoryPageView.module.css:1:1: Unclosed block
    [at Input.error (turbopack:///[project]/node_modules/postcss/lib/input.js:135:16)]
    [at Parser.unclosedBlock (turbopack:///[project]/node_modules/postcss/lib/parser.js:582:22)]
    [at Parser.endFile (turbopack:///[project]/node_modules/postcss/lib/parser.js:342:35)]
    [at Parser.parse (turbopack:///[project]/node_modules/postcss/lib/parser.js:483:10)]
    [at parser (turbopack:///[project]/node_modules/postcss/lib/parse.js:11:12)]
    [at new LazyResult (turbopack:///[project]/node_modules/postcss/lib/lazy-result.js:171:16)]
    [at Processor.process (turbopack:///[project]/node_modules/postcss/lib/processor.js:53:14)]
    [at transform (turbopack:///[turbopack-node]/transforms/postcss.ts?config=[project]/postcss.config.mjs:70:51)]
    [at run (turbopack:///[turbopack-node]/child_process/evaluate.ts:89:29)]
    [at run (turbopack:///[turbopack-node]/child_process/evaluate.ts:112:11)]

Import trace:
  Server Component:
    ./src/components/categories-page/CategoryPageView/CategoryPageView.module.css
    ./src/components/categories-page/CategoryPageView/CategoryPageView.tsx
    ./src/app/categories/[...slug]/page.tsx @ http://localhost:3000/_next/static/chunks/node_modules_next_dist_1e8vcs8._.js:1052
[  295357ms] [ERROR] ./src/components/categories-page/CategoryPageView/CategoryPageView.module.css
Error: Error evaluating Node.js code
CssSyntaxError: D:\work\kaelis-website-new\src\components\categories-page\CategoryPageView\CategoryPageView.module.css:1:1: Unclosed block
    [at Input.error (turbopack:///[project]/node_modules/postcss/lib/input.js:135:16)]
    [at Parser.unclosedBlock (turbopack:///[project]/node_modules/postcss/lib/parser.js:582:22)]
    [at Parser.endFile (turbopack:///[project]/node_modules/postcss/lib/parser.js:342:35)]
    [at Parser.parse (turbopack:///[project]/node_modules/postcss/lib/parser.js:483:10)]
    [at parser (turbopack:///[project]/node_modules/postcss/lib/parse.js:11:12)]
    [at new LazyResult (turbopack:///[project]/node_modules/postcss/lib/lazy-result.js:171:16)]
    [at Processor.process (turbopack:///[project]/node_modules/postcss/lib/processor.js:53:14)]
    [at transform (turbopack:///[turbopack-node]/transforms/postcss.ts?config=[project]/postcss.config.mjs:70:51)]
    [at run (turbopack:///[turbopack-node]/child_process/evaluate.ts:89:29)]
    [at run (turbopack:///[turbopack-node]/child_process/evaluate.ts:112:11)]

Import trace:
  Server Component:
    ./src/components/categories-page/CategoryPageView/CategoryPageView.module.css
    ./src/components/categories-page/CategoryPageView/CategoryPageView.tsx
    ./src/app/categories/[...slug]/page.tsx @ http://localhost:3000/_next/static/chunks/node_modules_next_dist_1e8vcs8._.js:1052
[  295412ms] [ERROR] ./src/components/categories-page/CategoryPageView/CategoryPageView.module.css
Error: Error evaluating Node.js code
CssSyntaxError: D:\work\kaelis-website-new\src\components\categories-page\CategoryPageView\CategoryPageView.module.css:1:1: Unclosed block
    [at Input.error (turbopack:///[project]/node_modules/postcss/lib/input.js:135:16)]
    [at Parser.unclosedBlock (turbopack:///[project]/node_modules/postcss/lib/parser.js:582:22)]
    [at Parser.endFile (turbopack:///[project]/node_modules/postcss/lib/parser.js:342:35)]
    [at Parser.parse (turbopack:///[project]/node_modules/postcss/lib/parser.js:483:10)]
    [at parser (turbopack:///[project]/node_modules/postcss/lib/parse.js:11:12)]
    [at new LazyResult (turbopack:///[project]/node_modules/postcss/lib/lazy-result.js:171:16)]
    [at Processor.process (turbopack:///[project]/node_modules/postcss/lib/processor.js:53:14)]
    [at transform (turbopack:///[turbopack-node]/transforms/postcss.ts?config=[project]/postcss.config.mjs:70:51)]
    [at run (turbopack:///[turbopack-node]/child_process/evaluate.ts:89:29)]
    [at run (turbopack:///[turbopack-node]/child_process/evaluate.ts:112:11)]

Import trace:
  Server Component:
    ./src/components/categories-page/CategoryPageView/CategoryPageView.module.css
    ./src/components/categories-page/CategoryPageView/CategoryPageView.tsx
    ./src/app/categories/[...slug]/page.tsx @ http://localhost:3000/_next/static/chunks/node_modules_next_dist_1e8vcs8._.js:1052
[  295467ms] [ERROR] ./src/components/categories-page/CategoryPageView/CategoryPageView.module.css
Error: Error evaluating Node.js code
CssSyntaxError: D:\work\kaelis-website-new\src\components\categories-page\CategoryPageView\CategoryPageView.module.css:1:1: Unclosed block
    [at Input.error (turbopack:///[project]/node_modules/postcss/lib/input.js:135:16)]
    [at Parser.unclosedBlock (turbopack:///[project]/node_modules/postcss/lib/parser.js:582:22)]
    [at Parser.endFile (turbopack:///[project]/node_modules/postcss/lib/parser.js:342:35)]
    [at Parser.parse (turbopack:///[project]/node_modules/postcss/lib/parser.js:483:10)]
    [at parser (turbopack:///[project]/node_modules/postcss/lib/parse.js:11:12)]
    [at new LazyResult (turbopack:///[project]/node_modules/postcss/lib/lazy-result.js:171:16)]
    [at Processor.process (turbopack:///[project]/node_modules/postcss/lib/processor.js:53:14)]
    [at transform (turbopack:///[turbopack-node]/transforms/postcss.ts?config=[project]/postcss.config.mjs:70:51)]
    [at run (turbopack:///[turbopack-node]/child_process/evaluate.ts:89:29)]
    [at run (turbopack:///[turbopack-node]/child_process/evaluate.ts:112:11)]

Import trace:
  Server Component:
    ./src/components/categories-page/CategoryPageView/CategoryPageView.module.css
    ./src/components/categories-page/CategoryPageView/CategoryPageView.tsx
    ./src/app/categories/[...slug]/page.tsx @ http://localhost:3000/_next/static/chunks/node_modules_next_dist_1e8vcs8._.js:1052
[  295512ms] [ERROR] ./src/components/categories-page/CategoryPageView/CategoryPageView.module.css
Error: Error evaluating Node.js code
CssSyntaxError: D:\work\kaelis-website-new\src\components\categories-page\CategoryPageView\CategoryPageView.module.css:1:1: Unclosed block
    [at Input.error (turbopack:///[project]/node_modules/postcss/lib/input.js:135:16)]
    [at Parser.unclosedBlock (turbopack:///[project]/node_modules/postcss/lib/parser.js:582:22)]
    [at Parser.endFile (turbopack:///[project]/node_modules/postcss/lib/parser.js:342:35)]
    [at Parser.parse (turbopack:///[project]/node_modules/postcss/lib/parser.js:483:10)]
    [at parser (turbopack:///[project]/node_modules/postcss/lib/parse.js:11:12)]
    [at new LazyResult (turbopack:///[project]/node_modules/postcss/lib/lazy-result.js:171:16)]
    [at Processor.process (turbopack:///[project]/node_modules/postcss/lib/processor.js:53:14)]
    [at transform (turbopack:///[turbopack-node]/transforms/postcss.ts?config=[project]/postcss.config.mjs:70:51)]
    [at run (turbopack:///[turbopack-node]/child_process/evaluate.ts:89:29)]
    [at run (turbopack:///[turbopack-node]/child_process/evaluate.ts:112:11)]

Import trace:
  Server Component:
    ./src/components/categories-page/CategoryPageView/CategoryPageView.module.css
    ./src/components/categories-page/CategoryPageView/CategoryPageView.tsx
    ./src/app/categories/[...slug]/page.tsx @ http://localhost:3000/_next/static/chunks/node_modules_next_dist_1e8vcs8._.js:1052
[  295558ms] [ERROR] ./src/components/categories-page/CategoryPageView/CategoryPageView.module.css
Error: Error evaluating Node.js code
CssSyntaxError: D:\work\kaelis-website-new\src\components\categories-page\CategoryPageView\CategoryPageView.module.css:1:1: Unclosed block
    [at Input.error (turbopack:///[project]/node_modules/postcss/lib/input.js:135:16)]
    [at Parser.unclosedBlock (turbopack:///[project]/node_modules/postcss/lib/parser.js:582:22)]
    [at Parser.endFile (turbopack:///[project]/node_modules/postcss/lib/parser.js:342:35)]
    [at Parser.parse (turbopack:///[project]/node_modules/postcss/lib/parser.js:483:10)]
    [at parser (turbopack:///[project]/node_modules/postcss/lib/parse.js:11:12)]
    [at new LazyResult (turbopack:///[project]/node_modules/postcss/lib/lazy-result.js:171:16)]
    [at Processor.process (turbopack:///[project]/node_modules/postcss/lib/processor.js:53:14)]
    [at transform (turbopack:///[turbopack-node]/transforms/postcss.ts?config=[project]/postcss.config.mjs:70:51)]
    [at run (turbopack:///[turbopack-node]/child_process/evaluate.ts:89:29)]
    [at run (turbopack:///[turbopack-node]/child_process/evaluate.ts:112:11)]

Import trace:
  Server Component:
    ./src/components/categories-page/CategoryPageView/CategoryPageView.module.css
    ./src/components/categories-page/CategoryPageView/CategoryPageView.tsx
    ./src/app/categories/[...slug]/page.tsx @ http://localhost:3000/_next/static/chunks/node_modules_next_dist_1e8vcs8._.js:1052
[  295606ms] [ERROR] ./src/components/categories-page/CategoryPageView/CategoryPageView.module.css
Error: Error evaluating Node.js code
CssSyntaxError: D:\work\kaelis-website-new\src\components\categories-page\CategoryPageView\CategoryPageView.module.css:1:1: Unclosed block
    [at Input.error (turbopack:///[project]/node_modules/postcss/lib/input.js:135:16)]
    [at Parser.unclosedBlock (turbopack:///[project]/node_modules/postcss/lib/parser.js:582:22)]
    [at Parser.endFile (turbopack:///[project]/node_modules/postcss/lib/parser.js:342:35)]
    [at Parser.parse (turbopack:///[project]/node_modules/postcss/lib/parser.js:483:10)]
    [at parser (turbopack:///[project]/node_modules/postcss/lib/parse.js:11:12)]
    [at new LazyResult (turbopack:///[project]/node_modules/postcss/lib/lazy-result.js:171:16)]
    [at Processor.process (turbopack:///[project]/node_modules/postcss/lib/processor.js:53:14)]
    [at transform (turbopack:///[turbopack-node]/transforms/postcss.ts?config=[project]/postcss.config.mjs:70:51)]
    [at run (turbopack:///[turbopack-node]/child_process/evaluate.ts:89:29)]
    [at run (turbopack:///[turbopack-node]/child_process/evaluate.ts:112:11)]

Import trace:
  Server Component:
    ./src/components/categories-page/CategoryPageView/CategoryPageView.module.css
    ./src/components/categories-page/CategoryPageView/CategoryPageView.tsx
    ./src/app/categories/[...slug]/page.tsx @ http://localhost:3000/_next/static/chunks/node_modules_next_dist_1e8vcs8._.js:1052
[  295655ms] [ERROR] ./src/components/categories-page/CategoryPageView/CategoryPageView.module.css
Error: Error evaluating Node.js code
CssSyntaxError: D:\work\kaelis-website-new\src\components\categories-page\CategoryPageView\CategoryPageView.module.css:1:1: Unclosed block
    [at Input.error (turbopack:///[project]/node_modules/postcss/lib/input.js:135:16)]
    [at Parser.unclosedBlock (turbopack:///[project]/node_modules/postcss/lib/parser.js:582:22)]
    [at Parser.endFile (turbopack:///[project]/node_modules/postcss/lib/parser.js:342:35)]
    [at Parser.parse (turbopack:///[project]/node_modules/postcss/lib/parser.js:483:10)]
    [at parser (turbopack:///[project]/node_modules/postcss/lib/parse.js:11:12)]
    [at new LazyResult (turbopack:///[project]/node_modules/postcss/lib/lazy-result.js:171:16)]
    [at Processor.process (turbopack:///[project]/node_modules/postcss/lib/processor.js:53:14)]
    [at transform (turbopack:///[turbopack-node]/transforms/postcss.ts?config=[project]/postcss.config.mjs:70:51)]
    [at run (turbopack:///[turbopack-node]/child_process/evaluate.ts:89:29)]
    [at run (turbopack:///[turbopack-node]/child_process/evaluate.ts:112:11)]

Import trace:
  Server Component:
    ./src/components/categories-page/CategoryPageView/CategoryPageView.module.css
    ./src/components/categories-page/CategoryPageView/CategoryPageView.tsx
    ./src/app/categories/[...slug]/page.tsx @ http://localhost:3000/_next/static/chunks/node_modules_next_dist_1e8vcs8._.js:1052
[  295705ms] [ERROR] ./src/components/categories-page/CategoryPageView/CategoryPageView.module.css
Error: Error evaluating Node.js code
CssSyntaxError: D:\work\kaelis-website-new\src\components\categories-page\CategoryPageView\CategoryPageView.module.css:1:1: Unclosed block
    [at Input.error (turbopack:///[project]/node_modules/postcss/lib/input.js:135:16)]
    [at Parser.unclosedBlock (turbopack:///[project]/node_modules/postcss/lib/parser.js:582:22)]
    [at Parser.endFile (turbopack:///[project]/node_modules/postcss/lib/parser.js:342:35)]
    [at Parser.parse (turbopack:///[project]/node_modules/postcss/lib/parser.js:483:10)]
    [at parser (turbopack:///[project]/node_modules/postcss/lib/parse.js:11:12)]
    [at new LazyResult (turbopack:///[project]/node_modules/postcss/lib/lazy-result.js:171:16)]
    [at Processor.process (turbopack:///[project]/node_modules/postcss/lib/processor.js:53:14)]
    [at transform (turbopack:///[turbopack-node]/transforms/postcss.ts?config=[project]/postcss.config.mjs:70:51)]
    [at run (turbopack:///[turbopack-node]/child_process/evaluate.ts:89:29)]
    [at run (turbopack:///[turbopack-node]/child_process/evaluate.ts:112:11)]

Import trace:
  Server Component:
    ./src/components/categories-page/CategoryPageView/CategoryPageView.module.css
    ./src/components/categories-page/CategoryPageView/CategoryPageView.tsx
    ./src/app/categories/[...slug]/page.tsx @ http://localhost:3000/_next/static/chunks/node_modules_next_dist_1e8vcs8._.js:1052
[  295749ms] [ERROR] ./src/components/categories-page/CategoryPageView/CategoryPageView.module.css
Error: Error evaluating Node.js code
CssSyntaxError: D:\work\kaelis-website-new\src\components\categories-page\CategoryPageView\CategoryPageView.module.css:1:1: Unclosed block
    [at Input.error (turbopack:///[project]/node_modules/postcss/lib/input.js:135:16)]
    [at Parser.unclosedBlock (turbopack:///[project]/node_modules/postcss/lib/parser.js:582:22)]
    [at Parser.endFile (turbopack:///[project]/node_modules/postcss/lib/parser.js:342:35)]
    [at Parser.parse (turbopack:///[project]/node_modules/postcss/lib/parser.js:483:10)]
    [at parser (turbopack:///[project]/node_modules/postcss/lib/parse.js:11:12)]
    [at new LazyResult (turbopack:///[project]/node_modules/postcss/lib/lazy-result.js:171:16)]
    [at Processor.process (turbopack:///[project]/node_modules/postcss/lib/processor.js:53:14)]
    [at transform (turbopack:///[turbopack-node]/transforms/postcss.ts?config=[project]/postcss.config.mjs:70:51)]
    [at run (turbopack:///[turbopack-node]/child_process/evaluate.ts:89:29)]
    [at run (turbopack:///[turbopack-node]/child_process/evaluate.ts:112:11)]

Import trace:
  Server Component:
    ./src/components/categories-page/CategoryPageView/CategoryPageView.module.css
    ./src/components/categories-page/CategoryPageView/CategoryPageView.tsx
    ./src/app/categories/[...slug]/page.tsx @ http://localhost:3000/_next/static/chunks/node_modules_next_dist_1e8vcs8._.js:1052
[  295791ms] [ERROR] ./src/components/categories-page/CategoryPageView/CategoryPageView.module.css
Error: Error evaluating Node.js code
CssSyntaxError: D:\work\kaelis-website-new\src\components\categories-page\CategoryPageView\CategoryPageView.module.css:1:1: Unclosed block
    [at Input.error (turbopack:///[project]/node_modules/postcss/lib/input.js:135:16)]
    [at Parser.unclosedBlock (turbopack:///[project]/node_modules/postcss/lib/parser.js:582:22)]
    [at Parser.endFile (turbopack:///[project]/node_modules/postcss/lib/parser.js:342:35)]
    [at Parser.parse (turbopack:///[project]/node_modules/postcss/lib/parser.js:483:10)]
    [at parser (turbopack:///[project]/node_modules/postcss/lib/parse.js:11:12)]
    [at new LazyResult (turbopack:///[project]/node_modules/postcss/lib/lazy-result.js:171:16)]
    [at Processor.process (turbopack:///[project]/node_modules/postcss/lib/processor.js:53:14)]
    [at transform (turbopack:///[turbopack-node]/transforms/postcss.ts?config=[project]/postcss.config.mjs:70:51)]
    [at run (turbopack:///[turbopack-node]/child_process/evaluate.ts:89:29)]
    [at run (turbopack:///[turbopack-node]/child_process/evaluate.ts:112:11)]

Import trace:
  Server Component:
    ./src/components/categories-page/CategoryPageView/CategoryPageView.module.css
    ./src/components/categories-page/CategoryPageView/CategoryPageView.tsx
    ./src/app/categories/[...slug]/page.tsx @ http://localhost:3000/_next/static/chunks/node_modules_next_dist_1e8vcs8._.js:1052
[  295833ms] [ERROR] ./src/components/categories-page/CategoryPageView/CategoryPageView.module.css
Error: Error evaluating Node.js code
CssSyntaxError: D:\work\kaelis-website-new\src\components\categories-page\CategoryPageView\CategoryPageView.module.css:1:1: Unclosed block
    [at Input.error (turbopack:///[project]/node_modules/postcss/lib/input.js:135:16)]
    [at Parser.unclosedBlock (turbopack:///[project]/node_modules/postcss/lib/parser.js:582:22)]
    [at Parser.endFile (turbopack:///[project]/node_modules/postcss/lib/parser.js:342:35)]
    [at Parser.parse (turbopack:///[project]/node_modules/postcss/lib/parser.js:483:10)]
    [at parser (turbopack:///[project]/node_modules/postcss/lib/parse.js:11:12)]
    [at new LazyResult (turbopack:///[project]/node_modules/postcss/lib/lazy-result.js:171:16)]
    [at Processor.process (turbopack:///[project]/node_modules/postcss/lib/processor.js:53:14)]
    [at transform (turbopack:///[turbopack-node]/transforms/postcss.ts?config=[project]/postcss.config.mjs:70:51)]
    [at run (turbopack:///[turbopack-node]/child_process/evaluate.ts:89:29)]
    [at run (turbopack:///[turbopack-node]/child_process/evaluate.ts:112:11)]

Import trace:
  Server Component:
    ./src/components/categories-page/CategoryPageView/CategoryPageView.module.css
    ./src/components/categories-page/CategoryPageView/CategoryPageView.tsx
    ./src/app/categories/[...slug]/page.tsx @ http://localhost:3000/_next/static/chunks/node_modules_next_dist_1e8vcs8._.js:1052
[  295888ms] [ERROR] ./src/components/categories-page/CategoryPageView/CategoryPageView.module.css
Error: Error evaluating Node.js code
CssSyntaxError: D:\work\kaelis-website-new\src\components\categories-page\CategoryPageView\CategoryPageView.module.css:1:1: Unclosed block
    [at Input.error (turbopack:///[project]/node_modules/postcss/lib/input.js:135:16)]
    [at Parser.unclosedBlock (turbopack:///[project]/node_modules/postcss/lib/parser.js:582:22)]
    [at Parser.endFile (turbopack:///[project]/node_modules/postcss/lib/parser.js:342:35)]
    [at Parser.parse (turbopack:///[project]/node_modules/postcss/lib/parser.js:483:10)]
    [at parser (turbopack:///[project]/node_modules/postcss/lib/parse.js:11:12)]
    [at new LazyResult (turbopack:///[project]/node_modules/postcss/lib/lazy-result.js:171:16)]
    [at Processor.process (turbopack:///[project]/node_modules/postcss/lib/processor.js:53:14)]
    [at transform (turbopack:///[turbopack-node]/transforms/postcss.ts?config=[project]/postcss.config.mjs:70:51)]
    [at run (turbopack:///[turbopack-node]/child_process/evaluate.ts:89:29)]
    [at run (turbopack:///[turbopack-node]/child_process/evaluate.ts:112:11)]

Import trace:
  Server Component:
    ./src/components/categories-page/CategoryPageView/CategoryPageView.module.css
    ./src/components/categories-page/CategoryPageView/CategoryPageView.tsx
    ./src/app/categories/[...slug]/page.tsx @ http://localhost:3000/_next/static/chunks/node_modules_next_dist_1e8vcs8._.js:1052
[  295937ms] [ERROR] ./src/components/categories-page/CategoryPageView/CategoryPageView.module.css
Error: Error evaluating Node.js code
CssSyntaxError: D:\work\kaelis-website-new\src\components\categories-page\CategoryPageView\CategoryPageView.module.css:1:1: Unclosed block
    [at Input.error (turbopack:///[project]/node_modules/postcss/lib/input.js:135:16)]
    [at Parser.unclosedBlock (turbopack:///[project]/node_modules/postcss/lib/parser.js:582:22)]
    [at Parser.endFile (turbopack:///[project]/node_modules/postcss/lib/parser.js:342:35)]
    [at Parser.parse (turbopack:///[project]/node_modules/postcss/lib/parser.js:483:10)]
    [at parser (turbopack:///[project]/node_modules/postcss/lib/parse.js:11:12)]
    [at new LazyResult (turbopack:///[project]/node_modules/postcss/lib/lazy-result.js:171:16)]
    [at Processor.process (turbopack:///[project]/node_modules/postcss/lib/processor.js:53:14)]
    [at transform (turbopack:///[turbopack-node]/transforms/postcss.ts?config=[project]/postcss.config.mjs:70:51)]
    [at run (turbopack:///[turbopack-node]/child_process/evaluate.ts:89:29)]
    [at run (turbopack:///[turbopack-node]/child_process/evaluate.ts:112:11)]

Import trace:
  Server Component:
    ./src/components/categories-page/CategoryPageView/CategoryPageView.module.css
    ./src/components/categories-page/CategoryPageView/CategoryPageView.tsx
    ./src/app/categories/[...slug]/page.tsx @ http://localhost:3000/_next/static/chunks/node_modules_next_dist_1e8vcs8._.js:1052
[  295993ms] [ERROR] ./src/components/categories-page/CategoryPageView/CategoryPageView.module.css
Error: Error evaluating Node.js code
CssSyntaxError: D:\work\kaelis-website-new\src\components\categories-page\CategoryPageView\CategoryPageView.module.css:1:1: Unclosed block
    [at Input.error (turbopack:///[project]/node_modules/postcss/lib/input.js:135:16)]
    [at Parser.unclosedBlock (turbopack:///[project]/node_modules/postcss/lib/parser.js:582:22)]
    [at Parser.endFile (turbopack:///[project]/node_modules/postcss/lib/parser.js:342:35)]
    [at Parser.parse (turbopack:///[project]/node_modules/postcss/lib/parser.js:483:10)]
    [at parser (turbopack:///[project]/node_modules/postcss/lib/parse.js:11:12)]
    [at new LazyResult (turbopack:///[project]/node_modules/postcss/lib/lazy-result.js:171:16)]
    [at Processor.process (turbopack:///[project]/node_modules/postcss/lib/processor.js:53:14)]
    [at transform (turbopack:///[turbopack-node]/transforms/postcss.ts?config=[project]/postcss.config.mjs:70:51)]
    [at run (turbopack:///[turbopack-node]/child_process/evaluate.ts:89:29)]
    [at run (turbopack:///[turbopack-node]/child_process/evaluate.ts:112:11)]

Import trace:
  Server Component:
    ./src/components/categories-page/CategoryPageView/CategoryPageView.module.css
    ./src/components/categories-page/CategoryPageView/CategoryPageView.tsx
    ./src/app/categories/[...slug]/page.tsx @ http://localhost:3000/_next/static/chunks/node_modules_next_dist_1e8vcs8._.js:1052
[  296034ms] [ERROR] ./src/components/categories-page/CategoryPageView/CategoryPageView.module.css
Error: Error evaluating Node.js code
CssSyntaxError: D:\work\kaelis-website-new\src\components\categories-page\CategoryPageView\CategoryPageView.module.css:1:1: Unclosed block
    [at Input.error (turbopack:///[project]/node_modules/postcss/lib/input.js:135:16)]
    [at Parser.unclosedBlock (turbopack:///[project]/node_modules/postcss/lib/parser.js:582:22)]
    [at Parser.endFile (turbopack:///[project]/node_modules/postcss/lib/parser.js:342:35)]
    [at Parser.parse (turbopack:///[project]/node_modules/postcss/lib/parser.js:483:10)]
    [at parser (turbopack:///[project]/node_modules/postcss/lib/parse.js:11:12)]
    [at new LazyResult (turbopack:///[project]/node_modules/postcss/lib/lazy-result.js:171:16)]
    [at Processor.process (turbopack:///[project]/node_modules/postcss/lib/processor.js:53:14)]
    [at transform (turbopack:///[turbopack-node]/transforms/postcss.ts?config=[project]/postcss.config.mjs:70:51)]
    [at run (turbopack:///[turbopack-node]/child_process/evaluate.ts:89:29)]
    [at run (turbopack:///[turbopack-node]/child_process/evaluate.ts:112:11)]

Import trace:
  Server Component:
    ./src/components/categories-page/CategoryPageView/CategoryPageView.module.css
    ./src/components/categories-page/CategoryPageView/CategoryPageView.tsx
    ./src/app/categories/[...slug]/page.tsx @ http://localhost:3000/_next/static/chunks/node_modules_next_dist_1e8vcs8._.js:1052
[  296108ms] [ERROR] ./src/components/categories-page/CategoryPageView/CategoryPageView.module.css
Error: Error evaluating Node.js code
CssSyntaxError: D:\work\kaelis-website-new\src\components\categories-page\CategoryPageView\CategoryPageView.module.css:1:1: Unclosed block
    [at Input.error (turbopack:///[project]/node_modules/postcss/lib/input.js:135:16)]
    [at Parser.unclosedBlock (turbopack:///[project]/node_modules/postcss/lib/parser.js:582:22)]
    [at Parser.endFile (turbopack:///[project]/node_modules/postcss/lib/parser.js:342:35)]
    [at Parser.parse (turbopack:///[project]/node_modules/postcss/lib/parser.js:483:10)]
    [at parser (turbopack:///[project]/node_modules/postcss/lib/parse.js:11:12)]
    [at new LazyResult (turbopack:///[project]/node_modules/postcss/lib/lazy-result.js:171:16)]
    [at Processor.process (turbopack:///[project]/node_modules/postcss/lib/processor.js:53:14)]
    [at transform (turbopack:///[turbopack-node]/transforms/postcss.ts?config=[project]/postcss.config.mjs:70:51)]
    [at run (turbopack:///[turbopack-node]/child_process/evaluate.ts:89:29)]
    [at run (turbopack:///[turbopack-node]/child_process/evaluate.ts:112:11)]

Import trace:
  Server Component:
    ./src/components/categories-page/CategoryPageView/CategoryPageView.module.css
    ./src/components/categories-page/CategoryPageView/CategoryPageView.tsx
    ./src/app/categories/[...slug]/page.tsx @ http://localhost:3000/_next/static/chunks/node_modules_next_dist_1e8vcs8._.js:1052
[  296152ms] [ERROR] ./src/components/categories-page/CategoryPageView/CategoryPageView.module.css
Error: Error evaluating Node.js code
CssSyntaxError: D:\work\kaelis-website-new\src\components\categories-page\CategoryPageView\CategoryPageView.module.css:1:1: Unclosed block
    [at Input.error (turbopack:///[project]/node_modules/postcss/lib/input.js:135:16)]
    [at Parser.unclosedBlock (turbopack:///[project]/node_modules/postcss/lib/parser.js:582:22)]
    [at Parser.endFile (turbopack:///[project]/node_modules/postcss/lib/parser.js:342:35)]
    [at Parser.parse (turbopack:///[project]/node_modules/postcss/lib/parser.js:483:10)]
    [at parser (turbopack:///[project]/node_modules/postcss/lib/parse.js:11:12)]
    [at new LazyResult (turbopack:///[project]/node_modules/postcss/lib/lazy-result.js:171:16)]
    [at Processor.process (turbopack:///[project]/node_modules/postcss/lib/processor.js:53:14)]
    [at transform (turbopack:///[turbopack-node]/transforms/postcss.ts?config=[project]/postcss.config.mjs:70:51)]
    [at run (turbopack:///[turbopack-node]/child_process/evaluate.ts:89:29)]
    [at run (turbopack:///[turbopack-node]/child_process/evaluate.ts:112:11)]

Import trace:
  Server Component:
    ./src/components/categories-page/CategoryPageView/CategoryPageView.module.css
    ./src/components/categories-page/CategoryPageView/CategoryPageView.tsx
    ./src/app/categories/[...slug]/page.tsx @ http://localhost:3000/_next/static/chunks/node_modules_next_dist_1e8vcs8._.js:1052
[  296194ms] [ERROR] ./src/components/categories-page/CategoryPageView/CategoryPageView.module.css
Error: Error evaluating Node.js code
CssSyntaxError: D:\work\kaelis-website-new\src\components\categories-page\CategoryPageView\CategoryPageView.module.css:1:1: Unclosed block
    [at Input.error (turbopack:///[project]/node_modules/postcss/lib/input.js:135:16)]
    [at Parser.unclosedBlock (turbopack:///[project]/node_modules/postcss/lib/parser.js:582:22)]
    [at Parser.endFile (turbopack:///[project]/node_modules/postcss/lib/parser.js:342:35)]
    [at Parser.parse (turbopack:///[project]/node_modules/postcss/lib/parser.js:483:10)]
    [at parser (turbopack:///[project]/node_modules/postcss/lib/parse.js:11:12)]
    [at new LazyResult (turbopack:///[project]/node_modules/postcss/lib/lazy-result.js:171:16)]
    [at Processor.process (turbopack:///[project]/node_modules/postcss/lib/processor.js:53:14)]
    [at transform (turbopack:///[turbopack-node]/transforms/postcss.ts?config=[project]/postcss.config.mjs:70:51)]
    [at run (turbopack:///[turbopack-node]/child_process/evaluate.ts:89:29)]
    [at run (turbopack:///[turbopack-node]/child_process/evaluate.ts:112:11)]

Import trace:
  Server Component:
    ./src/components/categories-page/CategoryPageView/CategoryPageView.module.css
    ./src/components/categories-page/CategoryPageView/CategoryPageView.tsx
    ./src/app/categories/[...slug]/page.tsx @ http://localhost:3000/_next/static/chunks/node_modules_next_dist_1e8vcs8._.js:1052
[  296235ms] [ERROR] ./src/components/categories-page/CategoryPageView/CategoryPageView.module.css
Error: Error evaluating Node.js code
CssSyntaxError: D:\work\kaelis-website-new\src\components\categories-page\CategoryPageView\CategoryPageView.module.css:1:1: Unclosed block
    [at Input.error (turbopack:///[project]/node_modules/postcss/lib/input.js:135:16)]
    [at Parser.unclosedBlock (turbopack:///[project]/node_modules/postcss/lib/parser.js:582:22)]
    [at Parser.endFile (turbopack:///[project]/node_modules/postcss/lib/parser.js:342:35)]
    [at Parser.parse (turbopack:///[project]/node_modules/postcss/lib/parser.js:483:10)]
    [at parser (turbopack:///[project]/node_modules/postcss/lib/parse.js:11:12)]
    [at new LazyResult (turbopack:///[project]/node_modules/postcss/lib/lazy-result.js:171:16)]
    [at Processor.process (turbopack:///[project]/node_modules/postcss/lib/processor.js:53:14)]
    [at transform (turbopack:///[turbopack-node]/transforms/postcss.ts?config=[project]/postcss.config.mjs:70:51)]
    [at run (turbopack:///[turbopack-node]/child_process/evaluate.ts:89:29)]
    [at run (turbopack:///[turbopack-node]/child_process/evaluate.ts:112:11)]

Import trace:
  Server Component:
    ./src/components/categories-page/CategoryPageView/CategoryPageView.module.css
    ./src/components/categories-page/CategoryPageView/CategoryPageView.tsx
    ./src/app/categories/[...slug]/page.tsx @ http://localhost:3000/_next/static/chunks/node_modules_next_dist_1e8vcs8._.js:1052
[  296286ms] [ERROR] ./src/components/categories-page/CategoryPageView/CategoryPageView.module.css
Error: Error evaluating Node.js code
CssSyntaxError: D:\work\kaelis-website-new\src\components\categories-page\CategoryPageView\CategoryPageView.module.css:1:1: Unclosed block
    [at Input.error (turbopack:///[project]/node_modules/postcss/lib/input.js:135:16)]
    [at Parser.unclosedBlock (turbopack:///[project]/node_modules/postcss/lib/parser.js:582:22)]
    [at Parser.endFile (turbopack:///[project]/node_modules/postcss/lib/parser.js:342:35)]
    [at Parser.parse (turbopack:///[project]/node_modules/postcss/lib/parser.js:483:10)]
    [at parser (turbopack:///[project]/node_modules/postcss/lib/parse.js:11:12)]
    [at new LazyResult (turbopack:///[project]/node_modules/postcss/lib/lazy-result.js:171:16)]
    [at Processor.process (turbopack:///[project]/node_modules/postcss/lib/processor.js:53:14)]
    [at transform (turbopack:///[turbopack-node]/transforms/postcss.ts?config=[project]/postcss.config.mjs:70:51)]
    [at run (turbopack:///[turbopack-node]/child_process/evaluate.ts:89:29)]
    [at run (turbopack:///[turbopack-node]/child_process/evaluate.ts:112:11)]

Import trace:
  Server Component:
    ./src/components/categories-page/CategoryPageView/CategoryPageView.module.css
    ./src/components/categories-page/CategoryPageView/CategoryPageView.tsx
    ./src/app/categories/[...slug]/page.tsx @ http://localhost:3000/_next/static/chunks/node_modules_next_dist_1e8vcs8._.js:1052
[  296342ms] [ERROR] ./src/components/categories-page/CategoryPageView/CategoryPageView.module.css
Error: Error evaluating Node.js code
CssSyntaxError: D:\work\kaelis-website-new\src\components\categories-page\CategoryPageView\CategoryPageView.module.css:1:1: Unclosed block
    [at Input.error (turbopack:///[project]/node_modules/postcss/lib/input.js:135:16)]
    [at Parser.unclosedBlock (turbopack:///[project]/node_modules/postcss/lib/parser.js:582:22)]
    [at Parser.endFile (turbopack:///[project]/node_modules/postcss/lib/parser.js:342:35)]
    [at Parser.parse (turbopack:///[project]/node_modules/postcss/lib/parser.js:483:10)]
    [at parser (turbopack:///[project]/node_modules/postcss/lib/parse.js:11:12)]
    [at new LazyResult (turbopack:///[project]/node_modules/postcss/lib/lazy-result.js:171:16)]
    [at Processor.process (turbopack:///[project]/node_modules/postcss/lib/processor.js:53:14)]
    [at transform (turbopack:///[turbopack-node]/transforms/postcss.ts?config=[project]/postcss.config.mjs:70:51)]
    [at run (turbopack:///[turbopack-node]/child_process/evaluate.ts:89:29)]
    [at run (turbopack:///[turbopack-node]/child_process/evaluate.ts:112:11)]

Import trace:
  Server Component:
    ./src/components/categories-page/CategoryPageView/CategoryPageView.module.css
    ./src/components/categories-page/CategoryPageView/CategoryPageView.tsx
    ./src/app/categories/[...slug]/page.tsx @ http://localhost:3000/_next/static/chunks/node_modules_next_dist_1e8vcs8._.js:1052
[  296388ms] [ERROR] ./src/components/categories-page/CategoryPageView/CategoryPageView.module.css
Error: Error evaluating Node.js code
CssSyntaxError: D:\work\kaelis-website-new\src\components\categories-page\CategoryPageView\CategoryPageView.module.css:1:1: Unclosed block
    [at Input.error (turbopack:///[project]/node_modules/postcss/lib/input.js:135:16)]
    [at Parser.unclosedBlock (turbopack:///[project]/node_modules/postcss/lib/parser.js:582:22)]
    [at Parser.endFile (turbopack:///[project]/node_modules/postcss/lib/parser.js:342:35)]
    [at Parser.parse (turbopack:///[project]/node_modules/postcss/lib/parser.js:483:10)]
    [at parser (turbopack:///[project]/node_modules/postcss/lib/parse.js:11:12)]
    [at new LazyResult (turbopack:///[project]/node_modules/postcss/lib/lazy-result.js:171:16)]
    [at Processor.process (turbopack:///[project]/node_modules/postcss/lib/processor.js:53:14)]
    [at transform (turbopack:///[turbopack-node]/transforms/postcss.ts?config=[project]/postcss.config.mjs:70:51)]
    [at run (turbopack:///[turbopack-node]/child_process/evaluate.ts:89:29)]
    [at run (turbopack:///[turbopack-node]/child_process/evaluate.ts:112:11)]

Import trace:
  Server Component:
    ./src/components/categories-page/CategoryPageView/CategoryPageView.module.css
    ./src/components/categories-page/CategoryPageView/CategoryPageView.tsx
    ./src/app/categories/[...slug]/page.tsx @ http://localhost:3000/_next/static/chunks/node_modules_next_dist_1e8vcs8._.js:1052
[  296437ms] [ERROR] ./src/components/categories-page/CategoryPageView/CategoryPageView.module.css
Error: Error evaluating Node.js code
CssSyntaxError: D:\work\kaelis-website-new\src\components\categories-page\CategoryPageView\CategoryPageView.module.css:1:1: Unclosed block
    [at Input.error (turbopack:///[project]/node_modules/postcss/lib/input.js:135:16)]
    [at Parser.unclosedBlock (turbopack:///[project]/node_modules/postcss/lib/parser.js:582:22)]
    [at Parser.endFile (turbopack:///[project]/node_modules/postcss/lib/parser.js:342:35)]
    [at Parser.parse (turbopack:///[project]/node_modules/postcss/lib/parser.js:483:10)]
    [at parser (turbopack:///[project]/node_modules/postcss/lib/parse.js:11:12)]
    [at new LazyResult (turbopack:///[project]/node_modules/postcss/lib/lazy-result.js:171:16)]
    [at Processor.process (turbopack:///[project]/node_modules/postcss/lib/processor.js:53:14)]
    [at transform (turbopack:///[turbopack-node]/transforms/postcss.ts?config=[project]/postcss.config.mjs:70:51)]
    [at run (turbopack:///[turbopack-node]/child_process/evaluate.ts:89:29)]
    [at run (turbopack:///[turbopack-node]/child_process/evaluate.ts:112:11)]

Import trace:
  Server Component:
    ./src/components/categories-page/CategoryPageView/CategoryPageView.module.css
    ./src/components/categories-page/CategoryPageView/CategoryPageView.tsx
    ./src/app/categories/[...slug]/page.tsx @ http://localhost:3000/_next/static/chunks/node_modules_next_dist_1e8vcs8._.js:1052
[  296479ms] [ERROR] ./src/components/categories-page/CategoryPageView/CategoryPageView.module.css
Error: Error evaluating Node.js code
CssSyntaxError: D:\work\kaelis-website-new\src\components\categories-page\CategoryPageView\CategoryPageView.module.css:1:1: Unclosed block
    [at Input.error (turbopack:///[project]/node_modules/postcss/lib/input.js:135:16)]
    [at Parser.unclosedBlock (turbopack:///[project]/node_modules/postcss/lib/parser.js:582:22)]
    [at Parser.endFile (turbopack:///[project]/node_modules/postcss/lib/parser.js:342:35)]
    [at Parser.parse (turbopack:///[project]/node_modules/postcss/lib/parser.js:483:10)]
    [at parser (turbopack:///[project]/node_modules/postcss/lib/parse.js:11:12)]
    [at new LazyResult (turbopack:///[project]/node_modules/postcss/lib/lazy-result.js:171:16)]
    [at Processor.process (turbopack:///[project]/node_modules/postcss/lib/processor.js:53:14)]
    [at transform (turbopack:///[turbopack-node]/transforms/postcss.ts?config=[project]/postcss.config.mjs:70:51)]
    [at run (turbopack:///[turbopack-node]/child_process/evaluate.ts:89:29)]
    [at run (turbopack:///[turbopack-node]/child_process/evaluate.ts:112:11)]

Import trace:
  Server Component:
    ./src/components/categories-page/CategoryPageView/CategoryPageView.module.css
    ./src/components/categories-page/CategoryPageView/CategoryPageView.tsx
    ./src/app/categories/[...slug]/page.tsx @ http://localhost:3000/_next/static/chunks/node_modules_next_dist_1e8vcs8._.js:1052
[  296534ms] [ERROR] ./src/components/categories-page/CategoryPageView/CategoryPageView.module.css
Error: Error evaluating Node.js code
CssSyntaxError: D:\work\kaelis-website-new\src\components\categories-page\CategoryPageView\CategoryPageView.module.css:1:1: Unclosed block
    [at Input.error (turbopack:///[project]/node_modules/postcss/lib/input.js:135:16)]
    [at Parser.unclosedBlock (turbopack:///[project]/node_modules/postcss/lib/parser.js:582:22)]
    [at Parser.endFile (turbopack:///[project]/node_modules/postcss/lib/parser.js:342:35)]
    [at Parser.parse (turbopack:///[project]/node_modules/postcss/lib/parser.js:483:10)]
    [at parser (turbopack:///[project]/node_modules/postcss/lib/parse.js:11:12)]
    [at new LazyResult (turbopack:///[project]/node_modules/postcss/lib/lazy-result.js:171:16)]
    [at Processor.process (turbopack:///[project]/node_modules/postcss/lib/processor.js:53:14)]
    [at transform (turbopack:///[turbopack-node]/transforms/postcss.ts?config=[project]/postcss.config.mjs:70:51)]
    [at run (turbopack:///[turbopack-node]/child_process/evaluate.ts:89:29)]
    [at run (turbopack:///[turbopack-node]/child_process/evaluate.ts:112:11)]

Import trace:
  Server Component:
    ./src/components/categories-page/CategoryPageView/CategoryPageView.module.css
    ./src/components/categories-page/CategoryPageView/CategoryPageView.tsx
    ./src/app/categories/[...slug]/page.tsx @ http://localhost:3000/_next/static/chunks/node_modules_next_dist_1e8vcs8._.js:1052
[  296584ms] [ERROR] ./src/components/categories-page/CategoryPageView/CategoryPageView.module.css
Error: Error evaluating Node.js code
CssSyntaxError: D:\work\kaelis-website-new\src\components\categories-page\CategoryPageView\CategoryPageView.module.css:1:1: Unclosed block
    [at Input.error (turbopack:///[project]/node_modules/postcss/lib/input.js:135:16)]
    [at Parser.unclosedBlock (turbopack:///[project]/node_modules/postcss/lib/parser.js:582:22)]
    [at Parser.endFile (turbopack:///[project]/node_modules/postcss/lib/parser.js:342:35)]
    [at Parser.parse (turbopack:///[project]/node_modules/postcss/lib/parser.js:483:10)]
    [at parser (turbopack:///[project]/node_modules/postcss/lib/parse.js:11:12)]
    [at new LazyResult (turbopack:///[project]/node_modules/postcss/lib/lazy-result.js:171:16)]
    [at Processor.process (turbopack:///[project]/node_modules/postcss/lib/processor.js:53:14)]
    [at transform (turbopack:///[turbopack-node]/transforms/postcss.ts?config=[project]/postcss.config.mjs:70:51)]
    [at run (turbopack:///[turbopack-node]/child_process/evaluate.ts:89:29)]
    [at run (turbopack:///[turbopack-node]/child_process/evaluate.ts:112:11)]

Import trace:
  Server Component:
    ./src/components/categories-page/CategoryPageView/CategoryPageView.module.css
    ./src/components/categories-page/CategoryPageView/CategoryPageView.tsx
    ./src/app/categories/[...slug]/page.tsx @ http://localhost:3000/_next/static/chunks/node_modules_next_dist_1e8vcs8._.js:1052
[  296631ms] [ERROR] ./src/components/categories-page/CategoryPageView/CategoryPageView.module.css
Error: Error evaluating Node.js code
CssSyntaxError: D:\work\kaelis-website-new\src\components\categories-page\CategoryPageView\CategoryPageView.module.css:1:1: Unclosed block
    [at Input.error (turbopack:///[project]/node_modules/postcss/lib/input.js:135:16)]
    [at Parser.unclosedBlock (turbopack:///[project]/node_modules/postcss/lib/parser.js:582:22)]
    [at Parser.endFile (turbopack:///[project]/node_modules/postcss/lib/parser.js:342:35)]
    [at Parser.parse (turbopack:///[project]/node_modules/postcss/lib/parser.js:483:10)]
    [at parser (turbopack:///[project]/node_modules/postcss/lib/parse.js:11:12)]
    [at new LazyResult (turbopack:///[project]/node_modules/postcss/lib/lazy-result.js:171:16)]
    [at Processor.process (turbopack:///[project]/node_modules/postcss/lib/processor.js:53:14)]
    [at transform (turbopack:///[turbopack-node]/transforms/postcss.ts?config=[project]/postcss.config.mjs:70:51)]
    [at run (turbopack:///[turbopack-node]/child_process/evaluate.ts:89:29)]
    [at run (turbopack:///[turbopack-node]/child_process/evaluate.ts:112:11)]

Import trace:
  Server Component:
    ./src/components/categories-page/CategoryPageView/CategoryPageView.module.css
    ./src/components/categories-page/CategoryPageView/CategoryPageView.tsx
    ./src/app/categories/[...slug]/page.tsx @ http://localhost:3000/_next/static/chunks/node_modules_next_dist_1e8vcs8._.js:1052
[  296680ms] [ERROR] ./src/components/categories-page/CategoryPageView/CategoryPageView.module.css
Error: Error evaluating Node.js code
CssSyntaxError: D:\work\kaelis-website-new\src\components\categories-page\CategoryPageView\CategoryPageView.module.css:1:1: Unclosed block
    [at Input.error (turbopack:///[project]/node_modules/postcss/lib/input.js:135:16)]
    [at Parser.unclosedBlock (turbopack:///[project]/node_modules/postcss/lib/parser.js:582:22)]
    [at Parser.endFile (turbopack:///[project]/node_modules/postcss/lib/parser.js:342:35)]
    [at Parser.parse (turbopack:///[project]/node_modules/postcss/lib/parser.js:483:10)]
    [at parser (turbopack:///[project]/node_modules/postcss/lib/parse.js:11:12)]
    [at new LazyResult (turbopack:///[project]/node_modules/postcss/lib/lazy-result.js:171:16)]
    [at Processor.process (turbopack:///[project]/node_modules/postcss/lib/processor.js:53:14)]
    [at transform (turbopack:///[turbopack-node]/transforms/postcss.ts?config=[project]/postcss.config.mjs:70:51)]
    [at run (turbopack:///[turbopack-node]/child_process/evaluate.ts:89:29)]
    [at run (turbopack:///[turbopack-node]/child_process/evaluate.ts:112:11)]

Import trace:
  Server Component:
    ./src/components/categories-page/CategoryPageView/CategoryPageView.module.css
    ./src/components/categories-page/CategoryPageView/CategoryPageView.tsx
    ./src/app/categories/[...slug]/page.tsx @ http://localhost:3000/_next/static/chunks/node_modules_next_dist_1e8vcs8._.js:1052
[  296722ms] [ERROR] ./src/components/categories-page/CategoryPageView/CategoryPageView.module.css
Error: Error evaluating Node.js code
CssSyntaxError: D:\work\kaelis-website-new\src\components\categories-page\CategoryPageView\CategoryPageView.module.css:1:1: Unclosed block
    [at Input.error (turbopack:///[project]/node_modules/postcss/lib/input.js:135:16)]
    [at Parser.unclosedBlock (turbopack:///[project]/node_modules/postcss/lib/parser.js:582:22)]
    [at Parser.endFile (turbopack:///[project]/node_modules/postcss/lib/parser.js:342:35)]
    [at Parser.parse (turbopack:///[project]/node_modules/postcss/lib/parser.js:483:10)]
    [at parser (turbopack:///[project]/node_modules/postcss/lib/parse.js:11:12)]
    [at new LazyResult (turbopack:///[project]/node_modules/postcss/lib/lazy-result.js:171:16)]
    [at Processor.process (turbopack:///[project]/node_modules/postcss/lib/processor.js:53:14)]
    [at transform (turbopack:///[turbopack-node]/transforms/postcss.ts?config=[project]/postcss.config.mjs:70:51)]
    [at run (turbopack:///[turbopack-node]/child_process/evaluate.ts:89:29)]
    [at run (turbopack:///[turbopack-node]/child_process/evaluate.ts:112:11)]

Import trace:
  Server Component:
    ./src/components/categories-page/CategoryPageView/CategoryPageView.module.css
    ./src/components/categories-page/CategoryPageView/CategoryPageView.tsx
    ./src/app/categories/[...slug]/page.tsx @ http://localhost:3000/_next/static/chunks/node_modules_next_dist_1e8vcs8._.js:1052
[  296769ms] [ERROR] ./src/components/categories-page/CategoryPageView/CategoryPageView.module.css
Error: Error evaluating Node.js code
CssSyntaxError: D:\work\kaelis-website-new\src\components\categories-page\CategoryPageView\CategoryPageView.module.css:1:1: Unclosed block
    [at Input.error (turbopack:///[project]/node_modules/postcss/lib/input.js:135:16)]
    [at Parser.unclosedBlock (turbopack:///[project]/node_modules/postcss/lib/parser.js:582:22)]
    [at Parser.endFile (turbopack:///[project]/node_modules/postcss/lib/parser.js:342:35)]
    [at Parser.parse (turbopack:///[project]/node_modules/postcss/lib/parser.js:483:10)]
    [at parser (turbopack:///[project]/node_modules/postcss/lib/parse.js:11:12)]
    [at new LazyResult (turbopack:///[project]/node_modules/postcss/lib/lazy-result.js:171:16)]
    [at Processor.process (turbopack:///[project]/node_modules/postcss/lib/processor.js:53:14)]
    [at transform (turbopack:///[turbopack-node]/transforms/postcss.ts?config=[project]/postcss.config.mjs:70:51)]
    [at run (turbopack:///[turbopack-node]/child_process/evaluate.ts:89:29)]
    [at run (turbopack:///[turbopack-node]/child_process/evaluate.ts:112:11)]

Import trace:
  Server Component:
    ./src/components/categories-page/CategoryPageView/CategoryPageView.module.css
    ./src/components/categories-page/CategoryPageView/CategoryPageView.tsx
    ./src/app/categories/[...slug]/page.tsx @ http://localhost:3000/_next/static/chunks/node_modules_next_dist_1e8vcs8._.js:1052
[  296812ms] [ERROR] ./src/components/categories-page/CategoryPageView/CategoryPageView.module.css
Error: Error evaluating Node.js code
CssSyntaxError: D:\work\kaelis-website-new\src\components\categories-page\CategoryPageView\CategoryPageView.module.css:1:1: Unclosed block
    [at Input.error (turbopack:///[project]/node_modules/postcss/lib/input.js:135:16)]
    [at Parser.unclosedBlock (turbopack:///[project]/node_modules/postcss/lib/parser.js:582:22)]
    [at Parser.endFile (turbopack:///[project]/node_modules/postcss/lib/parser.js:342:35)]
    [at Parser.parse (turbopack:///[project]/node_modules/postcss/lib/parser.js:483:10)]
    [at parser (turbopack:///[project]/node_modules/postcss/lib/parse.js:11:12)]
    [at new LazyResult (turbopack:///[project]/node_modules/postcss/lib/lazy-result.js:171:16)]
    [at Processor.process (turbopack:///[project]/node_modules/postcss/lib/processor.js:53:14)]
    [at transform (turbopack:///[turbopack-node]/transforms/postcss.ts?config=[project]/postcss.config.mjs:70:51)]
    [at run (turbopack:///[turbopack-node]/child_process/evaluate.ts:89:29)]
    [at run (turbopack:///[turbopack-node]/child_process/evaluate.ts:112:11)]

Import trace:
  Server Component:
    ./src/components/categories-page/CategoryPageView/CategoryPageView.module.css
    ./src/components/categories-page/CategoryPageView/CategoryPageView.tsx
    ./src/app/categories/[...slug]/page.tsx @ http://localhost:3000/_next/static/chunks/node_modules_next_dist_1e8vcs8._.js:1052
[  296854ms] [ERROR] ./src/components/categories-page/CategoryPageView/CategoryPageView.module.css
Error: Error evaluating Node.js code
CssSyntaxError: D:\work\kaelis-website-new\src\components\categories-page\CategoryPageView\CategoryPageView.module.css:1:1: Unclosed block
    [at Input.error (turbopack:///[project]/node_modules/postcss/lib/input.js:135:16)]
    [at Parser.unclosedBlock (turbopack:///[project]/node_modules/postcss/lib/parser.js:582:22)]
    [at Parser.endFile (turbopack:///[project]/node_modules/postcss/lib/parser.js:342:35)]
    [at Parser.parse (turbopack:///[project]/node_modules/postcss/lib/parser.js:483:10)]
    [at parser (turbopack:///[project]/node_modules/postcss/lib/parse.js:11:12)]
    [at new LazyResult (turbopack:///[project]/node_modules/postcss/lib/lazy-result.js:171:16)]
    [at Processor.process (turbopack:///[project]/node_modules/postcss/lib/processor.js:53:14)]
    [at transform (turbopack:///[turbopack-node]/transforms/postcss.ts?config=[project]/postcss.config.mjs:70:51)]
    [at run (turbopack:///[turbopack-node]/child_process/evaluate.ts:89:29)]
    [at run (turbopack:///[turbopack-node]/child_process/evaluate.ts:112:11)]

Import trace:
  Server Component:
    ./src/components/categories-page/CategoryPageView/CategoryPageView.module.css
    ./src/components/categories-page/CategoryPageView/CategoryPageView.tsx
    ./src/app/categories/[...slug]/page.tsx @ http://localhost:3000/_next/static/chunks/node_modules_next_dist_1e8vcs8._.js:1052
[  296903ms] [ERROR] ./src/components/categories-page/CategoryPageView/CategoryPageView.module.css
Error: Error evaluating Node.js code
CssSyntaxError: D:\work\kaelis-website-new\src\components\categories-page\CategoryPageView\CategoryPageView.module.css:1:1: Unclosed block
    [at Input.error (turbopack:///[project]/node_modules/postcss/lib/input.js:135:16)]
    [at Parser.unclosedBlock (turbopack:///[project]/node_modules/postcss/lib/parser.js:582:22)]
    [at Parser.endFile (turbopack:///[project]/node_modules/postcss/lib/parser.js:342:35)]
    [at Parser.parse (turbopack:///[project]/node_modules/postcss/lib/parser.js:483:10)]
    [at parser (turbopack:///[project]/node_modules/postcss/lib/parse.js:11:12)]
    [at new LazyResult (turbopack:///[project]/node_modules/postcss/lib/lazy-result.js:171:16)]
    [at Processor.process (turbopack:///[project]/node_modules/postcss/lib/processor.js:53:14)]
    [at transform (turbopack:///[turbopack-node]/transforms/postcss.ts?config=[project]/postcss.config.mjs:70:51)]
    [at run (turbopack:///[turbopack-node]/child_process/evaluate.ts:89:29)]
    [at run (turbopack:///[turbopack-node]/child_process/evaluate.ts:112:11)]

Import trace:
  Server Component:
    ./src/components/categories-page/CategoryPageView/CategoryPageView.module.css
    ./src/components/categories-page/CategoryPageView/CategoryPageView.tsx
    ./src/app/categories/[...slug]/page.tsx @ http://localhost:3000/_next/static/chunks/node_modules_next_dist_1e8vcs8._.js:1052
[  296951ms] [ERROR] ./src/components/categories-page/CategoryPageView/CategoryPageView.module.css
Error: Error evaluating Node.js code
CssSyntaxError: D:\work\kaelis-website-new\src\components\categories-page\CategoryPageView\CategoryPageView.module.css:1:1: Unclosed block
    [at Input.error (turbopack:///[project]/node_modules/postcss/lib/input.js:135:16)]
    [at Parser.unclosedBlock (turbopack:///[project]/node_modules/postcss/lib/parser.js:582:22)]
    [at Parser.endFile (turbopack:///[project]/node_modules/postcss/lib/parser.js:342:35)]
    [at Parser.parse (turbopack:///[project]/node_modules/postcss/lib/parser.js:483:10)]
    [at parser (turbopack:///[project]/node_modules/postcss/lib/parse.js:11:12)]
    [at new LazyResult (turbopack:///[project]/node_modules/postcss/lib/lazy-result.js:171:16)]
    [at Processor.process (turbopack:///[project]/node_modules/postcss/lib/processor.js:53:14)]
    [at transform (turbopack:///[turbopack-node]/transforms/postcss.ts?config=[project]/postcss.config.mjs:70:51)]
    [at run (turbopack:///[turbopack-node]/child_process/evaluate.ts:89:29)]
    [at run (turbopack:///[turbopack-node]/child_process/evaluate.ts:112:11)]

Import trace:
  Server Component:
    ./src/components/categories-page/CategoryPageView/CategoryPageView.module.css
    ./src/components/categories-page/CategoryPageView/CategoryPageView.tsx
    ./src/app/categories/[...slug]/page.tsx @ http://localhost:3000/_next/static/chunks/node_modules_next_dist_1e8vcs8._.js:1052
[  297000ms] [ERROR] ./src/components/categories-page/CategoryPageView/CategoryPageView.module.css
Error: Error evaluating Node.js code
CssSyntaxError: D:\work\kaelis-website-new\src\components\categories-page\CategoryPageView\CategoryPageView.module.css:1:1: Unclosed block
    [at Input.error (turbopack:///[project]/node_modules/postcss/lib/input.js:135:16)]
    [at Parser.unclosedBlock (turbopack:///[project]/node_modules/postcss/lib/parser.js:582:22)]
    [at Parser.endFile (turbopack:///[project]/node_modules/postcss/lib/parser.js:342:35)]
    [at Parser.parse (turbopack:///[project]/node_modules/postcss/lib/parser.js:483:10)]
    [at parser (turbopack:///[project]/node_modules/postcss/lib/parse.js:11:12)]
    [at new LazyResult (turbopack:///[project]/node_modules/postcss/lib/lazy-result.js:171:16)]
    [at Processor.process (turbopack:///[project]/node_modules/postcss/lib/processor.js:53:14)]
    [at transform (turbopack:///[turbopack-node]/transforms/postcss.ts?config=[project]/postcss.config.mjs:70:51)]
    [at run (turbopack:///[turbopack-node]/child_process/evaluate.ts:89:29)]
    [at run (turbopack:///[turbopack-node]/child_process/evaluate.ts:112:11)]

Import trace:
  Server Component:
    ./src/components/categories-page/CategoryPageView/CategoryPageView.module.css
    ./src/components/categories-page/CategoryPageView/CategoryPageView.tsx
    ./src/app/categories/[...slug]/page.tsx @ http://localhost:3000/_next/static/chunks/node_modules_next_dist_1e8vcs8._.js:1052
[  297048ms] [ERROR] ./src/components/categories-page/CategoryPageView/CategoryPageView.module.css
Error: Error evaluating Node.js code
CssSyntaxError: D:\work\kaelis-website-new\src\components\categories-page\CategoryPageView\CategoryPageView.module.css:1:1: Unclosed block
    [at Input.error (turbopack:///[project]/node_modules/postcss/lib/input.js:135:16)]
    [at Parser.unclosedBlock (turbopack:///[project]/node_modules/postcss/lib/parser.js:582:22)]
    [at Parser.endFile (turbopack:///[project]/node_modules/postcss/lib/parser.js:342:35)]
    [at Parser.parse (turbopack:///[project]/node_modules/postcss/lib/parser.js:483:10)]
    [at parser (turbopack:///[project]/node_modules/postcss/lib/parse.js:11:12)]
    [at new LazyResult (turbopack:///[project]/node_modules/postcss/lib/lazy-result.js:171:16)]
    [at Processor.process (turbopack:///[project]/node_modules/postcss/lib/processor.js:53:14)]
    [at transform (turbopack:///[turbopack-node]/transforms/postcss.ts?config=[project]/postcss.config.mjs:70:51)]
    [at run (turbopack:///[turbopack-node]/child_process/evaluate.ts:89:29)]
    [at run (turbopack:///[turbopack-node]/child_process/evaluate.ts:112:11)]

Import trace:
  Server Component:
    ./src/components/categories-page/CategoryPageView/CategoryPageView.module.css
    ./src/components/categories-page/CategoryPageView/CategoryPageView.tsx
    ./src/app/categories/[...slug]/page.tsx @ http://localhost:3000/_next/static/chunks/node_modules_next_dist_1e8vcs8._.js:1052
[  297104ms] [ERROR] ./src/components/categories-page/CategoryPageView/CategoryPageView.module.css
Error: Error evaluating Node.js code
CssSyntaxError: D:\work\kaelis-website-new\src\components\categories-page\CategoryPageView\CategoryPageView.module.css:1:1: Unclosed block
    [at Input.error (turbopack:///[project]/node_modules/postcss/lib/input.js:135:16)]
    [at Parser.unclosedBlock (turbopack:///[project]/node_modules/postcss/lib/parser.js:582:22)]
    [at Parser.endFile (turbopack:///[project]/node_modules/postcss/lib/parser.js:342:35)]
    [at Parser.parse (turbopack:///[project]/node_modules/postcss/lib/parser.js:483:10)]
    [at parser (turbopack:///[project]/node_modules/postcss/lib/parse.js:11:12)]
    [at new LazyResult (turbopack:///[project]/node_modules/postcss/lib/lazy-result.js:171:16)]
    [at Processor.process (turbopack:///[project]/node_modules/postcss/lib/processor.js:53:14)]
    [at transform (turbopack:///[turbopack-node]/transforms/postcss.ts?config=[project]/postcss.config.mjs:70:51)]
    [at run (turbopack:///[turbopack-node]/child_process/evaluate.ts:89:29)]
    [at run (turbopack:///[turbopack-node]/child_process/evaluate.ts:112:11)]

Import trace:
  Server Component:
    ./src/components/categories-page/CategoryPageView/CategoryPageView.module.css
    ./src/components/categories-page/CategoryPageView/CategoryPageView.tsx
    ./src/app/categories/[...slug]/page.tsx @ http://localhost:3000/_next/static/chunks/node_modules_next_dist_1e8vcs8._.js:1052
[  297153ms] [ERROR] ./src/components/categories-page/CategoryPageView/CategoryPageView.module.css
Error: Error evaluating Node.js code
CssSyntaxError: D:\work\kaelis-website-new\src\components\categories-page\CategoryPageView\CategoryPageView.module.css:1:1: Unclosed block
    [at Input.error (turbopack:///[project]/node_modules/postcss/lib/input.js:135:16)]
    [at Parser.unclosedBlock (turbopack:///[project]/node_modules/postcss/lib/parser.js:582:22)]
    [at Parser.endFile (turbopack:///[project]/node_modules/postcss/lib/parser.js:342:35)]
    [at Parser.parse (turbopack:///[project]/node_modules/postcss/lib/parser.js:483:10)]
    [at parser (turbopack:///[project]/node_modules/postcss/lib/parse.js:11:12)]
    [at new LazyResult (turbopack:///[project]/node_modules/postcss/lib/lazy-result.js:171:16)]
    [at Processor.process (turbopack:///[project]/node_modules/postcss/lib/processor.js:53:14)]
    [at transform (turbopack:///[turbopack-node]/transforms/postcss.ts?config=[project]/postcss.config.mjs:70:51)]
    [at run (turbopack:///[turbopack-node]/child_process/evaluate.ts:89:29)]
    [at run (turbopack:///[turbopack-node]/child_process/evaluate.ts:112:11)]

Import trace:
  Server Component:
    ./src/components/categories-page/CategoryPageView/CategoryPageView.module.css
    ./src/components/categories-page/CategoryPageView/CategoryPageView.tsx
    ./src/app/categories/[...slug]/page.tsx @ http://localhost:3000/_next/static/chunks/node_modules_next_dist_1e8vcs8._.js:1052
[  297200ms] [ERROR] ./src/components/categories-page/CategoryPageView/CategoryPageView.module.css
Error: Error evaluating Node.js code
CssSyntaxError: D:\work\kaelis-website-new\src\components\categories-page\CategoryPageView\CategoryPageView.module.css:1:1: Unclosed block
    [at Input.error (turbopack:///[project]/node_modules/postcss/lib/input.js:135:16)]
    [at Parser.unclosedBlock (turbopack:///[project]/node_modules/postcss/lib/parser.js:582:22)]
    [at Parser.endFile (turbopack:///[project]/node_modules/postcss/lib/parser.js:342:35)]
    [at Parser.parse (turbopack:///[project]/node_modules/postcss/lib/parser.js:483:10)]
    [at parser (turbopack:///[project]/node_modules/postcss/lib/parse.js:11:12)]
    [at new LazyResult (turbopack:///[project]/node_modules/postcss/lib/lazy-result.js:171:16)]
    [at Processor.process (turbopack:///[project]/node_modules/postcss/lib/processor.js:53:14)]
    [at transform (turbopack:///[turbopack-node]/transforms/postcss.ts?config=[project]/postcss.config.mjs:70:51)]
    [at run (turbopack:///[turbopack-node]/child_process/evaluate.ts:89:29)]
    [at run (turbopack:///[turbopack-node]/child_process/evaluate.ts:112:11)]

Import trace:
  Server Component:
    ./src/components/categories-page/CategoryPageView/CategoryPageView.module.css
    ./src/components/categories-page/CategoryPageView/CategoryPageView.tsx
    ./src/app/categories/[...slug]/page.tsx @ http://localhost:3000/_next/static/chunks/node_modules_next_dist_1e8vcs8._.js:1052
[  297242ms] [ERROR] ./src/components/categories-page/CategoryPageView/CategoryPageView.module.css
Error: Error evaluating Node.js code
CssSyntaxError: D:\work\kaelis-website-new\src\components\categories-page\CategoryPageView\CategoryPageView.module.css:1:1: Unclosed block
    [at Input.error (turbopack:///[project]/node_modules/postcss/lib/input.js:135:16)]
    [at Parser.unclosedBlock (turbopack:///[project]/node_modules/postcss/lib/parser.js:582:22)]
    [at Parser.endFile (turbopack:///[project]/node_modules/postcss/lib/parser.js:342:35)]
    [at Parser.parse (turbopack:///[project]/node_modules/postcss/lib/parser.js:483:10)]
    [at parser (turbopack:///[project]/node_modules/postcss/lib/parse.js:11:12)]
    [at new LazyResult (turbopack:///[project]/node_modules/postcss/lib/lazy-result.js:171:16)]
    [at Processor.process (turbopack:///[project]/node_modules/postcss/lib/processor.js:53:14)]
    [at transform (turbopack:///[turbopack-node]/transforms/postcss.ts?config=[project]/postcss.config.mjs:70:51)]
    [at run (turbopack:///[turbopack-node]/child_process/evaluate.ts:89:29)]
    [at run (turbopack:///[turbopack-node]/child_process/evaluate.ts:112:11)]

Import trace:
  Server Component:
    ./src/components/categories-page/CategoryPageView/CategoryPageView.module.css
    ./src/components/categories-page/CategoryPageView/CategoryPageView.tsx
    ./src/app/categories/[...slug]/page.tsx @ http://localhost:3000/_next/static/chunks/node_modules_next_dist_1e8vcs8._.js:1052
[  297291ms] [ERROR] ./src/components/categories-page/CategoryPageView/CategoryPageView.module.css
Error: Error evaluating Node.js code
CssSyntaxError: D:\work\kaelis-website-new\src\components\categories-page\CategoryPageView\CategoryPageView.module.css:1:1: Unclosed block
    [at Input.error (turbopack:///[project]/node_modules/postcss/lib/input.js:135:16)]
    [at Parser.unclosedBlock (turbopack:///[project]/node_modules/postcss/lib/parser.js:582:22)]
    [at Parser.endFile (turbopack:///[project]/node_modules/postcss/lib/parser.js:342:35)]
    [at Parser.parse (turbopack:///[project]/node_modules/postcss/lib/parser.js:483:10)]
    [at parser (turbopack:///[project]/node_modules/postcss/lib/parse.js:11:12)]
    [at new LazyResult (turbopack:///[project]/node_modules/postcss/lib/lazy-result.js:171:16)]
    [at Processor.process (turbopack:///[project]/node_modules/postcss/lib/processor.js:53:14)]
    [at transform (turbopack:///[turbopack-node]/transforms/postcss.ts?config=[project]/postcss.config.mjs:70:51)]
    [at run (turbopack:///[turbopack-node]/child_process/evaluate.ts:89:29)]
    [at run (turbopack:///[turbopack-node]/child_process/evaluate.ts:112:11)]

Import trace:
  Server Component:
    ./src/components/categories-page/CategoryPageView/CategoryPageView.module.css
    ./src/components/categories-page/CategoryPageView/CategoryPageView.tsx
    ./src/app/categories/[...slug]/page.tsx @ http://localhost:3000/_next/static/chunks/node_modules_next_dist_1e8vcs8._.js:1052
[  297346ms] [ERROR] ./src/components/categories-page/CategoryPageView/CategoryPageView.module.css
Error: Error evaluating Node.js code
CssSyntaxError: D:\work\kaelis-website-new\src\components\categories-page\CategoryPageView\CategoryPageView.module.css:1:1: Unclosed block
    [at Input.error (turbopack:///[project]/node_modules/postcss/lib/input.js:135:16)]
    [at Parser.unclosedBlock (turbopack:///[project]/node_modules/postcss/lib/parser.js:582:22)]
    [at Parser.endFile (turbopack:///[project]/node_modules/postcss/lib/parser.js:342:35)]
    [at Parser.parse (turbopack:///[project]/node_modules/postcss/lib/parser.js:483:10)]
    [at parser (turbopack:///[project]/node_modules/postcss/lib/parse.js:11:12)]
    [at new LazyResult (turbopack:///[project]/node_modules/postcss/lib/lazy-result.js:171:16)]
    [at Processor.process (turbopack:///[project]/node_modules/postcss/lib/processor.js:53:14)]
    [at transform (turbopack:///[turbopack-node]/transforms/postcss.ts?config=[project]/postcss.config.mjs:70:51)]
    [at run (turbopack:///[turbopack-node]/child_process/evaluate.ts:89:29)]
    [at run (turbopack:///[turbopack-node]/child_process/evaluate.ts:112:11)]

Import trace:
  Server Component:
    ./src/components/categories-page/CategoryPageView/CategoryPageView.module.css
    ./src/components/categories-page/CategoryPageView/CategoryPageView.tsx
    ./src/app/categories/[...slug]/page.tsx @ http://localhost:3000/_next/static/chunks/node_modules_next_dist_1e8vcs8._.js:1052
[  297388ms] [ERROR] ./src/components/categories-page/CategoryPageView/CategoryPageView.module.css
Error: Error evaluating Node.js code
CssSyntaxError: D:\work\kaelis-website-new\src\components\categories-page\CategoryPageView\CategoryPageView.module.css:1:1: Unclosed block
    [at Input.error (turbopack:///[project]/node_modules/postcss/lib/input.js:135:16)]
    [at Parser.unclosedBlock (turbopack:///[project]/node_modules/postcss/lib/parser.js:582:22)]
    [at Parser.endFile (turbopack:///[project]/node_modules/postcss/lib/parser.js:342:35)]
    [at Parser.parse (turbopack:///[project]/node_modules/postcss/lib/parser.js:483:10)]
    [at parser (turbopack:///[project]/node_modules/postcss/lib/parse.js:11:12)]
    [at new LazyResult (turbopack:///[project]/node_modules/postcss/lib/lazy-result.js:171:16)]
    [at Processor.process (turbopack:///[project]/node_modules/postcss/lib/processor.js:53:14)]
    [at transform (turbopack:///[turbopack-node]/transforms/postcss.ts?config=[project]/postcss.config.mjs:70:51)]
    [at run (turbopack:///[turbopack-node]/child_process/evaluate.ts:89:29)]
    [at run (turbopack:///[turbopack-node]/child_process/evaluate.ts:112:11)]

Import trace:
  Server Component:
    ./src/components/categories-page/CategoryPageView/CategoryPageView.module.css
    ./src/components/categories-page/CategoryPageView/CategoryPageView.tsx
    ./src/app/categories/[...slug]/page.tsx @ http://localhost:3000/_next/static/chunks/node_modules_next_dist_1e8vcs8._.js:1052
[  297430ms] [ERROR] ./src/components/categories-page/CategoryPageView/CategoryPageView.module.css
Error: Error evaluating Node.js code
CssSyntaxError: D:\work\kaelis-website-new\src\components\categories-page\CategoryPageView\CategoryPageView.module.css:1:1: Unclosed block
    [at Input.error (turbopack:///[project]/node_modules/postcss/lib/input.js:135:16)]
    [at Parser.unclosedBlock (turbopack:///[project]/node_modules/postcss/lib/parser.js:582:22)]
    [at Parser.endFile (turbopack:///[project]/node_modules/postcss/lib/parser.js:342:35)]
    [at Parser.parse (turbopack:///[project]/node_modules/postcss/lib/parser.js:483:10)]
    [at parser (turbopack:///[project]/node_modules/postcss/lib/parse.js:11:12)]
    [at new LazyResult (turbopack:///[project]/node_modules/postcss/lib/lazy-result.js:171:16)]
    [at Processor.process (turbopack:///[project]/node_modules/postcss/lib/processor.js:53:14)]
    [at transform (turbopack:///[turbopack-node]/transforms/postcss.ts?config=[project]/postcss.config.mjs:70:51)]
    [at run (turbopack:///[turbopack-node]/child_process/evaluate.ts:89:29)]
    [at run (turbopack:///[turbopack-node]/child_process/evaluate.ts:112:11)]

Import trace:
  Server Component:
    ./src/components/categories-page/CategoryPageView/CategoryPageView.module.css
    ./src/components/categories-page/CategoryPageView/CategoryPageView.tsx
    ./src/app/categories/[...slug]/page.tsx @ http://localhost:3000/_next/static/chunks/node_modules_next_dist_1e8vcs8._.js:1052
[  297472ms] [ERROR] ./src/components/categories-page/CategoryPageView/CategoryPageView.module.css
Error: Error evaluating Node.js code
CssSyntaxError: D:\work\kaelis-website-new\src\components\categories-page\CategoryPageView\CategoryPageView.module.css:1:1: Unclosed block
    [at Input.error (turbopack:///[project]/node_modules/postcss/lib/input.js:135:16)]
    [at Parser.unclosedBlock (turbopack:///[project]/node_modules/postcss/lib/parser.js:582:22)]
    [at Parser.endFile (turbopack:///[project]/node_modules/postcss/lib/parser.js:342:35)]
    [at Parser.parse (turbopack:///[project]/node_modules/postcss/lib/parser.js:483:10)]
    [at parser (turbopack:///[project]/node_modules/postcss/lib/parse.js:11:12)]
    [at new LazyResult (turbopack:///[project]/node_modules/postcss/lib/lazy-result.js:171:16)]
    [at Processor.process (turbopack:///[project]/node_modules/postcss/lib/processor.js:53:14)]
    [at transform (turbopack:///[turbopack-node]/transforms/postcss.ts?config=[project]/postcss.config.mjs:70:51)]
    [at run (turbopack:///[turbopack-node]/child_process/evaluate.ts:89:29)]
    [at run (turbopack:///[turbopack-node]/child_process/evaluate.ts:112:11)]

Import trace:
  Server Component:
    ./src/components/categories-page/CategoryPageView/CategoryPageView.module.css
    ./src/components/categories-page/CategoryPageView/CategoryPageView.tsx
    ./src/app/categories/[...slug]/page.tsx @ http://localhost:3000/_next/static/chunks/node_modules_next_dist_1e8vcs8._.js:1052
[  297521ms] [ERROR] ./src/components/categories-page/CategoryPageView/CategoryPageView.module.css
Error: Error evaluating Node.js code
CssSyntaxError: D:\work\kaelis-website-new\src\components\categories-page\CategoryPageView\CategoryPageView.module.css:1:1: Unclosed block
    [at Input.error (turbopack:///[project]/node_modules/postcss/lib/input.js:135:16)]
    [at Parser.unclosedBlock (turbopack:///[project]/node_modules/postcss/lib/parser.js:582:22)]
    [at Parser.endFile (turbopack:///[project]/node_modules/postcss/lib/parser.js:342:35)]
    [at Parser.parse (turbopack:///[project]/node_modules/postcss/lib/parser.js:483:10)]
    [at parser (turbopack:///[project]/node_modules/postcss/lib/parse.js:11:12)]
    [at new LazyResult (turbopack:///[project]/node_modules/postcss/lib/lazy-result.js:171:16)]
    [at Processor.process (turbopack:///[project]/node_modules/postcss/lib/processor.js:53:14)]
    [at transform (turbopack:///[turbopack-node]/transforms/postcss.ts?config=[project]/postcss.config.mjs:70:51)]
    [at run (turbopack:///[turbopack-node]/child_process/evaluate.ts:89:29)]
    [at run (turbopack:///[turbopack-node]/child_process/evaluate.ts:112:11)]

Import trace:
  Server Component:
    ./src/components/categories-page/CategoryPageView/CategoryPageView.module.css
    ./src/components/categories-page/CategoryPageView/CategoryPageView.tsx
    ./src/app/categories/[...slug]/page.tsx @ http://localhost:3000/_next/static/chunks/node_modules_next_dist_1e8vcs8._.js:1052
[  297576ms] [ERROR] ./src/components/categories-page/CategoryPageView/CategoryPageView.module.css
Error: Error evaluating Node.js code
CssSyntaxError: D:\work\kaelis-website-new\src\components\categories-page\CategoryPageView\CategoryPageView.module.css:1:1: Unclosed block
    [at Input.error (turbopack:///[project]/node_modules/postcss/lib/input.js:135:16)]
    [at Parser.unclosedBlock (turbopack:///[project]/node_modules/postcss/lib/parser.js:582:22)]
    [at Parser.endFile (turbopack:///[project]/node_modules/postcss/lib/parser.js:342:35)]
    [at Parser.parse (turbopack:///[project]/node_modules/postcss/lib/parser.js:483:10)]
    [at parser (turbopack:///[project]/node_modules/postcss/lib/parse.js:11:12)]
    [at new LazyResult (turbopack:///[project]/node_modules/postcss/lib/lazy-result.js:171:16)]
    [at Processor.process (turbopack:///[project]/node_modules/postcss/lib/processor.js:53:14)]
    [at transform (turbopack:///[turbopack-node]/transforms/postcss.ts?config=[project]/postcss.config.mjs:70:51)]
    [at run (turbopack:///[turbopack-node]/child_process/evaluate.ts:89:29)]
    [at run (turbopack:///[turbopack-node]/child_process/evaluate.ts:112:11)]

Import trace:
  Server Component:
    ./src/components/categories-page/CategoryPageView/CategoryPageView.module.css
    ./src/components/categories-page/CategoryPageView/CategoryPageView.tsx
    ./src/app/categories/[...slug]/page.tsx @ http://localhost:3000/_next/static/chunks/node_modules_next_dist_1e8vcs8._.js:1052
[  297632ms] [ERROR] ./src/components/categories-page/CategoryPageView/CategoryPageView.module.css
Error: Error evaluating Node.js code
CssSyntaxError: D:\work\kaelis-website-new\src\components\categories-page\CategoryPageView\CategoryPageView.module.css:1:1: Unclosed block
    [at Input.error (turbopack:///[project]/node_modules/postcss/lib/input.js:135:16)]
    [at Parser.unclosedBlock (turbopack:///[project]/node_modules/postcss/lib/parser.js:582:22)]
    [at Parser.endFile (turbopack:///[project]/node_modules/postcss/lib/parser.js:342:35)]
    [at Parser.parse (turbopack:///[project]/node_modules/postcss/lib/parser.js:483:10)]
    [at parser (turbopack:///[project]/node_modules/postcss/lib/parse.js:11:12)]
    [at new LazyResult (turbopack:///[project]/node_modules/postcss/lib/lazy-result.js:171:16)]
    [at Processor.process (turbopack:///[project]/node_modules/postcss/lib/processor.js:53:14)]
    [at transform (turbopack:///[turbopack-node]/transforms/postcss.ts?config=[project]/postcss.config.mjs:70:51)]
    [at run (turbopack:///[turbopack-node]/child_process/evaluate.ts:89:29)]
    [at run (turbopack:///[turbopack-node]/child_process/evaluate.ts:112:11)]

Import trace:
  Server Component:
    ./src/components/categories-page/CategoryPageView/CategoryPageView.module.css
    ./src/components/categories-page/CategoryPageView/CategoryPageView.tsx
    ./src/app/categories/[...slug]/page.tsx @ http://localhost:3000/_next/static/chunks/node_modules_next_dist_1e8vcs8._.js:1052
[  297694ms] [ERROR] ./src/components/categories-page/CategoryPageView/CategoryPageView.module.css
Error: Error evaluating Node.js code
CssSyntaxError: D:\work\kaelis-website-new\src\components\categories-page\CategoryPageView\CategoryPageView.module.css:1:1: Unclosed block
    [at Input.error (turbopack:///[project]/node_modules/postcss/lib/input.js:135:16)]
    [at Parser.unclosedBlock (turbopack:///[project]/node_modules/postcss/lib/parser.js:582:22)]
    [at Parser.endFile (turbopack:///[project]/node_modules/postcss/lib/parser.js:342:35)]
    [at Parser.parse (turbopack:///[project]/node_modules/postcss/lib/parser.js:483:10)]
    [at parser (turbopack:///[project]/node_modules/postcss/lib/parse.js:11:12)]
    [at new LazyResult (turbopack:///[project]/node_modules/postcss/lib/lazy-result.js:171:16)]
    [at Processor.process (turbopack:///[project]/node_modules/postcss/lib/processor.js:53:14)]
    [at transform (turbopack:///[turbopack-node]/transforms/postcss.ts?config=[project]/postcss.config.mjs:70:51)]
    [at run (turbopack:///[turbopack-node]/child_process/evaluate.ts:89:29)]
    [at run (turbopack:///[turbopack-node]/child_process/evaluate.ts:112:11)]

Import trace:
  Server Component:
    ./src/components/categories-page/CategoryPageView/CategoryPageView.module.css
    ./src/components/categories-page/CategoryPageView/CategoryPageView.tsx
    ./src/app/categories/[...slug]/page.tsx @ http://localhost:3000/_next/static/chunks/node_modules_next_dist_1e8vcs8._.js:1052
[  297743ms] [ERROR] ./src/components/categories-page/CategoryPageView/CategoryPageView.module.css
Error: Error evaluating Node.js code
CssSyntaxError: D:\work\kaelis-website-new\src\components\categories-page\CategoryPageView\CategoryPageView.module.css:1:1: Unclosed block
    [at Input.error (turbopack:///[project]/node_modules/postcss/lib/input.js:135:16)]
    [at Parser.unclosedBlock (turbopack:///[project]/node_modules/postcss/lib/parser.js:582:22)]
    [at Parser.endFile (turbopack:///[project]/node_modules/postcss/lib/parser.js:342:35)]
    [at Parser.parse (turbopack:///[project]/node_modules/postcss/lib/parser.js:483:10)]
    [at parser (turbopack:///[project]/node_modules/postcss/lib/parse.js:11:12)]
    [at new LazyResult (turbopack:///[project]/node_modules/postcss/lib/lazy-result.js:171:16)]
    [at Processor.process (turbopack:///[project]/node_modules/postcss/lib/processor.js:53:14)]
    [at transform (turbopack:///[turbopack-node]/transforms/postcss.ts?config=[project]/postcss.config.mjs:70:51)]
    [at run (turbopack:///[turbopack-node]/child_process/evaluate.ts:89:29)]
    [at run (turbopack:///[turbopack-node]/child_process/evaluate.ts:112:11)]

Import trace:
  Server Component:
    ./src/components/categories-page/CategoryPageView/CategoryPageView.module.css
    ./src/components/categories-page/CategoryPageView/CategoryPageView.tsx
    ./src/app/categories/[...slug]/page.tsx @ http://localhost:3000/_next/static/chunks/node_modules_next_dist_1e8vcs8._.js:1052
[  297791ms] [ERROR] ./src/components/categories-page/CategoryPageView/CategoryPageView.module.css
Error: Error evaluating Node.js code
CssSyntaxError: D:\work\kaelis-website-new\src\components\categories-page\CategoryPageView\CategoryPageView.module.css:1:1: Unclosed block
    [at Input.error (turbopack:///[project]/node_modules/postcss/lib/input.js:135:16)]
    [at Parser.unclosedBlock (turbopack:///[project]/node_modules/postcss/lib/parser.js:582:22)]
    [at Parser.endFile (turbopack:///[project]/node_modules/postcss/lib/parser.js:342:35)]
    [at Parser.parse (turbopack:///[project]/node_modules/postcss/lib/parser.js:483:10)]
    [at parser (turbopack:///[project]/node_modules/postcss/lib/parse.js:11:12)]
    [at new LazyResult (turbopack:///[project]/node_modules/postcss/lib/lazy-result.js:171:16)]
    [at Processor.process (turbopack:///[project]/node_modules/postcss/lib/processor.js:53:14)]
    [at transform (turbopack:///[turbopack-node]/transforms/postcss.ts?config=[project]/postcss.config.mjs:70:51)]
    [at run (turbopack:///[turbopack-node]/child_process/evaluate.ts:89:29)]
    [at run (turbopack:///[turbopack-node]/child_process/evaluate.ts:112:11)]

Import trace:
  Server Component:
    ./src/components/categories-page/CategoryPageView/CategoryPageView.module.css
    ./src/components/categories-page/CategoryPageView/CategoryPageView.tsx
    ./src/app/categories/[...slug]/page.tsx @ http://localhost:3000/_next/static/chunks/node_modules_next_dist_1e8vcs8._.js:1052
[  297839ms] [ERROR] ./src/components/categories-page/CategoryPageView/CategoryPageView.module.css
Error: Error evaluating Node.js code
CssSyntaxError: D:\work\kaelis-website-new\src\components\categories-page\CategoryPageView\CategoryPageView.module.css:1:1: Unclosed block
    [at Input.error (turbopack:///[project]/node_modules/postcss/lib/input.js:135:16)]
    [at Parser.unclosedBlock (turbopack:///[project]/node_modules/postcss/lib/parser.js:582:22)]
    [at Parser.endFile (turbopack:///[project]/node_modules/postcss/lib/parser.js:342:35)]
    [at Parser.parse (turbopack:///[project]/node_modules/postcss/lib/parser.js:483:10)]
    [at parser (turbopack:///[project]/node_modules/postcss/lib/parse.js:11:12)]
    [at new LazyResult (turbopack:///[project]/node_modules/postcss/lib/lazy-result.js:171:16)]
    [at Processor.process (turbopack:///[project]/node_modules/postcss/lib/processor.js:53:14)]
    [at transform (turbopack:///[turbopack-node]/transforms/postcss.ts?config=[project]/postcss.config.mjs:70:51)]
    [at run (turbopack:///[turbopack-node]/child_process/evaluate.ts:89:29)]
    [at run (turbopack:///[turbopack-node]/child_process/evaluate.ts:112:11)]

Import trace:
  Server Component:
    ./src/components/categories-page/CategoryPageView/CategoryPageView.module.css
    ./src/components/categories-page/CategoryPageView/CategoryPageView.tsx
    ./src/app/categories/[...slug]/page.tsx @ http://localhost:3000/_next/static/chunks/node_modules_next_dist_1e8vcs8._.js:1052
[  297882ms] [ERROR] ./src/components/categories-page/CategoryPageView/CategoryPageView.module.css
Error: Error evaluating Node.js code
CssSyntaxError: D:\work\kaelis-website-new\src\components\categories-page\CategoryPageView\CategoryPageView.module.css:1:1: Unclosed block
    [at Input.error (turbopack:///[project]/node_modules/postcss/lib/input.js:135:16)]
    [at Parser.unclosedBlock (turbopack:///[project]/node_modules/postcss/lib/parser.js:582:22)]
    [at Parser.endFile (turbopack:///[project]/node_modules/postcss/lib/parser.js:342:35)]
    [at Parser.parse (turbopack:///[project]/node_modules/postcss/lib/parser.js:483:10)]
    [at parser (turbopack:///[project]/node_modules/postcss/lib/parse.js:11:12)]
    [at new LazyResult (turbopack:///[project]/node_modules/postcss/lib/lazy-result.js:171:16)]
    [at Processor.process (turbopack:///[project]/node_modules/postcss/lib/processor.js:53:14)]
    [at transform (turbopack:///[turbopack-node]/transforms/postcss.ts?config=[project]/postcss.config.mjs:70:51)]
    [at run (turbopack:///[turbopack-node]/child_process/evaluate.ts:89:29)]
    [at run (turbopack:///[turbopack-node]/child_process/evaluate.ts:112:11)]

Import trace:
  Server Component:
    ./src/components/categories-page/CategoryPageView/CategoryPageView.module.css
    ./src/components/categories-page/CategoryPageView/CategoryPageView.tsx
    ./src/app/categories/[...slug]/page.tsx @ http://localhost:3000/_next/static/chunks/node_modules_next_dist_1e8vcs8._.js:1052
[  297937ms] [ERROR] ./src/components/categories-page/CategoryPageView/CategoryPageView.module.css
Error: Error evaluating Node.js code
CssSyntaxError: D:\work\kaelis-website-new\src\components\categories-page\CategoryPageView\CategoryPageView.module.css:1:1: Unclosed block
    [at Input.error (turbopack:///[project]/node_modules/postcss/lib/input.js:135:16)]
    [at Parser.unclosedBlock (turbopack:///[project]/node_modules/postcss/lib/parser.js:582:22)]
    [at Parser.endFile (turbopack:///[project]/node_modules/postcss/lib/parser.js:342:35)]
    [at Parser.parse (turbopack:///[project]/node_modules/postcss/lib/parser.js:483:10)]
    [at parser (turbopack:///[project]/node_modules/postcss/lib/parse.js:11:12)]
    [at new LazyResult (turbopack:///[project]/node_modules/postcss/lib/lazy-result.js:171:16)]
    [at Processor.process (turbopack:///[project]/node_modules/postcss/lib/processor.js:53:14)]
    [at transform (turbopack:///[turbopack-node]/transforms/postcss.ts?config=[project]/postcss.config.mjs:70:51)]
    [at run (turbopack:///[turbopack-node]/child_process/evaluate.ts:89:29)]
    [at run (turbopack:///[turbopack-node]/child_process/evaluate.ts:112:11)]

Import trace:
  Server Component:
    ./src/components/categories-page/CategoryPageView/CategoryPageView.module.css
    ./src/components/categories-page/CategoryPageView/CategoryPageView.tsx
    ./src/app/categories/[...slug]/page.tsx @ http://localhost:3000/_next/static/chunks/node_modules_next_dist_1e8vcs8._.js:1052
[  297978ms] [ERROR] ./src/components/categories-page/CategoryPageView/CategoryPageView.module.css
Error: Error evaluating Node.js code
CssSyntaxError: D:\work\kaelis-website-new\src\components\categories-page\CategoryPageView\CategoryPageView.module.css:1:1: Unclosed block
    [at Input.error (turbopack:///[project]/node_modules/postcss/lib/input.js:135:16)]
    [at Parser.unclosedBlock (turbopack:///[project]/node_modules/postcss/lib/parser.js:582:22)]
    [at Parser.endFile (turbopack:///[project]/node_modules/postcss/lib/parser.js:342:35)]
    [at Parser.parse (turbopack:///[project]/node_modules/postcss/lib/parser.js:483:10)]
    [at parser (turbopack:///[project]/node_modules/postcss/lib/parse.js:11:12)]
    [at new LazyResult (turbopack:///[project]/node_modules/postcss/lib/lazy-result.js:171:16)]
    [at Processor.process (turbopack:///[project]/node_modules/postcss/lib/processor.js:53:14)]
    [at transform (turbopack:///[turbopack-node]/transforms/postcss.ts?config=[project]/postcss.config.mjs:70:51)]
    [at run (turbopack:///[turbopack-node]/child_process/evaluate.ts:89:29)]
    [at run (turbopack:///[turbopack-node]/child_process/evaluate.ts:112:11)]

Import trace:
  Server Component:
    ./src/components/categories-page/CategoryPageView/CategoryPageView.module.css
    ./src/components/categories-page/CategoryPageView/CategoryPageView.tsx
    ./src/app/categories/[...slug]/page.tsx @ http://localhost:3000/_next/static/chunks/node_modules_next_dist_1e8vcs8._.js:1052
[  298034ms] [ERROR] ./src/components/categories-page/CategoryPageView/CategoryPageView.module.css
Error: Error evaluating Node.js code
CssSyntaxError: D:\work\kaelis-website-new\src\components\categories-page\CategoryPageView\CategoryPageView.module.css:1:1: Unclosed block
    [at Input.error (turbopack:///[project]/node_modules/postcss/lib/input.js:135:16)]
    [at Parser.unclosedBlock (turbopack:///[project]/node_modules/postcss/lib/parser.js:582:22)]
    [at Parser.endFile (turbopack:///[project]/node_modules/postcss/lib/parser.js:342:35)]
    [at Parser.parse (turbopack:///[project]/node_modules/postcss/lib/parser.js:483:10)]
    [at parser (turbopack:///[project]/node_modules/postcss/lib/parse.js:11:12)]
    [at new LazyResult (turbopack:///[project]/node_modules/postcss/lib/lazy-result.js:171:16)]
    [at Processor.process (turbopack:///[project]/node_modules/postcss/lib/processor.js:53:14)]
    [at transform (turbopack:///[turbopack-node]/transforms/postcss.ts?config=[project]/postcss.config.mjs:70:51)]
    [at run (turbopack:///[turbopack-node]/child_process/evaluate.ts:89:29)]
    [at run (turbopack:///[turbopack-node]/child_process/evaluate.ts:112:11)]

Import trace:
  Server Component:
    ./src/components/categories-page/CategoryPageView/CategoryPageView.module.css
    ./src/components/categories-page/CategoryPageView/CategoryPageView.tsx
    ./src/app/categories/[...slug]/page.tsx @ http://localhost:3000/_next/static/chunks/node_modules_next_dist_1e8vcs8._.js:1052
[  298083ms] [ERROR] ./src/components/categories-page/CategoryPageView/CategoryPageView.module.css
Error: Error evaluating Node.js code
CssSyntaxError: D:\work\kaelis-website-new\src\components\categories-page\CategoryPageView\CategoryPageView.module.css:1:1: Unclosed block
    [at Input.error (turbopack:///[project]/node_modules/postcss/lib/input.js:135:16)]
    [at Parser.unclosedBlock (turbopack:///[project]/node_modules/postcss/lib/parser.js:582:22)]
    [at Parser.endFile (turbopack:///[project]/node_modules/postcss/lib/parser.js:342:35)]
    [at Parser.parse (turbopack:///[project]/node_modules/postcss/lib/parser.js:483:10)]
    [at parser (turbopack:///[project]/node_modules/postcss/lib/parse.js:11:12)]
    [at new LazyResult (turbopack:///[project]/node_modules/postcss/lib/lazy-result.js:171:16)]
    [at Processor.process (turbopack:///[project]/node_modules/postcss/lib/processor.js:53:14)]
    [at transform (turbopack:///[turbopack-node]/transforms/postcss.ts?config=[project]/postcss.config.mjs:70:51)]
    [at run (turbopack:///[turbopack-node]/child_process/evaluate.ts:89:29)]
    [at run (turbopack:///[turbopack-node]/child_process/evaluate.ts:112:11)]

Import trace:
  Server Component:
    ./src/components/categories-page/CategoryPageView/CategoryPageView.module.css
    ./src/components/categories-page/CategoryPageView/CategoryPageView.tsx
    ./src/app/categories/[...slug]/page.tsx @ http://localhost:3000/_next/static/chunks/node_modules_next_dist_1e8vcs8._.js:1052
[  298132ms] [ERROR] ./src/components/categories-page/CategoryPageView/CategoryPageView.module.css
Error: Error evaluating Node.js code
CssSyntaxError: D:\work\kaelis-website-new\src\components\categories-page\CategoryPageView\CategoryPageView.module.css:1:1: Unclosed block
    [at Input.error (turbopack:///[project]/node_modules/postcss/lib/input.js:135:16)]
    [at Parser.unclosedBlock (turbopack:///[project]/node_modules/postcss/lib/parser.js:582:22)]
    [at Parser.endFile (turbopack:///[project]/node_modules/postcss/lib/parser.js:342:35)]
    [at Parser.parse (turbopack:///[project]/node_modules/postcss/lib/parser.js:483:10)]
    [at parser (turbopack:///[project]/node_modules/postcss/lib/parse.js:11:12)]
    [at new LazyResult (turbopack:///[project]/node_modules/postcss/lib/lazy-result.js:171:16)]
    [at Processor.process (turbopack:///[project]/node_modules/postcss/lib/processor.js:53:14)]
    [at transform (turbopack:///[turbopack-node]/transforms/postcss.ts?config=[project]/postcss.config.mjs:70:51)]
    [at run (turbopack:///[turbopack-node]/child_process/evaluate.ts:89:29)]
    [at run (turbopack:///[turbopack-node]/child_process/evaluate.ts:112:11)]

Import trace:
  Server Component:
    ./src/components/categories-page/CategoryPageView/CategoryPageView.module.css
    ./src/components/categories-page/CategoryPageView/CategoryPageView.tsx
    ./src/app/categories/[...slug]/page.tsx @ http://localhost:3000/_next/static/chunks/node_modules_next_dist_1e8vcs8._.js:1052
[  298195ms] [ERROR] ./src/components/categories-page/CategoryPageView/CategoryPageView.module.css
Error: Error evaluating Node.js code
CssSyntaxError: D:\work\kaelis-website-new\src\components\categories-page\CategoryPageView\CategoryPageView.module.css:1:1: Unclosed block
    [at Input.error (turbopack:///[project]/node_modules/postcss/lib/input.js:135:16)]
    [at Parser.unclosedBlock (turbopack:///[project]/node_modules/postcss/lib/parser.js:582:22)]
    [at Parser.endFile (turbopack:///[project]/node_modules/postcss/lib/parser.js:342:35)]
    [at Parser.parse (turbopack:///[project]/node_modules/postcss/lib/parser.js:483:10)]
    [at parser (turbopack:///[project]/node_modules/postcss/lib/parse.js:11:12)]
    [at new LazyResult (turbopack:///[project]/node_modules/postcss/lib/lazy-result.js:171:16)]
    [at Processor.process (turbopack:///[project]/node_modules/postcss/lib/processor.js:53:14)]
    [at transform (turbopack:///[turbopack-node]/transforms/postcss.ts?config=[project]/postcss.config.mjs:70:51)]
    [at run (turbopack:///[turbopack-node]/child_process/evaluate.ts:89:29)]
    [at run (turbopack:///[turbopack-node]/child_process/evaluate.ts:112:11)]

Import trace:
  Server Component:
    ./src/components/categories-page/CategoryPageView/CategoryPageView.module.css
    ./src/components/categories-page/CategoryPageView/CategoryPageView.tsx
    ./src/app/categories/[...slug]/page.tsx @ http://localhost:3000/_next/static/chunks/node_modules_next_dist_1e8vcs8._.js:1052
[  298249ms] [ERROR] ./src/components/categories-page/CategoryPageView/CategoryPageView.module.css
Error: Error evaluating Node.js code
CssSyntaxError: D:\work\kaelis-website-new\src\components\categories-page\CategoryPageView\CategoryPageView.module.css:1:1: Unclosed block
    [at Input.error (turbopack:///[project]/node_modules/postcss/lib/input.js:135:16)]
    [at Parser.unclosedBlock (turbopack:///[project]/node_modules/postcss/lib/parser.js:582:22)]
    [at Parser.endFile (turbopack:///[project]/node_modules/postcss/lib/parser.js:342:35)]
    [at Parser.parse (turbopack:///[project]/node_modules/postcss/lib/parser.js:483:10)]
    [at parser (turbopack:///[project]/node_modules/postcss/lib/parse.js:11:12)]
    [at new LazyResult (turbopack:///[project]/node_modules/postcss/lib/lazy-result.js:171:16)]
    [at Processor.process (turbopack:///[project]/node_modules/postcss/lib/processor.js:53:14)]
    [at transform (turbopack:///[turbopack-node]/transforms/postcss.ts?config=[project]/postcss.config.mjs:70:51)]
    [at run (turbopack:///[turbopack-node]/child_process/evaluate.ts:89:29)]
    [at run (turbopack:///[turbopack-node]/child_process/evaluate.ts:112:11)]

Import trace:
  Server Component:
    ./src/components/categories-page/CategoryPageView/CategoryPageView.module.css
    ./src/components/categories-page/CategoryPageView/CategoryPageView.tsx
    ./src/app/categories/[...slug]/page.tsx @ http://localhost:3000/_next/static/chunks/node_modules_next_dist_1e8vcs8._.js:1052
[  298291ms] [ERROR] ./src/components/categories-page/CategoryPageView/CategoryPageView.module.css
Error: Error evaluating Node.js code
CssSyntaxError: D:\work\kaelis-website-new\src\components\categories-page\CategoryPageView\CategoryPageView.module.css:1:1: Unclosed block
    [at Input.error (turbopack:///[project]/node_modules/postcss/lib/input.js:135:16)]
    [at Parser.unclosedBlock (turbopack:///[project]/node_modules/postcss/lib/parser.js:582:22)]
    [at Parser.endFile (turbopack:///[project]/node_modules/postcss/lib/parser.js:342:35)]
    [at Parser.parse (turbopack:///[project]/node_modules/postcss/lib/parser.js:483:10)]
    [at parser (turbopack:///[project]/node_modules/postcss/lib/parse.js:11:12)]
    [at new LazyResult (turbopack:///[project]/node_modules/postcss/lib/lazy-result.js:171:16)]
    [at Processor.process (turbopack:///[project]/node_modules/postcss/lib/processor.js:53:14)]
    [at transform (turbopack:///[turbopack-node]/transforms/postcss.ts?config=[project]/postcss.config.mjs:70:51)]
    [at run (turbopack:///[turbopack-node]/child_process/evaluate.ts:89:29)]
    [at run (turbopack:///[turbopack-node]/child_process/evaluate.ts:112:11)]

Import trace:
  Server Component:
    ./src/components/categories-page/CategoryPageView/CategoryPageView.module.css
    ./src/components/categories-page/CategoryPageView/CategoryPageView.tsx
    ./src/app/categories/[...slug]/page.tsx @ http://localhost:3000/_next/static/chunks/node_modules_next_dist_1e8vcs8._.js:1052
[  298333ms] [ERROR] ./src/components/categories-page/CategoryPageView/CategoryPageView.module.css
Error: Error evaluating Node.js code
CssSyntaxError: D:\work\kaelis-website-new\src\components\categories-page\CategoryPageView\CategoryPageView.module.css:1:1: Unclosed block
    [at Input.error (turbopack:///[project]/node_modules/postcss/lib/input.js:135:16)]
    [at Parser.unclosedBlock (turbopack:///[project]/node_modules/postcss/lib/parser.js:582:22)]
    [at Parser.endFile (turbopack:///[project]/node_modules/postcss/lib/parser.js:342:35)]
    [at Parser.parse (turbopack:///[project]/node_modules/postcss/lib/parser.js:483:10)]
    [at parser (turbopack:///[project]/node_modules/postcss/lib/parse.js:11:12)]
    [at new LazyResult (turbopack:///[project]/node_modules/postcss/lib/lazy-result.js:171:16)]
    [at Processor.process (turbopack:///[project]/node_modules/postcss/lib/processor.js:53:14)]
    [at transform (turbopack:///[turbopack-node]/transforms/postcss.ts?config=[project]/postcss.config.mjs:70:51)]
    [at run (turbopack:///[turbopack-node]/child_process/evaluate.ts:89:29)]
    [at run (turbopack:///[turbopack-node]/child_process/evaluate.ts:112:11)]

Import trace:
  Server Component:
    ./src/components/categories-page/CategoryPageView/CategoryPageView.module.css
    ./src/components/categories-page/CategoryPageView/CategoryPageView.tsx
    ./src/app/categories/[...slug]/page.tsx @ http://localhost:3000/_next/static/chunks/node_modules_next_dist_1e8vcs8._.js:1052
[  298396ms] [ERROR] ./src/components/categories-page/CategoryPageView/CategoryPageView.module.css
Error: Error evaluating Node.js code
CssSyntaxError: D:\work\kaelis-website-new\src\components\categories-page\CategoryPageView\CategoryPageView.module.css:1:1: Unclosed block
    [at Input.error (turbopack:///[project]/node_modules/postcss/lib/input.js:135:16)]
    [at Parser.unclosedBlock (turbopack:///[project]/node_modules/postcss/lib/parser.js:582:22)]
    [at Parser.endFile (turbopack:///[project]/node_modules/postcss/lib/parser.js:342:35)]
    [at Parser.parse (turbopack:///[project]/node_modules/postcss/lib/parser.js:483:10)]
    [at parser (turbopack:///[project]/node_modules/postcss/lib/parse.js:11:12)]
    [at new LazyResult (turbopack:///[project]/node_modules/postcss/lib/lazy-result.js:171:16)]
    [at Processor.process (turbopack:///[project]/node_modules/postcss/lib/processor.js:53:14)]
    [at transform (turbopack:///[turbopack-node]/transforms/postcss.ts?config=[project]/postcss.config.mjs:70:51)]
    [at run (turbopack:///[turbopack-node]/child_process/evaluate.ts:89:29)]
    [at run (turbopack:///[turbopack-node]/child_process/evaluate.ts:112:11)]

Import trace:
  Server Component:
    ./src/components/categories-page/CategoryPageView/CategoryPageView.module.css
    ./src/components/categories-page/CategoryPageView/CategoryPageView.tsx
    ./src/app/categories/[...slug]/page.tsx @ http://localhost:3000/_next/static/chunks/node_modules_next_dist_1e8vcs8._.js:1052
[  298450ms] [ERROR] ./src/components/categories-page/CategoryPageView/CategoryPageView.module.css
Error: Error evaluating Node.js code
CssSyntaxError: D:\work\kaelis-website-new\src\components\categories-page\CategoryPageView\CategoryPageView.module.css:1:1: Unclosed block
    [at Input.error (turbopack:///[project]/node_modules/postcss/lib/input.js:135:16)]
    [at Parser.unclosedBlock (turbopack:///[project]/node_modules/postcss/lib/parser.js:582:22)]
    [at Parser.endFile (turbopack:///[project]/node_modules/postcss/lib/parser.js:342:35)]
    [at Parser.parse (turbopack:///[project]/node_modules/postcss/lib/parser.js:483:10)]
    [at parser (turbopack:///[project]/node_modules/postcss/lib/parse.js:11:12)]
    [at new LazyResult (turbopack:///[project]/node_modules/postcss/lib/lazy-result.js:171:16)]
    [at Processor.process (turbopack:///[project]/node_modules/postcss/lib/processor.js:53:14)]
    [at transform (turbopack:///[turbopack-node]/transforms/postcss.ts?config=[project]/postcss.config.mjs:70:51)]
    [at run (turbopack:///[turbopack-node]/child_process/evaluate.ts:89:29)]
    [at run (turbopack:///[turbopack-node]/child_process/evaluate.ts:112:11)]

Import trace:
  Server Component:
    ./src/components/categories-page/CategoryPageView/CategoryPageView.module.css
    ./src/components/categories-page/CategoryPageView/CategoryPageView.tsx
    ./src/app/categories/[...slug]/page.tsx @ http://localhost:3000/_next/static/chunks/node_modules_next_dist_1e8vcs8._.js:1052
[  298499ms] [ERROR] ./src/components/categories-page/CategoryPageView/CategoryPageView.module.css
Error: Error evaluating Node.js code
CssSyntaxError: D:\work\kaelis-website-new\src\components\categories-page\CategoryPageView\CategoryPageView.module.css:1:1: Unclosed block
    [at Input.error (turbopack:///[project]/node_modules/postcss/lib/input.js:135:16)]
    [at Parser.unclosedBlock (turbopack:///[project]/node_modules/postcss/lib/parser.js:582:22)]
    [at Parser.endFile (turbopack:///[project]/node_modules/postcss/lib/parser.js:342:35)]
    [at Parser.parse (turbopack:///[project]/node_modules/postcss/lib/parser.js:483:10)]
    [at parser (turbopack:///[project]/node_modules/postcss/lib/parse.js:11:12)]
    [at new LazyResult (turbopack:///[project]/node_modules/postcss/lib/lazy-result.js:171:16)]
    [at Processor.process (turbopack:///[project]/node_modules/postcss/lib/processor.js:53:14)]
    [at transform (turbopack:///[turbopack-node]/transforms/postcss.ts?config=[project]/postcss.config.mjs:70:51)]
    [at run (turbopack:///[turbopack-node]/child_process/evaluate.ts:89:29)]
    [at run (turbopack:///[turbopack-node]/child_process/evaluate.ts:112:11)]

Import trace:
  Server Component:
    ./src/components/categories-page/CategoryPageView/CategoryPageView.module.css
    ./src/components/categories-page/CategoryPageView/CategoryPageView.tsx
    ./src/app/categories/[...slug]/page.tsx @ http://localhost:3000/_next/static/chunks/node_modules_next_dist_1e8vcs8._.js:1052
[  298541ms] [ERROR] ./src/components/categories-page/CategoryPageView/CategoryPageView.module.css
Error: Error evaluating Node.js code
CssSyntaxError: D:\work\kaelis-website-new\src\components\categories-page\CategoryPageView\CategoryPageView.module.css:1:1: Unclosed block
    [at Input.error (turbopack:///[project]/node_modules/postcss/lib/input.js:135:16)]
    [at Parser.unclosedBlock (turbopack:///[project]/node_modules/postcss/lib/parser.js:582:22)]
    [at Parser.endFile (turbopack:///[project]/node_modules/postcss/lib/parser.js:342:35)]
    [at Parser.parse (turbopack:///[project]/node_modules/postcss/lib/parser.js:483:10)]
    [at parser (turbopack:///[project]/node_modules/postcss/lib/parse.js:11:12)]
    [at new LazyResult (turbopack:///[project]/node_modules/postcss/lib/lazy-result.js:171:16)]
    [at Processor.process (turbopack:///[project]/node_modules/postcss/lib/processor.js:53:14)]
    [at transform (turbopack:///[turbopack-node]/transforms/postcss.ts?config=[project]/postcss.config.mjs:70:51)]
    [at run (turbopack:///[turbopack-node]/child_process/evaluate.ts:89:29)]
    [at run (turbopack:///[turbopack-node]/child_process/evaluate.ts:112:11)]

Import trace:
  Server Component:
    ./src/components/categories-page/CategoryPageView/CategoryPageView.module.css
    ./src/components/categories-page/CategoryPageView/CategoryPageView.tsx
    ./src/app/categories/[...slug]/page.tsx @ http://localhost:3000/_next/static/chunks/node_modules_next_dist_1e8vcs8._.js:1052
[  298582ms] [ERROR] ./src/components/categories-page/CategoryPageView/CategoryPageView.module.css
Error: Error evaluating Node.js code
CssSyntaxError: D:\work\kaelis-website-new\src\components\categories-page\CategoryPageView\CategoryPageView.module.css:1:1: Unclosed block
    [at Input.error (turbopack:///[project]/node_modules/postcss/lib/input.js:135:16)]
    [at Parser.unclosedBlock (turbopack:///[project]/node_modules/postcss/lib/parser.js:582:22)]
    [at Parser.endFile (turbopack:///[project]/node_modules/postcss/lib/parser.js:342:35)]
    [at Parser.parse (turbopack:///[project]/node_modules/postcss/lib/parser.js:483:10)]
    [at parser (turbopack:///[project]/node_modules/postcss/lib/parse.js:11:12)]
    [at new LazyResult (turbopack:///[project]/node_modules/postcss/lib/lazy-result.js:171:16)]
    [at Processor.process (turbopack:///[project]/node_modules/postcss/lib/processor.js:53:14)]
    [at transform (turbopack:///[turbopack-node]/transforms/postcss.ts?config=[project]/postcss.config.mjs:70:51)]
    [at run (turbopack:///[turbopack-node]/child_process/evaluate.ts:89:29)]
    [at run (turbopack:///[turbopack-node]/child_process/evaluate.ts:112:11)]

Import trace:
  Server Component:
    ./src/components/categories-page/CategoryPageView/CategoryPageView.module.css
    ./src/components/categories-page/CategoryPageView/CategoryPageView.tsx
    ./src/app/categories/[...slug]/page.tsx @ http://localhost:3000/_next/static/chunks/node_modules_next_dist_1e8vcs8._.js:1052
[  298646ms] [ERROR] ./src/components/categories-page/CategoryPageView/CategoryPageView.module.css
Error: Error evaluating Node.js code
CssSyntaxError: D:\work\kaelis-website-new\src\components\categories-page\CategoryPageView\CategoryPageView.module.css:1:1: Unclosed block
    [at Input.error (turbopack:///[project]/node_modules/postcss/lib/input.js:135:16)]
    [at Parser.unclosedBlock (turbopack:///[project]/node_modules/postcss/lib/parser.js:582:22)]
    [at Parser.endFile (turbopack:///[project]/node_modules/postcss/lib/parser.js:342:35)]
    [at Parser.parse (turbopack:///[project]/node_modules/postcss/lib/parser.js:483:10)]
    [at parser (turbopack:///[project]/node_modules/postcss/lib/parse.js:11:12)]
    [at new LazyResult (turbopack:///[project]/node_modules/postcss/lib/lazy-result.js:171:16)]
    [at Processor.process (turbopack:///[project]/node_modules/postcss/lib/processor.js:53:14)]
    [at transform (turbopack:///[turbopack-node]/transforms/postcss.ts?config=[project]/postcss.config.mjs:70:51)]
    [at run (turbopack:///[turbopack-node]/child_process/evaluate.ts:89:29)]
    [at run (turbopack:///[turbopack-node]/child_process/evaluate.ts:112:11)]

Import trace:
  Server Component:
    ./src/components/categories-page/CategoryPageView/CategoryPageView.module.css
    ./src/components/categories-page/CategoryPageView/CategoryPageView.tsx
    ./src/app/categories/[...slug]/page.tsx @ http://localhost:3000/_next/static/chunks/node_modules_next_dist_1e8vcs8._.js:1052
[  298701ms] [ERROR] ./src/components/categories-page/CategoryPageView/CategoryPageView.module.css
Error: Error evaluating Node.js code
CssSyntaxError: D:\work\kaelis-website-new\src\components\categories-page\CategoryPageView\CategoryPageView.module.css:1:1: Unclosed block
    [at Input.error (turbopack:///[project]/node_modules/postcss/lib/input.js:135:16)]
    [at Parser.unclosedBlock (turbopack:///[project]/node_modules/postcss/lib/parser.js:582:22)]
    [at Parser.endFile (turbopack:///[project]/node_modules/postcss/lib/parser.js:342:35)]
    [at Parser.parse (turbopack:///[project]/node_modules/postcss/lib/parser.js:483:10)]
    [at parser (turbopack:///[project]/node_modules/postcss/lib/parse.js:11:12)]
    [at new LazyResult (turbopack:///[project]/node_modules/postcss/lib/lazy-result.js:171:16)]
    [at Processor.process (turbopack:///[project]/node_modules/postcss/lib/processor.js:53:14)]
    [at transform (turbopack:///[turbopack-node]/transforms/postcss.ts?config=[project]/postcss.config.mjs:70:51)]
    [at run (turbopack:///[turbopack-node]/child_process/evaluate.ts:89:29)]
    [at run (turbopack:///[turbopack-node]/child_process/evaluate.ts:112:11)]

Import trace:
  Server Component:
    ./src/components/categories-page/CategoryPageView/CategoryPageView.module.css
    ./src/components/categories-page/CategoryPageView/CategoryPageView.tsx
    ./src/app/categories/[...slug]/page.tsx @ http://localhost:3000/_next/static/chunks/node_modules_next_dist_1e8vcs8._.js:1052
[  298749ms] [ERROR] ./src/components/categories-page/CategoryPageView/CategoryPageView.module.css
Error: Error evaluating Node.js code
CssSyntaxError: D:\work\kaelis-website-new\src\components\categories-page\CategoryPageView\CategoryPageView.module.css:1:1: Unclosed block
    [at Input.error (turbopack:///[project]/node_modules/postcss/lib/input.js:135:16)]
    [at Parser.unclosedBlock (turbopack:///[project]/node_modules/postcss/lib/parser.js:582:22)]
    [at Parser.endFile (turbopack:///[project]/node_modules/postcss/lib/parser.js:342:35)]
    [at Parser.parse (turbopack:///[project]/node_modules/postcss/lib/parser.js:483:10)]
    [at parser (turbopack:///[project]/node_modules/postcss/lib/parse.js:11:12)]
    [at new LazyResult (turbopack:///[project]/node_modules/postcss/lib/lazy-result.js:171:16)]
    [at Processor.process (turbopack:///[project]/node_modules/postcss/lib/processor.js:53:14)]
    [at transform (turbopack:///[turbopack-node]/transforms/postcss.ts?config=[project]/postcss.config.mjs:70:51)]
    [at run (turbopack:///[turbopack-node]/child_process/evaluate.ts:89:29)]
    [at run (turbopack:///[turbopack-node]/child_process/evaluate.ts:112:11)]

Import trace:
  Server Component:
    ./src/components/categories-page/CategoryPageView/CategoryPageView.module.css
    ./src/components/categories-page/CategoryPageView/CategoryPageView.tsx
    ./src/app/categories/[...slug]/page.tsx @ http://localhost:3000/_next/static/chunks/node_modules_next_dist_1e8vcs8._.js:1052
[  298800ms] [ERROR] ./src/components/categories-page/CategoryPageView/CategoryPageView.module.css
Error: Error evaluating Node.js code
CssSyntaxError: D:\work\kaelis-website-new\src\components\categories-page\CategoryPageView\CategoryPageView.module.css:1:1: Unclosed block
    [at Input.error (turbopack:///[project]/node_modules/postcss/lib/input.js:135:16)]
    [at Parser.unclosedBlock (turbopack:///[project]/node_modules/postcss/lib/parser.js:582:22)]
    [at Parser.endFile (turbopack:///[project]/node_modules/postcss/lib/parser.js:342:35)]
    [at Parser.parse (turbopack:///[project]/node_modules/postcss/lib/parser.js:483:10)]
    [at parser (turbopack:///[project]/node_modules/postcss/lib/parse.js:11:12)]
    [at new LazyResult (turbopack:///[project]/node_modules/postcss/lib/lazy-result.js:171:16)]
    [at Processor.process (turbopack:///[project]/node_modules/postcss/lib/processor.js:53:14)]
    [at transform (turbopack:///[turbopack-node]/transforms/postcss.ts?config=[project]/postcss.config.mjs:70:51)]
    [at run (turbopack:///[turbopack-node]/child_process/evaluate.ts:89:29)]
    [at run (turbopack:///[turbopack-node]/child_process/evaluate.ts:112:11)]

Import trace:
  Server Component:
    ./src/components/categories-page/CategoryPageView/CategoryPageView.module.css
    ./src/components/categories-page/CategoryPageView/CategoryPageView.tsx
    ./src/app/categories/[...slug]/page.tsx @ http://localhost:3000/_next/static/chunks/node_modules_next_dist_1e8vcs8._.js:1052
[  298853ms] [ERROR] ./src/components/categories-page/CategoryPageView/CategoryPageView.module.css
Error: Error evaluating Node.js code
CssSyntaxError: D:\work\kaelis-website-new\src\components\categories-page\CategoryPageView\CategoryPageView.module.css:1:1: Unclosed block
    [at Input.error (turbopack:///[project]/node_modules/postcss/lib/input.js:135:16)]
    [at Parser.unclosedBlock (turbopack:///[project]/node_modules/postcss/lib/parser.js:582:22)]
    [at Parser.endFile (turbopack:///[project]/node_modules/postcss/lib/parser.js:342:35)]
    [at Parser.parse (turbopack:///[project]/node_modules/postcss/lib/parser.js:483:10)]
    [at parser (turbopack:///[project]/node_modules/postcss/lib/parse.js:11:12)]
    [at new LazyResult (turbopack:///[project]/node_modules/postcss/lib/lazy-result.js:171:16)]
    [at Processor.process (turbopack:///[project]/node_modules/postcss/lib/processor.js:53:14)]
    [at transform (turbopack:///[turbopack-node]/transforms/postcss.ts?config=[project]/postcss.config.mjs:70:51)]
    [at run (turbopack:///[turbopack-node]/child_process/evaluate.ts:89:29)]
    [at run (turbopack:///[turbopack-node]/child_process/evaluate.ts:112:11)]

Import trace:
  Server Component:
    ./src/components/categories-page/CategoryPageView/CategoryPageView.module.css
    ./src/components/categories-page/CategoryPageView/CategoryPageView.tsx
    ./src/app/categories/[...slug]/page.tsx @ http://localhost:3000/_next/static/chunks/node_modules_next_dist_1e8vcs8._.js:1052
[  298910ms] [ERROR] ./src/components/categories-page/CategoryPageView/CategoryPageView.module.css
Error: Error evaluating Node.js code
CssSyntaxError: D:\work\kaelis-website-new\src\components\categories-page\CategoryPageView\CategoryPageView.module.css:1:1: Unclosed block
    [at Input.error (turbopack:///[project]/node_modules/postcss/lib/input.js:135:16)]
    [at Parser.unclosedBlock (turbopack:///[project]/node_modules/postcss/lib/parser.js:582:22)]
    [at Parser.endFile (turbopack:///[project]/node_modules/postcss/lib/parser.js:342:35)]
    [at Parser.parse (turbopack:///[project]/node_modules/postcss/lib/parser.js:483:10)]
    [at parser (turbopack:///[project]/node_modules/postcss/lib/parse.js:11:12)]
    [at new LazyResult (turbopack:///[project]/node_modules/postcss/lib/lazy-result.js:171:16)]
    [at Processor.process (turbopack:///[project]/node_modules/postcss/lib/processor.js:53:14)]
    [at transform (turbopack:///[turbopack-node]/transforms/postcss.ts?config=[project]/postcss.config.mjs:70:51)]
    [at run (turbopack:///[turbopack-node]/child_process/evaluate.ts:89:29)]
    [at run (turbopack:///[turbopack-node]/child_process/evaluate.ts:112:11)]

Import trace:
  Server Component:
    ./src/components/categories-page/CategoryPageView/CategoryPageView.module.css
    ./src/components/categories-page/CategoryPageView/CategoryPageView.tsx
    ./src/app/categories/[...slug]/page.tsx @ http://localhost:3000/_next/static/chunks/node_modules_next_dist_1e8vcs8._.js:1052
[  298966ms] [ERROR] ./src/components/categories-page/CategoryPageView/CategoryPageView.module.css
Error: Error evaluating Node.js code
CssSyntaxError: D:\work\kaelis-website-new\src\components\categories-page\CategoryPageView\CategoryPageView.module.css:1:1: Unclosed block
    [at Input.error (turbopack:///[project]/node_modules/postcss/lib/input.js:135:16)]
    [at Parser.unclosedBlock (turbopack:///[project]/node_modules/postcss/lib/parser.js:582:22)]
    [at Parser.endFile (turbopack:///[project]/node_modules/postcss/lib/parser.js:342:35)]
    [at Parser.parse (turbopack:///[project]/node_modules/postcss/lib/parser.js:483:10)]
    [at parser (turbopack:///[project]/node_modules/postcss/lib/parse.js:11:12)]
    [at new LazyResult (turbopack:///[project]/node_modules/postcss/lib/lazy-result.js:171:16)]
    [at Processor.process (turbopack:///[project]/node_modules/postcss/lib/processor.js:53:14)]
    [at transform (turbopack:///[turbopack-node]/transforms/postcss.ts?config=[project]/postcss.config.mjs:70:51)]
    [at run (turbopack:///[turbopack-node]/child_process/evaluate.ts:89:29)]
    [at run (turbopack:///[turbopack-node]/child_process/evaluate.ts:112:11)]

Import trace:
  Server Component:
    ./src/components/categories-page/CategoryPageView/CategoryPageView.module.css
    ./src/components/categories-page/CategoryPageView/CategoryPageView.tsx
    ./src/app/categories/[...slug]/page.tsx @ http://localhost:3000/_next/static/chunks/node_modules_next_dist_1e8vcs8._.js:1052
[  299015ms] [ERROR] ./src/components/categories-page/CategoryPageView/CategoryPageView.module.css
Error: Error evaluating Node.js code
CssSyntaxError: D:\work\kaelis-website-new\src\components\categories-page\CategoryPageView\CategoryPageView.module.css:1:1: Unclosed block
    [at Input.error (turbopack:///[project]/node_modules/postcss/lib/input.js:135:16)]
    [at Parser.unclosedBlock (turbopack:///[project]/node_modules/postcss/lib/parser.js:582:22)]
    [at Parser.endFile (turbopack:///[project]/node_modules/postcss/lib/parser.js:342:35)]
    [at Parser.parse (turbopack:///[project]/node_modules/postcss/lib/parser.js:483:10)]
    [at parser (turbopack:///[project]/node_modules/postcss/lib/parse.js:11:12)]
    [at new LazyResult (turbopack:///[project]/node_modules/postcss/lib/lazy-result.js:171:16)]
    [at Processor.process (turbopack:///[project]/node_modules/postcss/lib/processor.js:53:14)]
    [at transform (turbopack:///[turbopack-node]/transforms/postcss.ts?config=[project]/postcss.config.mjs:70:51)]
    [at run (turbopack:///[turbopack-node]/child_process/evaluate.ts:89:29)]
    [at run (turbopack:///[turbopack-node]/child_process/evaluate.ts:112:11)]

Import trace:
  Server Component:
    ./src/components/categories-page/CategoryPageView/CategoryPageView.module.css
    ./src/components/categories-page/CategoryPageView/CategoryPageView.tsx
    ./src/app/categories/[...slug]/page.tsx @ http://localhost:3000/_next/static/chunks/node_modules_next_dist_1e8vcs8._.js:1052
[  299066ms] [ERROR] ./src/components/categories-page/CategoryPageView/CategoryPageView.module.css
Error: Error evaluating Node.js code
CssSyntaxError: D:\work\kaelis-website-new\src\components\categories-page\CategoryPageView\CategoryPageView.module.css:1:1: Unclosed block
    [at Input.error (turbopack:///[project]/node_modules/postcss/lib/input.js:135:16)]
    [at Parser.unclosedBlock (turbopack:///[project]/node_modules/postcss/lib/parser.js:582:22)]
    [at Parser.endFile (turbopack:///[project]/node_modules/postcss/lib/parser.js:342:35)]
    [at Parser.parse (turbopack:///[project]/node_modules/postcss/lib/parser.js:483:10)]
    [at parser (turbopack:///[project]/node_modules/postcss/lib/parse.js:11:12)]
    [at new LazyResult (turbopack:///[project]/node_modules/postcss/lib/lazy-result.js:171:16)]
    [at Processor.process (turbopack:///[project]/node_modules/postcss/lib/processor.js:53:14)]
    [at transform (turbopack:///[turbopack-node]/transforms/postcss.ts?config=[project]/postcss.config.mjs:70:51)]
    [at run (turbopack:///[turbopack-node]/child_process/evaluate.ts:89:29)]
    [at run (turbopack:///[turbopack-node]/child_process/evaluate.ts:112:11)]

Import trace:
  Server Component:
    ./src/components/categories-page/CategoryPageView/CategoryPageView.module.css
    ./src/components/categories-page/CategoryPageView/CategoryPageView.tsx
    ./src/app/categories/[...slug]/page.tsx @ http://localhost:3000/_next/static/chunks/node_modules_next_dist_1e8vcs8._.js:1052
[  299108ms] [ERROR] ./src/components/categories-page/CategoryPageView/CategoryPageView.module.css
Error: Error evaluating Node.js code
CssSyntaxError: D:\work\kaelis-website-new\src\components\categories-page\CategoryPageView\CategoryPageView.module.css:1:1: Unclosed block
    [at Input.error (turbopack:///[project]/node_modules/postcss/lib/input.js:135:16)]
    [at Parser.unclosedBlock (turbopack:///[project]/node_modules/postcss/lib/parser.js:582:22)]
    [at Parser.endFile (turbopack:///[project]/node_modules/postcss/lib/parser.js:342:35)]
    [at Parser.parse (turbopack:///[project]/node_modules/postcss/lib/parser.js:483:10)]
    [at parser (turbopack:///[project]/node_modules/postcss/lib/parse.js:11:12)]
    [at new LazyResult (turbopack:///[project]/node_modules/postcss/lib/lazy-result.js:171:16)]
    [at Processor.process (turbopack:///[project]/node_modules/postcss/lib/processor.js:53:14)]
    [at transform (turbopack:///[turbopack-node]/transforms/postcss.ts?config=[project]/postcss.config.mjs:70:51)]
    [at run (turbopack:///[turbopack-node]/child_process/evaluate.ts:89:29)]
    [at run (turbopack:///[turbopack-node]/child_process/evaluate.ts:112:11)]

Import trace:
  Server Component:
    ./src/components/categories-page/CategoryPageView/CategoryPageView.module.css
    ./src/components/categories-page/CategoryPageView/CategoryPageView.tsx
    ./src/app/categories/[...slug]/page.tsx @ http://localhost:3000/_next/static/chunks/node_modules_next_dist_1e8vcs8._.js:1052
[  299157ms] [ERROR] ./src/components/categories-page/CategoryPageView/CategoryPageView.module.css
Error: Error evaluating Node.js code
CssSyntaxError: D:\work\kaelis-website-new\src\components\categories-page\CategoryPageView\CategoryPageView.module.css:1:1: Unclosed block
    [at Input.error (turbopack:///[project]/node_modules/postcss/lib/input.js:135:16)]
    [at Parser.unclosedBlock (turbopack:///[project]/node_modules/postcss/lib/parser.js:582:22)]
    [at Parser.endFile (turbopack:///[project]/node_modules/postcss/lib/parser.js:342:35)]
    [at Parser.parse (turbopack:///[project]/node_modules/postcss/lib/parser.js:483:10)]
    [at parser (turbopack:///[project]/node_modules/postcss/lib/parse.js:11:12)]
    [at new LazyResult (turbopack:///[project]/node_modules/postcss/lib/lazy-result.js:171:16)]
    [at Processor.process (turbopack:///[project]/node_modules/postcss/lib/processor.js:53:14)]
    [at transform (turbopack:///[turbopack-node]/transforms/postcss.ts?config=[project]/postcss.config.mjs:70:51)]
    [at run (turbopack:///[turbopack-node]/child_process/evaluate.ts:89:29)]
    [at run (turbopack:///[turbopack-node]/child_process/evaluate.ts:112:11)]

Import trace:
  Server Component:
    ./src/components/categories-page/CategoryPageView/CategoryPageView.module.css
    ./src/components/categories-page/CategoryPageView/CategoryPageView.tsx
    ./src/app/categories/[...slug]/page.tsx @ http://localhost:3000/_next/static/chunks/node_modules_next_dist_1e8vcs8._.js:1052
[  299200ms] [ERROR] ./src/components/categories-page/CategoryPageView/CategoryPageView.module.css
Error: Error evaluating Node.js code
CssSyntaxError: D:\work\kaelis-website-new\src\components\categories-page\CategoryPageView\CategoryPageView.module.css:1:1: Unclosed block
    [at Input.error (turbopack:///[project]/node_modules/postcss/lib/input.js:135:16)]
    [at Parser.unclosedBlock (turbopack:///[project]/node_modules/postcss/lib/parser.js:582:22)]
    [at Parser.endFile (turbopack:///[project]/node_modules/postcss/lib/parser.js:342:35)]
    [at Parser.parse (turbopack:///[project]/node_modules/postcss/lib/parser.js:483:10)]
    [at parser (turbopack:///[project]/node_modules/postcss/lib/parse.js:11:12)]
    [at new LazyResult (turbopack:///[project]/node_modules/postcss/lib/lazy-result.js:171:16)]
    [at Processor.process (turbopack:///[project]/node_modules/postcss/lib/processor.js:53:14)]
    [at transform (turbopack:///[turbopack-node]/transforms/postcss.ts?config=[project]/postcss.config.mjs:70:51)]
    [at run (turbopack:///[turbopack-node]/child_process/evaluate.ts:89:29)]
    [at run (turbopack:///[turbopack-node]/child_process/evaluate.ts:112:11)]

Import trace:
  Server Component:
    ./src/components/categories-page/CategoryPageView/CategoryPageView.module.css
    ./src/components/categories-page/CategoryPageView/CategoryPageView.tsx
    ./src/app/categories/[...slug]/page.tsx @ http://localhost:3000/_next/static/chunks/node_modules_next_dist_1e8vcs8._.js:1052
[  299256ms] [ERROR] ./src/components/categories-page/CategoryPageView/CategoryPageView.module.css
Error: Error evaluating Node.js code
CssSyntaxError: D:\work\kaelis-website-new\src\components\categories-page\CategoryPageView\CategoryPageView.module.css:1:1: Unclosed block
    [at Input.error (turbopack:///[project]/node_modules/postcss/lib/input.js:135:16)]
    [at Parser.unclosedBlock (turbopack:///[project]/node_modules/postcss/lib/parser.js:582:22)]
    [at Parser.endFile (turbopack:///[project]/node_modules/postcss/lib/parser.js:342:35)]
    [at Parser.parse (turbopack:///[project]/node_modules/postcss/lib/parser.js:483:10)]
    [at parser (turbopack:///[project]/node_modules/postcss/lib/parse.js:11:12)]
    [at new LazyResult (turbopack:///[project]/node_modules/postcss/lib/lazy-result.js:171:16)]
    [at Processor.process (turbopack:///[project]/node_modules/postcss/lib/processor.js:53:14)]
    [at transform (turbopack:///[turbopack-node]/transforms/postcss.ts?config=[project]/postcss.config.mjs:70:51)]
    [at run (turbopack:///[turbopack-node]/child_process/evaluate.ts:89:29)]
    [at run (turbopack:///[turbopack-node]/child_process/evaluate.ts:112:11)]

Import trace:
  Server Component:
    ./src/components/categories-page/CategoryPageView/CategoryPageView.module.css
    ./src/components/categories-page/CategoryPageView/CategoryPageView.tsx
    ./src/app/categories/[...slug]/page.tsx @ http://localhost:3000/_next/static/chunks/node_modules_next_dist_1e8vcs8._.js:1052
[  299299ms] [ERROR] ./src/components/categories-page/CategoryPageView/CategoryPageView.module.css
Error: Error evaluating Node.js code
CssSyntaxError: D:\work\kaelis-website-new\src\components\categories-page\CategoryPageView\CategoryPageView.module.css:1:1: Unclosed block
    [at Input.error (turbopack:///[project]/node_modules/postcss/lib/input.js:135:16)]
    [at Parser.unclosedBlock (turbopack:///[project]/node_modules/postcss/lib/parser.js:582:22)]
    [at Parser.endFile (turbopack:///[project]/node_modules/postcss/lib/parser.js:342:35)]
    [at Parser.parse (turbopack:///[project]/node_modules/postcss/lib/parser.js:483:10)]
    [at parser (turbopack:///[project]/node_modules/postcss/lib/parse.js:11:12)]
    [at new LazyResult (turbopack:///[project]/node_modules/postcss/lib/lazy-result.js:171:16)]
    [at Processor.process (turbopack:///[project]/node_modules/postcss/lib/processor.js:53:14)]
    [at transform (turbopack:///[turbopack-node]/transforms/postcss.ts?config=[project]/postcss.config.mjs:70:51)]
    [at run (turbopack:///[turbopack-node]/child_process/evaluate.ts:89:29)]
    [at run (turbopack:///[turbopack-node]/child_process/evaluate.ts:112:11)]

Import trace:
  Server Component:
    ./src/components/categories-page/CategoryPageView/CategoryPageView.module.css
    ./src/components/categories-page/CategoryPageView/CategoryPageView.tsx
    ./src/app/categories/[...slug]/page.tsx @ http://localhost:3000/_next/static/chunks/node_modules_next_dist_1e8vcs8._.js:1052
[  299354ms] [ERROR] ./src/components/categories-page/CategoryPageView/CategoryPageView.module.css
Error: Error evaluating Node.js code
CssSyntaxError: D:\work\kaelis-website-new\src\components\categories-page\CategoryPageView\CategoryPageView.module.css:1:1: Unclosed block
    [at Input.error (turbopack:///[project]/node_modules/postcss/lib/input.js:135:16)]
    [at Parser.unclosedBlock (turbopack:///[project]/node_modules/postcss/lib/parser.js:582:22)]
    [at Parser.endFile (turbopack:///[project]/node_modules/postcss/lib/parser.js:342:35)]
    [at Parser.parse (turbopack:///[project]/node_modules/postcss/lib/parser.js:483:10)]
    [at parser (turbopack:///[project]/node_modules/postcss/lib/parse.js:11:12)]
    [at new LazyResult (turbopack:///[project]/node_modules/postcss/lib/lazy-result.js:171:16)]
    [at Processor.process (turbopack:///[project]/node_modules/postcss/lib/processor.js:53:14)]
    [at transform (turbopack:///[turbopack-node]/transforms/postcss.ts?config=[project]/postcss.config.mjs:70:51)]
    [at run (turbopack:///[turbopack-node]/child_process/evaluate.ts:89:29)]
    [at run (turbopack:///[turbopack-node]/child_process/evaluate.ts:112:11)]

Import trace:
  Server Component:
    ./src/components/categories-page/CategoryPageView/CategoryPageView.module.css
    ./src/components/categories-page/CategoryPageView/CategoryPageView.tsx
    ./src/app/categories/[...slug]/page.tsx @ http://localhost:3000/_next/static/chunks/node_modules_next_dist_1e8vcs8._.js:1052
[  299402ms] [ERROR] ./src/components/categories-page/CategoryPageView/CategoryPageView.module.css
Error: Error evaluating Node.js code
CssSyntaxError: D:\work\kaelis-website-new\src\components\categories-page\CategoryPageView\CategoryPageView.module.css:1:1: Unclosed block
    [at Input.error (turbopack:///[project]/node_modules/postcss/lib/input.js:135:16)]
    [at Parser.unclosedBlock (turbopack:///[project]/node_modules/postcss/lib/parser.js:582:22)]
    [at Parser.endFile (turbopack:///[project]/node_modules/postcss/lib/parser.js:342:35)]
    [at Parser.parse (turbopack:///[project]/node_modules/postcss/lib/parser.js:483:10)]
    [at parser (turbopack:///[project]/node_modules/postcss/lib/parse.js:11:12)]
    [at new LazyResult (turbopack:///[project]/node_modules/postcss/lib/lazy-result.js:171:16)]
    [at Processor.process (turbopack:///[project]/node_modules/postcss/lib/processor.js:53:14)]
    [at transform (turbopack:///[turbopack-node]/transforms/postcss.ts?config=[project]/postcss.config.mjs:70:51)]
    [at run (turbopack:///[turbopack-node]/child_process/evaluate.ts:89:29)]
    [at run (turbopack:///[turbopack-node]/child_process/evaluate.ts:112:11)]

Import trace:
  Server Component:
    ./src/components/categories-page/CategoryPageView/CategoryPageView.module.css
    ./src/components/categories-page/CategoryPageView/CategoryPageView.tsx
    ./src/app/categories/[...slug]/page.tsx @ http://localhost:3000/_next/static/chunks/node_modules_next_dist_1e8vcs8._.js:1052
[  299451ms] [ERROR] ./src/components/categories-page/CategoryPageView/CategoryPageView.module.css
Error: Error evaluating Node.js code
CssSyntaxError: D:\work\kaelis-website-new\src\components\categories-page\CategoryPageView\CategoryPageView.module.css:1:1: Unclosed block
    [at Input.error (turbopack:///[project]/node_modules/postcss/lib/input.js:135:16)]
    [at Parser.unclosedBlock (turbopack:///[project]/node_modules/postcss/lib/parser.js:582:22)]
    [at Parser.endFile (turbopack:///[project]/node_modules/postcss/lib/parser.js:342:35)]
    [at Parser.parse (turbopack:///[project]/node_modules/postcss/lib/parser.js:483:10)]
    [at parser (turbopack:///[project]/node_modules/postcss/lib/parse.js:11:12)]
    [at new LazyResult (turbopack:///[project]/node_modules/postcss/lib/lazy-result.js:171:16)]
    [at Processor.process (turbopack:///[project]/node_modules/postcss/lib/processor.js:53:14)]
    [at transform (turbopack:///[turbopack-node]/transforms/postcss.ts?config=[project]/postcss.config.mjs:70:51)]
    [at run (turbopack:///[turbopack-node]/child_process/evaluate.ts:89:29)]
    [at run (turbopack:///[turbopack-node]/child_process/evaluate.ts:112:11)]

Import trace:
  Server Component:
    ./src/components/categories-page/CategoryPageView/CategoryPageView.module.css
    ./src/components/categories-page/CategoryPageView/CategoryPageView.tsx
    ./src/app/categories/[...slug]/page.tsx @ http://localhost:3000/_next/static/chunks/node_modules_next_dist_1e8vcs8._.js:1052
[  299500ms] [ERROR] ./src/components/categories-page/CategoryPageView/CategoryPageView.module.css
Error: Error evaluating Node.js code
CssSyntaxError: D:\work\kaelis-website-new\src\components\categories-page\CategoryPageView\CategoryPageView.module.css:1:1: Unclosed block
    [at Input.error (turbopack:///[project]/node_modules/postcss/lib/input.js:135:16)]
    [at Parser.unclosedBlock (turbopack:///[project]/node_modules/postcss/lib/parser.js:582:22)]
    [at Parser.endFile (turbopack:///[project]/node_modules/postcss/lib/parser.js:342:35)]
    [at Parser.parse (turbopack:///[project]/node_modules/postcss/lib/parser.js:483:10)]
    [at parser (turbopack:///[project]/node_modules/postcss/lib/parse.js:11:12)]
    [at new LazyResult (turbopack:///[project]/node_modules/postcss/lib/lazy-result.js:171:16)]
    [at Processor.process (turbopack:///[project]/node_modules/postcss/lib/processor.js:53:14)]
    [at transform (turbopack:///[turbopack-node]/transforms/postcss.ts?config=[project]/postcss.config.mjs:70:51)]
    [at run (turbopack:///[turbopack-node]/child_process/evaluate.ts:89:29)]
    [at run (turbopack:///[turbopack-node]/child_process/evaluate.ts:112:11)]

Import trace:
  Server Component:
    ./src/components/categories-page/CategoryPageView/CategoryPageView.module.css
    ./src/components/categories-page/CategoryPageView/CategoryPageView.tsx
    ./src/app/categories/[...slug]/page.tsx @ http://localhost:3000/_next/static/chunks/node_modules_next_dist_1e8vcs8._.js:1052
[  299548ms] [ERROR] ./src/components/categories-page/CategoryPageView/CategoryPageView.module.css
Error: Error evaluating Node.js code
CssSyntaxError: D:\work\kaelis-website-new\src\components\categories-page\CategoryPageView\CategoryPageView.module.css:1:1: Unclosed block
    [at Input.error (turbopack:///[project]/node_modules/postcss/lib/input.js:135:16)]
    [at Parser.unclosedBlock (turbopack:///[project]/node_modules/postcss/lib/parser.js:582:22)]
    [at Parser.endFile (turbopack:///[project]/node_modules/postcss/lib/parser.js:342:35)]
    [at Parser.parse (turbopack:///[project]/node_modules/postcss/lib/parser.js:483:10)]
    [at parser (turbopack:///[project]/node_modules/postcss/lib/parse.js:11:12)]
    [at new LazyResult (turbopack:///[project]/node_modules/postcss/lib/lazy-result.js:171:16)]
    [at Processor.process (turbopack:///[project]/node_modules/postcss/lib/processor.js:53:14)]
    [at transform (turbopack:///[turbopack-node]/transforms/postcss.ts?config=[project]/postcss.config.mjs:70:51)]
    [at run (turbopack:///[turbopack-node]/child_process/evaluate.ts:89:29)]
    [at run (turbopack:///[turbopack-node]/child_process/evaluate.ts:112:11)]

Import trace:
  Server Component:
    ./src/components/categories-page/CategoryPageView/CategoryPageView.module.css
    ./src/components/categories-page/CategoryPageView/CategoryPageView.tsx
    ./src/app/categories/[...slug]/page.tsx @ http://localhost:3000/_next/static/chunks/node_modules_next_dist_1e8vcs8._.js:1052
[  299597ms] [ERROR] ./src/components/categories-page/CategoryPageView/CategoryPageView.module.css
Error: Error evaluating Node.js code
CssSyntaxError: D:\work\kaelis-website-new\src\components\categories-page\CategoryPageView\CategoryPageView.module.css:1:1: Unclosed block
    [at Input.error (turbopack:///[project]/node_modules/postcss/lib/input.js:135:16)]
    [at Parser.unclosedBlock (turbopack:///[project]/node_modules/postcss/lib/parser.js:582:22)]
    [at Parser.endFile (turbopack:///[project]/node_modules/postcss/lib/parser.js:342:35)]
    [at Parser.parse (turbopack:///[project]/node_modules/postcss/lib/parser.js:483:10)]
    [at parser (turbopack:///[project]/node_modules/postcss/lib/parse.js:11:12)]
    [at new LazyResult (turbopack:///[project]/node_modules/postcss/lib/lazy-result.js:171:16)]
    [at Processor.process (turbopack:///[project]/node_modules/postcss/lib/processor.js:53:14)]
    [at transform (turbopack:///[turbopack-node]/transforms/postcss.ts?config=[project]/postcss.config.mjs:70:51)]
    [at run (turbopack:///[turbopack-node]/child_process/evaluate.ts:89:29)]
    [at run (turbopack:///[turbopack-node]/child_process/evaluate.ts:112:11)]

Import trace:
  Server Component:
    ./src/components/categories-page/CategoryPageView/CategoryPageView.module.css
    ./src/components/categories-page/CategoryPageView/CategoryPageView.tsx
    ./src/app/categories/[...slug]/page.tsx @ http://localhost:3000/_next/static/chunks/node_modules_next_dist_1e8vcs8._.js:1052
[  299638ms] [ERROR] ./src/components/categories-page/CategoryPageView/CategoryPageView.module.css
Error: Error evaluating Node.js code
CssSyntaxError: D:\work\kaelis-website-new\src\components\categories-page\CategoryPageView\CategoryPageView.module.css:1:1: Unclosed block
    [at Input.error (turbopack:///[project]/node_modules/postcss/lib/input.js:135:16)]
    [at Parser.unclosedBlock (turbopack:///[project]/node_modules/postcss/lib/parser.js:582:22)]
    [at Parser.endFile (turbopack:///[project]/node_modules/postcss/lib/parser.js:342:35)]
    [at Parser.parse (turbopack:///[project]/node_modules/postcss/lib/parser.js:483:10)]
    [at parser (turbopack:///[project]/node_modules/postcss/lib/parse.js:11:12)]
    [at new LazyResult (turbopack:///[project]/node_modules/postcss/lib/lazy-result.js:171:16)]
    [at Processor.process (turbopack:///[project]/node_modules/postcss/lib/processor.js:53:14)]
    [at transform (turbopack:///[turbopack-node]/transforms/postcss.ts?config=[project]/postcss.config.mjs:70:51)]
    [at run (turbopack:///[turbopack-node]/child_process/evaluate.ts:89:29)]
    [at run (turbopack:///[turbopack-node]/child_process/evaluate.ts:112:11)]

Import trace:
  Server Component:
    ./src/components/categories-page/CategoryPageView/CategoryPageView.module.css
    ./src/components/categories-page/CategoryPageView/CategoryPageView.tsx
    ./src/app/categories/[...slug]/page.tsx @ http://localhost:3000/_next/static/chunks/node_modules_next_dist_1e8vcs8._.js:1052
[  299683ms] [ERROR] ./src/components/categories-page/CategoryPageView/CategoryPageView.module.css
Error: Error evaluating Node.js code
CssSyntaxError: D:\work\kaelis-website-new\src\components\categories-page\CategoryPageView\CategoryPageView.module.css:1:1: Unclosed block
    [at Input.error (turbopack:///[project]/node_modules/postcss/lib/input.js:135:16)]
    [at Parser.unclosedBlock (turbopack:///[project]/node_modules/postcss/lib/parser.js:582:22)]
    [at Parser.endFile (turbopack:///[project]/node_modules/postcss/lib/parser.js:342:35)]
    [at Parser.parse (turbopack:///[project]/node_modules/postcss/lib/parser.js:483:10)]
    [at parser (turbopack:///[project]/node_modules/postcss/lib/parse.js:11:12)]
    [at new LazyResult (turbopack:///[project]/node_modules/postcss/lib/lazy-result.js:171:16)]
    [at Processor.process (turbopack:///[project]/node_modules/postcss/lib/processor.js:53:14)]
    [at transform (turbopack:///[turbopack-node]/transforms/postcss.ts?config=[project]/postcss.config.mjs:70:51)]
    [at run (turbopack:///[turbopack-node]/child_process/evaluate.ts:89:29)]
    [at run (turbopack:///[turbopack-node]/child_process/evaluate.ts:112:11)]

Import trace:
  Server Component:
    ./src/components/categories-page/CategoryPageView/CategoryPageView.module.css
    ./src/components/categories-page/CategoryPageView/CategoryPageView.tsx
    ./src/app/categories/[...slug]/page.tsx @ http://localhost:3000/_next/static/chunks/node_modules_next_dist_1e8vcs8._.js:1052
[  299740ms] [ERROR] ./src/components/categories-page/CategoryPageView/CategoryPageView.module.css
Error: Error evaluating Node.js code
CssSyntaxError: D:\work\kaelis-website-new\src\components\categories-page\CategoryPageView\CategoryPageView.module.css:1:1: Unclosed block
    [at Input.error (turbopack:///[project]/node_modules/postcss/lib/input.js:135:16)]
    [at Parser.unclosedBlock (turbopack:///[project]/node_modules/postcss/lib/parser.js:582:22)]
    [at Parser.endFile (turbopack:///[project]/node_modules/postcss/lib/parser.js:342:35)]
    [at Parser.parse (turbopack:///[project]/node_modules/postcss/lib/parser.js:483:10)]
    [at parser (turbopack:///[project]/node_modules/postcss/lib/parse.js:11:12)]
    [at new LazyResult (turbopack:///[project]/node_modules/postcss/lib/lazy-result.js:171:16)]
    [at Processor.process (turbopack:///[project]/node_modules/postcss/lib/processor.js:53:14)]
    [at transform (turbopack:///[turbopack-node]/transforms/postcss.ts?config=[project]/postcss.config.mjs:70:51)]
    [at run (turbopack:///[turbopack-node]/child_process/evaluate.ts:89:29)]
    [at run (turbopack:///[turbopack-node]/child_process/evaluate.ts:112:11)]

Import trace:
  Server Component:
    ./src/components/categories-page/CategoryPageView/CategoryPageView.module.css
    ./src/components/categories-page/CategoryPageView/CategoryPageView.tsx
    ./src/app/categories/[...slug]/page.tsx @ http://localhost:3000/_next/static/chunks/node_modules_next_dist_1e8vcs8._.js:1052
[  299790ms] [ERROR] ./src/components/categories-page/CategoryPageView/CategoryPageView.module.css
Error: Error evaluating Node.js code
CssSyntaxError: D:\work\kaelis-website-new\src\components\categories-page\CategoryPageView\CategoryPageView.module.css:1:1: Unclosed block
    [at Input.error (turbopack:///[project]/node_modules/postcss/lib/input.js:135:16)]
    [at Parser.unclosedBlock (turbopack:///[project]/node_modules/postcss/lib/parser.js:582:22)]
    [at Parser.endFile (turbopack:///[project]/node_modules/postcss/lib/parser.js:342:35)]
    [at Parser.parse (turbopack:///[project]/node_modules/postcss/lib/parser.js:483:10)]
    [at parser (turbopack:///[project]/node_modules/postcss/lib/parse.js:11:12)]
    [at new LazyResult (turbopack:///[project]/node_modules/postcss/lib/lazy-result.js:171:16)]
    [at Processor.process (turbopack:///[project]/node_modules/postcss/lib/processor.js:53:14)]
    [at transform (turbopack:///[turbopack-node]/transforms/postcss.ts?config=[project]/postcss.config.mjs:70:51)]
    [at run (turbopack:///[turbopack-node]/child_process/evaluate.ts:89:29)]
    [at run (turbopack:///[turbopack-node]/child_process/evaluate.ts:112:11)]

Import trace:
  Server Component:
    ./src/components/categories-page/CategoryPageView/CategoryPageView.module.css
    ./src/components/categories-page/CategoryPageView/CategoryPageView.tsx
    ./src/app/categories/[...slug]/page.tsx @ http://localhost:3000/_next/static/chunks/node_modules_next_dist_1e8vcs8._.js:1052
[  299854ms] [ERROR] ./src/components/categories-page/CategoryPageView/CategoryPageView.module.css
Error: Error evaluating Node.js code
CssSyntaxError: D:\work\kaelis-website-new\src\components\categories-page\CategoryPageView\CategoryPageView.module.css:1:1: Unclosed block
    [at Input.error (turbopack:///[project]/node_modules/postcss/lib/input.js:135:16)]
    [at Parser.unclosedBlock (turbopack:///[project]/node_modules/postcss/lib/parser.js:582:22)]
    [at Parser.endFile (turbopack:///[project]/node_modules/postcss/lib/parser.js:342:35)]
    [at Parser.parse (turbopack:///[project]/node_modules/postcss/lib/parser.js:483:10)]
    [at parser (turbopack:///[project]/node_modules/postcss/lib/parse.js:11:12)]
    [at new LazyResult (turbopack:///[project]/node_modules/postcss/lib/lazy-result.js:171:16)]
    [at Processor.process (turbopack:///[project]/node_modules/postcss/lib/processor.js:53:14)]
    [at transform (turbopack:///[turbopack-node]/transforms/postcss.ts?config=[project]/postcss.config.mjs:70:51)]
    [at run (turbopack:///[turbopack-node]/child_process/evaluate.ts:89:29)]
    [at run (turbopack:///[turbopack-node]/child_process/evaluate.ts:112:11)]

Import trace:
  Server Component:
    ./src/components/categories-page/CategoryPageView/CategoryPageView.module.css
    ./src/components/categories-page/CategoryPageView/CategoryPageView.tsx
    ./src/app/categories/[...slug]/page.tsx @ http://localhost:3000/_next/static/chunks/node_modules_next_dist_1e8vcs8._.js:1052
[  299909ms] [ERROR] ./src/components/categories-page/CategoryPageView/CategoryPageView.module.css
Error: Error evaluating Node.js code
CssSyntaxError: D:\work\kaelis-website-new\src\components\categories-page\CategoryPageView\CategoryPageView.module.css:1:1: Unclosed block
    [at Input.error (turbopack:///[project]/node_modules/postcss/lib/input.js:135:16)]
    [at Parser.unclosedBlock (turbopack:///[project]/node_modules/postcss/lib/parser.js:582:22)]
    [at Parser.endFile (turbopack:///[project]/node_modules/postcss/lib/parser.js:342:35)]
    [at Parser.parse (turbopack:///[project]/node_modules/postcss/lib/parser.js:483:10)]
    [at parser (turbopack:///[project]/node_modules/postcss/lib/parse.js:11:12)]
    [at new LazyResult (turbopack:///[project]/node_modules/postcss/lib/lazy-result.js:171:16)]
    [at Processor.process (turbopack:///[project]/node_modules/postcss/lib/processor.js:53:14)]
    [at transform (turbopack:///[turbopack-node]/transforms/postcss.ts?config=[project]/postcss.config.mjs:70:51)]
    [at run (turbopack:///[turbopack-node]/child_process/evaluate.ts:89:29)]
    [at run (turbopack:///[turbopack-node]/child_process/evaluate.ts:112:11)]

Import trace:
  Server Component:
    ./src/components/categories-page/CategoryPageView/CategoryPageView.module.css
    ./src/components/categories-page/CategoryPageView/CategoryPageView.tsx
    ./src/app/categories/[...slug]/page.tsx @ http://localhost:3000/_next/static/chunks/node_modules_next_dist_1e8vcs8._.js:1052
[  299959ms] [ERROR] ./src/components/categories-page/CategoryPageView/CategoryPageView.module.css
Error: Error evaluating Node.js code
CssSyntaxError: D:\work\kaelis-website-new\src\components\categories-page\CategoryPageView\CategoryPageView.module.css:1:1: Unclosed block
    [at Input.error (turbopack:///[project]/node_modules/postcss/lib/input.js:135:16)]
    [at Parser.unclosedBlock (turbopack:///[project]/node_modules/postcss/lib/parser.js:582:22)]
    [at Parser.endFile (turbopack:///[project]/node_modules/postcss/lib/parser.js:342:35)]
    [at Parser.parse (turbopack:///[project]/node_modules/postcss/lib/parser.js:483:10)]
    [at parser (turbopack:///[project]/node_modules/postcss/lib/parse.js:11:12)]
    [at new LazyResult (turbopack:///[project]/node_modules/postcss/lib/lazy-result.js:171:16)]
    [at Processor.process (turbopack:///[project]/node_modules/postcss/lib/processor.js:53:14)]
    [at transform (turbopack:///[turbopack-node]/transforms/postcss.ts?config=[project]/postcss.config.mjs:70:51)]
    [at run (turbopack:///[turbopack-node]/child_process/evaluate.ts:89:29)]
    [at run (turbopack:///[turbopack-node]/child_process/evaluate.ts:112:11)]

Import trace:
  Server Component:
    ./src/components/categories-page/CategoryPageView/CategoryPageView.module.css
    ./src/components/categories-page/CategoryPageView/CategoryPageView.tsx
    ./src/app/categories/[...slug]/page.tsx @ http://localhost:3000/_next/static/chunks/node_modules_next_dist_1e8vcs8._.js:1052
[  299999ms] [ERROR] ./src/components/categories-page/CategoryPageView/CategoryPageView.module.css
Error: Error evaluating Node.js code
CssSyntaxError: D:\work\kaelis-website-new\src\components\categories-page\CategoryPageView\CategoryPageView.module.css:1:1: Unclosed block
    [at Input.error (turbopack:///[project]/node_modules/postcss/lib/input.js:135:16)]
    [at Parser.unclosedBlock (turbopack:///[project]/node_modules/postcss/lib/parser.js:582:22)]
    [at Parser.endFile (turbopack:///[project]/node_modules/postcss/lib/parser.js:342:35)]
    [at Parser.parse (turbopack:///[project]/node_modules/postcss/lib/parser.js:483:10)]
    [at parser (turbopack:///[project]/node_modules/postcss/lib/parse.js:11:12)]
    [at new LazyResult (turbopack:///[project]/node_modules/postcss/lib/lazy-result.js:171:16)]
    [at Processor.process (turbopack:///[project]/node_modules/postcss/lib/processor.js:53:14)]
    [at transform (turbopack:///[turbopack-node]/transforms/postcss.ts?config=[project]/postcss.config.mjs:70:51)]
    [at run (turbopack:///[turbopack-node]/child_process/evaluate.ts:89:29)]
    [at run (turbopack:///[turbopack-node]/child_process/evaluate.ts:112:11)]

Import trace:
  Server Component:
    ./src/components/categories-page/CategoryPageView/CategoryPageView.module.css
    ./src/components/categories-page/CategoryPageView/CategoryPageView.tsx
    ./src/app/categories/[...slug]/page.tsx @ http://localhost:3000/_next/static/chunks/node_modules_next_dist_1e8vcs8._.js:1052
[  300075ms] [ERROR] ./src/components/categories-page/CategoryPageView/CategoryPageView.module.css
Error: Error evaluating Node.js code
CssSyntaxError: D:\work\kaelis-website-new\src\components\categories-page\CategoryPageView\CategoryPageView.module.css:1:1: Unclosed block
    [at Input.error (turbopack:///[project]/node_modules/postcss/lib/input.js:135:16)]
    [at Parser.unclosedBlock (turbopack:///[project]/node_modules/postcss/lib/parser.js:582:22)]
    [at Parser.endFile (turbopack:///[project]/node_modules/postcss/lib/parser.js:342:35)]
    [at Parser.parse (turbopack:///[project]/node_modules/postcss/lib/parser.js:483:10)]
    [at parser (turbopack:///[project]/node_modules/postcss/lib/parse.js:11:12)]
    [at new LazyResult (turbopack:///[project]/node_modules/postcss/lib/lazy-result.js:171:16)]
    [at Processor.process (turbopack:///[project]/node_modules/postcss/lib/processor.js:53:14)]
    [at transform (turbopack:///[turbopack-node]/transforms/postcss.ts?config=[project]/postcss.config.mjs:70:51)]
    [at run (turbopack:///[turbopack-node]/child_process/evaluate.ts:89:29)]
    [at run (turbopack:///[turbopack-node]/child_process/evaluate.ts:112:11)]

Import trace:
  Server Component:
    ./src/components/categories-page/CategoryPageView/CategoryPageView.module.css
    ./src/components/categories-page/CategoryPageView/CategoryPageView.tsx
    ./src/app/categories/[...slug]/page.tsx @ http://localhost:3000/_next/static/chunks/node_modules_next_dist_1e8vcs8._.js:1052
[  300131ms] [ERROR] ./src/components/categories-page/CategoryPageView/CategoryPageView.module.css
Error: Error evaluating Node.js code
CssSyntaxError: D:\work\kaelis-website-new\src\components\categories-page\CategoryPageView\CategoryPageView.module.css:1:1: Unclosed block
    [at Input.error (turbopack:///[project]/node_modules/postcss/lib/input.js:135:16)]
    [at Parser.unclosedBlock (turbopack:///[project]/node_modules/postcss/lib/parser.js:582:22)]
    [at Parser.endFile (turbopack:///[project]/node_modules/postcss/lib/parser.js:342:35)]
    [at Parser.parse (turbopack:///[project]/node_modules/postcss/lib/parser.js:483:10)]
    [at parser (turbopack:///[project]/node_modules/postcss/lib/parse.js:11:12)]
    [at new LazyResult (turbopack:///[project]/node_modules/postcss/lib/lazy-result.js:171:16)]
    [at Processor.process (turbopack:///[project]/node_modules/postcss/lib/processor.js:53:14)]
    [at transform (turbopack:///[turbopack-node]/transforms/postcss.ts?config=[project]/postcss.config.mjs:70:51)]
    [at run (turbopack:///[turbopack-node]/child_process/evaluate.ts:89:29)]
    [at run (turbopack:///[turbopack-node]/child_process/evaluate.ts:112:11)]

Import trace:
  Server Component:
    ./src/components/categories-page/CategoryPageView/CategoryPageView.module.css
    ./src/components/categories-page/CategoryPageView/CategoryPageView.tsx
    ./src/app/categories/[...slug]/page.tsx @ http://localhost:3000/_next/static/chunks/node_modules_next_dist_1e8vcs8._.js:1052
[  300180ms] [ERROR] ./src/components/categories-page/CategoryPageView/CategoryPageView.module.css
Error: Error evaluating Node.js code
CssSyntaxError: D:\work\kaelis-website-new\src\components\categories-page\CategoryPageView\CategoryPageView.module.css:1:1: Unclosed block
    [at Input.error (turbopack:///[project]/node_modules/postcss/lib/input.js:135:16)]
    [at Parser.unclosedBlock (turbopack:///[project]/node_modules/postcss/lib/parser.js:582:22)]
    [at Parser.endFile (turbopack:///[project]/node_modules/postcss/lib/parser.js:342:35)]
    [at Parser.parse (turbopack:///[project]/node_modules/postcss/lib/parser.js:483:10)]
    [at parser (turbopack:///[project]/node_modules/postcss/lib/parse.js:11:12)]
    [at new LazyResult (turbopack:///[project]/node_modules/postcss/lib/lazy-result.js:171:16)]
    [at Processor.process (turbopack:///[project]/node_modules/postcss/lib/processor.js:53:14)]
    [at transform (turbopack:///[turbopack-node]/transforms/postcss.ts?config=[project]/postcss.config.mjs:70:51)]
    [at run (turbopack:///[turbopack-node]/child_process/evaluate.ts:89:29)]
    [at run (turbopack:///[turbopack-node]/child_process/evaluate.ts:112:11)]

Import trace:
  Server Component:
    ./src/components/categories-page/CategoryPageView/CategoryPageView.module.css
    ./src/components/categories-page/CategoryPageView/CategoryPageView.tsx
    ./src/app/categories/[...slug]/page.tsx @ http://localhost:3000/_next/static/chunks/node_modules_next_dist_1e8vcs8._.js:1052
[  300228ms] [ERROR] ./src/components/categories-page/CategoryPageView/CategoryPageView.module.css
Error: Error evaluating Node.js code
CssSyntaxError: D:\work\kaelis-website-new\src\components\categories-page\CategoryPageView\CategoryPageView.module.css:1:1: Unclosed block
    [at Input.error (turbopack:///[project]/node_modules/postcss/lib/input.js:135:16)]
    [at Parser.unclosedBlock (turbopack:///[project]/node_modules/postcss/lib/parser.js:582:22)]
    [at Parser.endFile (turbopack:///[project]/node_modules/postcss/lib/parser.js:342:35)]
    [at Parser.parse (turbopack:///[project]/node_modules/postcss/lib/parser.js:483:10)]
    [at parser (turbopack:///[project]/node_modules/postcss/lib/parse.js:11:12)]
    [at new LazyResult (turbopack:///[project]/node_modules/postcss/lib/lazy-result.js:171:16)]
    [at Processor.process (turbopack:///[project]/node_modules/postcss/lib/processor.js:53:14)]
    [at transform (turbopack:///[turbopack-node]/transforms/postcss.ts?config=[project]/postcss.config.mjs:70:51)]
    [at run (turbopack:///[turbopack-node]/child_process/evaluate.ts:89:29)]
    [at run (turbopack:///[turbopack-node]/child_process/evaluate.ts:112:11)]

Import trace:
  Server Component:
    ./src/components/categories-page/CategoryPageView/CategoryPageView.module.css
    ./src/components/categories-page/CategoryPageView/CategoryPageView.tsx
    ./src/app/categories/[...slug]/page.tsx @ http://localhost:3000/_next/static/chunks/node_modules_next_dist_1e8vcs8._.js:1052
[  300271ms] [ERROR] ./src/components/categories-page/CategoryPageView/CategoryPageView.module.css
Error: Error evaluating Node.js code
CssSyntaxError: D:\work\kaelis-website-new\src\components\categories-page\CategoryPageView\CategoryPageView.module.css:1:1: Unclosed block
    [at Input.error (turbopack:///[project]/node_modules/postcss/lib/input.js:135:16)]
    [at Parser.unclosedBlock (turbopack:///[project]/node_modules/postcss/lib/parser.js:582:22)]
    [at Parser.endFile (turbopack:///[project]/node_modules/postcss/lib/parser.js:342:35)]
    [at Parser.parse (turbopack:///[project]/node_modules/postcss/lib/parser.js:483:10)]
    [at parser (turbopack:///[project]/node_modules/postcss/lib/parse.js:11:12)]
    [at new LazyResult (turbopack:///[project]/node_modules/postcss/lib/lazy-result.js:171:16)]
    [at Processor.process (turbopack:///[project]/node_modules/postcss/lib/processor.js:53:14)]
    [at transform (turbopack:///[turbopack-node]/transforms/postcss.ts?config=[project]/postcss.config.mjs:70:51)]
    [at run (turbopack:///[turbopack-node]/child_process/evaluate.ts:89:29)]
    [at run (turbopack:///[turbopack-node]/child_process/evaluate.ts:112:11)]

Import trace:
  Server Component:
    ./src/components/categories-page/CategoryPageView/CategoryPageView.module.css
    ./src/components/categories-page/CategoryPageView/CategoryPageView.tsx
    ./src/app/categories/[...slug]/page.tsx @ http://localhost:3000/_next/static/chunks/node_modules_next_dist_1e8vcs8._.js:1052
[  300311ms] [ERROR] ./src/components/categories-page/CategoryPageView/CategoryPageView.module.css
Error: Error evaluating Node.js code
CssSyntaxError: D:\work\kaelis-website-new\src\components\categories-page\CategoryPageView\CategoryPageView.module.css:1:1: Unclosed block
    [at Input.error (turbopack:///[project]/node_modules/postcss/lib/input.js:135:16)]
    [at Parser.unclosedBlock (turbopack:///[project]/node_modules/postcss/lib/parser.js:582:22)]
    [at Parser.endFile (turbopack:///[project]/node_modules/postcss/lib/parser.js:342:35)]
    [at Parser.parse (turbopack:///[project]/node_modules/postcss/lib/parser.js:483:10)]
    [at parser (turbopack:///[project]/node_modules/postcss/lib/parse.js:11:12)]
    [at new LazyResult (turbopack:///[project]/node_modules/postcss/lib/lazy-result.js:171:16)]
    [at Processor.process (turbopack:///[project]/node_modules/postcss/lib/processor.js:53:14)]
    [at transform (turbopack:///[turbopack-node]/transforms/postcss.ts?config=[project]/postcss.config.mjs:70:51)]
    [at run (turbopack:///[turbopack-node]/child_process/evaluate.ts:89:29)]
    [at run (turbopack:///[turbopack-node]/child_process/evaluate.ts:112:11)]

Import trace:
  Server Component:
    ./src/components/categories-page/CategoryPageView/CategoryPageView.module.css
    ./src/components/categories-page/CategoryPageView/CategoryPageView.tsx
    ./src/app/categories/[...slug]/page.tsx @ http://localhost:3000/_next/static/chunks/node_modules_next_dist_1e8vcs8._.js:1052
[  300360ms] [ERROR] ./src/components/categories-page/CategoryPageView/CategoryPageView.module.css
Error: Error evaluating Node.js code
CssSyntaxError: D:\work\kaelis-website-new\src\components\categories-page\CategoryPageView\CategoryPageView.module.css:1:1: Unclosed block
    [at Input.error (turbopack:///[project]/node_modules/postcss/lib/input.js:135:16)]
    [at Parser.unclosedBlock (turbopack:///[project]/node_modules/postcss/lib/parser.js:582:22)]
    [at Parser.endFile (turbopack:///[project]/node_modules/postcss/lib/parser.js:342:35)]
    [at Parser.parse (turbopack:///[project]/node_modules/postcss/lib/parser.js:483:10)]
    [at parser (turbopack:///[project]/node_modules/postcss/lib/parse.js:11:12)]
    [at new LazyResult (turbopack:///[project]/node_modules/postcss/lib/lazy-result.js:171:16)]
    [at Processor.process (turbopack:///[project]/node_modules/postcss/lib/processor.js:53:14)]
    [at transform (turbopack:///[turbopack-node]/transforms/postcss.ts?config=[project]/postcss.config.mjs:70:51)]
    [at run (turbopack:///[turbopack-node]/child_process/evaluate.ts:89:29)]
    [at run (turbopack:///[turbopack-node]/child_process/evaluate.ts:112:11)]

Import trace:
  Server Component:
    ./src/components/categories-page/CategoryPageView/CategoryPageView.module.css
    ./src/components/categories-page/CategoryPageView/CategoryPageView.tsx
    ./src/app/categories/[...slug]/page.tsx @ http://localhost:3000/_next/static/chunks/node_modules_next_dist_1e8vcs8._.js:1052
[  300402ms] [ERROR] ./src/components/categories-page/CategoryPageView/CategoryPageView.module.css
Error: Error evaluating Node.js code
CssSyntaxError: D:\work\kaelis-website-new\src\components\categories-page\CategoryPageView\CategoryPageView.module.css:1:1: Unclosed block
    [at Input.error (turbopack:///[project]/node_modules/postcss/lib/input.js:135:16)]
    [at Parser.unclosedBlock (turbopack:///[project]/node_modules/postcss/lib/parser.js:582:22)]
    [at Parser.endFile (turbopack:///[project]/node_modules/postcss/lib/parser.js:342:35)]
    [at Parser.parse (turbopack:///[project]/node_modules/postcss/lib/parser.js:483:10)]
    [at parser (turbopack:///[project]/node_modules/postcss/lib/parse.js:11:12)]
    [at new LazyResult (turbopack:///[project]/node_modules/postcss/lib/lazy-result.js:171:16)]
    [at Processor.process (turbopack:///[project]/node_modules/postcss/lib/processor.js:53:14)]
    [at transform (turbopack:///[turbopack-node]/transforms/postcss.ts?config=[project]/postcss.config.mjs:70:51)]
    [at run (turbopack:///[turbopack-node]/child_process/evaluate.ts:89:29)]
    [at run (turbopack:///[turbopack-node]/child_process/evaluate.ts:112:11)]

Import trace:
  Server Component:
    ./src/components/categories-page/CategoryPageView/CategoryPageView.module.css
    ./src/components/categories-page/CategoryPageView/CategoryPageView.tsx
    ./src/app/categories/[...slug]/page.tsx @ http://localhost:3000/_next/static/chunks/node_modules_next_dist_1e8vcs8._.js:1052
[  300451ms] [ERROR] ./src/components/categories-page/CategoryPageView/CategoryPageView.module.css
Error: Error evaluating Node.js code
CssSyntaxError: D:\work\kaelis-website-new\src\components\categories-page\CategoryPageView\CategoryPageView.module.css:1:1: Unclosed block
    [at Input.error (turbopack:///[project]/node_modules/postcss/lib/input.js:135:16)]
    [at Parser.unclosedBlock (turbopack:///[project]/node_modules/postcss/lib/parser.js:582:22)]
    [at Parser.endFile (turbopack:///[project]/node_modules/postcss/lib/parser.js:342:35)]
    [at Parser.parse (turbopack:///[project]/node_modules/postcss/lib/parser.js:483:10)]
    [at parser (turbopack:///[project]/node_modules/postcss/lib/parse.js:11:12)]
    [at new LazyResult (turbopack:///[project]/node_modules/postcss/lib/lazy-result.js:171:16)]
    [at Processor.process (turbopack:///[project]/node_modules/postcss/lib/processor.js:53:14)]
    [at transform (turbopack:///[turbopack-node]/transforms/postcss.ts?config=[project]/postcss.config.mjs:70:51)]
    [at run (turbopack:///[turbopack-node]/child_process/evaluate.ts:89:29)]
    [at run (turbopack:///[turbopack-node]/child_process/evaluate.ts:112:11)]

Import trace:
  Server Component:
    ./src/components/categories-page/CategoryPageView/CategoryPageView.module.css
    ./src/components/categories-page/CategoryPageView/CategoryPageView.tsx
    ./src/app/categories/[...slug]/page.tsx @ http://localhost:3000/_next/static/chunks/node_modules_next_dist_1e8vcs8._.js:1052
[  300498ms] [ERROR] ./src/components/categories-page/CategoryPageView/CategoryPageView.module.css
Error: Error evaluating Node.js code
CssSyntaxError: D:\work\kaelis-website-new\src\components\categories-page\CategoryPageView\CategoryPageView.module.css:1:1: Unclosed block
    [at Input.error (turbopack:///[project]/node_modules/postcss/lib/input.js:135:16)]
    [at Parser.unclosedBlock (turbopack:///[project]/node_modules/postcss/lib/parser.js:582:22)]
    [at Parser.endFile (turbopack:///[project]/node_modules/postcss/lib/parser.js:342:35)]
    [at Parser.parse (turbopack:///[project]/node_modules/postcss/lib/parser.js:483:10)]
    [at parser (turbopack:///[project]/node_modules/postcss/lib/parse.js:11:12)]
    [at new LazyResult (turbopack:///[project]/node_modules/postcss/lib/lazy-result.js:171:16)]
    [at Processor.process (turbopack:///[project]/node_modules/postcss/lib/processor.js:53:14)]
    [at transform (turbopack:///[turbopack-node]/transforms/postcss.ts?config=[project]/postcss.config.mjs:70:51)]
    [at run (turbopack:///[turbopack-node]/child_process/evaluate.ts:89:29)]
    [at run (turbopack:///[turbopack-node]/child_process/evaluate.ts:112:11)]

Import trace:
  Server Component:
    ./src/components/categories-page/CategoryPageView/CategoryPageView.module.css
    ./src/components/categories-page/CategoryPageView/CategoryPageView.tsx
    ./src/app/categories/[...slug]/page.tsx @ http://localhost:3000/_next/static/chunks/node_modules_next_dist_1e8vcs8._.js:1052
[  300548ms] [ERROR] ./src/components/categories-page/CategoryPageView/CategoryPageView.module.css
Error: Error evaluating Node.js code
CssSyntaxError: D:\work\kaelis-website-new\src\components\categories-page\CategoryPageView\CategoryPageView.module.css:1:1: Unclosed block
    [at Input.error (turbopack:///[project]/node_modules/postcss/lib/input.js:135:16)]
    [at Parser.unclosedBlock (turbopack:///[project]/node_modules/postcss/lib/parser.js:582:22)]
    [at Parser.endFile (turbopack:///[project]/node_modules/postcss/lib/parser.js:342:35)]
    [at Parser.parse (turbopack:///[project]/node_modules/postcss/lib/parser.js:483:10)]
    [at parser (turbopack:///[project]/node_modules/postcss/lib/parse.js:11:12)]
    [at new LazyResult (turbopack:///[project]/node_modules/postcss/lib/lazy-result.js:171:16)]
    [at Processor.process (turbopack:///[project]/node_modules/postcss/lib/processor.js:53:14)]
    [at transform (turbopack:///[turbopack-node]/transforms/postcss.ts?config=[project]/postcss.config.mjs:70:51)]
    [at run (turbopack:///[turbopack-node]/child_process/evaluate.ts:89:29)]
    [at run (turbopack:///[turbopack-node]/child_process/evaluate.ts:112:11)]

Import trace:
  Server Component:
    ./src/components/categories-page/CategoryPageView/CategoryPageView.module.css
    ./src/components/categories-page/CategoryPageView/CategoryPageView.tsx
    ./src/app/categories/[...slug]/page.tsx @ http://localhost:3000/_next/static/chunks/node_modules_next_dist_1e8vcs8._.js:1052
[  300589ms] [ERROR] ./src/components/categories-page/CategoryPageView/CategoryPageView.module.css
Error: Error evaluating Node.js code
CssSyntaxError: D:\work\kaelis-website-new\src\components\categories-page\CategoryPageView\CategoryPageView.module.css:1:1: Unclosed block
    [at Input.error (turbopack:///[project]/node_modules/postcss/lib/input.js:135:16)]
    [at Parser.unclosedBlock (turbopack:///[project]/node_modules/postcss/lib/parser.js:582:22)]
    [at Parser.endFile (turbopack:///[project]/node_modules/postcss/lib/parser.js:342:35)]
    [at Parser.parse (turbopack:///[project]/node_modules/postcss/lib/parser.js:483:10)]
    [at parser (turbopack:///[project]/node_modules/postcss/lib/parse.js:11:12)]
    [at new LazyResult (turbopack:///[project]/node_modules/postcss/lib/lazy-result.js:171:16)]
    [at Processor.process (turbopack:///[project]/node_modules/postcss/lib/processor.js:53:14)]
    [at transform (turbopack:///[turbopack-node]/transforms/postcss.ts?config=[project]/postcss.config.mjs:70:51)]
    [at run (turbopack:///[turbopack-node]/child_process/evaluate.ts:89:29)]
    [at run (turbopack:///[turbopack-node]/child_process/evaluate.ts:112:11)]

Import trace:
  Server Component:
    ./src/components/categories-page/CategoryPageView/CategoryPageView.module.css
    ./src/components/categories-page/CategoryPageView/CategoryPageView.tsx
    ./src/app/categories/[...slug]/page.tsx @ http://localhost:3000/_next/static/chunks/node_modules_next_dist_1e8vcs8._.js:1052
[  300646ms] [ERROR] ./src/components/categories-page/CategoryPageView/CategoryPageView.module.css
Error: Error evaluating Node.js code
CssSyntaxError: D:\work\kaelis-website-new\src\components\categories-page\CategoryPageView\CategoryPageView.module.css:1:1: Unclosed block
    [at Input.error (turbopack:///[project]/node_modules/postcss/lib/input.js:135:16)]
    [at Parser.unclosedBlock (turbopack:///[project]/node_modules/postcss/lib/parser.js:582:22)]
    [at Parser.endFile (turbopack:///[project]/node_modules/postcss/lib/parser.js:342:35)]
    [at Parser.parse (turbopack:///[project]/node_modules/postcss/lib/parser.js:483:10)]
    [at parser (turbopack:///[project]/node_modules/postcss/lib/parse.js:11:12)]
    [at new LazyResult (turbopack:///[project]/node_modules/postcss/lib/lazy-result.js:171:16)]
    [at Processor.process (turbopack:///[project]/node_modules/postcss/lib/processor.js:53:14)]
    [at transform (turbopack:///[turbopack-node]/transforms/postcss.ts?config=[project]/postcss.config.mjs:70:51)]
    [at run (turbopack:///[turbopack-node]/child_process/evaluate.ts:89:29)]
    [at run (turbopack:///[turbopack-node]/child_process/evaluate.ts:112:11)]

Import trace:
  Server Component:
    ./src/components/categories-page/CategoryPageView/CategoryPageView.module.css
    ./src/components/categories-page/CategoryPageView/CategoryPageView.tsx
    ./src/app/categories/[...slug]/page.tsx @ http://localhost:3000/_next/static/chunks/node_modules_next_dist_1e8vcs8._.js:1052
[  300687ms] [ERROR] ./src/components/categories-page/CategoryPageView/CategoryPageView.module.css
Error: Error evaluating Node.js code
CssSyntaxError: D:\work\kaelis-website-new\src\components\categories-page\CategoryPageView\CategoryPageView.module.css:1:1: Unclosed block
    [at Input.error (turbopack:///[project]/node_modules/postcss/lib/input.js:135:16)]
    [at Parser.unclosedBlock (turbopack:///[project]/node_modules/postcss/lib/parser.js:582:22)]
    [at Parser.endFile (turbopack:///[project]/node_modules/postcss/lib/parser.js:342:35)]
    [at Parser.parse (turbopack:///[project]/node_modules/postcss/lib/parser.js:483:10)]
    [at parser (turbopack:///[project]/node_modules/postcss/lib/parse.js:11:12)]
    [at new LazyResult (turbopack:///[project]/node_modules/postcss/lib/lazy-result.js:171:16)]
    [at Processor.process (turbopack:///[project]/node_modules/postcss/lib/processor.js:53:14)]
    [at transform (turbopack:///[turbopack-node]/transforms/postcss.ts?config=[project]/postcss.config.mjs:70:51)]
    [at run (turbopack:///[turbopack-node]/child_process/evaluate.ts:89:29)]
    [at run (turbopack:///[turbopack-node]/child_process/evaluate.ts:112:11)]

Import trace:
  Server Component:
    ./src/components/categories-page/CategoryPageView/CategoryPageView.module.css
    ./src/components/categories-page/CategoryPageView/CategoryPageView.tsx
    ./src/app/categories/[...slug]/page.tsx @ http://localhost:3000/_next/static/chunks/node_modules_next_dist_1e8vcs8._.js:1052
[  300742ms] [ERROR] ./src/components/categories-page/CategoryPageView/CategoryPageView.module.css
Error: Error evaluating Node.js code
CssSyntaxError: D:\work\kaelis-website-new\src\components\categories-page\CategoryPageView\CategoryPageView.module.css:1:1: Unclosed block
    [at Input.error (turbopack:///[project]/node_modules/postcss/lib/input.js:135:16)]
    [at Parser.unclosedBlock (turbopack:///[project]/node_modules/postcss/lib/parser.js:582:22)]
    [at Parser.endFile (turbopack:///[project]/node_modules/postcss/lib/parser.js:342:35)]
    [at Parser.parse (turbopack:///[project]/node_modules/postcss/lib/parser.js:483:10)]
    [at parser (turbopack:///[project]/node_modules/postcss/lib/parse.js:11:12)]
    [at new LazyResult (turbopack:///[project]/node_modules/postcss/lib/lazy-result.js:171:16)]
    [at Processor.process (turbopack:///[project]/node_modules/postcss/lib/processor.js:53:14)]
    [at transform (turbopack:///[turbopack-node]/transforms/postcss.ts?config=[project]/postcss.config.mjs:70:51)]
    [at run (turbopack:///[turbopack-node]/child_process/evaluate.ts:89:29)]
    [at run (turbopack:///[turbopack-node]/child_process/evaluate.ts:112:11)]

Import trace:
  Server Component:
    ./src/components/categories-page/CategoryPageView/CategoryPageView.module.css
    ./src/components/categories-page/CategoryPageView/CategoryPageView.tsx
    ./src/app/categories/[...slug]/page.tsx @ http://localhost:3000/_next/static/chunks/node_modules_next_dist_1e8vcs8._.js:1052
[  300798ms] [ERROR] ./src/components/categories-page/CategoryPageView/CategoryPageView.module.css
Error: Error evaluating Node.js code
CssSyntaxError: D:\work\kaelis-website-new\src\components\categories-page\CategoryPageView\CategoryPageView.module.css:1:1: Unclosed block
    [at Input.error (turbopack:///[project]/node_modules/postcss/lib/input.js:135:16)]
    [at Parser.unclosedBlock (turbopack:///[project]/node_modules/postcss/lib/parser.js:582:22)]
    [at Parser.endFile (turbopack:///[project]/node_modules/postcss/lib/parser.js:342:35)]
    [at Parser.parse (turbopack:///[project]/node_modules/postcss/lib/parser.js:483:10)]
    [at parser (turbopack:///[project]/node_modules/postcss/lib/parse.js:11:12)]
    [at new LazyResult (turbopack:///[project]/node_modules/postcss/lib/lazy-result.js:171:16)]
    [at Processor.process (turbopack:///[project]/node_modules/postcss/lib/processor.js:53:14)]
    [at transform (turbopack:///[turbopack-node]/transforms/postcss.ts?config=[project]/postcss.config.mjs:70:51)]
    [at run (turbopack:///[turbopack-node]/child_process/evaluate.ts:89:29)]
    [at run (turbopack:///[turbopack-node]/child_process/evaluate.ts:112:11)]

Import trace:
  Server Component:
    ./src/components/categories-page/CategoryPageView/CategoryPageView.module.css
    ./src/components/categories-page/CategoryPageView/CategoryPageView.tsx
    ./src/app/categories/[...slug]/page.tsx @ http://localhost:3000/_next/static/chunks/node_modules_next_dist_1e8vcs8._.js:1052
[  300839ms] [ERROR] ./src/components/categories-page/CategoryPageView/CategoryPageView.module.css
Error: Error evaluating Node.js code
CssSyntaxError: D:\work\kaelis-website-new\src\components\categories-page\CategoryPageView\CategoryPageView.module.css:1:1: Unclosed block
    [at Input.error (turbopack:///[project]/node_modules/postcss/lib/input.js:135:16)]
    [at Parser.unclosedBlock (turbopack:///[project]/node_modules/postcss/lib/parser.js:582:22)]
    [at Parser.endFile (turbopack:///[project]/node_modules/postcss/lib/parser.js:342:35)]
    [at Parser.parse (turbopack:///[project]/node_modules/postcss/lib/parser.js:483:10)]
    [at parser (turbopack:///[project]/node_modules/postcss/lib/parse.js:11:12)]
    [at new LazyResult (turbopack:///[project]/node_modules/postcss/lib/lazy-result.js:171:16)]
    [at Processor.process (turbopack:///[project]/node_modules/postcss/lib/processor.js:53:14)]
    [at transform (turbopack:///[turbopack-node]/transforms/postcss.ts?config=[project]/postcss.config.mjs:70:51)]
    [at run (turbopack:///[turbopack-node]/child_process/evaluate.ts:89:29)]
    [at run (turbopack:///[turbopack-node]/child_process/evaluate.ts:112:11)]

Import trace:
  Server Component:
    ./src/components/categories-page/CategoryPageView/CategoryPageView.module.css
    ./src/components/categories-page/CategoryPageView/CategoryPageView.tsx
    ./src/app/categories/[...slug]/page.tsx @ http://localhost:3000/_next/static/chunks/node_modules_next_dist_1e8vcs8._.js:1052
[  300881ms] [ERROR] ./src/components/categories-page/CategoryPageView/CategoryPageView.module.css
Error: Error evaluating Node.js code
CssSyntaxError: D:\work\kaelis-website-new\src\components\categories-page\CategoryPageView\CategoryPageView.module.css:1:1: Unclosed block
    [at Input.error (turbopack:///[project]/node_modules/postcss/lib/input.js:135:16)]
    [at Parser.unclosedBlock (turbopack:///[project]/node_modules/postcss/lib/parser.js:582:22)]
    [at Parser.endFile (turbopack:///[project]/node_modules/postcss/lib/parser.js:342:35)]
    [at Parser.parse (turbopack:///[project]/node_modules/postcss/lib/parser.js:483:10)]
    [at parser (turbopack:///[project]/node_modules/postcss/lib/parse.js:11:12)]
    [at new LazyResult (turbopack:///[project]/node_modules/postcss/lib/lazy-result.js:171:16)]
    [at Processor.process (turbopack:///[project]/node_modules/postcss/lib/processor.js:53:14)]
    [at transform (turbopack:///[turbopack-node]/transforms/postcss.ts?config=[project]/postcss.config.mjs:70:51)]
    [at run (turbopack:///[turbopack-node]/child_process/evaluate.ts:89:29)]
    [at run (turbopack:///[turbopack-node]/child_process/evaluate.ts:112:11)]

Import trace:
  Server Component:
    ./src/components/categories-page/CategoryPageView/CategoryPageView.module.css
    ./src/components/categories-page/CategoryPageView/CategoryPageView.tsx
    ./src/app/categories/[...slug]/page.tsx @ http://localhost:3000/_next/static/chunks/node_modules_next_dist_1e8vcs8._.js:1052
[  300923ms] [ERROR] ./src/components/categories-page/CategoryPageView/CategoryPageView.module.css
Error: Error evaluating Node.js code
CssSyntaxError: D:\work\kaelis-website-new\src\components\categories-page\CategoryPageView\CategoryPageView.module.css:1:1: Unclosed block
    [at Input.error (turbopack:///[project]/node_modules/postcss/lib/input.js:135:16)]
    [at Parser.unclosedBlock (turbopack:///[project]/node_modules/postcss/lib/parser.js:582:22)]
    [at Parser.endFile (turbopack:///[project]/node_modules/postcss/lib/parser.js:342:35)]
    [at Parser.parse (turbopack:///[project]/node_modules/postcss/lib/parser.js:483:10)]
    [at parser (turbopack:///[project]/node_modules/postcss/lib/parse.js:11:12)]
    [at new LazyResult (turbopack:///[project]/node_modules/postcss/lib/lazy-result.js:171:16)]
    [at Processor.process (turbopack:///[project]/node_modules/postcss/lib/processor.js:53:14)]
    [at transform (turbopack:///[turbopack-node]/transforms/postcss.ts?config=[project]/postcss.config.mjs:70:51)]
    [at run (turbopack:///[turbopack-node]/child_process/evaluate.ts:89:29)]
    [at run (turbopack:///[turbopack-node]/child_process/evaluate.ts:112:11)]

Import trace:
  Server Component:
    ./src/components/categories-page/CategoryPageView/CategoryPageView.module.css
    ./src/components/categories-page/CategoryPageView/CategoryPageView.tsx
    ./src/app/categories/[...slug]/page.tsx @ http://localhost:3000/_next/static/chunks/node_modules_next_dist_1e8vcs8._.js:1052
[  300965ms] [ERROR] ./src/components/categories-page/CategoryPageView/CategoryPageView.module.css
Error: Error evaluating Node.js code
CssSyntaxError: D:\work\kaelis-website-new\src\components\categories-page\CategoryPageView\CategoryPageView.module.css:1:1: Unclosed block
    [at Input.error (turbopack:///[project]/node_modules/postcss/lib/input.js:135:16)]
    [at Parser.unclosedBlock (turbopack:///[project]/node_modules/postcss/lib/parser.js:582:22)]
    [at Parser.endFile (turbopack:///[project]/node_modules/postcss/lib/parser.js:342:35)]
    [at Parser.parse (turbopack:///[project]/node_modules/postcss/lib/parser.js:483:10)]
    [at parser (turbopack:///[project]/node_modules/postcss/lib/parse.js:11:12)]
    [at new LazyResult (turbopack:///[project]/node_modules/postcss/lib/lazy-result.js:171:16)]
    [at Processor.process (turbopack:///[project]/node_modules/postcss/lib/processor.js:53:14)]
    [at transform (turbopack:///[turbopack-node]/transforms/postcss.ts?config=[project]/postcss.config.mjs:70:51)]
    [at run (turbopack:///[turbopack-node]/child_process/evaluate.ts:89:29)]
    [at run (turbopack:///[turbopack-node]/child_process/evaluate.ts:112:11)]

Import trace:
  Server Component:
    ./src/components/categories-page/CategoryPageView/CategoryPageView.module.css
    ./src/components/categories-page/CategoryPageView/CategoryPageView.tsx
    ./src/app/categories/[...slug]/page.tsx @ http://localhost:3000/_next/static/chunks/node_modules_next_dist_1e8vcs8._.js:1052
[  301013ms] [ERROR] ./src/components/categories-page/CategoryPageView/CategoryPageView.module.css
Error: Error evaluating Node.js code
CssSyntaxError: D:\work\kaelis-website-new\src\components\categories-page\CategoryPageView\CategoryPageView.module.css:1:1: Unclosed block
    [at Input.error (turbopack:///[project]/node_modules/postcss/lib/input.js:135:16)]
    [at Parser.unclosedBlock (turbopack:///[project]/node_modules/postcss/lib/parser.js:582:22)]
    [at Parser.endFile (turbopack:///[project]/node_modules/postcss/lib/parser.js:342:35)]
    [at Parser.parse (turbopack:///[project]/node_modules/postcss/lib/parser.js:483:10)]
    [at parser (turbopack:///[project]/node_modules/postcss/lib/parse.js:11:12)]
    [at new LazyResult (turbopack:///[project]/node_modules/postcss/lib/lazy-result.js:171:16)]
    [at Processor.process (turbopack:///[project]/node_modules/postcss/lib/processor.js:53:14)]
    [at transform (turbopack:///[turbopack-node]/transforms/postcss.ts?config=[project]/postcss.config.mjs:70:51)]
    [at run (turbopack:///[turbopack-node]/child_process/evaluate.ts:89:29)]
    [at run (turbopack:///[turbopack-node]/child_process/evaluate.ts:112:11)]

Import trace:
  Server Component:
    ./src/components/categories-page/CategoryPageView/CategoryPageView.module.css
    ./src/components/categories-page/CategoryPageView/CategoryPageView.tsx
    ./src/app/categories/[...slug]/page.tsx @ http://localhost:3000/_next/static/chunks/node_modules_next_dist_1e8vcs8._.js:1052
[  301069ms] [ERROR] ./src/components/categories-page/CategoryPageView/CategoryPageView.module.css
Error: Error evaluating Node.js code
CssSyntaxError: D:\work\kaelis-website-new\src\components\categories-page\CategoryPageView\CategoryPageView.module.css:1:1: Unclosed block
    [at Input.error (turbopack:///[project]/node_modules/postcss/lib/input.js:135:16)]
    [at Parser.unclosedBlock (turbopack:///[project]/node_modules/postcss/lib/parser.js:582:22)]
    [at Parser.endFile (turbopack:///[project]/node_modules/postcss/lib/parser.js:342:35)]
    [at Parser.parse (turbopack:///[project]/node_modules/postcss/lib/parser.js:483:10)]
    [at parser (turbopack:///[project]/node_modules/postcss/lib/parse.js:11:12)]
    [at new LazyResult (turbopack:///[project]/node_modules/postcss/lib/lazy-result.js:171:16)]
    [at Processor.process (turbopack:///[project]/node_modules/postcss/lib/processor.js:53:14)]
    [at transform (turbopack:///[turbopack-node]/transforms/postcss.ts?config=[project]/postcss.config.mjs:70:51)]
    [at run (turbopack:///[turbopack-node]/child_process/evaluate.ts:89:29)]
    [at run (turbopack:///[turbopack-node]/child_process/evaluate.ts:112:11)]

Import trace:
  Server Component:
    ./src/components/categories-page/CategoryPageView/CategoryPageView.module.css
    ./src/components/categories-page/CategoryPageView/CategoryPageView.tsx
    ./src/app/categories/[...slug]/page.tsx @ http://localhost:3000/_next/static/chunks/node_modules_next_dist_1e8vcs8._.js:1052
[  301132ms] [ERROR] ./src/components/categories-page/CategoryPageView/CategoryPageView.module.css
Error: Error evaluating Node.js code
CssSyntaxError: D:\work\kaelis-website-new\src\components\categories-page\CategoryPageView\CategoryPageView.module.css:1:1: Unclosed block
    [at Input.error (turbopack:///[project]/node_modules/postcss/lib/input.js:135:16)]
    [at Parser.unclosedBlock (turbopack:///[project]/node_modules/postcss/lib/parser.js:582:22)]
    [at Parser.endFile (turbopack:///[project]/node_modules/postcss/lib/parser.js:342:35)]
    [at Parser.parse (turbopack:///[project]/node_modules/postcss/lib/parser.js:483:10)]
    [at parser (turbopack:///[project]/node_modules/postcss/lib/parse.js:11:12)]
    [at new LazyResult (turbopack:///[project]/node_modules/postcss/lib/lazy-result.js:171:16)]
    [at Processor.process (turbopack:///[project]/node_modules/postcss/lib/processor.js:53:14)]
    [at transform (turbopack:///[turbopack-node]/transforms/postcss.ts?config=[project]/postcss.config.mjs:70:51)]
    [at run (turbopack:///[turbopack-node]/child_process/evaluate.ts:89:29)]
    [at run (turbopack:///[turbopack-node]/child_process/evaluate.ts:112:11)]

Import trace:
  Server Component:
    ./src/components/categories-page/CategoryPageView/CategoryPageView.module.css
    ./src/components/categories-page/CategoryPageView/CategoryPageView.tsx
    ./src/app/categories/[...slug]/page.tsx @ http://localhost:3000/_next/static/chunks/node_modules_next_dist_1e8vcs8._.js:1052
[  301180ms] [ERROR] ./src/components/categories-page/CategoryPageView/CategoryPageView.module.css
Error: Error evaluating Node.js code
CssSyntaxError: D:\work\kaelis-website-new\src\components\categories-page\CategoryPageView\CategoryPageView.module.css:1:1: Unclosed block
    [at Input.error (turbopack:///[project]/node_modules/postcss/lib/input.js:135:16)]
    [at Parser.unclosedBlock (turbopack:///[project]/node_modules/postcss/lib/parser.js:582:22)]
    [at Parser.endFile (turbopack:///[project]/node_modules/postcss/lib/parser.js:342:35)]
    [at Parser.parse (turbopack:///[project]/node_modules/postcss/lib/parser.js:483:10)]
    [at parser (turbopack:///[project]/node_modules/postcss/lib/parse.js:11:12)]
    [at new LazyResult (turbopack:///[project]/node_modules/postcss/lib/lazy-result.js:171:16)]
    [at Processor.process (turbopack:///[project]/node_modules/postcss/lib/processor.js:53:14)]
    [at transform (turbopack:///[turbopack-node]/transforms/postcss.ts?config=[project]/postcss.config.mjs:70:51)]
    [at run (turbopack:///[turbopack-node]/child_process/evaluate.ts:89:29)]
    [at run (turbopack:///[turbopack-node]/child_process/evaluate.ts:112:11)]

Import trace:
  Server Component:
    ./src/components/categories-page/CategoryPageView/CategoryPageView.module.css
    ./src/components/categories-page/CategoryPageView/CategoryPageView.tsx
    ./src/app/categories/[...slug]/page.tsx @ http://localhost:3000/_next/static/chunks/node_modules_next_dist_1e8vcs8._.js:1052
[  301229ms] [ERROR] ./src/components/categories-page/CategoryPageView/CategoryPageView.module.css
Error: Error evaluating Node.js code
CssSyntaxError: D:\work\kaelis-website-new\src\components\categories-page\CategoryPageView\CategoryPageView.module.css:1:1: Unclosed block
    [at Input.error (turbopack:///[project]/node_modules/postcss/lib/input.js:135:16)]
    [at Parser.unclosedBlock (turbopack:///[project]/node_modules/postcss/lib/parser.js:582:22)]
    [at Parser.endFile (turbopack:///[project]/node_modules/postcss/lib/parser.js:342:35)]
    [at Parser.parse (turbopack:///[project]/node_modules/postcss/lib/parser.js:483:10)]
    [at parser (turbopack:///[project]/node_modules/postcss/lib/parse.js:11:12)]
    [at new LazyResult (turbopack:///[project]/node_modules/postcss/lib/lazy-result.js:171:16)]
    [at Processor.process (turbopack:///[project]/node_modules/postcss/lib/processor.js:53:14)]
    [at transform (turbopack:///[turbopack-node]/transforms/postcss.ts?config=[project]/postcss.config.mjs:70:51)]
    [at run (turbopack:///[turbopack-node]/child_process/evaluate.ts:89:29)]
    [at run (turbopack:///[turbopack-node]/child_process/evaluate.ts:112:11)]

Import trace:
  Server Component:
    ./src/components/categories-page/CategoryPageView/CategoryPageView.module.css
    ./src/components/categories-page/CategoryPageView/CategoryPageView.tsx
    ./src/app/categories/[...slug]/page.tsx @ http://localhost:3000/_next/static/chunks/node_modules_next_dist_1e8vcs8._.js:1052
[  301278ms] [ERROR] ./src/components/categories-page/CategoryPageView/CategoryPageView.module.css
Error: Error evaluating Node.js code
CssSyntaxError: D:\work\kaelis-website-new\src\components\categories-page\CategoryPageView\CategoryPageView.module.css:1:1: Unclosed block
    [at Input.error (turbopack:///[project]/node_modules/postcss/lib/input.js:135:16)]
    [at Parser.unclosedBlock (turbopack:///[project]/node_modules/postcss/lib/parser.js:582:22)]
    [at Parser.endFile (turbopack:///[project]/node_modules/postcss/lib/parser.js:342:35)]
    [at Parser.parse (turbopack:///[project]/node_modules/postcss/lib/parser.js:483:10)]
    [at parser (turbopack:///[project]/node_modules/postcss/lib/parse.js:11:12)]
    [at new LazyResult (turbopack:///[project]/node_modules/postcss/lib/lazy-result.js:171:16)]
    [at Processor.process (turbopack:///[project]/node_modules/postcss/lib/processor.js:53:14)]
    [at transform (turbopack:///[turbopack-node]/transforms/postcss.ts?config=[project]/postcss.config.mjs:70:51)]
    [at run (turbopack:///[turbopack-node]/child_process/evaluate.ts:89:29)]
    [at run (turbopack:///[turbopack-node]/child_process/evaluate.ts:112:11)]

Import trace:
  Server Component:
    ./src/components/categories-page/CategoryPageView/CategoryPageView.module.css
    ./src/components/categories-page/CategoryPageView/CategoryPageView.tsx
    ./src/app/categories/[...slug]/page.tsx @ http://localhost:3000/_next/static/chunks/node_modules_next_dist_1e8vcs8._.js:1052
[  301326ms] [ERROR] ./src/components/categories-page/CategoryPageView/CategoryPageView.module.css
Error: Error evaluating Node.js code
CssSyntaxError: D:\work\kaelis-website-new\src\components\categories-page\CategoryPageView\CategoryPageView.module.css:1:1: Unclosed block
    [at Input.error (turbopack:///[project]/node_modules/postcss/lib/input.js:135:16)]
    [at Parser.unclosedBlock (turbopack:///[project]/node_modules/postcss/lib/parser.js:582:22)]
    [at Parser.endFile (turbopack:///[project]/node_modules/postcss/lib/parser.js:342:35)]
    [at Parser.parse (turbopack:///[project]/node_modules/postcss/lib/parser.js:483:10)]
    [at parser (turbopack:///[project]/node_modules/postcss/lib/parse.js:11:12)]
    [at new LazyResult (turbopack:///[project]/node_modules/postcss/lib/lazy-result.js:171:16)]
    [at Processor.process (turbopack:///[project]/node_modules/postcss/lib/processor.js:53:14)]
    [at transform (turbopack:///[turbopack-node]/transforms/postcss.ts?config=[project]/postcss.config.mjs:70:51)]
    [at run (turbopack:///[turbopack-node]/child_process/evaluate.ts:89:29)]
    [at run (turbopack:///[turbopack-node]/child_process/evaluate.ts:112:11)]

Import trace:
  Server Component:
    ./src/components/categories-page/CategoryPageView/CategoryPageView.module.css
    ./src/components/categories-page/CategoryPageView/CategoryPageView.tsx
    ./src/app/categories/[...slug]/page.tsx @ http://localhost:3000/_next/static/chunks/node_modules_next_dist_1e8vcs8._.js:1052
[  301370ms] [ERROR] ./src/components/categories-page/CategoryPageView/CategoryPageView.module.css
Error: Error evaluating Node.js code
CssSyntaxError: D:\work\kaelis-website-new\src\components\categories-page\CategoryPageView\CategoryPageView.module.css:1:1: Unclosed block
    [at Input.error (turbopack:///[project]/node_modules/postcss/lib/input.js:135:16)]
    [at Parser.unclosedBlock (turbopack:///[project]/node_modules/postcss/lib/parser.js:582:22)]
    [at Parser.endFile (turbopack:///[project]/node_modules/postcss/lib/parser.js:342:35)]
    [at Parser.parse (turbopack:///[project]/node_modules/postcss/lib/parser.js:483:10)]
    [at parser (turbopack:///[project]/node_modules/postcss/lib/parse.js:11:12)]
    [at new LazyResult (turbopack:///[project]/node_modules/postcss/lib/lazy-result.js:171:16)]
    [at Processor.process (turbopack:///[project]/node_modules/postcss/lib/processor.js:53:14)]
    [at transform (turbopack:///[turbopack-node]/transforms/postcss.ts?config=[project]/postcss.config.mjs:70:51)]
    [at run (turbopack:///[turbopack-node]/child_process/evaluate.ts:89:29)]
    [at run (turbopack:///[turbopack-node]/child_process/evaluate.ts:112:11)]

Import trace:
  Server Component:
    ./src/components/categories-page/CategoryPageView/CategoryPageView.module.css
    ./src/components/categories-page/CategoryPageView/CategoryPageView.tsx
    ./src/app/categories/[...slug]/page.tsx @ http://localhost:3000/_next/static/chunks/node_modules_next_dist_1e8vcs8._.js:1052
[  301416ms] [ERROR] ./src/components/categories-page/CategoryPageView/CategoryPageView.module.css
Error: Error evaluating Node.js code
CssSyntaxError: D:\work\kaelis-website-new\src\components\categories-page\CategoryPageView\CategoryPageView.module.css:1:1: Unclosed block
    [at Input.error (turbopack:///[project]/node_modules/postcss/lib/input.js:135:16)]
    [at Parser.unclosedBlock (turbopack:///[project]/node_modules/postcss/lib/parser.js:582:22)]
    [at Parser.endFile (turbopack:///[project]/node_modules/postcss/lib/parser.js:342:35)]
    [at Parser.parse (turbopack:///[project]/node_modules/postcss/lib/parser.js:483:10)]
    [at parser (turbopack:///[project]/node_modules/postcss/lib/parse.js:11:12)]
    [at new LazyResult (turbopack:///[project]/node_modules/postcss/lib/lazy-result.js:171:16)]
    [at Processor.process (turbopack:///[project]/node_modules/postcss/lib/processor.js:53:14)]
    [at transform (turbopack:///[turbopack-node]/transforms/postcss.ts?config=[project]/postcss.config.mjs:70:51)]
    [at run (turbopack:///[turbopack-node]/child_process/evaluate.ts:89:29)]
    [at run (turbopack:///[turbopack-node]/child_process/evaluate.ts:112:11)]

Import trace:
  Server Component:
    ./src/components/categories-page/CategoryPageView/CategoryPageView.module.css
    ./src/components/categories-page/CategoryPageView/CategoryPageView.tsx
    ./src/app/categories/[...slug]/page.tsx @ http://localhost:3000/_next/static/chunks/node_modules_next_dist_1e8vcs8._.js:1052
[  301457ms] [ERROR] ./src/components/categories-page/CategoryPageView/CategoryPageView.module.css
Error: Error evaluating Node.js code
CssSyntaxError: D:\work\kaelis-website-new\src\components\categories-page\CategoryPageView\CategoryPageView.module.css:1:1: Unclosed block
    [at Input.error (turbopack:///[project]/node_modules/postcss/lib/input.js:135:16)]
    [at Parser.unclosedBlock (turbopack:///[project]/node_modules/postcss/lib/parser.js:582:22)]
    [at Parser.endFile (turbopack:///[project]/node_modules/postcss/lib/parser.js:342:35)]
    [at Parser.parse (turbopack:///[project]/node_modules/postcss/lib/parser.js:483:10)]
    [at parser (turbopack:///[project]/node_modules/postcss/lib/parse.js:11:12)]
    [at new LazyResult (turbopack:///[project]/node_modules/postcss/lib/lazy-result.js:171:16)]
    [at Processor.process (turbopack:///[project]/node_modules/postcss/lib/processor.js:53:14)]
    [at transform (turbopack:///[turbopack-node]/transforms/postcss.ts?config=[project]/postcss.config.mjs:70:51)]
    [at run (turbopack:///[turbopack-node]/child_process/evaluate.ts:89:29)]
    [at run (turbopack:///[turbopack-node]/child_process/evaluate.ts:112:11)]

Import trace:
  Server Component:
    ./src/components/categories-page/CategoryPageView/CategoryPageView.module.css
    ./src/components/categories-page/CategoryPageView/CategoryPageView.tsx
    ./src/app/categories/[...slug]/page.tsx @ http://localhost:3000/_next/static/chunks/node_modules_next_dist_1e8vcs8._.js:1052
[  301500ms] [ERROR] ./src/components/categories-page/CategoryPageView/CategoryPageView.module.css
Error: Error evaluating Node.js code
CssSyntaxError: D:\work\kaelis-website-new\src\components\categories-page\CategoryPageView\CategoryPageView.module.css:1:1: Unclosed block
    [at Input.error (turbopack:///[project]/node_modules/postcss/lib/input.js:135:16)]
    [at Parser.unclosedBlock (turbopack:///[project]/node_modules/postcss/lib/parser.js:582:22)]
    [at Parser.endFile (turbopack:///[project]/node_modules/postcss/lib/parser.js:342:35)]
    [at Parser.parse (turbopack:///[project]/node_modules/postcss/lib/parser.js:483:10)]
    [at parser (turbopack:///[project]/node_modules/postcss/lib/parse.js:11:12)]
    [at new LazyResult (turbopack:///[project]/node_modules/postcss/lib/lazy-result.js:171:16)]
    [at Processor.process (turbopack:///[project]/node_modules/postcss/lib/processor.js:53:14)]
    [at transform (turbopack:///[turbopack-node]/transforms/postcss.ts?config=[project]/postcss.config.mjs:70:51)]
    [at run (turbopack:///[turbopack-node]/child_process/evaluate.ts:89:29)]
    [at run (turbopack:///[turbopack-node]/child_process/evaluate.ts:112:11)]

Import trace:
  Server Component:
    ./src/components/categories-page/CategoryPageView/CategoryPageView.module.css
    ./src/components/categories-page/CategoryPageView/CategoryPageView.tsx
    ./src/app/categories/[...slug]/page.tsx @ http://localhost:3000/_next/static/chunks/node_modules_next_dist_1e8vcs8._.js:1052
[  301541ms] [ERROR] ./src/components/categories-page/CategoryPageView/CategoryPageView.module.css
Error: Error evaluating Node.js code
CssSyntaxError: D:\work\kaelis-website-new\src\components\categories-page\CategoryPageView\CategoryPageView.module.css:1:1: Unclosed block
    [at Input.error (turbopack:///[project]/node_modules/postcss/lib/input.js:135:16)]
    [at Parser.unclosedBlock (turbopack:///[project]/node_modules/postcss/lib/parser.js:582:22)]
    [at Parser.endFile (turbopack:///[project]/node_modules/postcss/lib/parser.js:342:35)]
    [at Parser.parse (turbopack:///[project]/node_modules/postcss/lib/parser.js:483:10)]
    [at parser (turbopack:///[project]/node_modules/postcss/lib/parse.js:11:12)]
    [at new LazyResult (turbopack:///[project]/node_modules/postcss/lib/lazy-result.js:171:16)]
    [at Processor.process (turbopack:///[project]/node_modules/postcss/lib/processor.js:53:14)]
    [at transform (turbopack:///[turbopack-node]/transforms/postcss.ts?config=[project]/postcss.config.mjs:70:51)]
    [at run (turbopack:///[turbopack-node]/child_process/evaluate.ts:89:29)]
    [at run (turbopack:///[turbopack-node]/child_process/evaluate.ts:112:11)]

Import trace:
  Server Component:
    ./src/components/categories-page/CategoryPageView/CategoryPageView.module.css
    ./src/components/categories-page/CategoryPageView/CategoryPageView.tsx
    ./src/app/categories/[...slug]/page.tsx @ http://localhost:3000/_next/static/chunks/node_modules_next_dist_1e8vcs8._.js:1052
[  301583ms] [ERROR] ./src/components/categories-page/CategoryPageView/CategoryPageView.module.css
Error: Error evaluating Node.js code
CssSyntaxError: D:\work\kaelis-website-new\src\components\categories-page\CategoryPageView\CategoryPageView.module.css:1:1: Unclosed block
    [at Input.error (turbopack:///[project]/node_modules/postcss/lib/input.js:135:16)]
    [at Parser.unclosedBlock (turbopack:///[project]/node_modules/postcss/lib/parser.js:582:22)]
    [at Parser.endFile (turbopack:///[project]/node_modules/postcss/lib/parser.js:342:35)]
    [at Parser.parse (turbopack:///[project]/node_modules/postcss/lib/parser.js:483:10)]
    [at parser (turbopack:///[project]/node_modules/postcss/lib/parse.js:11:12)]
    [at new LazyResult (turbopack:///[project]/node_modules/postcss/lib/lazy-result.js:171:16)]
    [at Processor.process (turbopack:///[project]/node_modules/postcss/lib/processor.js:53:14)]
    [at transform (turbopack:///[turbopack-node]/transforms/postcss.ts?config=[project]/postcss.config.mjs:70:51)]
    [at run (turbopack:///[turbopack-node]/child_process/evaluate.ts:89:29)]
    [at run (turbopack:///[turbopack-node]/child_process/evaluate.ts:112:11)]

Import trace:
  Server Component:
    ./src/components/categories-page/CategoryPageView/CategoryPageView.module.css
    ./src/components/categories-page/CategoryPageView/CategoryPageView.tsx
    ./src/app/categories/[...slug]/page.tsx @ http://localhost:3000/_next/static/chunks/node_modules_next_dist_1e8vcs8._.js:1052
[  301631ms] [ERROR] ./src/components/categories-page/CategoryPageView/CategoryPageView.module.css
Error: Error evaluating Node.js code
CssSyntaxError: D:\work\kaelis-website-new\src\components\categories-page\CategoryPageView\CategoryPageView.module.css:1:1: Unclosed block
    [at Input.error (turbopack:///[project]/node_modules/postcss/lib/input.js:135:16)]
    [at Parser.unclosedBlock (turbopack:///[project]/node_modules/postcss/lib/parser.js:582:22)]
    [at Parser.endFile (turbopack:///[project]/node_modules/postcss/lib/parser.js:342:35)]
    [at Parser.parse (turbopack:///[project]/node_modules/postcss/lib/parser.js:483:10)]
    [at parser (turbopack:///[project]/node_modules/postcss/lib/parse.js:11:12)]
    [at new LazyResult (turbopack:///[project]/node_modules/postcss/lib/lazy-result.js:171:16)]
    [at Processor.process (turbopack:///[project]/node_modules/postcss/lib/processor.js:53:14)]
    [at transform (turbopack:///[turbopack-node]/transforms/postcss.ts?config=[project]/postcss.config.mjs:70:51)]
    [at run (turbopack:///[turbopack-node]/child_process/evaluate.ts:89:29)]
    [at run (turbopack:///[turbopack-node]/child_process/evaluate.ts:112:11)]

Import trace:
  Server Component:
    ./src/components/categories-page/CategoryPageView/CategoryPageView.module.css
    ./src/components/categories-page/CategoryPageView/CategoryPageView.tsx
    ./src/app/categories/[...slug]/page.tsx @ http://localhost:3000/_next/static/chunks/node_modules_next_dist_1e8vcs8._.js:1052
[  301684ms] [ERROR] ./src/components/categories-page/CategoryPageView/CategoryPageView.module.css
Error: Error evaluating Node.js code
CssSyntaxError: D:\work\kaelis-website-new\src\components\categories-page\CategoryPageView\CategoryPageView.module.css:1:1: Unclosed block
    [at Input.error (turbopack:///[project]/node_modules/postcss/lib/input.js:135:16)]
    [at Parser.unclosedBlock (turbopack:///[project]/node_modules/postcss/lib/parser.js:582:22)]
    [at Parser.endFile (turbopack:///[project]/node_modules/postcss/lib/parser.js:342:35)]
    [at Parser.parse (turbopack:///[project]/node_modules/postcss/lib/parser.js:483:10)]
    [at parser (turbopack:///[project]/node_modules/postcss/lib/parse.js:11:12)]
    [at new LazyResult (turbopack:///[project]/node_modules/postcss/lib/lazy-result.js:171:16)]
    [at Processor.process (turbopack:///[project]/node_modules/postcss/lib/processor.js:53:14)]
    [at transform (turbopack:///[turbopack-node]/transforms/postcss.ts?config=[project]/postcss.config.mjs:70:51)]
    [at run (turbopack:///[turbopack-node]/child_process/evaluate.ts:89:29)]
    [at run (turbopack:///[turbopack-node]/child_process/evaluate.ts:112:11)]

Import trace:
  Server Component:
    ./src/components/categories-page/CategoryPageView/CategoryPageView.module.css
    ./src/components/categories-page/CategoryPageView/CategoryPageView.tsx
    ./src/app/categories/[...slug]/page.tsx @ http://localhost:3000/_next/static/chunks/node_modules_next_dist_1e8vcs8._.js:1052
[  301736ms] [ERROR] ./src/components/categories-page/CategoryPageView/CategoryPageView.module.css
Error: Error evaluating Node.js code
CssSyntaxError: D:\work\kaelis-website-new\src\components\categories-page\CategoryPageView\CategoryPageView.module.css:1:1: Unclosed block
    [at Input.error (turbopack:///[project]/node_modules/postcss/lib/input.js:135:16)]
    [at Parser.unclosedBlock (turbopack:///[project]/node_modules/postcss/lib/parser.js:582:22)]
    [at Parser.endFile (turbopack:///[project]/node_modules/postcss/lib/parser.js:342:35)]
    [at Parser.parse (turbopack:///[project]/node_modules/postcss/lib/parser.js:483:10)]
    [at parser (turbopack:///[project]/node_modules/postcss/lib/parse.js:11:12)]
    [at new LazyResult (turbopack:///[project]/node_modules/postcss/lib/lazy-result.js:171:16)]
    [at Processor.process (turbopack:///[project]/node_modules/postcss/lib/processor.js:53:14)]
    [at transform (turbopack:///[turbopack-node]/transforms/postcss.ts?config=[project]/postcss.config.mjs:70:51)]
    [at run (turbopack:///[turbopack-node]/child_process/evaluate.ts:89:29)]
    [at run (turbopack:///[turbopack-node]/child_process/evaluate.ts:112:11)]

Import trace:
  Server Component:
    ./src/components/categories-page/CategoryPageView/CategoryPageView.module.css
    ./src/components/categories-page/CategoryPageView/CategoryPageView.tsx
    ./src/app/categories/[...slug]/page.tsx @ http://localhost:3000/_next/static/chunks/node_modules_next_dist_1e8vcs8._.js:1052
[  301784ms] [ERROR] ./src/components/categories-page/CategoryPageView/CategoryPageView.module.css
Error: Error evaluating Node.js code
CssSyntaxError: D:\work\kaelis-website-new\src\components\categories-page\CategoryPageView\CategoryPageView.module.css:1:1: Unclosed block
    [at Input.error (turbopack:///[project]/node_modules/postcss/lib/input.js:135:16)]
    [at Parser.unclosedBlock (turbopack:///[project]/node_modules/postcss/lib/parser.js:582:22)]
    [at Parser.endFile (turbopack:///[project]/node_modules/postcss/lib/parser.js:342:35)]
    [at Parser.parse (turbopack:///[project]/node_modules/postcss/lib/parser.js:483:10)]
    [at parser (turbopack:///[project]/node_modules/postcss/lib/parse.js:11:12)]
    [at new LazyResult (turbopack:///[project]/node_modules/postcss/lib/lazy-result.js:171:16)]
    [at Processor.process (turbopack:///[project]/node_modules/postcss/lib/processor.js:53:14)]
    [at transform (turbopack:///[turbopack-node]/transforms/postcss.ts?config=[project]/postcss.config.mjs:70:51)]
    [at run (turbopack:///[turbopack-node]/child_process/evaluate.ts:89:29)]
    [at run (turbopack:///[turbopack-node]/child_process/evaluate.ts:112:11)]

Import trace:
  Server Component:
    ./src/components/categories-page/CategoryPageView/CategoryPageView.module.css
    ./src/components/categories-page/CategoryPageView/CategoryPageView.tsx
    ./src/app/categories/[...slug]/page.tsx @ http://localhost:3000/_next/static/chunks/node_modules_next_dist_1e8vcs8._.js:1052
[  301833ms] [ERROR] ./src/components/categories-page/CategoryPageView/CategoryPageView.module.css
Error: Error evaluating Node.js code
CssSyntaxError: D:\work\kaelis-website-new\src\components\categories-page\CategoryPageView\CategoryPageView.module.css:1:1: Unclosed block
    [at Input.error (turbopack:///[project]/node_modules/postcss/lib/input.js:135:16)]
    [at Parser.unclosedBlock (turbopack:///[project]/node_modules/postcss/lib/parser.js:582:22)]
    [at Parser.endFile (turbopack:///[project]/node_modules/postcss/lib/parser.js:342:35)]
    [at Parser.parse (turbopack:///[project]/node_modules/postcss/lib/parser.js:483:10)]
    [at parser (turbopack:///[project]/node_modules/postcss/lib/parse.js:11:12)]
    [at new LazyResult (turbopack:///[project]/node_modules/postcss/lib/lazy-result.js:171:16)]
    [at Processor.process (turbopack:///[project]/node_modules/postcss/lib/processor.js:53:14)]
    [at transform (turbopack:///[turbopack-node]/transforms/postcss.ts?config=[project]/postcss.config.mjs:70:51)]
    [at run (turbopack:///[turbopack-node]/child_process/evaluate.ts:89:29)]
    [at run (turbopack:///[turbopack-node]/child_process/evaluate.ts:112:11)]

Import trace:
  Server Component:
    ./src/components/categories-page/CategoryPageView/CategoryPageView.module.css
    ./src/components/categories-page/CategoryPageView/CategoryPageView.tsx
    ./src/app/categories/[...slug]/page.tsx @ http://localhost:3000/_next/static/chunks/node_modules_next_dist_1e8vcs8._.js:1052
[  301875ms] [ERROR] ./src/components/categories-page/CategoryPageView/CategoryPageView.module.css
Error: Error evaluating Node.js code
CssSyntaxError: D:\work\kaelis-website-new\src\components\categories-page\CategoryPageView\CategoryPageView.module.css:1:1: Unclosed block
    [at Input.error (turbopack:///[project]/node_modules/postcss/lib/input.js:135:16)]
    [at Parser.unclosedBlock (turbopack:///[project]/node_modules/postcss/lib/parser.js:582:22)]
    [at Parser.endFile (turbopack:///[project]/node_modules/postcss/lib/parser.js:342:35)]
    [at Parser.parse (turbopack:///[project]/node_modules/postcss/lib/parser.js:483:10)]
    [at parser (turbopack:///[project]/node_modules/postcss/lib/parse.js:11:12)]
    [at new LazyResult (turbopack:///[project]/node_modules/postcss/lib/lazy-result.js:171:16)]
    [at Processor.process (turbopack:///[project]/node_modules/postcss/lib/processor.js:53:14)]
    [at transform (turbopack:///[turbopack-node]/transforms/postcss.ts?config=[project]/postcss.config.mjs:70:51)]
    [at run (turbopack:///[turbopack-node]/child_process/evaluate.ts:89:29)]
    [at run (turbopack:///[turbopack-node]/child_process/evaluate.ts:112:11)]

Import trace:
  Server Component:
    ./src/components/categories-page/CategoryPageView/CategoryPageView.module.css
    ./src/components/categories-page/CategoryPageView/CategoryPageView.tsx
    ./src/app/categories/[...slug]/page.tsx @ http://localhost:3000/_next/static/chunks/node_modules_next_dist_1e8vcs8._.js:1052
[  301916ms] [ERROR] ./src/components/categories-page/CategoryPageView/CategoryPageView.module.css
Error: Error evaluating Node.js code
CssSyntaxError: D:\work\kaelis-website-new\src\components\categories-page\CategoryPageView\CategoryPageView.module.css:1:1: Unclosed block
    [at Input.error (turbopack:///[project]/node_modules/postcss/lib/input.js:135:16)]
    [at Parser.unclosedBlock (turbopack:///[project]/node_modules/postcss/lib/parser.js:582:22)]
    [at Parser.endFile (turbopack:///[project]/node_modules/postcss/lib/parser.js:342:35)]
    [at Parser.parse (turbopack:///[project]/node_modules/postcss/lib/parser.js:483:10)]
    [at parser (turbopack:///[project]/node_modules/postcss/lib/parse.js:11:12)]
    [at new LazyResult (turbopack:///[project]/node_modules/postcss/lib/lazy-result.js:171:16)]
    [at Processor.process (turbopack:///[project]/node_modules/postcss/lib/processor.js:53:14)]
    [at transform (turbopack:///[turbopack-node]/transforms/postcss.ts?config=[project]/postcss.config.mjs:70:51)]
    [at run (turbopack:///[turbopack-node]/child_process/evaluate.ts:89:29)]
    [at run (turbopack:///[turbopack-node]/child_process/evaluate.ts:112:11)]

Import trace:
  Server Component:
    ./src/components/categories-page/CategoryPageView/CategoryPageView.module.css
    ./src/components/categories-page/CategoryPageView/CategoryPageView.tsx
    ./src/app/categories/[...slug]/page.tsx @ http://localhost:3000/_next/static/chunks/node_modules_next_dist_1e8vcs8._.js:1052
[  301965ms] [ERROR] ./src/components/categories-page/CategoryPageView/CategoryPageView.module.css
Error: Error evaluating Node.js code
CssSyntaxError: D:\work\kaelis-website-new\src\components\categories-page\CategoryPageView\CategoryPageView.module.css:1:1: Unclosed block
    [at Input.error (turbopack:///[project]/node_modules/postcss/lib/input.js:135:16)]
    [at Parser.unclosedBlock (turbopack:///[project]/node_modules/postcss/lib/parser.js:582:22)]
    [at Parser.endFile (turbopack:///[project]/node_modules/postcss/lib/parser.js:342:35)]
    [at Parser.parse (turbopack:///[project]/node_modules/postcss/lib/parser.js:483:10)]
    [at parser (turbopack:///[project]/node_modules/postcss/lib/parse.js:11:12)]
    [at new LazyResult (turbopack:///[project]/node_modules/postcss/lib/lazy-result.js:171:16)]
    [at Processor.process (turbopack:///[project]/node_modules/postcss/lib/processor.js:53:14)]
    [at transform (turbopack:///[turbopack-node]/transforms/postcss.ts?config=[project]/postcss.config.mjs:70:51)]
    [at run (turbopack:///[turbopack-node]/child_process/evaluate.ts:89:29)]
    [at run (turbopack:///[turbopack-node]/child_process/evaluate.ts:112:11)]

Import trace:
  Server Component:
    ./src/components/categories-page/CategoryPageView/CategoryPageView.module.css
    ./src/components/categories-page/CategoryPageView/CategoryPageView.tsx
    ./src/app/categories/[...slug]/page.tsx @ http://localhost:3000/_next/static/chunks/node_modules_next_dist_1e8vcs8._.js:1052
[  302006ms] [ERROR] ./src/components/categories-page/CategoryPageView/CategoryPageView.module.css
Error: Error evaluating Node.js code
CssSyntaxError: D:\work\kaelis-website-new\src\components\categories-page\CategoryPageView\CategoryPageView.module.css:1:1: Unclosed block
    [at Input.error (turbopack:///[project]/node_modules/postcss/lib/input.js:135:16)]
    [at Parser.unclosedBlock (turbopack:///[project]/node_modules/postcss/lib/parser.js:582:22)]
    [at Parser.endFile (turbopack:///[project]/node_modules/postcss/lib/parser.js:342:35)]
    [at Parser.parse (turbopack:///[project]/node_modules/postcss/lib/parser.js:483:10)]
    [at parser (turbopack:///[project]/node_modules/postcss/lib/parse.js:11:12)]
    [at new LazyResult (turbopack:///[project]/node_modules/postcss/lib/lazy-result.js:171:16)]
    [at Processor.process (turbopack:///[project]/node_modules/postcss/lib/processor.js:53:14)]
    [at transform (turbopack:///[turbopack-node]/transforms/postcss.ts?config=[project]/postcss.config.mjs:70:51)]
    [at run (turbopack:///[turbopack-node]/child_process/evaluate.ts:89:29)]
    [at run (turbopack:///[turbopack-node]/child_process/evaluate.ts:112:11)]

Import trace:
  Server Component:
    ./src/components/categories-page/CategoryPageView/CategoryPageView.module.css
    ./src/components/categories-page/CategoryPageView/CategoryPageView.tsx
    ./src/app/categories/[...slug]/page.tsx @ http://localhost:3000/_next/static/chunks/node_modules_next_dist_1e8vcs8._.js:1052
[  302048ms] [ERROR] ./src/components/categories-page/CategoryPageView/CategoryPageView.module.css
Error: Error evaluating Node.js code
CssSyntaxError: D:\work\kaelis-website-new\src\components\categories-page\CategoryPageView\CategoryPageView.module.css:1:1: Unclosed block
    [at Input.error (turbopack:///[project]/node_modules/postcss/lib/input.js:135:16)]
    [at Parser.unclosedBlock (turbopack:///[project]/node_modules/postcss/lib/parser.js:582:22)]
    [at Parser.endFile (turbopack:///[project]/node_modules/postcss/lib/parser.js:342:35)]
    [at Parser.parse (turbopack:///[project]/node_modules/postcss/lib/parser.js:483:10)]
    [at parser (turbopack:///[project]/node_modules/postcss/lib/parse.js:11:12)]
    [at new LazyResult (turbopack:///[project]/node_modules/postcss/lib/lazy-result.js:171:16)]
    [at Processor.process (turbopack:///[project]/node_modules/postcss/lib/processor.js:53:14)]
    [at transform (turbopack:///[turbopack-node]/transforms/postcss.ts?config=[project]/postcss.config.mjs:70:51)]
    [at run (turbopack:///[turbopack-node]/child_process/evaluate.ts:89:29)]
    [at run (turbopack:///[turbopack-node]/child_process/evaluate.ts:112:11)]

Import trace:
  Server Component:
    ./src/components/categories-page/CategoryPageView/CategoryPageView.module.css
    ./src/components/categories-page/CategoryPageView/CategoryPageView.tsx
    ./src/app/categories/[...slug]/page.tsx @ http://localhost:3000/_next/static/chunks/node_modules_next_dist_1e8vcs8._.js:1052
[  302097ms] [ERROR] ./src/components/categories-page/CategoryPageView/CategoryPageView.module.css
Error: Error evaluating Node.js code
CssSyntaxError: D:\work\kaelis-website-new\src\components\categories-page\CategoryPageView\CategoryPageView.module.css:1:1: Unclosed block
    [at Input.error (turbopack:///[project]/node_modules/postcss/lib/input.js:135:16)]
    [at Parser.unclosedBlock (turbopack:///[project]/node_modules/postcss/lib/parser.js:582:22)]
    [at Parser.endFile (turbopack:///[project]/node_modules/postcss/lib/parser.js:342:35)]
    [at Parser.parse (turbopack:///[project]/node_modules/postcss/lib/parser.js:483:10)]
    [at parser (turbopack:///[project]/node_modules/postcss/lib/parse.js:11:12)]
    [at new LazyResult (turbopack:///[project]/node_modules/postcss/lib/lazy-result.js:171:16)]
    [at Processor.process (turbopack:///[project]/node_modules/postcss/lib/processor.js:53:14)]
    [at transform (turbopack:///[turbopack-node]/transforms/postcss.ts?config=[project]/postcss.config.mjs:70:51)]
    [at run (turbopack:///[turbopack-node]/child_process/evaluate.ts:89:29)]
    [at run (turbopack:///[turbopack-node]/child_process/evaluate.ts:112:11)]

Import trace:
  Server Component:
    ./src/components/categories-page/CategoryPageView/CategoryPageView.module.css
    ./src/components/categories-page/CategoryPageView/CategoryPageView.tsx
    ./src/app/categories/[...slug]/page.tsx @ http://localhost:3000/_next/static/chunks/node_modules_next_dist_1e8vcs8._.js:1052
[  302152ms] [ERROR] ./src/components/categories-page/CategoryPageView/CategoryPageView.module.css
Error: Error evaluating Node.js code
CssSyntaxError: D:\work\kaelis-website-new\src\components\categories-page\CategoryPageView\CategoryPageView.module.css:1:1: Unclosed block
    [at Input.error (turbopack:///[project]/node_modules/postcss/lib/input.js:135:16)]
    [at Parser.unclosedBlock (turbopack:///[project]/node_modules/postcss/lib/parser.js:582:22)]
    [at Parser.endFile (turbopack:///[project]/node_modules/postcss/lib/parser.js:342:35)]
    [at Parser.parse (turbopack:///[project]/node_modules/postcss/lib/parser.js:483:10)]
    [at parser (turbopack:///[project]/node_modules/postcss/lib/parse.js:11:12)]
    [at new LazyResult (turbopack:///[project]/node_modules/postcss/lib/lazy-result.js:171:16)]
    [at Processor.process (turbopack:///[project]/node_modules/postcss/lib/processor.js:53:14)]
    [at transform (turbopack:///[turbopack-node]/transforms/postcss.ts?config=[project]/postcss.config.mjs:70:51)]
    [at run (turbopack:///[turbopack-node]/child_process/evaluate.ts:89:29)]
    [at run (turbopack:///[turbopack-node]/child_process/evaluate.ts:112:11)]

Import trace:
  Server Component:
    ./src/components/categories-page/CategoryPageView/CategoryPageView.module.css
    ./src/components/categories-page/CategoryPageView/CategoryPageView.tsx
    ./src/app/categories/[...slug]/page.tsx @ http://localhost:3000/_next/static/chunks/node_modules_next_dist_1e8vcs8._.js:1052
[  302201ms] [ERROR] ./src/components/categories-page/CategoryPageView/CategoryPageView.module.css
Error: Error evaluating Node.js code
CssSyntaxError: D:\work\kaelis-website-new\src\components\categories-page\CategoryPageView\CategoryPageView.module.css:1:1: Unclosed block
    [at Input.error (turbopack:///[project]/node_modules/postcss/lib/input.js:135:16)]
    [at Parser.unclosedBlock (turbopack:///[project]/node_modules/postcss/lib/parser.js:582:22)]
    [at Parser.endFile (turbopack:///[project]/node_modules/postcss/lib/parser.js:342:35)]
    [at Parser.parse (turbopack:///[project]/node_modules/postcss/lib/parser.js:483:10)]
    [at parser (turbopack:///[project]/node_modules/postcss/lib/parse.js:11:12)]
    [at new LazyResult (turbopack:///[project]/node_modules/postcss/lib/lazy-result.js:171:16)]
    [at Processor.process (turbopack:///[project]/node_modules/postcss/lib/processor.js:53:14)]
    [at transform (turbopack:///[turbopack-node]/transforms/postcss.ts?config=[project]/postcss.config.mjs:70:51)]
    [at run (turbopack:///[turbopack-node]/child_process/evaluate.ts:89:29)]
    [at run (turbopack:///[turbopack-node]/child_process/evaluate.ts:112:11)]

Import trace:
  Server Component:
    ./src/components/categories-page/CategoryPageView/CategoryPageView.module.css
    ./src/components/categories-page/CategoryPageView/CategoryPageView.tsx
    ./src/app/categories/[...slug]/page.tsx @ http://localhost:3000/_next/static/chunks/node_modules_next_dist_1e8vcs8._.js:1052
[  302242ms] [ERROR] ./src/components/categories-page/CategoryPageView/CategoryPageView.module.css
Error: Error evaluating Node.js code
CssSyntaxError: D:\work\kaelis-website-new\src\components\categories-page\CategoryPageView\CategoryPageView.module.css:1:1: Unclosed block
    [at Input.error (turbopack:///[project]/node_modules/postcss/lib/input.js:135:16)]
    [at Parser.unclosedBlock (turbopack:///[project]/node_modules/postcss/lib/parser.js:582:22)]
    [at Parser.endFile (turbopack:///[project]/node_modules/postcss/lib/parser.js:342:35)]
    [at Parser.parse (turbopack:///[project]/node_modules/postcss/lib/parser.js:483:10)]
    [at parser (turbopack:///[project]/node_modules/postcss/lib/parse.js:11:12)]
    [at new LazyResult (turbopack:///[project]/node_modules/postcss/lib/lazy-result.js:171:16)]
    [at Processor.process (turbopack:///[project]/node_modules/postcss/lib/processor.js:53:14)]
    [at transform (turbopack:///[turbopack-node]/transforms/postcss.ts?config=[project]/postcss.config.mjs:70:51)]
    [at run (turbopack:///[turbopack-node]/child_process/evaluate.ts:89:29)]
    [at run (turbopack:///[turbopack-node]/child_process/evaluate.ts:112:11)]

Import trace:
  Server Component:
    ./src/components/categories-page/CategoryPageView/CategoryPageView.module.css
    ./src/components/categories-page/CategoryPageView/CategoryPageView.tsx
    ./src/app/categories/[...slug]/page.tsx @ http://localhost:3000/_next/static/chunks/node_modules_next_dist_1e8vcs8._.js:1052
[  302285ms] [ERROR] ./src/components/categories-page/CategoryPageView/CategoryPageView.module.css
Error: Error evaluating Node.js code
CssSyntaxError: D:\work\kaelis-website-new\src\components\categories-page\CategoryPageView\CategoryPageView.module.css:1:1: Unclosed block
    [at Input.error (turbopack:///[project]/node_modules/postcss/lib/input.js:135:16)]
    [at Parser.unclosedBlock (turbopack:///[project]/node_modules/postcss/lib/parser.js:582:22)]
    [at Parser.endFile (turbopack:///[project]/node_modules/postcss/lib/parser.js:342:35)]
    [at Parser.parse (turbopack:///[project]/node_modules/postcss/lib/parser.js:483:10)]
    [at parser (turbopack:///[project]/node_modules/postcss/lib/parse.js:11:12)]
    [at new LazyResult (turbopack:///[project]/node_modules/postcss/lib/lazy-result.js:171:16)]
    [at Processor.process (turbopack:///[project]/node_modules/postcss/lib/processor.js:53:14)]
    [at transform (turbopack:///[turbopack-node]/transforms/postcss.ts?config=[project]/postcss.config.mjs:70:51)]
    [at run (turbopack:///[turbopack-node]/child_process/evaluate.ts:89:29)]
    [at run (turbopack:///[turbopack-node]/child_process/evaluate.ts:112:11)]

Import trace:
  Server Component:
    ./src/components/categories-page/CategoryPageView/CategoryPageView.module.css
    ./src/components/categories-page/CategoryPageView/CategoryPageView.tsx
    ./src/app/categories/[...slug]/page.tsx @ http://localhost:3000/_next/static/chunks/node_modules_next_dist_1e8vcs8._.js:1052
[  302348ms] [ERROR] ./src/components/categories-page/CategoryPageView/CategoryPageView.module.css
Error: Error evaluating Node.js code
CssSyntaxError: D:\work\kaelis-website-new\src\components\categories-page\CategoryPageView\CategoryPageView.module.css:1:1: Unclosed block
    [at Input.error (turbopack:///[project]/node_modules/postcss/lib/input.js:135:16)]
    [at Parser.unclosedBlock (turbopack:///[project]/node_modules/postcss/lib/parser.js:582:22)]
    [at Parser.endFile (turbopack:///[project]/node_modules/postcss/lib/parser.js:342:35)]
    [at Parser.parse (turbopack:///[project]/node_modules/postcss/lib/parser.js:483:10)]
    [at parser (turbopack:///[project]/node_modules/postcss/lib/parse.js:11:12)]
    [at new LazyResult (turbopack:///[project]/node_modules/postcss/lib/lazy-result.js:171:16)]
    [at Processor.process (turbopack:///[project]/node_modules/postcss/lib/processor.js:53:14)]
    [at transform (turbopack:///[turbopack-node]/transforms/postcss.ts?config=[project]/postcss.config.mjs:70:51)]
    [at run (turbopack:///[turbopack-node]/child_process/evaluate.ts:89:29)]
    [at run (turbopack:///[turbopack-node]/child_process/evaluate.ts:112:11)]

Import trace:
  Server Component:
    ./src/components/categories-page/CategoryPageView/CategoryPageView.module.css
    ./src/components/categories-page/CategoryPageView/CategoryPageView.tsx
    ./src/app/categories/[...slug]/page.tsx @ http://localhost:3000/_next/static/chunks/node_modules_next_dist_1e8vcs8._.js:1052
[  302402ms] [ERROR] ./src/components/categories-page/CategoryPageView/CategoryPageView.module.css
Error: Error evaluating Node.js code
CssSyntaxError: D:\work\kaelis-website-new\src\components\categories-page\CategoryPageView\CategoryPageView.module.css:1:1: Unclosed block
    [at Input.error (turbopack:///[project]/node_modules/postcss/lib/input.js:135:16)]
    [at Parser.unclosedBlock (turbopack:///[project]/node_modules/postcss/lib/parser.js:582:22)]
    [at Parser.endFile (turbopack:///[project]/node_modules/postcss/lib/parser.js:342:35)]
    [at Parser.parse (turbopack:///[project]/node_modules/postcss/lib/parser.js:483:10)]
    [at parser (turbopack:///[project]/node_modules/postcss/lib/parse.js:11:12)]
    [at new LazyResult (turbopack:///[project]/node_modules/postcss/lib/lazy-result.js:171:16)]
    [at Processor.process (turbopack:///[project]/node_modules/postcss/lib/processor.js:53:14)]
    [at transform (turbopack:///[turbopack-node]/transforms/postcss.ts?config=[project]/postcss.config.mjs:70:51)]
    [at run (turbopack:///[turbopack-node]/child_process/evaluate.ts:89:29)]
    [at run (turbopack:///[turbopack-node]/child_process/evaluate.ts:112:11)]

Import trace:
  Server Component:
    ./src/components/categories-page/CategoryPageView/CategoryPageView.module.css
    ./src/components/categories-page/CategoryPageView/CategoryPageView.tsx
    ./src/app/categories/[...slug]/page.tsx @ http://localhost:3000/_next/static/chunks/node_modules_next_dist_1e8vcs8._.js:1052
[  302444ms] [ERROR] ./src/components/categories-page/CategoryPageView/CategoryPageView.module.css
Error: Error evaluating Node.js code
CssSyntaxError: D:\work\kaelis-website-new\src\components\categories-page\CategoryPageView\CategoryPageView.module.css:1:1: Unclosed block
    [at Input.error (turbopack:///[project]/node_modules/postcss/lib/input.js:135:16)]
    [at Parser.unclosedBlock (turbopack:///[project]/node_modules/postcss/lib/parser.js:582:22)]
    [at Parser.endFile (turbopack:///[project]/node_modules/postcss/lib/parser.js:342:35)]
    [at Parser.parse (turbopack:///[project]/node_modules/postcss/lib/parser.js:483:10)]
    [at parser (turbopack:///[project]/node_modules/postcss/lib/parse.js:11:12)]
    [at new LazyResult (turbopack:///[project]/node_modules/postcss/lib/lazy-result.js:171:16)]
    [at Processor.process (turbopack:///[project]/node_modules/postcss/lib/processor.js:53:14)]
    [at transform (turbopack:///[turbopack-node]/transforms/postcss.ts?config=[project]/postcss.config.mjs:70:51)]
    [at run (turbopack:///[turbopack-node]/child_process/evaluate.ts:89:29)]
    [at run (turbopack:///[turbopack-node]/child_process/evaluate.ts:112:11)]

Import trace:
  Server Component:
    ./src/components/categories-page/CategoryPageView/CategoryPageView.module.css
    ./src/components/categories-page/CategoryPageView/CategoryPageView.tsx
    ./src/app/categories/[...slug]/page.tsx @ http://localhost:3000/_next/static/chunks/node_modules_next_dist_1e8vcs8._.js:1052
[  302492ms] [ERROR] ./src/components/categories-page/CategoryPageView/CategoryPageView.module.css
Error: Error evaluating Node.js code
CssSyntaxError: D:\work\kaelis-website-new\src\components\categories-page\CategoryPageView\CategoryPageView.module.css:1:1: Unclosed block
    [at Input.error (turbopack:///[project]/node_modules/postcss/lib/input.js:135:16)]
    [at Parser.unclosedBlock (turbopack:///[project]/node_modules/postcss/lib/parser.js:582:22)]
    [at Parser.endFile (turbopack:///[project]/node_modules/postcss/lib/parser.js:342:35)]
    [at Parser.parse (turbopack:///[project]/node_modules/postcss/lib/parser.js:483:10)]
    [at parser (turbopack:///[project]/node_modules/postcss/lib/parse.js:11:12)]
    [at new LazyResult (turbopack:///[project]/node_modules/postcss/lib/lazy-result.js:171:16)]
    [at Processor.process (turbopack:///[project]/node_modules/postcss/lib/processor.js:53:14)]
    [at transform (turbopack:///[turbopack-node]/transforms/postcss.ts?config=[project]/postcss.config.mjs:70:51)]
    [at run (turbopack:///[turbopack-node]/child_process/evaluate.ts:89:29)]
    [at run (turbopack:///[turbopack-node]/child_process/evaluate.ts:112:11)]

Import trace:
  Server Component:
    ./src/components/categories-page/CategoryPageView/CategoryPageView.module.css
    ./src/components/categories-page/CategoryPageView/CategoryPageView.tsx
    ./src/app/categories/[...slug]/page.tsx @ http://localhost:3000/_next/static/chunks/node_modules_next_dist_1e8vcs8._.js:1052
[  302534ms] [ERROR] ./src/components/categories-page/CategoryPageView/CategoryPageView.module.css
Error: Error evaluating Node.js code
CssSyntaxError: D:\work\kaelis-website-new\src\components\categories-page\CategoryPageView\CategoryPageView.module.css:1:1: Unclosed block
    [at Input.error (turbopack:///[project]/node_modules/postcss/lib/input.js:135:16)]
    [at Parser.unclosedBlock (turbopack:///[project]/node_modules/postcss/lib/parser.js:582:22)]
    [at Parser.endFile (turbopack:///[project]/node_modules/postcss/lib/parser.js:342:35)]
    [at Parser.parse (turbopack:///[project]/node_modules/postcss/lib/parser.js:483:10)]
    [at parser (turbopack:///[project]/node_modules/postcss/lib/parse.js:11:12)]
    [at new LazyResult (turbopack:///[project]/node_modules/postcss/lib/lazy-result.js:171:16)]
    [at Processor.process (turbopack:///[project]/node_modules/postcss/lib/processor.js:53:14)]
    [at transform (turbopack:///[turbopack-node]/transforms/postcss.ts?config=[project]/postcss.config.mjs:70:51)]
    [at run (turbopack:///[turbopack-node]/child_process/evaluate.ts:89:29)]
    [at run (turbopack:///[turbopack-node]/child_process/evaluate.ts:112:11)]

Import trace:
  Server Component:
    ./src/components/categories-page/CategoryPageView/CategoryPageView.module.css
    ./src/components/categories-page/CategoryPageView/CategoryPageView.tsx
    ./src/app/categories/[...slug]/page.tsx @ http://localhost:3000/_next/static/chunks/node_modules_next_dist_1e8vcs8._.js:1052
[  302575ms] [ERROR] ./src/components/categories-page/CategoryPageView/CategoryPageView.module.css
Error: Error evaluating Node.js code
CssSyntaxError: D:\work\kaelis-website-new\src\components\categories-page\CategoryPageView\CategoryPageView.module.css:1:1: Unclosed block
    [at Input.error (turbopack:///[project]/node_modules/postcss/lib/input.js:135:16)]
    [at Parser.unclosedBlock (turbopack:///[project]/node_modules/postcss/lib/parser.js:582:22)]
    [at Parser.endFile (turbopack:///[project]/node_modules/postcss/lib/parser.js:342:35)]
    [at Parser.parse (turbopack:///[project]/node_modules/postcss/lib/parser.js:483:10)]
    [at parser (turbopack:///[project]/node_modules/postcss/lib/parse.js:11:12)]
    [at new LazyResult (turbopack:///[project]/node_modules/postcss/lib/lazy-result.js:171:16)]
    [at Processor.process (turbopack:///[project]/node_modules/postcss/lib/processor.js:53:14)]
    [at transform (turbopack:///[turbopack-node]/transforms/postcss.ts?config=[project]/postcss.config.mjs:70:51)]
    [at run (turbopack:///[turbopack-node]/child_process/evaluate.ts:89:29)]
    [at run (turbopack:///[turbopack-node]/child_process/evaluate.ts:112:11)]

Import trace:
  Server Component:
    ./src/components/categories-page/CategoryPageView/CategoryPageView.module.css
    ./src/components/categories-page/CategoryPageView/CategoryPageView.tsx
    ./src/app/categories/[...slug]/page.tsx @ http://localhost:3000/_next/static/chunks/node_modules_next_dist_1e8vcs8._.js:1052
[  302624ms] [ERROR] ./src/components/categories-page/CategoryPageView/CategoryPageView.module.css
Error: Error evaluating Node.js code
CssSyntaxError: D:\work\kaelis-website-new\src\components\categories-page\CategoryPageView\CategoryPageView.module.css:1:1: Unclosed block
    [at Input.error (turbopack:///[project]/node_modules/postcss/lib/input.js:135:16)]
    [at Parser.unclosedBlock (turbopack:///[project]/node_modules/postcss/lib/parser.js:582:22)]
    [at Parser.endFile (turbopack:///[project]/node_modules/postcss/lib/parser.js:342:35)]
    [at Parser.parse (turbopack:///[project]/node_modules/postcss/lib/parser.js:483:10)]
    [at parser (turbopack:///[project]/node_modules/postcss/lib/parse.js:11:12)]
    [at new LazyResult (turbopack:///[project]/node_modules/postcss/lib/lazy-result.js:171:16)]
    [at Processor.process (turbopack:///[project]/node_modules/postcss/lib/processor.js:53:14)]
    [at transform (turbopack:///[turbopack-node]/transforms/postcss.ts?config=[project]/postcss.config.mjs:70:51)]
    [at run (turbopack:///[turbopack-node]/child_process/evaluate.ts:89:29)]
    [at run (turbopack:///[turbopack-node]/child_process/evaluate.ts:112:11)]

Import trace:
  Server Component:
    ./src/components/categories-page/CategoryPageView/CategoryPageView.module.css
    ./src/components/categories-page/CategoryPageView/CategoryPageView.tsx
    ./src/app/categories/[...slug]/page.tsx @ http://localhost:3000/_next/static/chunks/node_modules_next_dist_1e8vcs8._.js:1052
[  302666ms] [ERROR] ./src/components/categories-page/CategoryPageView/CategoryPageView.module.css
Error: Error evaluating Node.js code
CssSyntaxError: D:\work\kaelis-website-new\src\components\categories-page\CategoryPageView\CategoryPageView.module.css:1:1: Unclosed block
    [at Input.error (turbopack:///[project]/node_modules/postcss/lib/input.js:135:16)]
    [at Parser.unclosedBlock (turbopack:///[project]/node_modules/postcss/lib/parser.js:582:22)]
    [at Parser.endFile (turbopack:///[project]/node_modules/postcss/lib/parser.js:342:35)]
    [at Parser.parse (turbopack:///[project]/node_modules/postcss/lib/parser.js:483:10)]
    [at parser (turbopack:///[project]/node_modules/postcss/lib/parse.js:11:12)]
    [at new LazyResult (turbopack:///[project]/node_modules/postcss/lib/lazy-result.js:171:16)]
    [at Processor.process (turbopack:///[project]/node_modules/postcss/lib/processor.js:53:14)]
    [at transform (turbopack:///[turbopack-node]/transforms/postcss.ts?config=[project]/postcss.config.mjs:70:51)]
    [at run (turbopack:///[turbopack-node]/child_process/evaluate.ts:89:29)]
    [at run (turbopack:///[turbopack-node]/child_process/evaluate.ts:112:11)]

Import trace:
  Server Component:
    ./src/components/categories-page/CategoryPageView/CategoryPageView.module.css
    ./src/components/categories-page/CategoryPageView/CategoryPageView.tsx
    ./src/app/categories/[...slug]/page.tsx @ http://localhost:3000/_next/static/chunks/node_modules_next_dist_1e8vcs8._.js:1052
[  302722ms] [ERROR] ./src/components/categories-page/CategoryPageView/CategoryPageView.module.css
Error: Error evaluating Node.js code
CssSyntaxError: D:\work\kaelis-website-new\src\components\categories-page\CategoryPageView\CategoryPageView.module.css:1:1: Unclosed block
    [at Input.error (turbopack:///[project]/node_modules/postcss/lib/input.js:135:16)]
    [at Parser.unclosedBlock (turbopack:///[project]/node_modules/postcss/lib/parser.js:582:22)]
    [at Parser.endFile (turbopack:///[project]/node_modules/postcss/lib/parser.js:342:35)]
    [at Parser.parse (turbopack:///[project]/node_modules/postcss/lib/parser.js:483:10)]
    [at parser (turbopack:///[project]/node_modules/postcss/lib/parse.js:11:12)]
    [at new LazyResult (turbopack:///[project]/node_modules/postcss/lib/lazy-result.js:171:16)]
    [at Processor.process (turbopack:///[project]/node_modules/postcss/lib/processor.js:53:14)]
    [at transform (turbopack:///[turbopack-node]/transforms/postcss.ts?config=[project]/postcss.config.mjs:70:51)]
    [at run (turbopack:///[turbopack-node]/child_process/evaluate.ts:89:29)]
    [at run (turbopack:///[turbopack-node]/child_process/evaluate.ts:112:11)]

Import trace:
  Server Component:
    ./src/components/categories-page/CategoryPageView/CategoryPageView.module.css
    ./src/components/categories-page/CategoryPageView/CategoryPageView.tsx
    ./src/app/categories/[...slug]/page.tsx @ http://localhost:3000/_next/static/chunks/node_modules_next_dist_1e8vcs8._.js:1052
[  302777ms] [ERROR] ./src/components/categories-page/CategoryPageView/CategoryPageView.module.css
Error: Error evaluating Node.js code
CssSyntaxError: D:\work\kaelis-website-new\src\components\categories-page\CategoryPageView\CategoryPageView.module.css:1:1: Unclosed block
    [at Input.error (turbopack:///[project]/node_modules/postcss/lib/input.js:135:16)]
    [at Parser.unclosedBlock (turbopack:///[project]/node_modules/postcss/lib/parser.js:582:22)]
    [at Parser.endFile (turbopack:///[project]/node_modules/postcss/lib/parser.js:342:35)]
    [at Parser.parse (turbopack:///[project]/node_modules/postcss/lib/parser.js:483:10)]
    [at parser (turbopack:///[project]/node_modules/postcss/lib/parse.js:11:12)]
    [at new LazyResult (turbopack:///[project]/node_modules/postcss/lib/lazy-result.js:171:16)]
    [at Processor.process (turbopack:///[project]/node_modules/postcss/lib/processor.js:53:14)]
    [at transform (turbopack:///[turbopack-node]/transforms/postcss.ts?config=[project]/postcss.config.mjs:70:51)]
    [at run (turbopack:///[turbopack-node]/child_process/evaluate.ts:89:29)]
    [at run (turbopack:///[turbopack-node]/child_process/evaluate.ts:112:11)]

Import trace:
  Server Component:
    ./src/components/categories-page/CategoryPageView/CategoryPageView.module.css
    ./src/components/categories-page/CategoryPageView/CategoryPageView.tsx
    ./src/app/categories/[...slug]/page.tsx @ http://localhost:3000/_next/static/chunks/node_modules_next_dist_1e8vcs8._.js:1052
[  302833ms] [ERROR] ./src/components/categories-page/CategoryPageView/CategoryPageView.module.css
Error: Error evaluating Node.js code
CssSyntaxError: D:\work\kaelis-website-new\src\components\categories-page\CategoryPageView\CategoryPageView.module.css:1:1: Unclosed block
    [at Input.error (turbopack:///[project]/node_modules/postcss/lib/input.js:135:16)]
    [at Parser.unclosedBlock (turbopack:///[project]/node_modules/postcss/lib/parser.js:582:22)]
    [at Parser.endFile (turbopack:///[project]/node_modules/postcss/lib/parser.js:342:35)]
    [at Parser.parse (turbopack:///[project]/node_modules/postcss/lib/parser.js:483:10)]
    [at parser (turbopack:///[project]/node_modules/postcss/lib/parse.js:11:12)]
    [at new LazyResult (turbopack:///[project]/node_modules/postcss/lib/lazy-result.js:171:16)]
    [at Processor.process (turbopack:///[project]/node_modules/postcss/lib/processor.js:53:14)]
    [at transform (turbopack:///[turbopack-node]/transforms/postcss.ts?config=[project]/postcss.config.mjs:70:51)]
    [at run (turbopack:///[turbopack-node]/child_process/evaluate.ts:89:29)]
    [at run (turbopack:///[turbopack-node]/child_process/evaluate.ts:112:11)]

Import trace:
  Server Component:
    ./src/components/categories-page/CategoryPageView/CategoryPageView.module.css
    ./src/components/categories-page/CategoryPageView/CategoryPageView.tsx
    ./src/app/categories/[...slug]/page.tsx @ http://localhost:3000/_next/static/chunks/node_modules_next_dist_1e8vcs8._.js:1052
[  302882ms] [ERROR] ./src/components/categories-page/CategoryPageView/CategoryPageView.module.css
Error: Error evaluating Node.js code
CssSyntaxError: D:\work\kaelis-website-new\src\components\categories-page\CategoryPageView\CategoryPageView.module.css:1:1: Unclosed block
    [at Input.error (turbopack:///[project]/node_modules/postcss/lib/input.js:135:16)]
    [at Parser.unclosedBlock (turbopack:///[project]/node_modules/postcss/lib/parser.js:582:22)]
    [at Parser.endFile (turbopack:///[project]/node_modules/postcss/lib/parser.js:342:35)]
    [at Parser.parse (turbopack:///[project]/node_modules/postcss/lib/parser.js:483:10)]
    [at parser (turbopack:///[project]/node_modules/postcss/lib/parse.js:11:12)]
    [at new LazyResult (turbopack:///[project]/node_modules/postcss/lib/lazy-result.js:171:16)]
    [at Processor.process (turbopack:///[project]/node_modules/postcss/lib/processor.js:53:14)]
    [at transform (turbopack:///[turbopack-node]/transforms/postcss.ts?config=[project]/postcss.config.mjs:70:51)]
    [at run (turbopack:///[turbopack-node]/child_process/evaluate.ts:89:29)]
    [at run (turbopack:///[turbopack-node]/child_process/evaluate.ts:112:11)]

Import trace:
  Server Component:
    ./src/components/categories-page/CategoryPageView/CategoryPageView.module.css
    ./src/components/categories-page/CategoryPageView/CategoryPageView.tsx
    ./src/app/categories/[...slug]/page.tsx @ http://localhost:3000/_next/static/chunks/node_modules_next_dist_1e8vcs8._.js:1052
[  302923ms] [ERROR] ./src/components/categories-page/CategoryPageView/CategoryPageView.module.css
Error: Error evaluating Node.js code
CssSyntaxError: D:\work\kaelis-website-new\src\components\categories-page\CategoryPageView\CategoryPageView.module.css:1:1: Unclosed block
    [at Input.error (turbopack:///[project]/node_modules/postcss/lib/input.js:135:16)]
    [at Parser.unclosedBlock (turbopack:///[project]/node_modules/postcss/lib/parser.js:582:22)]
    [at Parser.endFile (turbopack:///[project]/node_modules/postcss/lib/parser.js:342:35)]
    [at Parser.parse (turbopack:///[project]/node_modules/postcss/lib/parser.js:483:10)]
    [at parser (turbopack:///[project]/node_modules/postcss/lib/parse.js:11:12)]
    [at new LazyResult (turbopack:///[project]/node_modules/postcss/lib/lazy-result.js:171:16)]
    [at Processor.process (turbopack:///[project]/node_modules/postcss/lib/processor.js:53:14)]
    [at transform (turbopack:///[turbopack-node]/transforms/postcss.ts?config=[project]/postcss.config.mjs:70:51)]
    [at run (turbopack:///[turbopack-node]/child_process/evaluate.ts:89:29)]
    [at run (turbopack:///[turbopack-node]/child_process/evaluate.ts:112:11)]

Import trace:
  Server Component:
    ./src/components/categories-page/CategoryPageView/CategoryPageView.module.css
    ./src/components/categories-page/CategoryPageView/CategoryPageView.tsx
    ./src/app/categories/[...slug]/page.tsx @ http://localhost:3000/_next/static/chunks/node_modules_next_dist_1e8vcs8._.js:1052
[  302965ms] [ERROR] ./src/components/categories-page/CategoryPageView/CategoryPageView.module.css
Error: Error evaluating Node.js code
CssSyntaxError: D:\work\kaelis-website-new\src\components\categories-page\CategoryPageView\CategoryPageView.module.css:1:1: Unclosed block
    [at Input.error (turbopack:///[project]/node_modules/postcss/lib/input.js:135:16)]
    [at Parser.unclosedBlock (turbopack:///[project]/node_modules/postcss/lib/parser.js:582:22)]
    [at Parser.endFile (turbopack:///[project]/node_modules/postcss/lib/parser.js:342:35)]
    [at Parser.parse (turbopack:///[project]/node_modules/postcss/lib/parser.js:483:10)]
    [at parser (turbopack:///[project]/node_modules/postcss/lib/parse.js:11:12)]
    [at new LazyResult (turbopack:///[project]/node_modules/postcss/lib/lazy-result.js:171:16)]
    [at Processor.process (turbopack:///[project]/node_modules/postcss/lib/processor.js:53:14)]
    [at transform (turbopack:///[turbopack-node]/transforms/postcss.ts?config=[project]/postcss.config.mjs:70:51)]
    [at run (turbopack:///[turbopack-node]/child_process/evaluate.ts:89:29)]
    [at run (turbopack:///[turbopack-node]/child_process/evaluate.ts:112:11)]

Import trace:
  Server Component:
    ./src/components/categories-page/CategoryPageView/CategoryPageView.module.css
    ./src/components/categories-page/CategoryPageView/CategoryPageView.tsx
    ./src/app/categories/[...slug]/page.tsx @ http://localhost:3000/_next/static/chunks/node_modules_next_dist_1e8vcs8._.js:1052
[  303037ms] [LOG] [Fast Refresh] rebuilding @ http://localhost:3000/_next/static/chunks/node_modules_next_dist_1e8vcs8._.js:776
[  303097ms] [LOG] [Fast Refresh] done in 19ms @ http://localhost:3000/_next/static/chunks/node_modules_next_dist_1e8vcs8._.js:776
[  303171ms] [LOG] [Fast Refresh] done in 19ms @ http://localhost:3000/_next/static/chunks/node_modules_next_dist_1e8vcs8._.js:776
[  303236ms] [LOG] [Fast Refresh] done in 19ms @ http://localhost:3000/_next/static/chunks/node_modules_next_dist_1e8vcs8._.js:776
[  303279ms] [LOG] [Fast Refresh] done in 19ms @ http://localhost:3000/_next/static/chunks/node_modules_next_dist_1e8vcs8._.js:776
[  303342ms] [LOG] [Fast Refresh] done in 19ms @ http://localhost:3000/_next/static/chunks/node_modules_next_dist_1e8vcs8._.js:776
[  303395ms] [LOG] [Fast Refresh] done in 19ms @ http://localhost:3000/_next/static/chunks/node_modules_next_dist_1e8vcs8._.js:776
[  303448ms] [LOG] [Fast Refresh] done in 19ms @ http://localhost:3000/_next/static/chunks/node_modules_next_dist_1e8vcs8._.js:776
[  303490ms] [LOG] [Fast Refresh] done in 19ms @ http://localhost:3000/_next/static/chunks/node_modules_next_dist_1e8vcs8._.js:776
[  303549ms] [LOG] [Fast Refresh] done in 19ms @ http://localhost:3000/_next/static/chunks/node_modules_next_dist_1e8vcs8._.js:776
[  303593ms] [LOG] [Fast Refresh] done in 19ms @ http://localhost:3000/_next/static/chunks/node_modules_next_dist_1e8vcs8._.js:776
[  303637ms] [LOG] [Fast Refresh] done in 19ms @ http://localhost:3000/_next/static/chunks/node_modules_next_dist_1e8vcs8._.js:776
[  303698ms] [LOG] [Fast Refresh] done in 19ms @ http://localhost:3000/_next/static/chunks/node_modules_next_dist_1e8vcs8._.js:776
[  303748ms] [LOG] [Fast Refresh] done in 19ms @ http://localhost:3000/_next/static/chunks/node_modules_next_dist_1e8vcs8._.js:776
[  337659ms] [LOG] [Fast Refresh] rebuilding @ http://localhost:3000/_next/static/chunks/node_modules_next_dist_1e8vcs8._.js:776
[  337708ms] [LOG] [Fast Refresh] done in 7ms @ http://localhost:3000/_next/static/chunks/node_modules_next_dist_1e8vcs8._.js:776
[  337756ms] [LOG] [Fast Refresh] done in 7ms @ http://localhost:3000/_next/static/chunks/node_modules_next_dist_1e8vcs8._.js:776
[  337805ms] [LOG] [Fast Refresh] done in 7ms @ http://localhost:3000/_next/static/chunks/node_modules_next_dist_1e8vcs8._.js:776
[  337847ms] [LOG] [Fast Refresh] done in 7ms @ http://localhost:3000/_next/static/chunks/node_modules_next_dist_1e8vcs8._.js:776
[  337896ms] [LOG] [Fast Refresh] done in 7ms @ http://localhost:3000/_next/static/chunks/node_modules_next_dist_1e8vcs8._.js:776
[  337937ms] [LOG] [Fast Refresh] done in 7ms @ http://localhost:3000/_next/static/chunks/node_modules_next_dist_1e8vcs8._.js:776
[  337979ms] [LOG] [Fast Refresh] done in 7ms @ http://localhost:3000/_next/static/chunks/node_modules_next_dist_1e8vcs8._.js:776
[  338021ms] [LOG] [Fast Refresh] done in 7ms @ http://localhost:3000/_next/static/chunks/node_modules_next_dist_1e8vcs8._.js:776
[  338063ms] [LOG] [Fast Refresh] done in 7ms @ http://localhost:3000/_next/static/chunks/node_modules_next_dist_1e8vcs8._.js:776
[  338104ms] [LOG] [Fast Refresh] done in 7ms @ http://localhost:3000/_next/static/chunks/node_modules_next_dist_1e8vcs8._.js:776
[  338146ms] [LOG] [Fast Refresh] done in 7ms @ http://localhost:3000/_next/static/chunks/node_modules_next_dist_1e8vcs8._.js:776
[  338194ms] [LOG] [Fast Refresh] done in 7ms @ http://localhost:3000/_next/static/chunks/node_modules_next_dist_1e8vcs8._.js:776
[  338243ms] [LOG] [Fast Refresh] done in 7ms @ http://localhost:3000/_next/static/chunks/node_modules_next_dist_1e8vcs8._.js:776
[  338292ms] [LOG] [Fast Refresh] done in 7ms @ http://localhost:3000/_next/static/chunks/node_modules_next_dist_1e8vcs8._.js:776
[  338340ms] [LOG] [Fast Refresh] done in 7ms @ http://localhost:3000/_next/static/chunks/node_modules_next_dist_1e8vcs8._.js:776
[  338382ms] [LOG] [Fast Refresh] done in 7ms @ http://localhost:3000/_next/static/chunks/node_modules_next_dist_1e8vcs8._.js:776
[  338424ms] [LOG] [Fast Refresh] done in 7ms @ http://localhost:3000/_next/static/chunks/node_modules_next_dist_1e8vcs8._.js:776
[  338465ms] [LOG] [Fast Refresh] done in 7ms @ http://localhost:3000/_next/static/chunks/node_modules_next_dist_1e8vcs8._.js:776
[  338507ms] [LOG] [Fast Refresh] done in 7ms @ http://localhost:3000/_next/static/chunks/node_modules_next_dist_1e8vcs8._.js:776
[  338549ms] [LOG] [Fast Refresh] done in 7ms @ http://localhost:3000/_next/static/chunks/node_modules_next_dist_1e8vcs8._.js:776
[  338590ms] [LOG] [Fast Refresh] done in 7ms @ http://localhost:3000/_next/static/chunks/node_modules_next_dist_1e8vcs8._.js:776
[  338631ms] [LOG] [Fast Refresh] done in 7ms @ http://localhost:3000/_next/static/chunks/node_modules_next_dist_1e8vcs8._.js:776
[  338680ms] [LOG] [Fast Refresh] done in 7ms @ http://localhost:3000/_next/static/chunks/node_modules_next_dist_1e8vcs8._.js:776
[  338729ms] [LOG] [Fast Refresh] done in 7ms @ http://localhost:3000/_next/static/chunks/node_modules_next_dist_1e8vcs8._.js:776
[  338774ms] [LOG] [Fast Refresh] done in 7ms @ http://localhost:3000/_next/static/chunks/node_modules_next_dist_1e8vcs8._.js:776
[  338826ms] [LOG] [Fast Refresh] done in 7ms @ http://localhost:3000/_next/static/chunks/node_modules_next_dist_1e8vcs8._.js:776
[  338868ms] [LOG] [Fast Refresh] done in 7ms @ http://localhost:3000/_next/static/chunks/node_modules_next_dist_1e8vcs8._.js:776
[  338910ms] [LOG] [Fast Refresh] done in 7ms @ http://localhost:3000/_next/static/chunks/node_modules_next_dist_1e8vcs8._.js:776
[  338951ms] [LOG] [Fast Refresh] done in 7ms @ http://localhost:3000/_next/static/chunks/node_modules_next_dist_1e8vcs8._.js:776
[  338993ms] [LOG] [Fast Refresh] done in 7ms @ http://localhost:3000/_next/static/chunks/node_modules_next_dist_1e8vcs8._.js:776
[  339035ms] [LOG] [Fast Refresh] done in 7ms @ http://localhost:3000/_next/static/chunks/node_modules_next_dist_1e8vcs8._.js:776
[  339084ms] [LOG] [Fast Refresh] done in 7ms @ http://localhost:3000/_next/static/chunks/node_modules_next_dist_1e8vcs8._.js:776
[  339125ms] [LOG] [Fast Refresh] done in 7ms @ http://localhost:3000/_next/static/chunks/node_modules_next_dist_1e8vcs8._.js:776
[  339174ms] [LOG] [Fast Refresh] done in 7ms @ http://localhost:3000/_next/static/chunks/node_modules_next_dist_1e8vcs8._.js:776
[  339222ms] [LOG] [Fast Refresh] done in 7ms @ http://localhost:3000/_next/static/chunks/node_modules_next_dist_1e8vcs8._.js:776
[  339267ms] [LOG] [Fast Refresh] done in 7ms @ http://localhost:3000/_next/static/chunks/node_modules_next_dist_1e8vcs8._.js:776
[  339320ms] [LOG] [Fast Refresh] done in 7ms @ http://localhost:3000/_next/static/chunks/node_modules_next_dist_1e8vcs8._.js:776
[  339369ms] [LOG] [Fast Refresh] done in 7ms @ http://localhost:3000/_next/static/chunks/node_modules_next_dist_1e8vcs8._.js:776
[  339421ms] [LOG] [Fast Refresh] done in 7ms @ http://localhost:3000/_next/static/chunks/node_modules_next_dist_1e8vcs8._.js:776
[  339472ms] [LOG] [Fast Refresh] done in 7ms @ http://localhost:3000/_next/static/chunks/node_modules_next_dist_1e8vcs8._.js:776
[  339524ms] [LOG] [Fast Refresh] done in 7ms @ http://localhost:3000/_next/static/chunks/node_modules_next_dist_1e8vcs8._.js:776
[  339580ms] [LOG] [Fast Refresh] done in 7ms @ http://localhost:3000/_next/static/chunks/node_modules_next_dist_1e8vcs8._.js:776
[  339641ms] [LOG] [Fast Refresh] done in 7ms @ http://localhost:3000/_next/static/chunks/node_modules_next_dist_1e8vcs8._.js:776
[  339692ms] [LOG] [Fast Refresh] done in 7ms @ http://localhost:3000/_next/static/chunks/node_modules_next_dist_1e8vcs8._.js:776
[  339737ms] [LOG] [Fast Refresh] done in 7ms @ http://localhost:3000/_next/static/chunks/node_modules_next_dist_1e8vcs8._.js:776
[  339791ms] [LOG] [Fast Refresh] done in 7ms @ http://localhost:3000/_next/static/chunks/node_modules_next_dist_1e8vcs8._.js:776
[  339858ms] [LOG] [Fast Refresh] done in 7ms @ http://localhost:3000/_next/static/chunks/node_modules_next_dist_1e8vcs8._.js:776
[  339917ms] [LOG] [Fast Refresh] done in 7ms @ http://localhost:3000/_next/static/chunks/node_modules_next_dist_1e8vcs8._.js:776
[  339977ms] [LOG] [Fast Refresh] done in 7ms @ http://localhost:3000/_next/static/chunks/node_modules_next_dist_1e8vcs8._.js:776
[  340054ms] [LOG] [Fast Refresh] done in 7ms @ http://localhost:3000/_next/static/chunks/node_modules_next_dist_1e8vcs8._.js:776
[  340121ms] [LOG] [Fast Refresh] done in 7ms @ http://localhost:3000/_next/static/chunks/node_modules_next_dist_1e8vcs8._.js:776
[  340178ms] [LOG] [Fast Refresh] done in 7ms @ http://localhost:3000/_next/static/chunks/node_modules_next_dist_1e8vcs8._.js:776
[  340224ms] [LOG] [Fast Refresh] done in 7ms @ http://localhost:3000/_next/static/chunks/node_modules_next_dist_1e8vcs8._.js:776
[  340277ms] [LOG] [Fast Refresh] done in 7ms @ http://localhost:3000/_next/static/chunks/node_modules_next_dist_1e8vcs8._.js:776
[  340353ms] [LOG] [Fast Refresh] done in 7ms @ http://localhost:3000/_next/static/chunks/node_modules_next_dist_1e8vcs8._.js:776
[  340396ms] [LOG] [Fast Refresh] done in 7ms @ http://localhost:3000/_next/static/chunks/node_modules_next_dist_1e8vcs8._.js:776
[  340452ms] [LOG] [Fast Refresh] done in 7ms @ http://localhost:3000/_next/static/chunks/node_modules_next_dist_1e8vcs8._.js:776
[  340504ms] [LOG] [Fast Refresh] done in 7ms @ http://localhost:3000/_next/static/chunks/node_modules_next_dist_1e8vcs8._.js:776
[  340559ms] [LOG] [Fast Refresh] done in 7ms @ http://localhost:3000/_next/static/chunks/node_modules_next_dist_1e8vcs8._.js:776
[  340611ms] [LOG] [Fast Refresh] done in 7ms @ http://localhost:3000/_next/static/chunks/node_modules_next_dist_1e8vcs8._.js:776
[  340658ms] [LOG] [Fast Refresh] done in 7ms @ http://localhost:3000/_next/static/chunks/node_modules_next_dist_1e8vcs8._.js:776
[  340702ms] [LOG] [Fast Refresh] done in 7ms @ http://localhost:3000/_next/static/chunks/node_modules_next_dist_1e8vcs8._.js:776
[  340759ms] [LOG] [Fast Refresh] done in 7ms @ http://localhost:3000/_next/static/chunks/node_modules_next_dist_1e8vcs8._.js:776
[  340819ms] [LOG] [Fast Refresh] done in 7ms @ http://localhost:3000/_next/static/chunks/node_modules_next_dist_1e8vcs8._.js:776
[  340875ms] [LOG] [Fast Refresh] done in 7ms @ http://localhost:3000/_next/static/chunks/node_modules_next_dist_1e8vcs8._.js:776
[  340931ms] [LOG] [Fast Refresh] done in 7ms @ http://localhost:3000/_next/static/chunks/node_modules_next_dist_1e8vcs8._.js:776
[  340980ms] [LOG] [Fast Refresh] done in 7ms @ http://localhost:3000/_next/static/chunks/node_modules_next_dist_1e8vcs8._.js:776
[  341034ms] [LOG] [Fast Refresh] done in 7ms @ http://localhost:3000/_next/static/chunks/node_modules_next_dist_1e8vcs8._.js:776
[  341077ms] [LOG] [Fast Refresh] done in 7ms @ http://localhost:3000/_next/static/chunks/node_modules_next_dist_1e8vcs8._.js:776
[  341126ms] [LOG] [Fast Refresh] done in 7ms @ http://localhost:3000/_next/static/chunks/node_modules_next_dist_1e8vcs8._.js:776
[  341174ms] [LOG] [Fast Refresh] done in 7ms @ http://localhost:3000/_next/static/chunks/node_modules_next_dist_1e8vcs8._.js:776
[  341234ms] [LOG] [Fast Refresh] done in 7ms @ http://localhost:3000/_next/static/chunks/node_modules_next_dist_1e8vcs8._.js:776
[  341285ms] [LOG] [Fast Refresh] done in 7ms @ http://localhost:3000/_next/static/chunks/node_modules_next_dist_1e8vcs8._.js:776
[  341361ms] [LOG] [Fast Refresh] done in 7ms @ http://localhost:3000/_next/static/chunks/node_modules_next_dist_1e8vcs8._.js:776
[  341661ms] [LOG] [Fast Refresh] done in 7ms @ http://localhost:3000/_next/static/chunks/node_modules_next_dist_1e8vcs8._.js:776
[  341800ms] [LOG] [Fast Refresh] done in 7ms @ http://localhost:3000/_next/static/chunks/node_modules_next_dist_1e8vcs8._.js:776
[  341851ms] [LOG] [Fast Refresh] done in 7ms @ http://localhost:3000/_next/static/chunks/node_modules_next_dist_1e8vcs8._.js:776
[  341903ms] [LOG] [Fast Refresh] done in 7ms @ http://localhost:3000/_next/static/chunks/node_modules_next_dist_1e8vcs8._.js:776
[  341965ms] [LOG] [Fast Refresh] done in 7ms @ http://localhost:3000/_next/static/chunks/node_modules_next_dist_1e8vcs8._.js:776
[  342025ms] [LOG] [Fast Refresh] done in 7ms @ http://localhost:3000/_next/static/chunks/node_modules_next_dist_1e8vcs8._.js:776
[  342074ms] [LOG] [Fast Refresh] done in 7ms @ http://localhost:3000/_next/static/chunks/node_modules_next_dist_1e8vcs8._.js:776
[  342120ms] [LOG] [Fast Refresh] done in 7ms @ http://localhost:3000/_next/static/chunks/node_modules_next_dist_1e8vcs8._.js:776
[  342165ms] [LOG] [Fast Refresh] done in 7ms @ http://localhost:3000/_next/static/chunks/node_modules_next_dist_1e8vcs8._.js:776
[  342220ms] [LOG] [Fast Refresh] done in 7ms @ http://localhost:3000/_next/static/chunks/node_modules_next_dist_1e8vcs8._.js:776
[  342282ms] [LOG] [Fast Refresh] done in 7ms @ http://localhost:3000/_next/static/chunks/node_modules_next_dist_1e8vcs8._.js:776
[  342348ms] [LOG] [Fast Refresh] done in 7ms @ http://localhost:3000/_next/static/chunks/node_modules_next_dist_1e8vcs8._.js:776
[  342402ms] [LOG] [Fast Refresh] done in 7ms @ http://localhost:3000/_next/static/chunks/node_modules_next_dist_1e8vcs8._.js:776
[  342471ms] [LOG] [Fast Refresh] done in 7ms @ http://localhost:3000/_next/static/chunks/node_modules_next_dist_1e8vcs8._.js:776
[  342538ms] [LOG] [Fast Refresh] done in 7ms @ http://localhost:3000/_next/static/chunks/node_modules_next_dist_1e8vcs8._.js:776
[  342605ms] [LOG] [Fast Refresh] done in 7ms @ http://localhost:3000/_next/static/chunks/node_modules_next_dist_1e8vcs8._.js:776
[  342664ms] [LOG] [Fast Refresh] done in 7ms @ http://localhost:3000/_next/static/chunks/node_modules_next_dist_1e8vcs8._.js:776
[  342730ms] [LOG] [Fast Refresh] done in 7ms @ http://localhost:3000/_next/static/chunks/node_modules_next_dist_1e8vcs8._.js:776
[  342802ms] [LOG] [Fast Refresh] done in 7ms @ http://localhost:3000/_next/static/chunks/node_modules_next_dist_1e8vcs8._.js:776
[  342866ms] [LOG] [Fast Refresh] done in 7ms @ http://localhost:3000/_next/static/chunks/node_modules_next_dist_1e8vcs8._.js:776
[  342935ms] [LOG] [Fast Refresh] done in 7ms @ http://localhost:3000/_next/static/chunks/node_modules_next_dist_1e8vcs8._.js:776
[  342993ms] [LOG] [Fast Refresh] done in 7ms @ http://localhost:3000/_next/static/chunks/node_modules_next_dist_1e8vcs8._.js:776
[  343062ms] [LOG] [Fast Refresh] done in 7ms @ http://localhost:3000/_next/static/chunks/node_modules_next_dist_1e8vcs8._.js:776
[  343113ms] [LOG] [Fast Refresh] done in 7ms @ http://localhost:3000/_next/static/chunks/node_modules_next_dist_1e8vcs8._.js:776
[  343175ms] [LOG] [Fast Refresh] done in 7ms @ http://localhost:3000/_next/static/chunks/node_modules_next_dist_1e8vcs8._.js:776
[  343225ms] [LOG] [Fast Refresh] done in 7ms @ http://localhost:3000/_next/static/chunks/node_modules_next_dist_1e8vcs8._.js:776
[  343285ms] [LOG] [Fast Refresh] done in 7ms @ http://localhost:3000/_next/static/chunks/node_modules_next_dist_1e8vcs8._.js:776
[  343343ms] [LOG] [Fast Refresh] done in 7ms @ http://localhost:3000/_next/static/chunks/node_modules_next_dist_1e8vcs8._.js:776
[  343388ms] [LOG] [Fast Refresh] done in 7ms @ http://localhost:3000/_next/static/chunks/node_modules_next_dist_1e8vcs8._.js:776
[  343449ms] [LOG] [Fast Refresh] done in 7ms @ http://localhost:3000/_next/static/chunks/node_modules_next_dist_1e8vcs8._.js:776
[  343510ms] [LOG] [Fast Refresh] done in 7ms @ http://localhost:3000/_next/static/chunks/node_modules_next_dist_1e8vcs8._.js:776
[  343570ms] [LOG] [Fast Refresh] done in 7ms @ http://localhost:3000/_next/static/chunks/node_modules_next_dist_1e8vcs8._.js:776
[  343625ms] [LOG] [Fast Refresh] done in 7ms @ http://localhost:3000/_next/static/chunks/node_modules_next_dist_1e8vcs8._.js:776
[  343681ms] [LOG] [Fast Refresh] done in 7ms @ http://localhost:3000/_next/static/chunks/node_modules_next_dist_1e8vcs8._.js:776
[  343738ms] [LOG] [Fast Refresh] done in 7ms @ http://localhost:3000/_next/static/chunks/node_modules_next_dist_1e8vcs8._.js:776
[  343784ms] [LOG] [Fast Refresh] done in 7ms @ http://localhost:3000/_next/static/chunks/node_modules_next_dist_1e8vcs8._.js:776
[  343837ms] [LOG] [Fast Refresh] done in 7ms @ http://localhost:3000/_next/static/chunks/node_modules_next_dist_1e8vcs8._.js:776
[  343882ms] [LOG] [Fast Refresh] done in 7ms @ http://localhost:3000/_next/static/chunks/node_modules_next_dist_1e8vcs8._.js:776
[  343951ms] [LOG] [Fast Refresh] done in 7ms @ http://localhost:3000/_next/static/chunks/node_modules_next_dist_1e8vcs8._.js:776
[  344011ms] [LOG] [Fast Refresh] done in 7ms @ http://localhost:3000/_next/static/chunks/node_modules_next_dist_1e8vcs8._.js:776
[  344062ms] [LOG] [Fast Refresh] done in 7ms @ http://localhost:3000/_next/static/chunks/node_modules_next_dist_1e8vcs8._.js:776
[  344114ms] [LOG] [Fast Refresh] done in 7ms @ http://localhost:3000/_next/static/chunks/node_modules_next_dist_1e8vcs8._.js:776
[  344157ms] [LOG] [Fast Refresh] done in 7ms @ http://localhost:3000/_next/static/chunks/node_modules_next_dist_1e8vcs8._.js:776
[  344208ms] [LOG] [Fast Refresh] done in 7ms @ http://localhost:3000/_next/static/chunks/node_modules_next_dist_1e8vcs8._.js:776
[  344265ms] [LOG] [Fast Refresh] done in 7ms @ http://localhost:3000/_next/static/chunks/node_modules_next_dist_1e8vcs8._.js:776
[  344341ms] [LOG] [Fast Refresh] done in 7ms @ http://localhost:3000/_next/static/chunks/node_modules_next_dist_1e8vcs8._.js:776
[  344406ms] [LOG] [Fast Refresh] done in 7ms @ http://localhost:3000/_next/static/chunks/node_modules_next_dist_1e8vcs8._.js:776
[  344475ms] [LOG] [Fast Refresh] done in 7ms @ http://localhost:3000/_next/static/chunks/node_modules_next_dist_1e8vcs8._.js:776
[  344524ms] [LOG] [Fast Refresh] done in 7ms @ http://localhost:3000/_next/static/chunks/node_modules_next_dist_1e8vcs8._.js:776
[  344599ms] [LOG] [Fast Refresh] done in 7ms @ http://localhost:3000/_next/static/chunks/node_modules_next_dist_1e8vcs8._.js:776
[  344653ms] [LOG] [Fast Refresh] done in 7ms @ http://localhost:3000/_next/static/chunks/node_modules_next_dist_1e8vcs8._.js:776
[  344697ms] [LOG] [Fast Refresh] done in 7ms @ http://localhost:3000/_next/static/chunks/node_modules_next_dist_1e8vcs8._.js:776
[  344750ms] [LOG] [Fast Refresh] done in 7ms @ http://localhost:3000/_next/static/chunks/node_modules_next_dist_1e8vcs8._.js:776
[  344806ms] [LOG] [Fast Refresh] done in 7ms @ http://localhost:3000/_next/static/chunks/node_modules_next_dist_1e8vcs8._.js:776
[  344863ms] [LOG] [Fast Refresh] done in 7ms @ http://localhost:3000/_next/static/chunks/node_modules_next_dist_1e8vcs8._.js:776
[  344921ms] [LOG] [Fast Refresh] done in 7ms @ http://localhost:3000/_next/static/chunks/node_modules_next_dist_1e8vcs8._.js:776
[  344971ms] [LOG] [Fast Refresh] done in 7ms @ http://localhost:3000/_next/static/chunks/node_modules_next_dist_1e8vcs8._.js:776
[  345023ms] [LOG] [Fast Refresh] done in 7ms @ http://localhost:3000/_next/static/chunks/node_modules_next_dist_1e8vcs8._.js:776
[  345067ms] [LOG] [Fast Refresh] done in 7ms @ http://localhost:3000/_next/static/chunks/node_modules_next_dist_1e8vcs8._.js:776
[  345118ms] [LOG] [Fast Refresh] done in 7ms @ http://localhost:3000/_next/static/chunks/node_modules_next_dist_1e8vcs8._.js:776
[  345171ms] [LOG] [Fast Refresh] done in 7ms @ http://localhost:3000/_next/static/chunks/node_modules_next_dist_1e8vcs8._.js:776
[  345216ms] [LOG] [Fast Refresh] done in 7ms @ http://localhost:3000/_next/static/chunks/node_modules_next_dist_1e8vcs8._.js:776
[  345261ms] [LOG] [Fast Refresh] done in 7ms @ http://localhost:3000/_next/static/chunks/node_modules_next_dist_1e8vcs8._.js:776
[  345303ms] [LOG] [Fast Refresh] done in 7ms @ http://localhost:3000/_next/static/chunks/node_modules_next_dist_1e8vcs8._.js:776
[  345347ms] [LOG] [Fast Refresh] done in 7ms @ http://localhost:3000/_next/static/chunks/node_modules_next_dist_1e8vcs8._.js:776
[  345405ms] [LOG] [Fast Refresh] done in 7ms @ http://localhost:3000/_next/static/chunks/node_modules_next_dist_1e8vcs8._.js:776
[  345458ms] [LOG] [Fast Refresh] done in 7ms @ http://localhost:3000/_next/static/chunks/node_modules_next_dist_1e8vcs8._.js:776
[  345517ms] [LOG] [Fast Refresh] done in 7ms @ http://localhost:3000/_next/static/chunks/node_modules_next_dist_1e8vcs8._.js:776
[  345557ms] [LOG] [Fast Refresh] done in 7ms @ http://localhost:3000/_next/static/chunks/node_modules_next_dist_1e8vcs8._.js:776
[  345626ms] [LOG] [Fast Refresh] done in 7ms @ http://localhost:3000/_next/static/chunks/node_modules_next_dist_1e8vcs8._.js:776
[  345689ms] [LOG] [Fast Refresh] done in 7ms @ http://localhost:3000/_next/static/chunks/node_modules_next_dist_1e8vcs8._.js:776
[  345737ms] [LOG] [Fast Refresh] done in 7ms @ http://localhost:3000/_next/static/chunks/node_modules_next_dist_1e8vcs8._.js:776
[  345793ms] [LOG] [Fast Refresh] done in 7ms @ http://localhost:3000/_next/static/chunks/node_modules_next_dist_1e8vcs8._.js:776
[  345848ms] [LOG] [Fast Refresh] done in 7ms @ http://localhost:3000/_next/static/chunks/node_modules_next_dist_1e8vcs8._.js:776
[  345904ms] [LOG] [Fast Refresh] done in 7ms @ http://localhost:3000/_next/static/chunks/node_modules_next_dist_1e8vcs8._.js:776
[  345951ms] [LOG] [Fast Refresh] done in 7ms @ http://localhost:3000/_next/static/chunks/node_modules_next_dist_1e8vcs8._.js:776
[  346004ms] [LOG] [Fast Refresh] done in 7ms @ http://localhost:3000/_next/static/chunks/node_modules_next_dist_1e8vcs8._.js:776
[  346056ms] [LOG] [Fast Refresh] done in 7ms @ http://localhost:3000/_next/static/chunks/node_modules_next_dist_1e8vcs8._.js:776
[  346120ms] [LOG] [Fast Refresh] done in 7ms @ http://localhost:3000/_next/static/chunks/node_modules_next_dist_1e8vcs8._.js:776
[  346189ms] [LOG] [Fast Refresh] done in 7ms @ http://localhost:3000/_next/static/chunks/node_modules_next_dist_1e8vcs8._.js:776
[  346261ms] [LOG] [Fast Refresh] done in 7ms @ http://localhost:3000/_next/static/chunks/node_modules_next_dist_1e8vcs8._.js:776
[  346323ms] [LOG] [Fast Refresh] done in 7ms @ http://localhost:3000/_next/static/chunks/node_modules_next_dist_1e8vcs8._.js:776
[  346387ms] [LOG] [Fast Refresh] done in 7ms @ http://localhost:3000/_next/static/chunks/node_modules_next_dist_1e8vcs8._.js:776
[  346432ms] [LOG] [Fast Refresh] done in 7ms @ http://localhost:3000/_next/static/chunks/node_modules_next_dist_1e8vcs8._.js:776
[  346487ms] [LOG] [Fast Refresh] done in 7ms @ http://localhost:3000/_next/static/chunks/node_modules_next_dist_1e8vcs8._.js:776
[  346550ms] [LOG] [Fast Refresh] done in 7ms @ http://localhost:3000/_next/static/chunks/node_modules_next_dist_1e8vcs8._.js:776
[  346620ms] [LOG] [Fast Refresh] done in 7ms @ http://localhost:3000/_next/static/chunks/node_modules_next_dist_1e8vcs8._.js:776
[  346681ms] [LOG] [Fast Refresh] done in 7ms @ http://localhost:3000/_next/static/chunks/node_modules_next_dist_1e8vcs8._.js:776
[  346744ms] [LOG] [Fast Refresh] done in 7ms @ http://localhost:3000/_next/static/chunks/node_modules_next_dist_1e8vcs8._.js:776
[  346807ms] [LOG] [Fast Refresh] done in 7ms @ http://localhost:3000/_next/static/chunks/node_modules_next_dist_1e8vcs8._.js:776
[  346855ms] [LOG] [Fast Refresh] done in 7ms @ http://localhost:3000/_next/static/chunks/node_modules_next_dist_1e8vcs8._.js:776
[  346909ms] [LOG] [Fast Refresh] done in 7ms @ http://localhost:3000/_next/static/chunks/node_modules_next_dist_1e8vcs8._.js:776
[  346969ms] [LOG] [Fast Refresh] done in 7ms @ http://localhost:3000/_next/static/chunks/node_modules_next_dist_1e8vcs8._.js:776
[  347021ms] [LOG] [Fast Refresh] done in 7ms @ http://localhost:3000/_next/static/chunks/node_modules_next_dist_1e8vcs8._.js:776
[  347081ms] [LOG] [Fast Refresh] done in 7ms @ http://localhost:3000/_next/static/chunks/node_modules_next_dist_1e8vcs8._.js:776
[  347132ms] [LOG] [Fast Refresh] done in 7ms @ http://localhost:3000/_next/static/chunks/node_modules_next_dist_1e8vcs8._.js:776
[  347187ms] [LOG] [Fast Refresh] done in 7ms @ http://localhost:3000/_next/static/chunks/node_modules_next_dist_1e8vcs8._.js:776
[  347230ms] [LOG] [Fast Refresh] done in 7ms @ http://localhost:3000/_next/static/chunks/node_modules_next_dist_1e8vcs8._.js:776
[  347296ms] [LOG] [Fast Refresh] done in 7ms @ http://localhost:3000/_next/static/chunks/node_modules_next_dist_1e8vcs8._.js:776
[  347354ms] [LOG] [Fast Refresh] done in 7ms @ http://localhost:3000/_next/static/chunks/node_modules_next_dist_1e8vcs8._.js:776
[  347410ms] [LOG] [Fast Refresh] done in 7ms @ http://localhost:3000/_next/static/chunks/node_modules_next_dist_1e8vcs8._.js:776
[  347462ms] [LOG] [Fast Refresh] done in 7ms @ http://localhost:3000/_next/static/chunks/node_modules_next_dist_1e8vcs8._.js:776
[  347506ms] [LOG] [Fast Refresh] done in 7ms @ http://localhost:3000/_next/static/chunks/node_modules_next_dist_1e8vcs8._.js:776
[  347557ms] [LOG] [Fast Refresh] done in 7ms @ http://localhost:3000/_next/static/chunks/node_modules_next_dist_1e8vcs8._.js:776
[  347632ms] [LOG] [Fast Refresh] done in 7ms @ http://localhost:3000/_next/static/chunks/node_modules_next_dist_1e8vcs8._.js:776
[  347685ms] [LOG] [Fast Refresh] done in 7ms @ http://localhost:3000/_next/static/chunks/node_modules_next_dist_1e8vcs8._.js:776
[  347730ms] [LOG] [Fast Refresh] done in 7ms @ http://localhost:3000/_next/static/chunks/node_modules_next_dist_1e8vcs8._.js:776
[  347778ms] [LOG] [Fast Refresh] done in 7ms @ http://localhost:3000/_next/static/chunks/node_modules_next_dist_1e8vcs8._.js:776
[  347828ms] [LOG] [Fast Refresh] done in 7ms @ http://localhost:3000/_next/static/chunks/node_modules_next_dist_1e8vcs8._.js:776
[  347877ms] [LOG] [Fast Refresh] done in 7ms @ http://localhost:3000/_next/static/chunks/node_modules_next_dist_1e8vcs8._.js:776
[  347924ms] [LOG] [Fast Refresh] done in 7ms @ http://localhost:3000/_next/static/chunks/node_modules_next_dist_1e8vcs8._.js:776
[  347977ms] [LOG] [Fast Refresh] done in 7ms @ http://localhost:3000/_next/static/chunks/node_modules_next_dist_1e8vcs8._.js:776
[  348023ms] [LOG] [Fast Refresh] done in 7ms @ http://localhost:3000/_next/static/chunks/node_modules_next_dist_1e8vcs8._.js:776
[  348076ms] [LOG] [Fast Refresh] done in 7ms @ http://localhost:3000/_next/static/chunks/node_modules_next_dist_1e8vcs8._.js:776
[  348126ms] [LOG] [Fast Refresh] done in 7ms @ http://localhost:3000/_next/static/chunks/node_modules_next_dist_1e8vcs8._.js:776
[  348181ms] [LOG] [Fast Refresh] done in 7ms @ http://localhost:3000/_next/static/chunks/node_modules_next_dist_1e8vcs8._.js:776
[  348236ms] [LOG] [Fast Refresh] done in 7ms @ http://localhost:3000/_next/static/chunks/node_modules_next_dist_1e8vcs8._.js:776
[  348289ms] [LOG] [Fast Refresh] done in 7ms @ http://localhost:3000/_next/static/chunks/node_modules_next_dist_1e8vcs8._.js:776
[  348337ms] [LOG] [Fast Refresh] done in 7ms @ http://localhost:3000/_next/static/chunks/node_modules_next_dist_1e8vcs8._.js:776
[  348385ms] [LOG] [Fast Refresh] done in 7ms @ http://localhost:3000/_next/static/chunks/node_modules_next_dist_1e8vcs8._.js:776
[  348441ms] [LOG] [Fast Refresh] done in 7ms @ http://localhost:3000/_next/static/chunks/node_modules_next_dist_1e8vcs8._.js:776
[  348493ms] [LOG] [Fast Refresh] done in 7ms @ http://localhost:3000/_next/static/chunks/node_modules_next_dist_1e8vcs8._.js:776
[  348557ms] [LOG] [Fast Refresh] done in 7ms @ http://localhost:3000/_next/static/chunks/node_modules_next_dist_1e8vcs8._.js:776
[  348618ms] [LOG] [Fast Refresh] done in 7ms @ http://localhost:3000/_next/static/chunks/node_modules_next_dist_1e8vcs8._.js:776
[  348667ms] [LOG] [Fast Refresh] done in 7ms @ http://localhost:3000/_next/static/chunks/node_modules_next_dist_1e8vcs8._.js:776
[  348716ms] [LOG] [Fast Refresh] done in 7ms @ http://localhost:3000/_next/static/chunks/node_modules_next_dist_1e8vcs8._.js:776
[  348764ms] [LOG] [Fast Refresh] done in 7ms @ http://localhost:3000/_next/static/chunks/node_modules_next_dist_1e8vcs8._.js:776
[  348820ms] [LOG] [Fast Refresh] done in 7ms @ http://localhost:3000/_next/static/chunks/node_modules_next_dist_1e8vcs8._.js:776
[  348875ms] [LOG] [Fast Refresh] done in 7ms @ http://localhost:3000/_next/static/chunks/node_modules_next_dist_1e8vcs8._.js:776
[  348938ms] [LOG] [Fast Refresh] done in 7ms @ http://localhost:3000/_next/static/chunks/node_modules_next_dist_1e8vcs8._.js:776
[  349001ms] [LOG] [Fast Refresh] done in 7ms @ http://localhost:3000/_next/static/chunks/node_modules_next_dist_1e8vcs8._.js:776
[  349055ms] [LOG] [Fast Refresh] done in 7ms @ http://localhost:3000/_next/static/chunks/node_modules_next_dist_1e8vcs8._.js:776
[  349105ms] [LOG] [Fast Refresh] done in 7ms @ http://localhost:3000/_next/static/chunks/node_modules_next_dist_1e8vcs8._.js:776
[  349153ms] [LOG] [Fast Refresh] done in 7ms @ http://localhost:3000/_next/static/chunks/node_modules_next_dist_1e8vcs8._.js:776
[  349202ms] [LOG] [Fast Refresh] done in 7ms @ http://localhost:3000/_next/static/chunks/node_modules_next_dist_1e8vcs8._.js:776
[  349251ms] [LOG] [Fast Refresh] done in 7ms @ http://localhost:3000/_next/static/chunks/node_modules_next_dist_1e8vcs8._.js:776
[  349299ms] [LOG] [Fast Refresh] done in 7ms @ http://localhost:3000/_next/static/chunks/node_modules_next_dist_1e8vcs8._.js:776
[  349348ms] [LOG] [Fast Refresh] done in 7ms @ http://localhost:3000/_next/static/chunks/node_modules_next_dist_1e8vcs8._.js:776
[  349397ms] [LOG] [Fast Refresh] done in 7ms @ http://localhost:3000/_next/static/chunks/node_modules_next_dist_1e8vcs8._.js:776
[  349472ms] [LOG] [Fast Refresh] done in 7ms @ http://localhost:3000/_next/static/chunks/node_modules_next_dist_1e8vcs8._.js:776
[  349521ms] [LOG] [Fast Refresh] done in 7ms @ http://localhost:3000/_next/static/chunks/node_modules_next_dist_1e8vcs8._.js:776
[  349576ms] [LOG] [Fast Refresh] done in 7ms @ http://localhost:3000/_next/static/chunks/node_modules_next_dist_1e8vcs8._.js:776
[  349633ms] [LOG] [Fast Refresh] done in 7ms @ http://localhost:3000/_next/static/chunks/node_modules_next_dist_1e8vcs8._.js:776
[  349688ms] [LOG] [Fast Refresh] done in 7ms @ http://localhost:3000/_next/static/chunks/node_modules_next_dist_1e8vcs8._.js:776
[  349738ms] [LOG] [Fast Refresh] done in 7ms @ http://localhost:3000/_next/static/chunks/node_modules_next_dist_1e8vcs8._.js:776
[  349794ms] [LOG] [Fast Refresh] done in 7ms @ http://localhost:3000/_next/static/chunks/node_modules_next_dist_1e8vcs8._.js:776
[  349851ms] [LOG] [Fast Refresh] done in 7ms @ http://localhost:3000/_next/static/chunks/node_modules_next_dist_1e8vcs8._.js:776
[  349895ms] [LOG] [Fast Refresh] done in 7ms @ http://localhost:3000/_next/static/chunks/node_modules_next_dist_1e8vcs8._.js:776
[  349938ms] [LOG] [Fast Refresh] done in 7ms @ http://localhost:3000/_next/static/chunks/node_modules_next_dist_1e8vcs8._.js:776
[  349980ms] [LOG] [Fast Refresh] done in 7ms @ http://localhost:3000/_next/static/chunks/node_modules_next_dist_1e8vcs8._.js:776
[  350042ms] [LOG] [Fast Refresh] done in 7ms @ http://localhost:3000/_next/static/chunks/node_modules_next_dist_1e8vcs8._.js:776
[  350090ms] [LOG] [Fast Refresh] done in 7ms @ http://localhost:3000/_next/static/chunks/node_modules_next_dist_1e8vcs8._.js:776
[  350132ms] [LOG] [Fast Refresh] done in 7ms @ http://localhost:3000/_next/static/chunks/node_modules_next_dist_1e8vcs8._.js:776
[  350195ms] [LOG] [Fast Refresh] done in 7ms @ http://localhost:3000/_next/static/chunks/node_modules_next_dist_1e8vcs8._.js:776
[  350258ms] [LOG] [Fast Refresh] done in 7ms @ http://localhost:3000/_next/static/chunks/node_modules_next_dist_1e8vcs8._.js:776
[  350313ms] [LOG] [Fast Refresh] done in 7ms @ http://localhost:3000/_next/static/chunks/node_modules_next_dist_1e8vcs8._.js:776
[  350373ms] [LOG] [Fast Refresh] done in 7ms @ http://localhost:3000/_next/static/chunks/node_modules_next_dist_1e8vcs8._.js:776
[  350419ms] [LOG] [Fast Refresh] done in 7ms @ http://localhost:3000/_next/static/chunks/node_modules_next_dist_1e8vcs8._.js:776
[  350476ms] [LOG] [Fast Refresh] done in 7ms @ http://localhost:3000/_next/static/chunks/node_modules_next_dist_1e8vcs8._.js:776
[  350536ms] [LOG] [Fast Refresh] done in 7ms @ http://localhost:3000/_next/static/chunks/node_modules_next_dist_1e8vcs8._.js:776
[  350590ms] [LOG] [Fast Refresh] done in 7ms @ http://localhost:3000/_next/static/chunks/node_modules_next_dist_1e8vcs8._.js:776
[  350646ms] [LOG] [Fast Refresh] done in 7ms @ http://localhost:3000/_next/static/chunks/node_modules_next_dist_1e8vcs8._.js:776
[  350702ms] [LOG] [Fast Refresh] done in 7ms @ http://localhost:3000/_next/static/chunks/node_modules_next_dist_1e8vcs8._.js:776
[  350766ms] [LOG] [Fast Refresh] done in 7ms @ http://localhost:3000/_next/static/chunks/node_modules_next_dist_1e8vcs8._.js:776
[  350829ms] [LOG] [Fast Refresh] done in 7ms @ http://localhost:3000/_next/static/chunks/node_modules_next_dist_1e8vcs8._.js:776
[  350882ms] [LOG] [Fast Refresh] done in 7ms @ http://localhost:3000/_next/static/chunks/node_modules_next_dist_1e8vcs8._.js:776
[  350927ms] [LOG] [Fast Refresh] done in 7ms @ http://localhost:3000/_next/static/chunks/node_modules_next_dist_1e8vcs8._.js:776
[  350981ms] [LOG] [Fast Refresh] done in 7ms @ http://localhost:3000/_next/static/chunks/node_modules_next_dist_1e8vcs8._.js:776
[  351080ms] [LOG] [Fast Refresh] done in 7ms @ http://localhost:3000/_next/static/chunks/node_modules_next_dist_1e8vcs8._.js:776
[  351137ms] [LOG] [Fast Refresh] done in 7ms @ http://localhost:3000/_next/static/chunks/node_modules_next_dist_1e8vcs8._.js:776
[  351204ms] [LOG] [Fast Refresh] done in 7ms @ http://localhost:3000/_next/static/chunks/node_modules_next_dist_1e8vcs8._.js:776
[  351268ms] [LOG] [Fast Refresh] done in 7ms @ http://localhost:3000/_next/static/chunks/node_modules_next_dist_1e8vcs8._.js:776
[  351326ms] [LOG] [Fast Refresh] done in 7ms @ http://localhost:3000/_next/static/chunks/node_modules_next_dist_1e8vcs8._.js:776
[  351379ms] [LOG] [Fast Refresh] done in 7ms @ http://localhost:3000/_next/static/chunks/node_modules_next_dist_1e8vcs8._.js:776
[  351431ms] [LOG] [Fast Refresh] done in 7ms @ http://localhost:3000/_next/static/chunks/node_modules_next_dist_1e8vcs8._.js:776
[  351477ms] [LOG] [Fast Refresh] done in 7ms @ http://localhost:3000/_next/static/chunks/node_modules_next_dist_1e8vcs8._.js:776
[  351525ms] [LOG] [Fast Refresh] done in 7ms @ http://localhost:3000/_next/static/chunks/node_modules_next_dist_1e8vcs8._.js:776
[  351575ms] [LOG] [Fast Refresh] done in 7ms @ http://localhost:3000/_next/static/chunks/node_modules_next_dist_1e8vcs8._.js:776
[  351623ms] [LOG] [Fast Refresh] done in 7ms @ http://localhost:3000/_next/static/chunks/node_modules_next_dist_1e8vcs8._.js:776
[  351669ms] [LOG] [Fast Refresh] done in 7ms @ http://localhost:3000/_next/static/chunks/node_modules_next_dist_1e8vcs8._.js:776
[  351710ms] [LOG] [Fast Refresh] done in 7ms @ http://localhost:3000/_next/static/chunks/node_modules_next_dist_1e8vcs8._.js:776
[  351762ms] [LOG] [Fast Refresh] done in 7ms @ http://localhost:3000/_next/static/chunks/node_modules_next_dist_1e8vcs8._.js:776
[  351807ms] [LOG] [Fast Refresh] done in 7ms @ http://localhost:3000/_next/static/chunks/node_modules_next_dist_1e8vcs8._.js:776
[  351859ms] [LOG] [Fast Refresh] done in 7ms @ http://localhost:3000/_next/static/chunks/node_modules_next_dist_1e8vcs8._.js:776
[  351927ms] [LOG] [Fast Refresh] done in 7ms @ http://localhost:3000/_next/static/chunks/node_modules_next_dist_1e8vcs8._.js:776
[  351989ms] [LOG] [Fast Refresh] done in 7ms @ http://localhost:3000/_next/static/chunks/node_modules_next_dist_1e8vcs8._.js:776
[  352050ms] [LOG] [Fast Refresh] done in 7ms @ http://localhost:3000/_next/static/chunks/node_modules_next_dist_1e8vcs8._.js:776
[  352112ms] [LOG] [Fast Refresh] done in 7ms @ http://localhost:3000/_next/static/chunks/node_modules_next_dist_1e8vcs8._.js:776
[  352171ms] [LOG] [Fast Refresh] done in 7ms @ http://localhost:3000/_next/static/chunks/node_modules_next_dist_1e8vcs8._.js:776
[  352212ms] [LOG] [Fast Refresh] done in 7ms @ http://localhost:3000/_next/static/chunks/node_modules_next_dist_1e8vcs8._.js:776
[  352258ms] [LOG] [Fast Refresh] done in 7ms @ http://localhost:3000/_next/static/chunks/node_modules_next_dist_1e8vcs8._.js:776
[  352307ms] [LOG] [Fast Refresh] done in 7ms @ http://localhost:3000/_next/static/chunks/node_modules_next_dist_1e8vcs8._.js:776
[  352353ms] [LOG] [Fast Refresh] done in 7ms @ http://localhost:3000/_next/static/chunks/node_modules_next_dist_1e8vcs8._.js:776
[  352400ms] [LOG] [Fast Refresh] done in 7ms @ http://localhost:3000/_next/static/chunks/node_modules_next_dist_1e8vcs8._.js:776
[  352450ms] [LOG] [Fast Refresh] done in 7ms @ http://localhost:3000/_next/static/chunks/node_modules_next_dist_1e8vcs8._.js:776
[  352498ms] [LOG] [Fast Refresh] done in 7ms @ http://localhost:3000/_next/static/chunks/node_modules_next_dist_1e8vcs8._.js:776
[  352565ms] [LOG] [Fast Refresh] done in 7ms @ http://localhost:3000/_next/static/chunks/node_modules_next_dist_1e8vcs8._.js:776
[  352619ms] [LOG] [Fast Refresh] done in 7ms @ http://localhost:3000/_next/static/chunks/node_modules_next_dist_1e8vcs8._.js:776
[  352667ms] [LOG] [Fast Refresh] done in 7ms @ http://localhost:3000/_next/static/chunks/node_modules_next_dist_1e8vcs8._.js:776
[  352712ms] [LOG] [Fast Refresh] done in 7ms @ http://localhost:3000/_next/static/chunks/node_modules_next_dist_1e8vcs8._.js:776
[  352771ms] [LOG] [Fast Refresh] done in 7ms @ http://localhost:3000/_next/static/chunks/node_modules_next_dist_1e8vcs8._.js:776
[  352821ms] [LOG] [Fast Refresh] done in 7ms @ http://localhost:3000/_next/static/chunks/node_modules_next_dist_1e8vcs8._.js:776
[  352873ms] [LOG] [Fast Refresh] done in 7ms @ http://localhost:3000/_next/static/chunks/node_modules_next_dist_1e8vcs8._.js:776
[  352918ms] [LOG] [Fast Refresh] done in 7ms @ http://localhost:3000/_next/static/chunks/node_modules_next_dist_1e8vcs8._.js:776
[  352982ms] [LOG] [Fast Refresh] done in 7ms @ http://localhost:3000/_next/static/chunks/node_modules_next_dist_1e8vcs8._.js:776
[  353035ms] [LOG] [Fast Refresh] done in 7ms @ http://localhost:3000/_next/static/chunks/node_modules_next_dist_1e8vcs8._.js:776
[  353098ms] [LOG] [Fast Refresh] done in 7ms @ http://localhost:3000/_next/static/chunks/node_modules_next_dist_1e8vcs8._.js:776
[  353153ms] [LOG] [Fast Refresh] done in 7ms @ http://localhost:3000/_next/static/chunks/node_modules_next_dist_1e8vcs8._.js:776
[  353199ms] [LOG] [Fast Refresh] done in 7ms @ http://localhost:3000/_next/static/chunks/node_modules_next_dist_1e8vcs8._.js:776
[  353251ms] [LOG] [Fast Refresh] done in 7ms @ http://localhost:3000/_next/static/chunks/node_modules_next_dist_1e8vcs8._.js:776
[  353299ms] [LOG] [Fast Refresh] done in 7ms @ http://localhost:3000/_next/static/chunks/node_modules_next_dist_1e8vcs8._.js:776
[  353348ms] [LOG] [Fast Refresh] done in 7ms @ http://localhost:3000/_next/static/chunks/node_modules_next_dist_1e8vcs8._.js:776
[  353410ms] [LOG] [Fast Refresh] done in 7ms @ http://localhost:3000/_next/static/chunks/node_modules_next_dist_1e8vcs8._.js:776
[  353460ms] [LOG] [Fast Refresh] done in 7ms @ http://localhost:3000/_next/static/chunks/node_modules_next_dist_1e8vcs8._.js:776
[  353528ms] [LOG] [Fast Refresh] done in 7ms @ http://localhost:3000/_next/static/chunks/node_modules_next_dist_1e8vcs8._.js:776
[  353577ms] [LOG] [Fast Refresh] done in 7ms @ http://localhost:3000/_next/static/chunks/node_modules_next_dist_1e8vcs8._.js:776
[  353639ms] [LOG] [Fast Refresh] done in 7ms @ http://localhost:3000/_next/static/chunks/node_modules_next_dist_1e8vcs8._.js:776
[  353689ms] [LOG] [Fast Refresh] done in 7ms @ http://localhost:3000/_next/static/chunks/node_modules_next_dist_1e8vcs8._.js:776
[  353745ms] [LOG] [Fast Refresh] done in 7ms @ http://localhost:3000/_next/static/chunks/node_modules_next_dist_1e8vcs8._.js:776
[  353806ms] [LOG] [Fast Refresh] done in 7ms @ http://localhost:3000/_next/static/chunks/node_modules_next_dist_1e8vcs8._.js:776
[  353862ms] [LOG] [Fast Refresh] done in 7ms @ http://localhost:3000/_next/static/chunks/node_modules_next_dist_1e8vcs8._.js:776
[  353911ms] [LOG] [Fast Refresh] done in 7ms @ http://localhost:3000/_next/static/chunks/node_modules_next_dist_1e8vcs8._.js:776
[  353954ms] [LOG] [Fast Refresh] done in 7ms @ http://localhost:3000/_next/static/chunks/node_modules_next_dist_1e8vcs8._.js:776
[  354008ms] [LOG] [Fast Refresh] done in 7ms @ http://localhost:3000/_next/static/chunks/node_modules_next_dist_1e8vcs8._.js:776
[  354056ms] [LOG] [Fast Refresh] done in 7ms @ http://localhost:3000/_next/static/chunks/node_modules_next_dist_1e8vcs8._.js:776
[  354105ms] [LOG] [Fast Refresh] done in 7ms @ http://localhost:3000/_next/static/chunks/node_modules_next_dist_1e8vcs8._.js:776
[  354149ms] [LOG] [Fast Refresh] done in 7ms @ http://localhost:3000/_next/static/chunks/node_modules_next_dist_1e8vcs8._.js:776
[  354203ms] [LOG] [Fast Refresh] done in 7ms @ http://localhost:3000/_next/static/chunks/node_modules_next_dist_1e8vcs8._.js:776
[  354265ms] [LOG] [Fast Refresh] done in 7ms @ http://localhost:3000/_next/static/chunks/node_modules_next_dist_1e8vcs8._.js:776
[  354329ms] [LOG] [Fast Refresh] done in 7ms @ http://localhost:3000/_next/static/chunks/node_modules_next_dist_1e8vcs8._.js:776
[  354380ms] [LOG] [Fast Refresh] done in 7ms @ http://localhost:3000/_next/static/chunks/node_modules_next_dist_1e8vcs8._.js:776
[  354435ms] [LOG] [Fast Refresh] done in 7ms @ http://localhost:3000/_next/static/chunks/node_modules_next_dist_1e8vcs8._.js:776
[  354493ms] [LOG] [Fast Refresh] done in 7ms @ http://localhost:3000/_next/static/chunks/node_modules_next_dist_1e8vcs8._.js:776
[  354547ms] [LOG] [Fast Refresh] done in 7ms @ http://localhost:3000/_next/static/chunks/node_modules_next_dist_1e8vcs8._.js:776
[  354601ms] [LOG] [Fast Refresh] done in 7ms @ http://localhost:3000/_next/static/chunks/node_modules_next_dist_1e8vcs8._.js:776
[  354659ms] [LOG] [Fast Refresh] done in 7ms @ http://localhost:3000/_next/static/chunks/node_modules_next_dist_1e8vcs8._.js:776
[  354713ms] [LOG] [Fast Refresh] done in 7ms @ http://localhost:3000/_next/static/chunks/node_modules_next_dist_1e8vcs8._.js:776
[  354764ms] [LOG] [Fast Refresh] done in 7ms @ http://localhost:3000/_next/static/chunks/node_modules_next_dist_1e8vcs8._.js:776
[  354813ms] [LOG] [Fast Refresh] done in 7ms @ http://localhost:3000/_next/static/chunks/node_modules_next_dist_1e8vcs8._.js:776
[  354861ms] [LOG] [Fast Refresh] done in 7ms @ http://localhost:3000/_next/static/chunks/node_modules_next_dist_1e8vcs8._.js:776
[  354911ms] [LOG] [Fast Refresh] done in 7ms @ http://localhost:3000/_next/static/chunks/node_modules_next_dist_1e8vcs8._.js:776
[  354959ms] [LOG] [Fast Refresh] done in 7ms @ http://localhost:3000/_next/static/chunks/node_modules_next_dist_1e8vcs8._.js:776
[  355008ms] [LOG] [Fast Refresh] done in 7ms @ http://localhost:3000/_next/static/chunks/node_modules_next_dist_1e8vcs8._.js:776
[  355056ms] [LOG] [Fast Refresh] done in 7ms @ http://localhost:3000/_next/static/chunks/node_modules_next_dist_1e8vcs8._.js:776
[  355112ms] [LOG] [Fast Refresh] done in 7ms @ http://localhost:3000/_next/static/chunks/node_modules_next_dist_1e8vcs8._.js:776
[  355161ms] [LOG] [Fast Refresh] done in 7ms @ http://localhost:3000/_next/static/chunks/node_modules_next_dist_1e8vcs8._.js:776
[  355210ms] [LOG] [Fast Refresh] done in 7ms @ http://localhost:3000/_next/static/chunks/node_modules_next_dist_1e8vcs8._.js:776
[  355259ms] [LOG] [Fast Refresh] done in 7ms @ http://localhost:3000/_next/static/chunks/node_modules_next_dist_1e8vcs8._.js:776
[  355307ms] [LOG] [Fast Refresh] done in 7ms @ http://localhost:3000/_next/static/chunks/node_modules_next_dist_1e8vcs8._.js:776
[  355362ms] [LOG] [Fast Refresh] done in 7ms @ http://localhost:3000/_next/static/chunks/node_modules_next_dist_1e8vcs8._.js:776
[  355411ms] [LOG] [Fast Refresh] done in 7ms @ http://localhost:3000/_next/static/chunks/node_modules_next_dist_1e8vcs8._.js:776
[  355460ms] [LOG] [Fast Refresh] done in 7ms @ http://localhost:3000/_next/static/chunks/node_modules_next_dist_1e8vcs8._.js:776
[  355505ms] [LOG] [Fast Refresh] done in 7ms @ http://localhost:3000/_next/static/chunks/node_modules_next_dist_1e8vcs8._.js:776
[  355557ms] [LOG] [Fast Refresh] done in 7ms @ http://localhost:3000/_next/static/chunks/node_modules_next_dist_1e8vcs8._.js:776
[  355598ms] [LOG] [Fast Refresh] done in 7ms @ http://localhost:3000/_next/static/chunks/node_modules_next_dist_1e8vcs8._.js:776
[  355660ms] [LOG] [Fast Refresh] done in 7ms @ http://localhost:3000/_next/static/chunks/node_modules_next_dist_1e8vcs8._.js:776
[  355709ms] [LOG] [Fast Refresh] done in 7ms @ http://localhost:3000/_next/static/chunks/node_modules_next_dist_1e8vcs8._.js:776
[  355758ms] [LOG] [Fast Refresh] done in 7ms @ http://localhost:3000/_next/static/chunks/node_modules_next_dist_1e8vcs8._.js:776
[  355806ms] [LOG] [Fast Refresh] done in 7ms @ http://localhost:3000/_next/static/chunks/node_modules_next_dist_1e8vcs8._.js:776
[  355861ms] [LOG] [Fast Refresh] done in 7ms @ http://localhost:3000/_next/static/chunks/node_modules_next_dist_1e8vcs8._.js:776
[  355910ms] [LOG] [Fast Refresh] done in 7ms @ http://localhost:3000/_next/static/chunks/node_modules_next_dist_1e8vcs8._.js:776
[  355959ms] [LOG] [Fast Refresh] done in 7ms @ http://localhost:3000/_next/static/chunks/node_modules_next_dist_1e8vcs8._.js:776
[  356001ms] [LOG] [Fast Refresh] done in 7ms @ http://localhost:3000/_next/static/chunks/node_modules_next_dist_1e8vcs8._.js:776
[  356056ms] [LOG] [Fast Refresh] done in 7ms @ http://localhost:3000/_next/static/chunks/node_modules_next_dist_1e8vcs8._.js:776
[  356098ms] [LOG] [Fast Refresh] done in 7ms @ http://localhost:3000/_next/static/chunks/node_modules_next_dist_1e8vcs8._.js:776
[  356161ms] [LOG] [Fast Refresh] done in 7ms @ http://localhost:3000/_next/static/chunks/node_modules_next_dist_1e8vcs8._.js:776
[  356224ms] [LOG] [Fast Refresh] done in 7ms @ http://localhost:3000/_next/static/chunks/node_modules_next_dist_1e8vcs8._.js:776
[  356268ms] [LOG] [Fast Refresh] done in 7ms @ http://localhost:3000/_next/static/chunks/node_modules_next_dist_1e8vcs8._.js:776
[  356326ms] [LOG] [Fast Refresh] done in 7ms @ http://localhost:3000/_next/static/chunks/node_modules_next_dist_1e8vcs8._.js:776
[  356380ms] [LOG] [Fast Refresh] done in 7ms @ http://localhost:3000/_next/static/chunks/node_modules_next_dist_1e8vcs8._.js:776
[  356438ms] [LOG] [Fast Refresh] done in 7ms @ http://localhost:3000/_next/static/chunks/node_modules_next_dist_1e8vcs8._.js:776
[  356485ms] [LOG] [Fast Refresh] done in 7ms @ http://localhost:3000/_next/static/chunks/node_modules_next_dist_1e8vcs8._.js:776
[  356538ms] [LOG] [Fast Refresh] done in 7ms @ http://localhost:3000/_next/static/chunks/node_modules_next_dist_1e8vcs8._.js:776
[  356591ms] [LOG] [Fast Refresh] done in 7ms @ http://localhost:3000/_next/static/chunks/node_modules_next_dist_1e8vcs8._.js:776
[  356642ms] [LOG] [Fast Refresh] done in 7ms @ http://localhost:3000/_next/static/chunks/node_modules_next_dist_1e8vcs8._.js:776
[  356690ms] [LOG] [Fast Refresh] done in 7ms @ http://localhost:3000/_next/static/chunks/node_modules_next_dist_1e8vcs8._.js:776
[  356757ms] [LOG] [Fast Refresh] done in 7ms @ http://localhost:3000/_next/static/chunks/node_modules_next_dist_1e8vcs8._.js:776
[  356806ms] [LOG] [Fast Refresh] done in 7ms @ http://localhost:3000/_next/static/chunks/node_modules_next_dist_1e8vcs8._.js:776
[  356861ms] [LOG] [Fast Refresh] done in 7ms @ http://localhost:3000/_next/static/chunks/node_modules_next_dist_1e8vcs8._.js:776
[  356906ms] [LOG] [Fast Refresh] done in 7ms @ http://localhost:3000/_next/static/chunks/node_modules_next_dist_1e8vcs8._.js:776
[  356962ms] [LOG] [Fast Refresh] done in 7ms @ http://localhost:3000/_next/static/chunks/node_modules_next_dist_1e8vcs8._.js:776
[  357014ms] [LOG] [Fast Refresh] done in 7ms @ http://localhost:3000/_next/static/chunks/node_modules_next_dist_1e8vcs8._.js:776
[  357069ms] [LOG] [Fast Refresh] done in 7ms @ http://localhost:3000/_next/static/chunks/node_modules_next_dist_1e8vcs8._.js:776
[  357132ms] [LOG] [Fast Refresh] done in 7ms @ http://localhost:3000/_next/static/chunks/node_modules_next_dist_1e8vcs8._.js:776
[  357181ms] [LOG] [Fast Refresh] done in 7ms @ http://localhost:3000/_next/static/chunks/node_modules_next_dist_1e8vcs8._.js:776
[  357223ms] [LOG] [Fast Refresh] done in 7ms @ http://localhost:3000/_next/static/chunks/node_modules_next_dist_1e8vcs8._.js:776
[  357274ms] [LOG] [Fast Refresh] done in 7ms @ http://localhost:3000/_next/static/chunks/node_modules_next_dist_1e8vcs8._.js:776
[  357327ms] [LOG] [Fast Refresh] done in 7ms @ http://localhost:3000/_next/static/chunks/node_modules_next_dist_1e8vcs8._.js:776
[  357368ms] [LOG] [Fast Refresh] done in 7ms @ http://localhost:3000/_next/static/chunks/node_modules_next_dist_1e8vcs8._.js:776
[  357417ms] [LOG] [Fast Refresh] done in 7ms @ http://localhost:3000/_next/static/chunks/node_modules_next_dist_1e8vcs8._.js:776
[  357466ms] [LOG] [Fast Refresh] done in 7ms @ http://localhost:3000/_next/static/chunks/node_modules_next_dist_1e8vcs8._.js:776
[  357514ms] [LOG] [Fast Refresh] done in 7ms @ http://localhost:3000/_next/static/chunks/node_modules_next_dist_1e8vcs8._.js:776
[  357570ms] [LOG] [Fast Refresh] done in 7ms @ http://localhost:3000/_next/static/chunks/node_modules_next_dist_1e8vcs8._.js:776
[  357611ms] [LOG] [Fast Refresh] done in 7ms @ http://localhost:3000/_next/static/chunks/node_modules_next_dist_1e8vcs8._.js:776
[  357661ms] [LOG] [Fast Refresh] done in 7ms @ http://localhost:3000/_next/static/chunks/node_modules_next_dist_1e8vcs8._.js:776
[  357712ms] [LOG] [Fast Refresh] done in 7ms @ http://localhost:3000/_next/static/chunks/node_modules_next_dist_1e8vcs8._.js:776
[  357763ms] [LOG] [Fast Refresh] done in 7ms @ http://localhost:3000/_next/static/chunks/node_modules_next_dist_1e8vcs8._.js:776
[  357812ms] [LOG] [Fast Refresh] done in 7ms @ http://localhost:3000/_next/static/chunks/node_modules_next_dist_1e8vcs8._.js:776
[  357866ms] [LOG] [Fast Refresh] done in 7ms @ http://localhost:3000/_next/static/chunks/node_modules_next_dist_1e8vcs8._.js:776
[  357923ms] [LOG] [Fast Refresh] done in 7ms @ http://localhost:3000/_next/static/chunks/node_modules_next_dist_1e8vcs8._.js:776
[  357975ms] [LOG] [Fast Refresh] done in 7ms @ http://localhost:3000/_next/static/chunks/node_modules_next_dist_1e8vcs8._.js:776
[  358040ms] [LOG] [Fast Refresh] done in 7ms @ http://localhost:3000/_next/static/chunks/node_modules_next_dist_1e8vcs8._.js:776
[  358100ms] [LOG] [Fast Refresh] done in 7ms @ http://localhost:3000/_next/static/chunks/node_modules_next_dist_1e8vcs8._.js:776
[  358157ms] [LOG] [Fast Refresh] done in 7ms @ http://localhost:3000/_next/static/chunks/node_modules_next_dist_1e8vcs8._.js:776
[  358206ms] [LOG] [Fast Refresh] done in 7ms @ http://localhost:3000/_next/static/chunks/node_modules_next_dist_1e8vcs8._.js:776
[  358261ms] [LOG] [Fast Refresh] done in 7ms @ http://localhost:3000/_next/static/chunks/node_modules_next_dist_1e8vcs8._.js:776
[  358315ms] [LOG] [Fast Refresh] done in 7ms @ http://localhost:3000/_next/static/chunks/node_modules_next_dist_1e8vcs8._.js:776
[  358365ms] [LOG] [Fast Refresh] done in 7ms @ http://localhost:3000/_next/static/chunks/node_modules_next_dist_1e8vcs8._.js:776
[  358414ms] [LOG] [Fast Refresh] done in 7ms @ http://localhost:3000/_next/static/chunks/node_modules_next_dist_1e8vcs8._.js:776
[  358471ms] [LOG] [Fast Refresh] done in 7ms @ http://localhost:3000/_next/static/chunks/node_modules_next_dist_1e8vcs8._.js:776
[  358517ms] [LOG] [Fast Refresh] done in 7ms @ http://localhost:3000/_next/static/chunks/node_modules_next_dist_1e8vcs8._.js:776
[  358566ms] [LOG] [Fast Refresh] done in 7ms @ http://localhost:3000/_next/static/chunks/node_modules_next_dist_1e8vcs8._.js:776
[  358620ms] [LOG] [Fast Refresh] done in 7ms @ http://localhost:3000/_next/static/chunks/node_modules_next_dist_1e8vcs8._.js:776
[  358673ms] [LOG] [Fast Refresh] done in 7ms @ http://localhost:3000/_next/static/chunks/node_modules_next_dist_1e8vcs8._.js:776
[  358716ms] [LOG] [Fast Refresh] done in 7ms @ http://localhost:3000/_next/static/chunks/node_modules_next_dist_1e8vcs8._.js:776
[  358760ms] [LOG] [Fast Refresh] done in 7ms @ http://localhost:3000/_next/static/chunks/node_modules_next_dist_1e8vcs8._.js:776
[  358813ms] [LOG] [Fast Refresh] done in 7ms @ http://localhost:3000/_next/static/chunks/node_modules_next_dist_1e8vcs8._.js:776
[  358861ms] [LOG] [Fast Refresh] done in 7ms @ http://localhost:3000/_next/static/chunks/node_modules_next_dist_1e8vcs8._.js:776
[  358910ms] [LOG] [Fast Refresh] done in 7ms @ http://localhost:3000/_next/static/chunks/node_modules_next_dist_1e8vcs8._.js:776
[  358958ms] [LOG] [Fast Refresh] done in 7ms @ http://localhost:3000/_next/static/chunks/node_modules_next_dist_1e8vcs8._.js:776
[  359012ms] [LOG] [Fast Refresh] done in 7ms @ http://localhost:3000/_next/static/chunks/node_modules_next_dist_1e8vcs8._.js:776
[  359084ms] [LOG] [Fast Refresh] done in 7ms @ http://localhost:3000/_next/static/chunks/node_modules_next_dist_1e8vcs8._.js:776
[  359138ms] [LOG] [Fast Refresh] done in 7ms @ http://localhost:3000/_next/static/chunks/node_modules_next_dist_1e8vcs8._.js:776
[  359196ms] [LOG] [Fast Refresh] done in 7ms @ http://localhost:3000/_next/static/chunks/node_modules_next_dist_1e8vcs8._.js:776
[  359258ms] [LOG] [Fast Refresh] done in 7ms @ http://localhost:3000/_next/static/chunks/node_modules_next_dist_1e8vcs8._.js:776
[  359307ms] [LOG] [Fast Refresh] done in 7ms @ http://localhost:3000/_next/static/chunks/node_modules_next_dist_1e8vcs8._.js:776
[  359349ms] [LOG] [Fast Refresh] done in 7ms @ http://localhost:3000/_next/static/chunks/node_modules_next_dist_1e8vcs8._.js:776
[  359397ms] [LOG] [Fast Refresh] done in 7ms @ http://localhost:3000/_next/static/chunks/node_modules_next_dist_1e8vcs8._.js:776
[  359459ms] [LOG] [Fast Refresh] done in 7ms @ http://localhost:3000/_next/static/chunks/node_modules_next_dist_1e8vcs8._.js:776
[  359508ms] [LOG] [Fast Refresh] done in 7ms @ http://localhost:3000/_next/static/chunks/node_modules_next_dist_1e8vcs8._.js:776
[  359556ms] [LOG] [Fast Refresh] done in 7ms @ http://localhost:3000/_next/static/chunks/node_modules_next_dist_1e8vcs8._.js:776
[  359598ms] [LOG] [Fast Refresh] done in 7ms @ http://localhost:3000/_next/static/chunks/node_modules_next_dist_1e8vcs8._.js:776
[  359647ms] [LOG] [Fast Refresh] done in 7ms @ http://localhost:3000/_next/static/chunks/node_modules_next_dist_1e8vcs8._.js:776
[  359705ms] [LOG] [Fast Refresh] done in 7ms @ http://localhost:3000/_next/static/chunks/node_modules_next_dist_1e8vcs8._.js:776
[  359762ms] [LOG] [Fast Refresh] done in 7ms @ http://localhost:3000/_next/static/chunks/node_modules_next_dist_1e8vcs8._.js:776
[  359819ms] [LOG] [Fast Refresh] done in 7ms @ http://localhost:3000/_next/static/chunks/node_modules_next_dist_1e8vcs8._.js:776
[  359866ms] [LOG] [Fast Refresh] done in 7ms @ http://localhost:3000/_next/static/chunks/node_modules_next_dist_1e8vcs8._.js:776
[  359924ms] [LOG] [Fast Refresh] done in 7ms @ http://localhost:3000/_next/static/chunks/node_modules_next_dist_1e8vcs8._.js:776
[  359965ms] [LOG] [Fast Refresh] done in 7ms @ http://localhost:3000/_next/static/chunks/node_modules_next_dist_1e8vcs8._.js:776
[  360022ms] [LOG] [Fast Refresh] done in 7ms @ http://localhost:3000/_next/static/chunks/node_modules_next_dist_1e8vcs8._.js:776
[  360070ms] [LOG] [Fast Refresh] done in 7ms @ http://localhost:3000/_next/static/chunks/node_modules_next_dist_1e8vcs8._.js:776
[  360112ms] [LOG] [Fast Refresh] done in 7ms @ http://localhost:3000/_next/static/chunks/node_modules_next_dist_1e8vcs8._.js:776
[  360160ms] [LOG] [Fast Refresh] done in 7ms @ http://localhost:3000/_next/static/chunks/node_modules_next_dist_1e8vcs8._.js:776
[  360209ms] [LOG] [Fast Refresh] done in 7ms @ http://localhost:3000/_next/static/chunks/node_modules_next_dist_1e8vcs8._.js:776
[  360258ms] [LOG] [Fast Refresh] done in 7ms @ http://localhost:3000/_next/static/chunks/node_modules_next_dist_1e8vcs8._.js:776
[  360307ms] [LOG] [Fast Refresh] done in 7ms @ http://localhost:3000/_next/static/chunks/node_modules_next_dist_1e8vcs8._.js:776
[  360364ms] [LOG] [Fast Refresh] done in 7ms @ http://localhost:3000/_next/static/chunks/node_modules_next_dist_1e8vcs8._.js:776
[  360411ms] [LOG] [Fast Refresh] done in 7ms @ http://localhost:3000/_next/static/chunks/node_modules_next_dist_1e8vcs8._.js:776
[  360459ms] [LOG] [Fast Refresh] done in 7ms @ http://localhost:3000/_next/static/chunks/node_modules_next_dist_1e8vcs8._.js:776
[  360509ms] [LOG] [Fast Refresh] done in 7ms @ http://localhost:3000/_next/static/chunks/node_modules_next_dist_1e8vcs8._.js:776
[  360557ms] [LOG] [Fast Refresh] done in 7ms @ http://localhost:3000/_next/static/chunks/node_modules_next_dist_1e8vcs8._.js:776
[  360612ms] [LOG] [Fast Refresh] done in 7ms @ http://localhost:3000/_next/static/chunks/node_modules_next_dist_1e8vcs8._.js:776
[  360661ms] [LOG] [Fast Refresh] done in 7ms @ http://localhost:3000/_next/static/chunks/node_modules_next_dist_1e8vcs8._.js:776
[  360709ms] [LOG] [Fast Refresh] done in 7ms @ http://localhost:3000/_next/static/chunks/node_modules_next_dist_1e8vcs8._.js:776
[  360758ms] [LOG] [Fast Refresh] done in 7ms @ http://localhost:3000/_next/static/chunks/node_modules_next_dist_1e8vcs8._.js:776
[  360805ms] [LOG] [Fast Refresh] done in 7ms @ http://localhost:3000/_next/static/chunks/node_modules_next_dist_1e8vcs8._.js:776
[  360861ms] [LOG] [Fast Refresh] done in 7ms @ http://localhost:3000/_next/static/chunks/node_modules_next_dist_1e8vcs8._.js:776
[  360910ms] [LOG] [Fast Refresh] done in 7ms @ http://localhost:3000/_next/static/chunks/node_modules_next_dist_1e8vcs8._.js:776
[  360959ms] [LOG] [Fast Refresh] done in 7ms @ http://localhost:3000/_next/static/chunks/node_modules_next_dist_1e8vcs8._.js:776
[  361001ms] [LOG] [Fast Refresh] done in 7ms @ http://localhost:3000/_next/static/chunks/node_modules_next_dist_1e8vcs8._.js:776
[  361059ms] [LOG] [Fast Refresh] done in 7ms @ http://localhost:3000/_next/static/chunks/node_modules_next_dist_1e8vcs8._.js:776
[  361112ms] [LOG] [Fast Refresh] done in 7ms @ http://localhost:3000/_next/static/chunks/node_modules_next_dist_1e8vcs8._.js:776
[  361160ms] [LOG] [Fast Refresh] done in 7ms @ http://localhost:3000/_next/static/chunks/node_modules_next_dist_1e8vcs8._.js:776
[  361211ms] [LOG] [Fast Refresh] done in 7ms @ http://localhost:3000/_next/static/chunks/node_modules_next_dist_1e8vcs8._.js:776
[  361257ms] [LOG] [Fast Refresh] done in 7ms @ http://localhost:3000/_next/static/chunks/node_modules_next_dist_1e8vcs8._.js:776
[  361306ms] [LOG] [Fast Refresh] done in 7ms @ http://localhost:3000/_next/static/chunks/node_modules_next_dist_1e8vcs8._.js:776
[  361348ms] [LOG] [Fast Refresh] done in 7ms @ http://localhost:3000/_next/static/chunks/node_modules_next_dist_1e8vcs8._.js:776
[  361401ms] [LOG] [Fast Refresh] done in 7ms @ http://localhost:3000/_next/static/chunks/node_modules_next_dist_1e8vcs8._.js:776
[  361446ms] [LOG] [Fast Refresh] done in 7ms @ http://localhost:3000/_next/static/chunks/node_modules_next_dist_1e8vcs8._.js:776
[  361494ms] [LOG] [Fast Refresh] done in 7ms @ http://localhost:3000/_next/static/chunks/node_modules_next_dist_1e8vcs8._.js:776
[  361542ms] [LOG] [Fast Refresh] done in 7ms @ http://localhost:3000/_next/static/chunks/node_modules_next_dist_1e8vcs8._.js:776
[  361591ms] [LOG] [Fast Refresh] done in 7ms @ http://localhost:3000/_next/static/chunks/node_modules_next_dist_1e8vcs8._.js:776
[  361632ms] [LOG] [Fast Refresh] done in 7ms @ http://localhost:3000/_next/static/chunks/node_modules_next_dist_1e8vcs8._.js:776
[  361680ms] [LOG] [Fast Refresh] done in 7ms @ http://localhost:3000/_next/static/chunks/node_modules_next_dist_1e8vcs8._.js:776
[  361722ms] [LOG] [Fast Refresh] done in 7ms @ http://localhost:3000/_next/static/chunks/node_modules_next_dist_1e8vcs8._.js:776
[  361779ms] [LOG] [Fast Refresh] done in 7ms @ http://localhost:3000/_next/static/chunks/node_modules_next_dist_1e8vcs8._.js:776
[  361833ms] [LOG] [Fast Refresh] done in 7ms @ http://localhost:3000/_next/static/chunks/node_modules_next_dist_1e8vcs8._.js:776
[  361875ms] [LOG] [Fast Refresh] done in 7ms @ http://localhost:3000/_next/static/chunks/node_modules_next_dist_1e8vcs8._.js:776
[  361924ms] [LOG] [Fast Refresh] done in 7ms @ http://localhost:3000/_next/static/chunks/node_modules_next_dist_1e8vcs8._.js:776
[  361973ms] [LOG] [Fast Refresh] done in 7ms @ http://localhost:3000/_next/static/chunks/node_modules_next_dist_1e8vcs8._.js:776
[  362014ms] [LOG] [Fast Refresh] done in 7ms @ http://localhost:3000/_next/static/chunks/node_modules_next_dist_1e8vcs8._.js:776
[  362056ms] [LOG] [Fast Refresh] done in 7ms @ http://localhost:3000/_next/static/chunks/node_modules_next_dist_1e8vcs8._.js:776
[  362097ms] [LOG] [Fast Refresh] done in 7ms @ http://localhost:3000/_next/static/chunks/node_modules_next_dist_1e8vcs8._.js:776
[  362139ms] [LOG] [Fast Refresh] done in 7ms @ http://localhost:3000/_next/static/chunks/node_modules_next_dist_1e8vcs8._.js:776
[  362181ms] [LOG] [Fast Refresh] done in 7ms @ http://localhost:3000/_next/static/chunks/node_modules_next_dist_1e8vcs8._.js:776
[  362229ms] [LOG] [Fast Refresh] done in 7ms @ http://localhost:3000/_next/static/chunks/node_modules_next_dist_1e8vcs8._.js:776
[  362278ms] [LOG] [Fast Refresh] done in 7ms @ http://localhost:3000/_next/static/chunks/node_modules_next_dist_1e8vcs8._.js:776
[  362327ms] [LOG] [Fast Refresh] done in 7ms @ http://localhost:3000/_next/static/chunks/node_modules_next_dist_1e8vcs8._.js:776
[  362368ms] [LOG] [Fast Refresh] done in 7ms @ http://localhost:3000/_next/static/chunks/node_modules_next_dist_1e8vcs8._.js:776
[  362417ms] [LOG] [Fast Refresh] done in 7ms @ http://localhost:3000/_next/static/chunks/node_modules_next_dist_1e8vcs8._.js:776
[  362458ms] [LOG] [Fast Refresh] done in 7ms @ http://localhost:3000/_next/static/chunks/node_modules_next_dist_1e8vcs8._.js:776
[  362503ms] [LOG] [Fast Refresh] done in 7ms @ http://localhost:3000/_next/static/chunks/node_modules_next_dist_1e8vcs8._.js:776
[  362549ms] [LOG] [Fast Refresh] done in 7ms @ http://localhost:3000/_next/static/chunks/node_modules_next_dist_1e8vcs8._.js:776
[  362597ms] [LOG] [Fast Refresh] done in 7ms @ http://localhost:3000/_next/static/chunks/node_modules_next_dist_1e8vcs8._.js:776
[  362639ms] [LOG] [Fast Refresh] done in 7ms @ http://localhost:3000/_next/static/chunks/node_modules_next_dist_1e8vcs8._.js:776
[  362681ms] [LOG] [Fast Refresh] done in 7ms @ http://localhost:3000/_next/static/chunks/node_modules_next_dist_1e8vcs8._.js:776
[  362745ms] [LOG] [Fast Refresh] done in 7ms @ http://localhost:3000/_next/static/chunks/node_modules_next_dist_1e8vcs8._.js:776
[  362800ms] [LOG] [Fast Refresh] done in 7ms @ http://localhost:3000/_next/static/chunks/node_modules_next_dist_1e8vcs8._.js:776
[  362848ms] [LOG] [Fast Refresh] done in 7ms @ http://localhost:3000/_next/static/chunks/node_modules_next_dist_1e8vcs8._.js:776
[  362889ms] [LOG] [Fast Refresh] done in 7ms @ http://localhost:3000/_next/static/chunks/node_modules_next_dist_1e8vcs8._.js:776
[  362931ms] [LOG] [Fast Refresh] done in 7ms @ http://localhost:3000/_next/static/chunks/node_modules_next_dist_1e8vcs8._.js:776
[  362979ms] [LOG] [Fast Refresh] done in 7ms @ http://localhost:3000/_next/static/chunks/node_modules_next_dist_1e8vcs8._.js:776
[  363028ms] [LOG] [Fast Refresh] done in 7ms @ http://localhost:3000/_next/static/chunks/node_modules_next_dist_1e8vcs8._.js:776
[  363076ms] [LOG] [Fast Refresh] done in 7ms @ http://localhost:3000/_next/static/chunks/node_modules_next_dist_1e8vcs8._.js:776
[  363132ms] [LOG] [Fast Refresh] done in 7ms @ http://localhost:3000/_next/static/chunks/node_modules_next_dist_1e8vcs8._.js:776
[  363188ms] [LOG] [Fast Refresh] done in 7ms @ http://localhost:3000/_next/static/chunks/node_modules_next_dist_1e8vcs8._.js:776
[  363230ms] [LOG] [Fast Refresh] done in 7ms @ http://localhost:3000/_next/static/chunks/node_modules_next_dist_1e8vcs8._.js:776
[  363278ms] [LOG] [Fast Refresh] done in 7ms @ http://localhost:3000/_next/static/chunks/node_modules_next_dist_1e8vcs8._.js:776
[  363321ms] [LOG] [Fast Refresh] done in 7ms @ http://localhost:3000/_next/static/chunks/node_modules_next_dist_1e8vcs8._.js:776
[  363375ms] [LOG] [Fast Refresh] done in 7ms @ http://localhost:3000/_next/static/chunks/node_modules_next_dist_1e8vcs8._.js:776
[  363432ms] [LOG] [Fast Refresh] done in 7ms @ http://localhost:3000/_next/static/chunks/node_modules_next_dist_1e8vcs8._.js:776
[  363486ms] [LOG] [Fast Refresh] done in 7ms @ http://localhost:3000/_next/static/chunks/node_modules_next_dist_1e8vcs8._.js:776
[  363549ms] [LOG] [Fast Refresh] done in 7ms @ http://localhost:3000/_next/static/chunks/node_modules_next_dist_1e8vcs8._.js:776
[  363600ms] [LOG] [Fast Refresh] done in 7ms @ http://localhost:3000/_next/static/chunks/node_modules_next_dist_1e8vcs8._.js:776
[  363647ms] [LOG] [Fast Refresh] done in 7ms @ http://localhost:3000/_next/static/chunks/node_modules_next_dist_1e8vcs8._.js:776
[  363697ms] [LOG] [Fast Refresh] done in 7ms @ http://localhost:3000/_next/static/chunks/node_modules_next_dist_1e8vcs8._.js:776
[  363750ms] [LOG] [Fast Refresh] done in 7ms @ http://localhost:3000/_next/static/chunks/node_modules_next_dist_1e8vcs8._.js:776
[  363792ms] [LOG] [Fast Refresh] done in 7ms @ http://localhost:3000/_next/static/chunks/node_modules_next_dist_1e8vcs8._.js:776
[  363842ms] [LOG] [Fast Refresh] done in 7ms @ http://localhost:3000/_next/static/chunks/node_modules_next_dist_1e8vcs8._.js:776
[  363889ms] [LOG] [Fast Refresh] done in 7ms @ http://localhost:3000/_next/static/chunks/node_modules_next_dist_1e8vcs8._.js:776
[  363945ms] [LOG] [Fast Refresh] done in 7ms @ http://localhost:3000/_next/static/chunks/node_modules_next_dist_1e8vcs8._.js:776
[  363994ms] [LOG] [Fast Refresh] done in 7ms @ http://localhost:3000/_next/static/chunks/node_modules_next_dist_1e8vcs8._.js:776
[  364049ms] [LOG] [Fast Refresh] done in 7ms @ http://localhost:3000/_next/static/chunks/node_modules_next_dist_1e8vcs8._.js:776
[  364091ms] [LOG] [Fast Refresh] done in 7ms @ http://localhost:3000/_next/static/chunks/node_modules_next_dist_1e8vcs8._.js:776
[  364138ms] [LOG] [Fast Refresh] done in 7ms @ http://localhost:3000/_next/static/chunks/node_modules_next_dist_1e8vcs8._.js:776
[  364183ms] [LOG] [Fast Refresh] done in 7ms @ http://localhost:3000/_next/static/chunks/node_modules_next_dist_1e8vcs8._.js:776
[  364223ms] [LOG] [Fast Refresh] done in 7ms @ http://localhost:3000/_next/static/chunks/node_modules_next_dist_1e8vcs8._.js:776
[  364278ms] [LOG] [Fast Refresh] done in 7ms @ http://localhost:3000/_next/static/chunks/node_modules_next_dist_1e8vcs8._.js:776
[  364327ms] [LOG] [Fast Refresh] done in 7ms @ http://localhost:3000/_next/static/chunks/node_modules_next_dist_1e8vcs8._.js:776
[  364368ms] [LOG] [Fast Refresh] done in 7ms @ http://localhost:3000/_next/static/chunks/node_modules_next_dist_1e8vcs8._.js:776
[  364417ms] [LOG] [Fast Refresh] done in 7ms @ http://localhost:3000/_next/static/chunks/node_modules_next_dist_1e8vcs8._.js:776
[  364459ms] [LOG] [Fast Refresh] done in 7ms @ http://localhost:3000/_next/static/chunks/node_modules_next_dist_1e8vcs8._.js:776
[  364501ms] [LOG] [Fast Refresh] done in 7ms @ http://localhost:3000/_next/static/chunks/node_modules_next_dist_1e8vcs8._.js:776
[  364549ms] [LOG] [Fast Refresh] done in 7ms @ http://localhost:3000/_next/static/chunks/node_modules_next_dist_1e8vcs8._.js:776
[  364591ms] [LOG] [Fast Refresh] done in 7ms @ http://localhost:3000/_next/static/chunks/node_modules_next_dist_1e8vcs8._.js:776
[  364646ms] [LOG] [Fast Refresh] done in 7ms @ http://localhost:3000/_next/static/chunks/node_modules_next_dist_1e8vcs8._.js:776
[  364688ms] [LOG] [Fast Refresh] done in 7ms @ http://localhost:3000/_next/static/chunks/node_modules_next_dist_1e8vcs8._.js:776
[  364729ms] [LOG] [Fast Refresh] done in 7ms @ http://localhost:3000/_next/static/chunks/node_modules_next_dist_1e8vcs8._.js:776
[  364778ms] [LOG] [Fast Refresh] done in 7ms @ http://localhost:3000/_next/static/chunks/node_modules_next_dist_1e8vcs8._.js:776
[  364827ms] [LOG] [Fast Refresh] done in 7ms @ http://localhost:3000/_next/static/chunks/node_modules_next_dist_1e8vcs8._.js:776
[  364875ms] [LOG] [Fast Refresh] done in 7ms @ http://localhost:3000/_next/static/chunks/node_modules_next_dist_1e8vcs8._.js:776
[  364920ms] [LOG] [Fast Refresh] done in 7ms @ http://localhost:3000/_next/static/chunks/node_modules_next_dist_1e8vcs8._.js:776
[  364966ms] [LOG] [Fast Refresh] done in 7ms @ http://localhost:3000/_next/static/chunks/node_modules_next_dist_1e8vcs8._.js:776
[  365022ms] [LOG] [Fast Refresh] done in 7ms @ http://localhost:3000/_next/static/chunks/node_modules_next_dist_1e8vcs8._.js:776
[  365070ms] [LOG] [Fast Refresh] done in 7ms @ http://localhost:3000/_next/static/chunks/node_modules_next_dist_1e8vcs8._.js:776
[  365118ms] [LOG] [Fast Refresh] done in 7ms @ http://localhost:3000/_next/static/chunks/node_modules_next_dist_1e8vcs8._.js:776
[  365160ms] [LOG] [Fast Refresh] done in 7ms @ http://localhost:3000/_next/static/chunks/node_modules_next_dist_1e8vcs8._.js:776
[  365209ms] [LOG] [Fast Refresh] done in 7ms @ http://localhost:3000/_next/static/chunks/node_modules_next_dist_1e8vcs8._.js:776
[  365251ms] [LOG] [Fast Refresh] done in 7ms @ http://localhost:3000/_next/static/chunks/node_modules_next_dist_1e8vcs8._.js:776
[  365293ms] [LOG] [Fast Refresh] done in 7ms @ http://localhost:3000/_next/static/chunks/node_modules_next_dist_1e8vcs8._.js:776
[  365341ms] [LOG] [Fast Refresh] done in 7ms @ http://localhost:3000/_next/static/chunks/node_modules_next_dist_1e8vcs8._.js:776
[  365390ms] [LOG] [Fast Refresh] done in 7ms @ http://localhost:3000/_next/static/chunks/node_modules_next_dist_1e8vcs8._.js:776
[  365431ms] [LOG] [Fast Refresh] done in 7ms @ http://localhost:3000/_next/static/chunks/node_modules_next_dist_1e8vcs8._.js:776
[  365472ms] [LOG] [Fast Refresh] done in 7ms @ http://localhost:3000/_next/static/chunks/node_modules_next_dist_1e8vcs8._.js:776
[  365522ms] [LOG] [Fast Refresh] done in 7ms @ http://localhost:3000/_next/static/chunks/node_modules_next_dist_1e8vcs8._.js:776
[  365562ms] [LOG] [Fast Refresh] done in 7ms @ http://localhost:3000/_next/static/chunks/node_modules_next_dist_1e8vcs8._.js:776
[  365606ms] [LOG] [Fast Refresh] done in 7ms @ http://localhost:3000/_next/static/chunks/node_modules_next_dist_1e8vcs8._.js:776
[  365654ms] [LOG] [Fast Refresh] done in 7ms @ http://localhost:3000/_next/static/chunks/node_modules_next_dist_1e8vcs8._.js:776
[  365702ms] [LOG] [Fast Refresh] done in 7ms @ http://localhost:3000/_next/static/chunks/node_modules_next_dist_1e8vcs8._.js:776
[  365744ms] [LOG] [Fast Refresh] done in 7ms @ http://localhost:3000/_next/static/chunks/node_modules_next_dist_1e8vcs8._.js:776
[  365791ms] [LOG] [Fast Refresh] done in 7ms @ http://localhost:3000/_next/static/chunks/node_modules_next_dist_1e8vcs8._.js:776
[  365834ms] [LOG] [Fast Refresh] done in 7ms @ http://localhost:3000/_next/static/chunks/node_modules_next_dist_1e8vcs8._.js:776
[  365880ms] [LOG] [Fast Refresh] done in 7ms @ http://localhost:3000/_next/static/chunks/node_modules_next_dist_1e8vcs8._.js:776
[  365931ms] [LOG] [Fast Refresh] done in 7ms @ http://localhost:3000/_next/static/chunks/node_modules_next_dist_1e8vcs8._.js:776
[  365994ms] [LOG] [Fast Refresh] done in 7ms @ http://localhost:3000/_next/static/chunks/node_modules_next_dist_1e8vcs8._.js:776
[  366042ms] [LOG] [Fast Refresh] done in 7ms @ http://localhost:3000/_next/static/chunks/node_modules_next_dist_1e8vcs8._.js:776
[  366098ms] [LOG] [Fast Refresh] done in 7ms @ http://localhost:3000/_next/static/chunks/node_modules_next_dist_1e8vcs8._.js:776
[  366147ms] [LOG] [Fast Refresh] done in 7ms @ http://localhost:3000/_next/static/chunks/node_modules_next_dist_1e8vcs8._.js:776
[  366195ms] [LOG] [Fast Refresh] done in 7ms @ http://localhost:3000/_next/static/chunks/node_modules_next_dist_1e8vcs8._.js:776
[  366245ms] [LOG] [Fast Refresh] done in 7ms @ http://localhost:3000/_next/static/chunks/node_modules_next_dist_1e8vcs8._.js:776
[  366292ms] [LOG] [Fast Refresh] done in 7ms @ http://localhost:3000/_next/static/chunks/node_modules_next_dist_1e8vcs8._.js:776
[  366341ms] [LOG] [Fast Refresh] done in 7ms @ http://localhost:3000/_next/static/chunks/node_modules_next_dist_1e8vcs8._.js:776
[  366390ms] [LOG] [Fast Refresh] done in 7ms @ http://localhost:3000/_next/static/chunks/node_modules_next_dist_1e8vcs8._.js:776
[  366446ms] [LOG] [Fast Refresh] done in 7ms @ http://localhost:3000/_next/static/chunks/node_modules_next_dist_1e8vcs8._.js:776
[  366494ms] [LOG] [Fast Refresh] done in 7ms @ http://localhost:3000/_next/static/chunks/node_modules_next_dist_1e8vcs8._.js:776
[  366543ms] [LOG] [Fast Refresh] done in 7ms @ http://localhost:3000/_next/static/chunks/node_modules_next_dist_1e8vcs8._.js:776
[  366598ms] [LOG] [Fast Refresh] done in 7ms @ http://localhost:3000/_next/static/chunks/node_modules_next_dist_1e8vcs8._.js:776
[  366647ms] [LOG] [Fast Refresh] done in 7ms @ http://localhost:3000/_next/static/chunks/node_modules_next_dist_1e8vcs8._.js:776
[  366695ms] [LOG] [Fast Refresh] done in 7ms @ http://localhost:3000/_next/static/chunks/node_modules_next_dist_1e8vcs8._.js:776
[  366744ms] [LOG] [Fast Refresh] done in 7ms @ http://localhost:3000/_next/static/chunks/node_modules_next_dist_1e8vcs8._.js:776
[  366793ms] [LOG] [Fast Refresh] done in 7ms @ http://localhost:3000/_next/static/chunks/node_modules_next_dist_1e8vcs8._.js:776
[  366841ms] [LOG] [Fast Refresh] done in 7ms @ http://localhost:3000/_next/static/chunks/node_modules_next_dist_1e8vcs8._.js:776
[  366897ms] [LOG] [Fast Refresh] done in 7ms @ http://localhost:3000/_next/static/chunks/node_modules_next_dist_1e8vcs8._.js:776
[  366946ms] [LOG] [Fast Refresh] done in 7ms @ http://localhost:3000/_next/static/chunks/node_modules_next_dist_1e8vcs8._.js:776
[  366994ms] [LOG] [Fast Refresh] done in 7ms @ http://localhost:3000/_next/static/chunks/node_modules_next_dist_1e8vcs8._.js:776
[  367043ms] [LOG] [Fast Refresh] done in 7ms @ http://localhost:3000/_next/static/chunks/node_modules_next_dist_1e8vcs8._.js:776
[  367090ms] [LOG] [Fast Refresh] done in 7ms @ http://localhost:3000/_next/static/chunks/node_modules_next_dist_1e8vcs8._.js:776
[  367147ms] [LOG] [Fast Refresh] done in 7ms @ http://localhost:3000/_next/static/chunks/node_modules_next_dist_1e8vcs8._.js:776
[  367196ms] [LOG] [Fast Refresh] done in 7ms @ http://localhost:3000/_next/static/chunks/node_modules_next_dist_1e8vcs8._.js:776
[  367244ms] [LOG] [Fast Refresh] done in 7ms @ http://localhost:3000/_next/static/chunks/node_modules_next_dist_1e8vcs8._.js:776
[  367292ms] [LOG] [Fast Refresh] done in 7ms @ http://localhost:3000/_next/static/chunks/node_modules_next_dist_1e8vcs8._.js:776
[  367341ms] [LOG] [Fast Refresh] done in 7ms @ http://localhost:3000/_next/static/chunks/node_modules_next_dist_1e8vcs8._.js:776
[  367389ms] [LOG] [Fast Refresh] done in 7ms @ http://localhost:3000/_next/static/chunks/node_modules_next_dist_1e8vcs8._.js:776
[  367431ms] [LOG] [Fast Refresh] done in 7ms @ http://localhost:3000/_next/static/chunks/node_modules_next_dist_1e8vcs8._.js:776
[  367494ms] [LOG] [Fast Refresh] done in 7ms @ http://localhost:3000/_next/static/chunks/node_modules_next_dist_1e8vcs8._.js:776
[  367543ms] [LOG] [Fast Refresh] done in 7ms @ http://localhost:3000/_next/static/chunks/node_modules_next_dist_1e8vcs8._.js:776
[  367598ms] [LOG] [Fast Refresh] done in 7ms @ http://localhost:3000/_next/static/chunks/node_modules_next_dist_1e8vcs8._.js:776
[  367639ms] [LOG] [Fast Refresh] done in 7ms @ http://localhost:3000/_next/static/chunks/node_modules_next_dist_1e8vcs8._.js:776
[  367682ms] [LOG] [Fast Refresh] done in 7ms @ http://localhost:3000/_next/static/chunks/node_modules_next_dist_1e8vcs8._.js:776
[  367729ms] [LOG] [Fast Refresh] done in 7ms @ http://localhost:3000/_next/static/chunks/node_modules_next_dist_1e8vcs8._.js:776
[  367785ms] [LOG] [Fast Refresh] done in 7ms @ http://localhost:3000/_next/static/chunks/node_modules_next_dist_1e8vcs8._.js:776
[  367827ms] [LOG] [Fast Refresh] done in 7ms @ http://localhost:3000/_next/static/chunks/node_modules_next_dist_1e8vcs8._.js:776
[  367876ms] [LOG] [Fast Refresh] done in 7ms @ http://localhost:3000/_next/static/chunks/node_modules_next_dist_1e8vcs8._.js:776
[  367918ms] [LOG] [Fast Refresh] done in 7ms @ http://localhost:3000/_next/static/chunks/node_modules_next_dist_1e8vcs8._.js:776
[  367972ms] [LOG] [Fast Refresh] done in 7ms @ http://localhost:3000/_next/static/chunks/node_modules_next_dist_1e8vcs8._.js:776
[  368017ms] [LOG] [Fast Refresh] done in 7ms @ http://localhost:3000/_next/static/chunks/node_modules_next_dist_1e8vcs8._.js:776
[  368070ms] [LOG] [Fast Refresh] done in 7ms @ http://localhost:3000/_next/static/chunks/node_modules_next_dist_1e8vcs8._.js:776
[  368113ms] [LOG] [Fast Refresh] done in 7ms @ http://localhost:3000/_next/static/chunks/node_modules_next_dist_1e8vcs8._.js:776
[  368154ms] [LOG] [Fast Refresh] done in 7ms @ http://localhost:3000/_next/static/chunks/node_modules_next_dist_1e8vcs8._.js:776
[  368201ms] [LOG] [Fast Refresh] done in 7ms @ http://localhost:3000/_next/static/chunks/node_modules_next_dist_1e8vcs8._.js:776
[  368244ms] [LOG] [Fast Refresh] done in 7ms @ http://localhost:3000/_next/static/chunks/node_modules_next_dist_1e8vcs8._.js:776
[  368285ms] [LOG] [Fast Refresh] done in 7ms @ http://localhost:3000/_next/static/chunks/node_modules_next_dist_1e8vcs8._.js:776
[  368327ms] [LOG] [Fast Refresh] done in 7ms @ http://localhost:3000/_next/static/chunks/node_modules_next_dist_1e8vcs8._.js:776
[  368368ms] [LOG] [Fast Refresh] done in 7ms @ http://localhost:3000/_next/static/chunks/node_modules_next_dist_1e8vcs8._.js:776
[  368410ms] [LOG] [Fast Refresh] done in 7ms @ http://localhost:3000/_next/static/chunks/node_modules_next_dist_1e8vcs8._.js:776
[  368458ms] [LOG] [Fast Refresh] done in 7ms @ http://localhost:3000/_next/static/chunks/node_modules_next_dist_1e8vcs8._.js:776
[  368504ms] [LOG] [Fast Refresh] done in 7ms @ http://localhost:3000/_next/static/chunks/node_modules_next_dist_1e8vcs8._.js:776
[  368556ms] [LOG] [Fast Refresh] done in 7ms @ http://localhost:3000/_next/static/chunks/node_modules_next_dist_1e8vcs8._.js:776
[  368605ms] [LOG] [Fast Refresh] done in 7ms @ http://localhost:3000/_next/static/chunks/node_modules_next_dist_1e8vcs8._.js:776
[  368646ms] [LOG] [Fast Refresh] done in 7ms @ http://localhost:3000/_next/static/chunks/node_modules_next_dist_1e8vcs8._.js:776
[  368688ms] [LOG] [Fast Refresh] done in 7ms @ http://localhost:3000/_next/static/chunks/node_modules_next_dist_1e8vcs8._.js:776
[  368736ms] [LOG] [Fast Refresh] done in 7ms @ http://localhost:3000/_next/static/chunks/node_modules_next_dist_1e8vcs8._.js:776
[  368778ms] [LOG] [Fast Refresh] done in 7ms @ http://localhost:3000/_next/static/chunks/node_modules_next_dist_1e8vcs8._.js:776
[  368827ms] [LOG] [Fast Refresh] done in 7ms @ http://localhost:3000/_next/static/chunks/node_modules_next_dist_1e8vcs8._.js:776
[  368868ms] [LOG] [Fast Refresh] done in 7ms @ http://localhost:3000/_next/static/chunks/node_modules_next_dist_1e8vcs8._.js:776
[  368917ms] [LOG] [Fast Refresh] done in 7ms @ http://localhost:3000/_next/static/chunks/node_modules_next_dist_1e8vcs8._.js:776
[  368965ms] [LOG] [Fast Refresh] done in 7ms @ http://localhost:3000/_next/static/chunks/node_modules_next_dist_1e8vcs8._.js:776
[  369007ms] [LOG] [Fast Refresh] done in 7ms @ http://localhost:3000/_next/static/chunks/node_modules_next_dist_1e8vcs8._.js:776
[  369049ms] [LOG] [Fast Refresh] done in 7ms @ http://localhost:3000/_next/static/chunks/node_modules_next_dist_1e8vcs8._.js:776
[  369090ms] [LOG] [Fast Refresh] done in 7ms @ http://localhost:3000/_next/static/chunks/node_modules_next_dist_1e8vcs8._.js:776
[  369140ms] [LOG] [Fast Refresh] done in 7ms @ http://localhost:3000/_next/static/chunks/node_modules_next_dist_1e8vcs8._.js:776
[  369182ms] [LOG] [Fast Refresh] done in 7ms @ http://localhost:3000/_next/static/chunks/node_modules_next_dist_1e8vcs8._.js:776
[  369223ms] [LOG] [Fast Refresh] done in 7ms @ http://localhost:3000/_next/static/chunks/node_modules_next_dist_1e8vcs8._.js:776
[  369271ms] [LOG] [Fast Refresh] done in 7ms @ http://localhost:3000/_next/static/chunks/node_modules_next_dist_1e8vcs8._.js:776
[  369319ms] [LOG] [Fast Refresh] done in 7ms @ http://localhost:3000/_next/static/chunks/node_modules_next_dist_1e8vcs8._.js:776
[  369368ms] [LOG] [Fast Refresh] done in 7ms @ http://localhost:3000/_next/static/chunks/node_modules_next_dist_1e8vcs8._.js:776
[  369418ms] [LOG] [Fast Refresh] done in 7ms @ http://localhost:3000/_next/static/chunks/node_modules_next_dist_1e8vcs8._.js:776
[  369465ms] [LOG] [Fast Refresh] done in 7ms @ http://localhost:3000/_next/static/chunks/node_modules_next_dist_1e8vcs8._.js:776
[  369514ms] [LOG] [Fast Refresh] done in 7ms @ http://localhost:3000/_next/static/chunks/node_modules_next_dist_1e8vcs8._.js:776
[  369556ms] [LOG] [Fast Refresh] done in 7ms @ http://localhost:3000/_next/static/chunks/node_modules_next_dist_1e8vcs8._.js:776
[  369598ms] [LOG] [Fast Refresh] done in 7ms @ http://localhost:3000/_next/static/chunks/node_modules_next_dist_1e8vcs8._.js:776
[  369639ms] [LOG] [Fast Refresh] done in 7ms @ http://localhost:3000/_next/static/chunks/node_modules_next_dist_1e8vcs8._.js:776
[  369681ms] [LOG] [Fast Refresh] done in 7ms @ http://localhost:3000/_next/static/chunks/node_modules_next_dist_1e8vcs8._.js:776
[  369729ms] [LOG] [Fast Refresh] done in 7ms @ http://localhost:3000/_next/static/chunks/node_modules_next_dist_1e8vcs8._.js:776
[  369771ms] [LOG] [Fast Refresh] done in 7ms @ http://localhost:3000/_next/static/chunks/node_modules_next_dist_1e8vcs8._.js:776
[  369813ms] [LOG] [Fast Refresh] done in 7ms @ http://localhost:3000/_next/static/chunks/node_modules_next_dist_1e8vcs8._.js:776
[  369861ms] [LOG] [Fast Refresh] done in 7ms @ http://localhost:3000/_next/static/chunks/node_modules_next_dist_1e8vcs8._.js:776
[  369910ms] [LOG] [Fast Refresh] done in 7ms @ http://localhost:3000/_next/static/chunks/node_modules_next_dist_1e8vcs8._.js:776
[  369965ms] [LOG] [Fast Refresh] done in 7ms @ http://localhost:3000/_next/static/chunks/node_modules_next_dist_1e8vcs8._.js:776
[  370007ms] [LOG] [Fast Refresh] done in 7ms @ http://localhost:3000/_next/static/chunks/node_modules_next_dist_1e8vcs8._.js:776
[  370057ms] [LOG] [Fast Refresh] done in 7ms @ http://localhost:3000/_next/static/chunks/node_modules_next_dist_1e8vcs8._.js:776
[  370111ms] [LOG] [Fast Refresh] done in 7ms @ http://localhost:3000/_next/static/chunks/node_modules_next_dist_1e8vcs8._.js:776
[  370167ms] [LOG] [Fast Refresh] done in 7ms @ http://localhost:3000/_next/static/chunks/node_modules_next_dist_1e8vcs8._.js:776
[  370216ms] [LOG] [Fast Refresh] done in 7ms @ http://localhost:3000/_next/static/chunks/node_modules_next_dist_1e8vcs8._.js:776
[  370271ms] [LOG] [Fast Refresh] done in 7ms @ http://localhost:3000/_next/static/chunks/node_modules_next_dist_1e8vcs8._.js:776
[  370313ms] [LOG] [Fast Refresh] done in 7ms @ http://localhost:3000/_next/static/chunks/node_modules_next_dist_1e8vcs8._.js:776
[  370362ms] [LOG] [Fast Refresh] done in 7ms @ http://localhost:3000/_next/static/chunks/node_modules_next_dist_1e8vcs8._.js:776
[  370410ms] [LOG] [Fast Refresh] done in 7ms @ http://localhost:3000/_next/static/chunks/node_modules_next_dist_1e8vcs8._.js:776
[  370452ms] [LOG] [Fast Refresh] done in 7ms @ http://localhost:3000/_next/static/chunks/node_modules_next_dist_1e8vcs8._.js:776
[  370494ms] [LOG] [Fast Refresh] done in 7ms @ http://localhost:3000/_next/static/chunks/node_modules_next_dist_1e8vcs8._.js:776
[  370535ms] [LOG] [Fast Refresh] done in 7ms @ http://localhost:3000/_next/static/chunks/node_modules_next_dist_1e8vcs8._.js:776
[  370584ms] [LOG] [Fast Refresh] done in 7ms @ http://localhost:3000/_next/static/chunks/node_modules_next_dist_1e8vcs8._.js:776
[  370625ms] [LOG] [Fast Refresh] done in 7ms @ http://localhost:3000/_next/static/chunks/node_modules_next_dist_1e8vcs8._.js:776
[  370667ms] [LOG] [Fast Refresh] done in 7ms @ http://localhost:3000/_next/static/chunks/node_modules_next_dist_1e8vcs8._.js:776
[  370715ms] [LOG] [Fast Refresh] done in 7ms @ http://localhost:3000/_next/static/chunks/node_modules_next_dist_1e8vcs8._.js:776
[  370758ms] [LOG] [Fast Refresh] done in 7ms @ http://localhost:3000/_next/static/chunks/node_modules_next_dist_1e8vcs8._.js:776
[  370805ms] [LOG] [Fast Refresh] done in 7ms @ http://localhost:3000/_next/static/chunks/node_modules_next_dist_1e8vcs8._.js:776
[  370848ms] [LOG] [Fast Refresh] done in 7ms @ http://localhost:3000/_next/static/chunks/node_modules_next_dist_1e8vcs8._.js:776
[  370896ms] [LOG] [Fast Refresh] done in 7ms @ http://localhost:3000/_next/static/chunks/node_modules_next_dist_1e8vcs8._.js:776
[  370945ms] [LOG] [Fast Refresh] done in 7ms @ http://localhost:3000/_next/static/chunks/node_modules_next_dist_1e8vcs8._.js:776
[  370993ms] [LOG] [Fast Refresh] done in 7ms @ http://localhost:3000/_next/static/chunks/node_modules_next_dist_1e8vcs8._.js:776
[  371042ms] [LOG] [Fast Refresh] done in 7ms @ http://localhost:3000/_next/static/chunks/node_modules_next_dist_1e8vcs8._.js:776
[  371083ms] [LOG] [Fast Refresh] done in 7ms @ http://localhost:3000/_next/static/chunks/node_modules_next_dist_1e8vcs8._.js:776
[  371132ms] [LOG] [Fast Refresh] done in 7ms @ http://localhost:3000/_next/static/chunks/node_modules_next_dist_1e8vcs8._.js:776
[  371174ms] [LOG] [Fast Refresh] done in 7ms @ http://localhost:3000/_next/static/chunks/node_modules_next_dist_1e8vcs8._.js:776
[  371223ms] [LOG] [Fast Refresh] done in 7ms @ http://localhost:3000/_next/static/chunks/node_modules_next_dist_1e8vcs8._.js:776
[  371271ms] [LOG] [Fast Refresh] done in 7ms @ http://localhost:3000/_next/static/chunks/node_modules_next_dist_1e8vcs8._.js:776
[  371319ms] [LOG] [Fast Refresh] done in 7ms @ http://localhost:3000/_next/static/chunks/node_modules_next_dist_1e8vcs8._.js:776
[  371368ms] [LOG] [Fast Refresh] done in 7ms @ http://localhost:3000/_next/static/chunks/node_modules_next_dist_1e8vcs8._.js:776
[  371417ms] [LOG] [Fast Refresh] done in 7ms @ http://localhost:3000/_next/static/chunks/node_modules_next_dist_1e8vcs8._.js:776
[  371466ms] [LOG] [Fast Refresh] done in 7ms @ http://localhost:3000/_next/static/chunks/node_modules_next_dist_1e8vcs8._.js:776
[  371514ms] [LOG] [Fast Refresh] done in 7ms @ http://localhost:3000/_next/static/chunks/node_modules_next_dist_1e8vcs8._.js:776
[  371562ms] [LOG] [Fast Refresh] done in 7ms @ http://localhost:3000/_next/static/chunks/node_modules_next_dist_1e8vcs8._.js:776
[  371605ms] [LOG] [Fast Refresh] done in 7ms @ http://localhost:3000/_next/static/chunks/node_modules_next_dist_1e8vcs8._.js:776
[  371646ms] [LOG] [Fast Refresh] done in 7ms @ http://localhost:3000/_next/static/chunks/node_modules_next_dist_1e8vcs8._.js:776
[  371702ms] [LOG] [Fast Refresh] done in 7ms @ http://localhost:3000/_next/static/chunks/node_modules_next_dist_1e8vcs8._.js:776
[  371743ms] [LOG] [Fast Refresh] done in 7ms @ http://localhost:3000/_next/static/chunks/node_modules_next_dist_1e8vcs8._.js:776
[  371793ms] [LOG] [Fast Refresh] done in 7ms @ http://localhost:3000/_next/static/chunks/node_modules_next_dist_1e8vcs8._.js:776
[  371840ms] [LOG] [Fast Refresh] done in 7ms @ http://localhost:3000/_next/static/chunks/node_modules_next_dist_1e8vcs8._.js:776
[  371882ms] [LOG] [Fast Refresh] done in 7ms @ http://localhost:3000/_next/static/chunks/node_modules_next_dist_1e8vcs8._.js:776
[  371923ms] [LOG] [Fast Refresh] done in 7ms @ http://localhost:3000/_next/static/chunks/node_modules_next_dist_1e8vcs8._.js:776
[  371965ms] [LOG] [Fast Refresh] done in 7ms @ http://localhost:3000/_next/static/chunks/node_modules_next_dist_1e8vcs8._.js:776
[  372014ms] [LOG] [Fast Refresh] done in 7ms @ http://localhost:3000/_next/static/chunks/node_modules_next_dist_1e8vcs8._.js:776
[  372055ms] [LOG] [Fast Refresh] done in 7ms @ http://localhost:3000/_next/static/chunks/node_modules_next_dist_1e8vcs8._.js:776
[  372097ms] [LOG] [Fast Refresh] done in 7ms @ http://localhost:3000/_next/static/chunks/node_modules_next_dist_1e8vcs8._.js:776
[  372146ms] [LOG] [Fast Refresh] done in 7ms @ http://localhost:3000/_next/static/chunks/node_modules_next_dist_1e8vcs8._.js:776
[  372195ms] [LOG] [Fast Refresh] done in 7ms @ http://localhost:3000/_next/static/chunks/node_modules_next_dist_1e8vcs8._.js:776
[  372243ms] [LOG] [Fast Refresh] done in 7ms @ http://localhost:3000/_next/static/chunks/node_modules_next_dist_1e8vcs8._.js:776
[  372292ms] [LOG] [Fast Refresh] done in 7ms @ http://localhost:3000/_next/static/chunks/node_modules_next_dist_1e8vcs8._.js:776
[  372348ms] [LOG] [Fast Refresh] done in 7ms @ http://localhost:3000/_next/static/chunks/node_modules_next_dist_1e8vcs8._.js:776
[  372410ms] [LOG] [Fast Refresh] done in 7ms @ http://localhost:3000/_next/static/chunks/node_modules_next_dist_1e8vcs8._.js:776
[  372459ms] [LOG] [Fast Refresh] done in 7ms @ http://localhost:3000/_next/static/chunks/node_modules_next_dist_1e8vcs8._.js:776
[  372511ms] [LOG] [Fast Refresh] done in 7ms @ http://localhost:3000/_next/static/chunks/node_modules_next_dist_1e8vcs8._.js:776
[  372556ms] [LOG] [Fast Refresh] done in 7ms @ http://localhost:3000/_next/static/chunks/node_modules_next_dist_1e8vcs8._.js:776
[  372598ms] [LOG] [Fast Refresh] done in 7ms @ http://localhost:3000/_next/static/chunks/node_modules_next_dist_1e8vcs8._.js:776
[  372646ms] [LOG] [Fast Refresh] done in 7ms @ http://localhost:3000/_next/static/chunks/node_modules_next_dist_1e8vcs8._.js:776
[  372708ms] [LOG] [Fast Refresh] done in 7ms @ http://localhost:3000/_next/static/chunks/node_modules_next_dist_1e8vcs8._.js:776
[  372757ms] [LOG] [Fast Refresh] done in 7ms @ http://localhost:3000/_next/static/chunks/node_modules_next_dist_1e8vcs8._.js:776
[  372807ms] [LOG] [Fast Refresh] done in 7ms @ http://localhost:3000/_next/static/chunks/node_modules_next_dist_1e8vcs8._.js:776
[  372849ms] [LOG] [Fast Refresh] done in 7ms @ http://localhost:3000/_next/static/chunks/node_modules_next_dist_1e8vcs8._.js:776
[  372898ms] [LOG] [Fast Refresh] done in 7ms @ http://localhost:3000/_next/static/chunks/node_modules_next_dist_1e8vcs8._.js:776
[  372959ms] [LOG] [Fast Refresh] done in 7ms @ http://localhost:3000/_next/static/chunks/node_modules_next_dist_1e8vcs8._.js:776
[  373008ms] [LOG] [Fast Refresh] done in 7ms @ http://localhost:3000/_next/static/chunks/node_modules_next_dist_1e8vcs8._.js:776
[  373059ms] [LOG] [Fast Refresh] done in 7ms @ http://localhost:3000/_next/static/chunks/node_modules_next_dist_1e8vcs8._.js:776
[  373111ms] [LOG] [Fast Refresh] done in 7ms @ http://localhost:3000/_next/static/chunks/node_modules_next_dist_1e8vcs8._.js:776
[  373160ms] [LOG] [Fast Refresh] done in 7ms @ http://localhost:3000/_next/static/chunks/node_modules_next_dist_1e8vcs8._.js:776
[  373208ms] [LOG] [Fast Refresh] done in 7ms @ http://localhost:3000/_next/static/chunks/node_modules_next_dist_1e8vcs8._.js:776
[  373257ms] [LOG] [Fast Refresh] done in 7ms @ http://localhost:3000/_next/static/chunks/node_modules_next_dist_1e8vcs8._.js:776
[  373307ms] [LOG] [Fast Refresh] done in 7ms @ http://localhost:3000/_next/static/chunks/node_modules_next_dist_1e8vcs8._.js:776
[  373348ms] [LOG] [Fast Refresh] done in 7ms @ http://localhost:3000/_next/static/chunks/node_modules_next_dist_1e8vcs8._.js:776
[  373396ms] [LOG] [Fast Refresh] done in 7ms @ http://localhost:3000/_next/static/chunks/node_modules_next_dist_1e8vcs8._.js:776
[  373445ms] [LOG] [Fast Refresh] done in 7ms @ http://localhost:3000/_next/static/chunks/node_modules_next_dist_1e8vcs8._.js:776
[  373493ms] [LOG] [Fast Refresh] done in 7ms @ http://localhost:3000/_next/static/chunks/node_modules_next_dist_1e8vcs8._.js:776
[  373544ms] [LOG] [Fast Refresh] done in 7ms @ http://localhost:3000/_next/static/chunks/node_modules_next_dist_1e8vcs8._.js:776
[  373591ms] [LOG] [Fast Refresh] done in 7ms @ http://localhost:3000/_next/static/chunks/node_modules_next_dist_1e8vcs8._.js:776
[  373632ms] [LOG] [Fast Refresh] done in 7ms @ http://localhost:3000/_next/static/chunks/node_modules_next_dist_1e8vcs8._.js:776
[  373674ms] [LOG] [Fast Refresh] done in 7ms @ http://localhost:3000/_next/static/chunks/node_modules_next_dist_1e8vcs8._.js:776
[  373716ms] [LOG] [Fast Refresh] done in 7ms @ http://localhost:3000/_next/static/chunks/node_modules_next_dist_1e8vcs8._.js:776
[  373758ms] [LOG] [Fast Refresh] done in 7ms @ http://localhost:3000/_next/static/chunks/node_modules_next_dist_1e8vcs8._.js:776
[  373807ms] [LOG] [Fast Refresh] done in 7ms @ http://localhost:3000/_next/static/chunks/node_modules_next_dist_1e8vcs8._.js:776
[  373848ms] [LOG] [Fast Refresh] done in 7ms @ http://localhost:3000/_next/static/chunks/node_modules_next_dist_1e8vcs8._.js:776
[  373896ms] [LOG] [Fast Refresh] done in 7ms @ http://localhost:3000/_next/static/chunks/node_modules_next_dist_1e8vcs8._.js:776
[  373938ms] [LOG] [Fast Refresh] done in 7ms @ http://localhost:3000/_next/static/chunks/node_modules_next_dist_1e8vcs8._.js:776
[  373979ms] [LOG] [Fast Refresh] done in 7ms @ http://localhost:3000/_next/static/chunks/node_modules_next_dist_1e8vcs8._.js:776
[  374022ms] [LOG] [Fast Refresh] done in 7ms @ http://localhost:3000/_next/static/chunks/node_modules_next_dist_1e8vcs8._.js:776
[  374063ms] [LOG] [Fast Refresh] done in 7ms @ http://localhost:3000/_next/static/chunks/node_modules_next_dist_1e8vcs8._.js:776
[  374105ms] [LOG] [Fast Refresh] done in 7ms @ http://localhost:3000/_next/static/chunks/node_modules_next_dist_1e8vcs8._.js:776
[  374146ms] [LOG] [Fast Refresh] done in 7ms @ http://localhost:3000/_next/static/chunks/node_modules_next_dist_1e8vcs8._.js:776
[  374195ms] [LOG] [Fast Refresh] done in 7ms @ http://localhost:3000/_next/static/chunks/node_modules_next_dist_1e8vcs8._.js:776
[  374236ms] [LOG] [Fast Refresh] done in 7ms @ http://localhost:3000/_next/static/chunks/node_modules_next_dist_1e8vcs8._.js:776
[  374278ms] [LOG] [Fast Refresh] done in 7ms @ http://localhost:3000/_next/static/chunks/node_modules_next_dist_1e8vcs8._.js:776
[  374320ms] [LOG] [Fast Refresh] done in 7ms @ http://localhost:3000/_next/static/chunks/node_modules_next_dist_1e8vcs8._.js:776
[  374368ms] [LOG] [Fast Refresh] done in 7ms @ http://localhost:3000/_next/static/chunks/node_modules_next_dist_1e8vcs8._.js:776
[  374417ms] [LOG] [Fast Refresh] done in 7ms @ http://localhost:3000/_next/static/chunks/node_modules_next_dist_1e8vcs8._.js:776
[  374459ms] [LOG] [Fast Refresh] done in 7ms @ http://localhost:3000/_next/static/chunks/node_modules_next_dist_1e8vcs8._.js:776
[  374501ms] [LOG] [Fast Refresh] done in 7ms @ http://localhost:3000/_next/static/chunks/node_modules_next_dist_1e8vcs8._.js:776
[  374542ms] [LOG] [Fast Refresh] done in 7ms @ http://localhost:3000/_next/static/chunks/node_modules_next_dist_1e8vcs8._.js:776
[  374584ms] [LOG] [Fast Refresh] done in 7ms @ http://localhost:3000/_next/static/chunks/node_modules_next_dist_1e8vcs8._.js:776
[  374633ms] [LOG] [Fast Refresh] done in 7ms @ http://localhost:3000/_next/static/chunks/node_modules_next_dist_1e8vcs8._.js:776
[  374673ms] [LOG] [Fast Refresh] done in 7ms @ http://localhost:3000/_next/static/chunks/node_modules_next_dist_1e8vcs8._.js:776
[  374716ms] [LOG] [Fast Refresh] done in 7ms @ http://localhost:3000/_next/static/chunks/node_modules_next_dist_1e8vcs8._.js:776
[  374757ms] [LOG] [Fast Refresh] done in 7ms @ http://localhost:3000/_next/static/chunks/node_modules_next_dist_1e8vcs8._.js:776
[  374799ms] [LOG] [Fast Refresh] done in 7ms @ http://localhost:3000/_next/static/chunks/node_modules_next_dist_1e8vcs8._.js:776
[  374840ms] [LOG] [Fast Refresh] done in 7ms @ http://localhost:3000/_next/static/chunks/node_modules_next_dist_1e8vcs8._.js:776
[  374883ms] [LOG] [Fast Refresh] done in 7ms @ http://localhost:3000/_next/static/chunks/node_modules_next_dist_1e8vcs8._.js:776
[  374924ms] [LOG] [Fast Refresh] done in 7ms @ http://localhost:3000/_next/static/chunks/node_modules_next_dist_1e8vcs8._.js:776
[  374965ms] [LOG] [Fast Refresh] done in 7ms @ http://localhost:3000/_next/static/chunks/node_modules_next_dist_1e8vcs8._.js:776
[  375015ms] [LOG] [Fast Refresh] done in 7ms @ http://localhost:3000/_next/static/chunks/node_modules_next_dist_1e8vcs8._.js:776
[  375056ms] [LOG] [Fast Refresh] done in 7ms @ http://localhost:3000/_next/static/chunks/node_modules_next_dist_1e8vcs8._.js:776
[  375098ms] [LOG] [Fast Refresh] done in 7ms @ http://localhost:3000/_next/static/chunks/node_modules_next_dist_1e8vcs8._.js:776
[  375146ms] [LOG] [Fast Refresh] done in 7ms @ http://localhost:3000/_next/static/chunks/node_modules_next_dist_1e8vcs8._.js:776
[  375188ms] [LOG] [Fast Refresh] done in 7ms @ http://localhost:3000/_next/static/chunks/node_modules_next_dist_1e8vcs8._.js:776
[  375237ms] [LOG] [Fast Refresh] done in 7ms @ http://localhost:3000/_next/static/chunks/node_modules_next_dist_1e8vcs8._.js:776
[  375285ms] [LOG] [Fast Refresh] done in 7ms @ http://localhost:3000/_next/static/chunks/node_modules_next_dist_1e8vcs8._.js:776
[  375327ms] [LOG] [Fast Refresh] done in 7ms @ http://localhost:3000/_next/static/chunks/node_modules_next_dist_1e8vcs8._.js:776
[  375368ms] [LOG] [Fast Refresh] done in 7ms @ http://localhost:3000/_next/static/chunks/node_modules_next_dist_1e8vcs8._.js:776
[  375417ms] [LOG] [Fast Refresh] done in 7ms @ http://localhost:3000/_next/static/chunks/node_modules_next_dist_1e8vcs8._.js:776
[  375466ms] [LOG] [Fast Refresh] done in 7ms @ http://localhost:3000/_next/static/chunks/node_modules_next_dist_1e8vcs8._.js:776
[  375507ms] [LOG] [Fast Refresh] done in 7ms @ http://localhost:3000/_next/static/chunks/node_modules_next_dist_1e8vcs8._.js:776
[  375556ms] [LOG] [Fast Refresh] done in 7ms @ http://localhost:3000/_next/static/chunks/node_modules_next_dist_1e8vcs8._.js:776
[  375598ms] [LOG] [Fast Refresh] done in 7ms @ http://localhost:3000/_next/static/chunks/node_modules_next_dist_1e8vcs8._.js:776
[  375646ms] [LOG] [Fast Refresh] done in 7ms @ http://localhost:3000/_next/static/chunks/node_modules_next_dist_1e8vcs8._.js:776
[  375695ms] [LOG] [Fast Refresh] done in 7ms @ http://localhost:3000/_next/static/chunks/node_modules_next_dist_1e8vcs8._.js:776
[  375744ms] [LOG] [Fast Refresh] done in 7ms @ http://localhost:3000/_next/static/chunks/node_modules_next_dist_1e8vcs8._.js:776
[  375793ms] [LOG] [Fast Refresh] done in 7ms @ http://localhost:3000/_next/static/chunks/node_modules_next_dist_1e8vcs8._.js:776
[  375841ms] [LOG] [Fast Refresh] done in 7ms @ http://localhost:3000/_next/static/chunks/node_modules_next_dist_1e8vcs8._.js:776
[  375882ms] [LOG] [Fast Refresh] done in 7ms @ http://localhost:3000/_next/static/chunks/node_modules_next_dist_1e8vcs8._.js:776
[  375931ms] [LOG] [Fast Refresh] done in 7ms @ http://localhost:3000/_next/static/chunks/node_modules_next_dist_1e8vcs8._.js:776
[  375972ms] [LOG] [Fast Refresh] done in 7ms @ http://localhost:3000/_next/static/chunks/node_modules_next_dist_1e8vcs8._.js:776
[  376014ms] [LOG] [Fast Refresh] done in 7ms @ http://localhost:3000/_next/static/chunks/node_modules_next_dist_1e8vcs8._.js:776
[  376056ms] [LOG] [Fast Refresh] done in 7ms @ http://localhost:3000/_next/static/chunks/node_modules_next_dist_1e8vcs8._.js:776
[  376098ms] [LOG] [Fast Refresh] done in 7ms @ http://localhost:3000/_next/static/chunks/node_modules_next_dist_1e8vcs8._.js:776
[  376146ms] [LOG] [Fast Refresh] done in 7ms @ http://localhost:3000/_next/static/chunks/node_modules_next_dist_1e8vcs8._.js:776
[  376195ms] [LOG] [Fast Refresh] done in 7ms @ http://localhost:3000/_next/static/chunks/node_modules_next_dist_1e8vcs8._.js:776
[  376251ms] [LOG] [Fast Refresh] done in 7ms @ http://localhost:3000/_next/static/chunks/node_modules_next_dist_1e8vcs8._.js:776
[  376307ms] [LOG] [Fast Refresh] done in 7ms @ http://localhost:3000/_next/static/chunks/node_modules_next_dist_1e8vcs8._.js:776
[  376363ms] [LOG] [Fast Refresh] done in 7ms @ http://localhost:3000/_next/static/chunks/node_modules_next_dist_1e8vcs8._.js:776
[  376411ms] [LOG] [Fast Refresh] done in 7ms @ http://localhost:3000/_next/static/chunks/node_modules_next_dist_1e8vcs8._.js:776
[  376463ms] [LOG] [Fast Refresh] done in 7ms @ http://localhost:3000/_next/static/chunks/node_modules_next_dist_1e8vcs8._.js:776
[  376509ms] [LOG] [Fast Refresh] done in 7ms @ http://localhost:3000/_next/static/chunks/node_modules_next_dist_1e8vcs8._.js:776
[  376552ms] [LOG] [Fast Refresh] done in 7ms @ http://localhost:3000/_next/static/chunks/node_modules_next_dist_1e8vcs8._.js:776
[  376600ms] [LOG] [Fast Refresh] done in 7ms @ http://localhost:3000/_next/static/chunks/node_modules_next_dist_1e8vcs8._.js:776
[  376645ms] [LOG] [Fast Refresh] done in 7ms @ http://localhost:3000/_next/static/chunks/node_modules_next_dist_1e8vcs8._.js:776
[  376693ms] [LOG] [Fast Refresh] done in 7ms @ http://localhost:3000/_next/static/chunks/node_modules_next_dist_1e8vcs8._.js:776
[  376744ms] [LOG] [Fast Refresh] done in 7ms @ http://localhost:3000/_next/static/chunks/node_modules_next_dist_1e8vcs8._.js:776
[  376792ms] [LOG] [Fast Refresh] done in 7ms @ http://localhost:3000/_next/static/chunks/node_modules_next_dist_1e8vcs8._.js:776
[  376848ms] [LOG] [Fast Refresh] done in 7ms @ http://localhost:3000/_next/static/chunks/node_modules_next_dist_1e8vcs8._.js:776
[  376895ms] [LOG] [Fast Refresh] done in 7ms @ http://localhost:3000/_next/static/chunks/node_modules_next_dist_1e8vcs8._.js:776
[  376957ms] [LOG] [Fast Refresh] done in 7ms @ http://localhost:3000/_next/static/chunks/node_modules_next_dist_1e8vcs8._.js:776
[  377005ms] [LOG] [Fast Refresh] done in 7ms @ http://localhost:3000/_next/static/chunks/node_modules_next_dist_1e8vcs8._.js:776
[  377049ms] [LOG] [Fast Refresh] done in 7ms @ http://localhost:3000/_next/static/chunks/node_modules_next_dist_1e8vcs8._.js:776
[  377098ms] [LOG] [Fast Refresh] done in 7ms @ http://localhost:3000/_next/static/chunks/node_modules_next_dist_1e8vcs8._.js:776
[  377155ms] [LOG] [Fast Refresh] done in 7ms @ http://localhost:3000/_next/static/chunks/node_modules_next_dist_1e8vcs8._.js:776
[  377197ms] [LOG] [Fast Refresh] done in 7ms @ http://localhost:3000/_next/static/chunks/node_modules_next_dist_1e8vcs8._.js:776
[  377248ms] [LOG] [Fast Refresh] done in 7ms @ http://localhost:3000/_next/static/chunks/node_modules_next_dist_1e8vcs8._.js:776
[  377300ms] [LOG] [Fast Refresh] done in 7ms @ http://localhost:3000/_next/static/chunks/node_modules_next_dist_1e8vcs8._.js:776
[  377348ms] [LOG] [Fast Refresh] done in 7ms @ http://localhost:3000/_next/static/chunks/node_modules_next_dist_1e8vcs8._.js:776
[  377396ms] [LOG] [Fast Refresh] done in 7ms @ http://localhost:3000/_next/static/chunks/node_modules_next_dist_1e8vcs8._.js:776
[  377438ms] [LOG] [Fast Refresh] done in 7ms @ http://localhost:3000/_next/static/chunks/node_modules_next_dist_1e8vcs8._.js:776
[  377487ms] [LOG] [Fast Refresh] done in 7ms @ http://localhost:3000/_next/static/chunks/node_modules_next_dist_1e8vcs8._.js:776
[  377529ms] [LOG] [Fast Refresh] done in 7ms @ http://localhost:3000/_next/static/chunks/node_modules_next_dist_1e8vcs8._.js:776
[  377577ms] [LOG] [Fast Refresh] done in 7ms @ http://localhost:3000/_next/static/chunks/node_modules_next_dist_1e8vcs8._.js:776
[  377619ms] [LOG] [Fast Refresh] done in 7ms @ http://localhost:3000/_next/static/chunks/node_modules_next_dist_1e8vcs8._.js:776
[  377661ms] [LOG] [Fast Refresh] done in 7ms @ http://localhost:3000/_next/static/chunks/node_modules_next_dist_1e8vcs8._.js:776
[  377709ms] [LOG] [Fast Refresh] done in 7ms @ http://localhost:3000/_next/static/chunks/node_modules_next_dist_1e8vcs8._.js:776
[  377757ms] [LOG] [Fast Refresh] done in 7ms @ http://localhost:3000/_next/static/chunks/node_modules_next_dist_1e8vcs8._.js:776
[  377800ms] [LOG] [Fast Refresh] done in 7ms @ http://localhost:3000/_next/static/chunks/node_modules_next_dist_1e8vcs8._.js:776
[  377848ms] [LOG] [Fast Refresh] done in 7ms @ http://localhost:3000/_next/static/chunks/node_modules_next_dist_1e8vcs8._.js:776
[  377889ms] [LOG] [Fast Refresh] done in 7ms @ http://localhost:3000/_next/static/chunks/node_modules_next_dist_1e8vcs8._.js:776
[  377938ms] [LOG] [Fast Refresh] done in 7ms @ http://localhost:3000/_next/static/chunks/node_modules_next_dist_1e8vcs8._.js:776
[  377987ms] [LOG] [Fast Refresh] done in 7ms @ http://localhost:3000/_next/static/chunks/node_modules_next_dist_1e8vcs8._.js:776
[  378028ms] [LOG] [Fast Refresh] done in 7ms @ http://localhost:3000/_next/static/chunks/node_modules_next_dist_1e8vcs8._.js:776
[  378077ms] [LOG] [Fast Refresh] done in 7ms @ http://localhost:3000/_next/static/chunks/node_modules_next_dist_1e8vcs8._.js:776
[  378118ms] [LOG] [Fast Refresh] done in 7ms @ http://localhost:3000/_next/static/chunks/node_modules_next_dist_1e8vcs8._.js:776
[  378167ms] [LOG] [Fast Refresh] done in 7ms @ http://localhost:3000/_next/static/chunks/node_modules_next_dist_1e8vcs8._.js:776
[  378208ms] [LOG] [Fast Refresh] done in 7ms @ http://localhost:3000/_next/static/chunks/node_modules_next_dist_1e8vcs8._.js:776
[  378258ms] [LOG] [Fast Refresh] done in 7ms @ http://localhost:3000/_next/static/chunks/node_modules_next_dist_1e8vcs8._.js:776
[  378306ms] [LOG] [Fast Refresh] done in 7ms @ http://localhost:3000/_next/static/chunks/node_modules_next_dist_1e8vcs8._.js:776
[  378348ms] [LOG] [Fast Refresh] done in 7ms @ http://localhost:3000/_next/static/chunks/node_modules_next_dist_1e8vcs8._.js:776
[  378396ms] [LOG] [Fast Refresh] done in 7ms @ http://localhost:3000/_next/static/chunks/node_modules_next_dist_1e8vcs8._.js:776
[  378445ms] [LOG] [Fast Refresh] done in 7ms @ http://localhost:3000/_next/static/chunks/node_modules_next_dist_1e8vcs8._.js:776
[  378494ms] [LOG] [Fast Refresh] done in 7ms @ http://localhost:3000/_next/static/chunks/node_modules_next_dist_1e8vcs8._.js:776
[  378557ms] [LOG] [Fast Refresh] done in 7ms @ http://localhost:3000/_next/static/chunks/node_modules_next_dist_1e8vcs8._.js:776
[  378605ms] [LOG] [Fast Refresh] done in 7ms @ http://localhost:3000/_next/static/chunks/node_modules_next_dist_1e8vcs8._.js:776
[  378647ms] [LOG] [Fast Refresh] done in 7ms @ http://localhost:3000/_next/static/chunks/node_modules_next_dist_1e8vcs8._.js:776
[  378709ms] [LOG] [Fast Refresh] done in 7ms @ http://localhost:3000/_next/static/chunks/node_modules_next_dist_1e8vcs8._.js:776
[  378757ms] [LOG] [Fast Refresh] done in 7ms @ http://localhost:3000/_next/static/chunks/node_modules_next_dist_1e8vcs8._.js:776
[  378807ms] [LOG] [Fast Refresh] done in 7ms @ http://localhost:3000/_next/static/chunks/node_modules_next_dist_1e8vcs8._.js:776
[  378862ms] [LOG] [Fast Refresh] done in 7ms @ http://localhost:3000/_next/static/chunks/node_modules_next_dist_1e8vcs8._.js:776
[  378910ms] [LOG] [Fast Refresh] done in 7ms @ http://localhost:3000/_next/static/chunks/node_modules_next_dist_1e8vcs8._.js:776
[  378958ms] [LOG] [Fast Refresh] done in 7ms @ http://localhost:3000/_next/static/chunks/node_modules_next_dist_1e8vcs8._.js:776
[  379007ms] [LOG] [Fast Refresh] done in 7ms @ http://localhost:3000/_next/static/chunks/node_modules_next_dist_1e8vcs8._.js:776
[  379056ms] [LOG] [Fast Refresh] done in 7ms @ http://localhost:3000/_next/static/chunks/node_modules_next_dist_1e8vcs8._.js:776
[  379099ms] [LOG] [Fast Refresh] done in 7ms @ http://localhost:3000/_next/static/chunks/node_modules_next_dist_1e8vcs8._.js:776
[  379148ms] [LOG] [Fast Refresh] done in 7ms @ http://localhost:3000/_next/static/chunks/node_modules_next_dist_1e8vcs8._.js:776
[  379195ms] [LOG] [Fast Refresh] done in 7ms @ http://localhost:3000/_next/static/chunks/node_modules_next_dist_1e8vcs8._.js:776
[  379250ms] [LOG] [Fast Refresh] done in 7ms @ http://localhost:3000/_next/static/chunks/node_modules_next_dist_1e8vcs8._.js:776
[  379293ms] [LOG] [Fast Refresh] done in 7ms @ http://localhost:3000/_next/static/chunks/node_modules_next_dist_1e8vcs8._.js:776
[  379342ms] [LOG] [Fast Refresh] done in 7ms @ http://localhost:3000/_next/static/chunks/node_modules_next_dist_1e8vcs8._.js:776
[  379398ms] [LOG] [Fast Refresh] done in 7ms @ http://localhost:3000/_next/static/chunks/node_modules_next_dist_1e8vcs8._.js:776
[  379446ms] [LOG] [Fast Refresh] done in 7ms @ http://localhost:3000/_next/static/chunks/node_modules_next_dist_1e8vcs8._.js:776
[  379488ms] [LOG] [Fast Refresh] done in 7ms @ http://localhost:3000/_next/static/chunks/node_modules_next_dist_1e8vcs8._.js:776
[  379542ms] [LOG] [Fast Refresh] done in 7ms @ http://localhost:3000/_next/static/chunks/node_modules_next_dist_1e8vcs8._.js:776
[  379590ms] [LOG] [Fast Refresh] done in 7ms @ http://localhost:3000/_next/static/chunks/node_modules_next_dist_1e8vcs8._.js:776
[  379647ms] [LOG] [Fast Refresh] done in 7ms @ http://localhost:3000/_next/static/chunks/node_modules_next_dist_1e8vcs8._.js:776
[  379696ms] [LOG] [Fast Refresh] done in 7ms @ http://localhost:3000/_next/static/chunks/node_modules_next_dist_1e8vcs8._.js:776
[  379745ms] [LOG] [Fast Refresh] done in 7ms @ http://localhost:3000/_next/static/chunks/node_modules_next_dist_1e8vcs8._.js:776
[  379793ms] [LOG] [Fast Refresh] done in 7ms @ http://localhost:3000/_next/static/chunks/node_modules_next_dist_1e8vcs8._.js:776
[  379841ms] [LOG] [Fast Refresh] done in 7ms @ http://localhost:3000/_next/static/chunks/node_modules_next_dist_1e8vcs8._.js:776
[  379882ms] [LOG] [Fast Refresh] done in 7ms @ http://localhost:3000/_next/static/chunks/node_modules_next_dist_1e8vcs8._.js:776
[  379931ms] [LOG] [Fast Refresh] done in 7ms @ http://localhost:3000/_next/static/chunks/node_modules_next_dist_1e8vcs8._.js:776
[  379994ms] [LOG] [Fast Refresh] done in 7ms @ http://localhost:3000/_next/static/chunks/node_modules_next_dist_1e8vcs8._.js:776
[  380043ms] [LOG] [Fast Refresh] done in 7ms @ http://localhost:3000/_next/static/chunks/node_modules_next_dist_1e8vcs8._.js:776
[  380092ms] [LOG] [Fast Refresh] done in 7ms @ http://localhost:3000/_next/static/chunks/node_modules_next_dist_1e8vcs8._.js:776
[  380140ms] [LOG] [Fast Refresh] done in 7ms @ http://localhost:3000/_next/static/chunks/node_modules_next_dist_1e8vcs8._.js:776
[  380196ms] [LOG] [Fast Refresh] done in 7ms @ http://localhost:3000/_next/static/chunks/node_modules_next_dist_1e8vcs8._.js:776
[  380260ms] [LOG] [Fast Refresh] done in 7ms @ http://localhost:3000/_next/static/chunks/node_modules_next_dist_1e8vcs8._.js:776
[  380302ms] [LOG] [Fast Refresh] done in 7ms @ http://localhost:3000/_next/static/chunks/node_modules_next_dist_1e8vcs8._.js:776
[  380354ms] [LOG] [Fast Refresh] done in 7ms @ http://localhost:3000/_next/static/chunks/node_modules_next_dist_1e8vcs8._.js:776
[  380397ms] [LOG] [Fast Refresh] done in 7ms @ http://localhost:3000/_next/static/chunks/node_modules_next_dist_1e8vcs8._.js:776
[  380446ms] [LOG] [Fast Refresh] done in 7ms @ http://localhost:3000/_next/static/chunks/node_modules_next_dist_1e8vcs8._.js:776
[  380495ms] [LOG] [Fast Refresh] done in 7ms @ http://localhost:3000/_next/static/chunks/node_modules_next_dist_1e8vcs8._.js:776
[  380544ms] [LOG] [Fast Refresh] done in 7ms @ http://localhost:3000/_next/static/chunks/node_modules_next_dist_1e8vcs8._.js:776
[  380591ms] [LOG] [Fast Refresh] done in 7ms @ http://localhost:3000/_next/static/chunks/node_modules_next_dist_1e8vcs8._.js:776
[  380647ms] [LOG] [Fast Refresh] done in 7ms @ http://localhost:3000/_next/static/chunks/node_modules_next_dist_1e8vcs8._.js:776
[  380695ms] [LOG] [Fast Refresh] done in 7ms @ http://localhost:3000/_next/static/chunks/node_modules_next_dist_1e8vcs8._.js:776
[  380744ms] [LOG] [Fast Refresh] done in 7ms @ http://localhost:3000/_next/static/chunks/node_modules_next_dist_1e8vcs8._.js:776
[  380792ms] [LOG] [Fast Refresh] done in 7ms @ http://localhost:3000/_next/static/chunks/node_modules_next_dist_1e8vcs8._.js:776
[  380841ms] [LOG] [Fast Refresh] done in 7ms @ http://localhost:3000/_next/static/chunks/node_modules_next_dist_1e8vcs8._.js:776
[  380890ms] [LOG] [Fast Refresh] done in 7ms @ http://localhost:3000/_next/static/chunks/node_modules_next_dist_1e8vcs8._.js:776
[  380946ms] [LOG] [Fast Refresh] done in 7ms @ http://localhost:3000/_next/static/chunks/node_modules_next_dist_1e8vcs8._.js:776
[  380994ms] [LOG] [Fast Refresh] done in 7ms @ http://localhost:3000/_next/static/chunks/node_modules_next_dist_1e8vcs8._.js:776
[  381043ms] [LOG] [Fast Refresh] done in 7ms @ http://localhost:3000/_next/static/chunks/node_modules_next_dist_1e8vcs8._.js:776
[  381098ms] [LOG] [Fast Refresh] done in 7ms @ http://localhost:3000/_next/static/chunks/node_modules_next_dist_1e8vcs8._.js:776
[  381140ms] [LOG] [Fast Refresh] done in 7ms @ http://localhost:3000/_next/static/chunks/node_modules_next_dist_1e8vcs8._.js:776
[  381196ms] [LOG] [Fast Refresh] done in 7ms @ http://localhost:3000/_next/static/chunks/node_modules_next_dist_1e8vcs8._.js:776
[  381237ms] [LOG] [Fast Refresh] done in 7ms @ http://localhost:3000/_next/static/chunks/node_modules_next_dist_1e8vcs8._.js:776
[  381286ms] [LOG] [Fast Refresh] done in 7ms @ http://localhost:3000/_next/static/chunks/node_modules_next_dist_1e8vcs8._.js:776
[  381334ms] [LOG] [Fast Refresh] done in 7ms @ http://localhost:3000/_next/static/chunks/node_modules_next_dist_1e8vcs8._.js:776
[  381376ms] [LOG] [Fast Refresh] done in 7ms @ http://localhost:3000/_next/static/chunks/node_modules_next_dist_1e8vcs8._.js:776
[  381432ms] [LOG] [Fast Refresh] done in 7ms @ http://localhost:3000/_next/static/chunks/node_modules_next_dist_1e8vcs8._.js:776
[  381494ms] [LOG] [Fast Refresh] done in 7ms @ http://localhost:3000/_next/static/chunks/node_modules_next_dist_1e8vcs8._.js:776
[  381543ms] [LOG] [Fast Refresh] done in 7ms @ http://localhost:3000/_next/static/chunks/node_modules_next_dist_1e8vcs8._.js:776
[  381591ms] [LOG] [Fast Refresh] done in 7ms @ http://localhost:3000/_next/static/chunks/node_modules_next_dist_1e8vcs8._.js:776
[  381640ms] [LOG] [Fast Refresh] done in 7ms @ http://localhost:3000/_next/static/chunks/node_modules_next_dist_1e8vcs8._.js:776
[  381696ms] [LOG] [Fast Refresh] done in 7ms @ http://localhost:3000/_next/static/chunks/node_modules_next_dist_1e8vcs8._.js:776
[  381745ms] [LOG] [Fast Refresh] done in 7ms @ http://localhost:3000/_next/static/chunks/node_modules_next_dist_1e8vcs8._.js:776
[  381793ms] [LOG] [Fast Refresh] done in 7ms @ http://localhost:3000/_next/static/chunks/node_modules_next_dist_1e8vcs8._.js:776
[  381834ms] [LOG] [Fast Refresh] done in 7ms @ http://localhost:3000/_next/static/chunks/node_modules_next_dist_1e8vcs8._.js:776
[  381890ms] [LOG] [Fast Refresh] done in 7ms @ http://localhost:3000/_next/static/chunks/node_modules_next_dist_1e8vcs8._.js:776
[  381946ms] [LOG] [Fast Refresh] done in 7ms @ http://localhost:3000/_next/static/chunks/node_modules_next_dist_1e8vcs8._.js:776
[  381994ms] [LOG] [Fast Refresh] done in 7ms @ http://localhost:3000/_next/static/chunks/node_modules_next_dist_1e8vcs8._.js:776
[  382043ms] [LOG] [Fast Refresh] done in 7ms @ http://localhost:3000/_next/static/chunks/node_modules_next_dist_1e8vcs8._.js:776
[  382092ms] [LOG] [Fast Refresh] done in 7ms @ http://localhost:3000/_next/static/chunks/node_modules_next_dist_1e8vcs8._.js:776
[  382140ms] [LOG] [Fast Refresh] done in 7ms @ http://localhost:3000/_next/static/chunks/node_modules_next_dist_1e8vcs8._.js:776
[  382196ms] [LOG] [Fast Refresh] done in 7ms @ http://localhost:3000/_next/static/chunks/node_modules_next_dist_1e8vcs8._.js:776
[  382244ms] [LOG] [Fast Refresh] done in 7ms @ http://localhost:3000/_next/static/chunks/node_modules_next_dist_1e8vcs8._.js:776
[  382293ms] [LOG] [Fast Refresh] done in 7ms @ http://localhost:3000/_next/static/chunks/node_modules_next_dist_1e8vcs8._.js:776
[  382341ms] [LOG] [Fast Refresh] done in 7ms @ http://localhost:3000/_next/static/chunks/node_modules_next_dist_1e8vcs8._.js:776
[  382384ms] [LOG] [Fast Refresh] done in 7ms @ http://localhost:3000/_next/static/chunks/node_modules_next_dist_1e8vcs8._.js:776
[  382432ms] [LOG] [Fast Refresh] done in 7ms @ http://localhost:3000/_next/static/chunks/node_modules_next_dist_1e8vcs8._.js:776
[  382483ms] [LOG] [Fast Refresh] done in 7ms @ http://localhost:3000/_next/static/chunks/node_modules_next_dist_1e8vcs8._.js:776
[  382535ms] [LOG] [Fast Refresh] done in 7ms @ http://localhost:3000/_next/static/chunks/node_modules_next_dist_1e8vcs8._.js:776
[  382592ms] [LOG] [Fast Refresh] done in 7ms @ http://localhost:3000/_next/static/chunks/node_modules_next_dist_1e8vcs8._.js:776
[  382653ms] [LOG] [Fast Refresh] done in 7ms @ http://localhost:3000/_next/static/chunks/node_modules_next_dist_1e8vcs8._.js:776
[  382696ms] [LOG] [Fast Refresh] done in 7ms @ http://localhost:3000/_next/static/chunks/node_modules_next_dist_1e8vcs8._.js:776
[  382744ms] [LOG] [Fast Refresh] done in 7ms @ http://localhost:3000/_next/static/chunks/node_modules_next_dist_1e8vcs8._.js:776
[  382794ms] [LOG] [Fast Refresh] done in 7ms @ http://localhost:3000/_next/static/chunks/node_modules_next_dist_1e8vcs8._.js:776
[  382841ms] [LOG] [Fast Refresh] done in 7ms @ http://localhost:3000/_next/static/chunks/node_modules_next_dist_1e8vcs8._.js:776
[  382896ms] [LOG] [Fast Refresh] done in 7ms @ http://localhost:3000/_next/static/chunks/node_modules_next_dist_1e8vcs8._.js:776
[  382945ms] [LOG] [Fast Refresh] done in 7ms @ http://localhost:3000/_next/static/chunks/node_modules_next_dist_1e8vcs8._.js:776
[  382994ms] [LOG] [Fast Refresh] done in 7ms @ http://localhost:3000/_next/static/chunks/node_modules_next_dist_1e8vcs8._.js:776
[  383043ms] [LOG] [Fast Refresh] done in 7ms @ http://localhost:3000/_next/static/chunks/node_modules_next_dist_1e8vcs8._.js:776
[  383093ms] [LOG] [Fast Refresh] done in 7ms @ http://localhost:3000/_next/static/chunks/node_modules_next_dist_1e8vcs8._.js:776
[  383140ms] [LOG] [Fast Refresh] done in 7ms @ http://localhost:3000/_next/static/chunks/node_modules_next_dist_1e8vcs8._.js:776
[  383196ms] [LOG] [Fast Refresh] done in 7ms @ http://localhost:3000/_next/static/chunks/node_modules_next_dist_1e8vcs8._.js:776
[  383245ms] [LOG] [Fast Refresh] done in 7ms @ http://localhost:3000/_next/static/chunks/node_modules_next_dist_1e8vcs8._.js:776
[  383293ms] [LOG] [Fast Refresh] done in 7ms @ http://localhost:3000/_next/static/chunks/node_modules_next_dist_1e8vcs8._.js:776
[  383341ms] [LOG] [Fast Refresh] done in 7ms @ http://localhost:3000/_next/static/chunks/node_modules_next_dist_1e8vcs8._.js:776
[  383390ms] [LOG] [Fast Refresh] done in 7ms @ http://localhost:3000/_next/static/chunks/node_modules_next_dist_1e8vcs8._.js:776
[  383438ms] [LOG] [Fast Refresh] done in 7ms @ http://localhost:3000/_next/static/chunks/node_modules_next_dist_1e8vcs8._.js:776
[  383494ms] [LOG] [Fast Refresh] done in 7ms @ http://localhost:3000/_next/static/chunks/node_modules_next_dist_1e8vcs8._.js:776
[  383536ms] [LOG] [Fast Refresh] done in 7ms @ http://localhost:3000/_next/static/chunks/node_modules_next_dist_1e8vcs8._.js:776
[  383583ms] [LOG] [Fast Refresh] done in 7ms @ http://localhost:3000/_next/static/chunks/node_modules_next_dist_1e8vcs8._.js:776
[  383639ms] [LOG] [Fast Refresh] done in 7ms @ http://localhost:3000/_next/static/chunks/node_modules_next_dist_1e8vcs8._.js:776
[  383681ms] [LOG] [Fast Refresh] done in 7ms @ http://localhost:3000/_next/static/chunks/node_modules_next_dist_1e8vcs8._.js:776
[  383745ms] [LOG] [Fast Refresh] done in 7ms @ http://localhost:3000/_next/static/chunks/node_modules_next_dist_1e8vcs8._.js:776
[  383804ms] [LOG] [Fast Refresh] done in 7ms @ http://localhost:3000/_next/static/chunks/node_modules_next_dist_1e8vcs8._.js:776
[  383854ms] [LOG] [Fast Refresh] done in 7ms @ http://localhost:3000/_next/static/chunks/node_modules_next_dist_1e8vcs8._.js:776
[  383896ms] [LOG] [Fast Refresh] done in 7ms @ http://localhost:3000/_next/static/chunks/node_modules_next_dist_1e8vcs8._.js:776
[  383945ms] [LOG] [Fast Refresh] done in 7ms @ http://localhost:3000/_next/static/chunks/node_modules_next_dist_1e8vcs8._.js:776
[  383994ms] [LOG] [Fast Refresh] done in 7ms @ http://localhost:3000/_next/static/chunks/node_modules_next_dist_1e8vcs8._.js:776
[  384045ms] [LOG] [Fast Refresh] done in 7ms @ http://localhost:3000/_next/static/chunks/node_modules_next_dist_1e8vcs8._.js:776
[  384091ms] [LOG] [Fast Refresh] done in 7ms @ http://localhost:3000/_next/static/chunks/node_modules_next_dist_1e8vcs8._.js:776
[  384147ms] [LOG] [Fast Refresh] done in 7ms @ http://localhost:3000/_next/static/chunks/node_modules_next_dist_1e8vcs8._.js:776
[  384188ms] [LOG] [Fast Refresh] done in 7ms @ http://localhost:3000/_next/static/chunks/node_modules_next_dist_1e8vcs8._.js:776
[  384230ms] [LOG] [Fast Refresh] done in 7ms @ http://localhost:3000/_next/static/chunks/node_modules_next_dist_1e8vcs8._.js:776
[  384272ms] [LOG] [Fast Refresh] done in 7ms @ http://localhost:3000/_next/static/chunks/node_modules_next_dist_1e8vcs8._.js:776
[  384313ms] [LOG] [Fast Refresh] done in 7ms @ http://localhost:3000/_next/static/chunks/node_modules_next_dist_1e8vcs8._.js:776
[  384355ms] [LOG] [Fast Refresh] done in 7ms @ http://localhost:3000/_next/static/chunks/node_modules_next_dist_1e8vcs8._.js:776
[  384397ms] [LOG] [Fast Refresh] done in 7ms @ http://localhost:3000/_next/static/chunks/node_modules_next_dist_1e8vcs8._.js:776
[  384445ms] [LOG] [Fast Refresh] done in 7ms @ http://localhost:3000/_next/static/chunks/node_modules_next_dist_1e8vcs8._.js:776
[  384507ms] [LOG] [Fast Refresh] done in 7ms @ http://localhost:3000/_next/static/chunks/node_modules_next_dist_1e8vcs8._.js:776
[  384556ms] [LOG] [Fast Refresh] done in 7ms @ http://localhost:3000/_next/static/chunks/node_modules_next_dist_1e8vcs8._.js:776
[  384604ms] [LOG] [Fast Refresh] done in 7ms @ http://localhost:3000/_next/static/chunks/node_modules_next_dist_1e8vcs8._.js:776
[  384647ms] [LOG] [Fast Refresh] done in 7ms @ http://localhost:3000/_next/static/chunks/node_modules_next_dist_1e8vcs8._.js:776
[  384695ms] [LOG] [Fast Refresh] done in 7ms @ http://localhost:3000/_next/static/chunks/node_modules_next_dist_1e8vcs8._.js:776
[  384743ms] [LOG] [Fast Refresh] done in 7ms @ http://localhost:3000/_next/static/chunks/node_modules_next_dist_1e8vcs8._.js:776
[  384792ms] [LOG] [Fast Refresh] done in 7ms @ http://localhost:3000/_next/static/chunks/node_modules_next_dist_1e8vcs8._.js:776
[  384848ms] [LOG] [Fast Refresh] done in 7ms @ http://localhost:3000/_next/static/chunks/node_modules_next_dist_1e8vcs8._.js:776
[  384897ms] [LOG] [Fast Refresh] done in 7ms @ http://localhost:3000/_next/static/chunks/node_modules_next_dist_1e8vcs8._.js:776
[  384938ms] [LOG] [Fast Refresh] done in 7ms @ http://localhost:3000/_next/static/chunks/node_modules_next_dist_1e8vcs8._.js:776
[  384987ms] [LOG] [Fast Refresh] done in 7ms @ http://localhost:3000/_next/static/chunks/node_modules_next_dist_1e8vcs8._.js:776
[  385036ms] [LOG] [Fast Refresh] done in 7ms @ http://localhost:3000/_next/static/chunks/node_modules_next_dist_1e8vcs8._.js:776
[  385077ms] [LOG] [Fast Refresh] done in 7ms @ http://localhost:3000/_next/static/chunks/node_modules_next_dist_1e8vcs8._.js:776
[  385118ms] [LOG] [Fast Refresh] done in 7ms @ http://localhost:3000/_next/static/chunks/node_modules_next_dist_1e8vcs8._.js:776
[  385161ms] [LOG] [Fast Refresh] done in 7ms @ http://localhost:3000/_next/static/chunks/node_modules_next_dist_1e8vcs8._.js:776
[  385215ms] [LOG] [Fast Refresh] done in 7ms @ http://localhost:3000/_next/static/chunks/node_modules_next_dist_1e8vcs8._.js:776
[  385265ms] [LOG] [Fast Refresh] done in 7ms @ http://localhost:3000/_next/static/chunks/node_modules_next_dist_1e8vcs8._.js:776
[  385312ms] [LOG] [Fast Refresh] done in 7ms @ http://localhost:3000/_next/static/chunks/node_modules_next_dist_1e8vcs8._.js:776
[  385355ms] [LOG] [Fast Refresh] done in 7ms @ http://localhost:3000/_next/static/chunks/node_modules_next_dist_1e8vcs8._.js:776
[  385410ms] [LOG] [Fast Refresh] done in 7ms @ http://localhost:3000/_next/static/chunks/node_modules_next_dist_1e8vcs8._.js:776
[  385458ms] [LOG] [Fast Refresh] done in 7ms @ http://localhost:3000/_next/static/chunks/node_modules_next_dist_1e8vcs8._.js:776
[  385501ms] [LOG] [Fast Refresh] done in 7ms @ http://localhost:3000/_next/static/chunks/node_modules_next_dist_1e8vcs8._.js:776
[  385549ms] [LOG] [Fast Refresh] done in 7ms @ http://localhost:3000/_next/static/chunks/node_modules_next_dist_1e8vcs8._.js:776
[  385591ms] [LOG] [Fast Refresh] done in 7ms @ http://localhost:3000/_next/static/chunks/node_modules_next_dist_1e8vcs8._.js:776
[  385639ms] [LOG] [Fast Refresh] done in 7ms @ http://localhost:3000/_next/static/chunks/node_modules_next_dist_1e8vcs8._.js:776
[  385682ms] [LOG] [Fast Refresh] done in 7ms @ http://localhost:3000/_next/static/chunks/node_modules_next_dist_1e8vcs8._.js:776
[  385723ms] [LOG] [Fast Refresh] done in 7ms @ http://localhost:3000/_next/static/chunks/node_modules_next_dist_1e8vcs8._.js:776
[  385765ms] [LOG] [Fast Refresh] done in 7ms @ http://localhost:3000/_next/static/chunks/node_modules_next_dist_1e8vcs8._.js:776
[  385814ms] [LOG] [Fast Refresh] done in 7ms @ http://localhost:3000/_next/static/chunks/node_modules_next_dist_1e8vcs8._.js:776
[  385863ms] [LOG] [Fast Refresh] done in 7ms @ http://localhost:3000/_next/static/chunks/node_modules_next_dist_1e8vcs8._.js:776
[  385910ms] [LOG] [Fast Refresh] done in 7ms @ http://localhost:3000/_next/static/chunks/node_modules_next_dist_1e8vcs8._.js:776
[  385951ms] [LOG] [Fast Refresh] done in 7ms @ http://localhost:3000/_next/static/chunks/node_modules_next_dist_1e8vcs8._.js:776
[  385994ms] [LOG] [Fast Refresh] done in 7ms @ http://localhost:3000/_next/static/chunks/node_modules_next_dist_1e8vcs8._.js:776
[  386043ms] [LOG] [Fast Refresh] done in 7ms @ http://localhost:3000/_next/static/chunks/node_modules_next_dist_1e8vcs8._.js:776
[  386091ms] [LOG] [Fast Refresh] done in 7ms @ http://localhost:3000/_next/static/chunks/node_modules_next_dist_1e8vcs8._.js:776
[  386141ms] [LOG] [Fast Refresh] done in 7ms @ http://localhost:3000/_next/static/chunks/node_modules_next_dist_1e8vcs8._.js:776
[  386189ms] [LOG] [Fast Refresh] done in 7ms @ http://localhost:3000/_next/static/chunks/node_modules_next_dist_1e8vcs8._.js:776
[  386237ms] [LOG] [Fast Refresh] done in 7ms @ http://localhost:3000/_next/static/chunks/node_modules_next_dist_1e8vcs8._.js:776
[  386292ms] [LOG] [Fast Refresh] done in 7ms @ http://localhost:3000/_next/static/chunks/node_modules_next_dist_1e8vcs8._.js:776
[  386334ms] [LOG] [Fast Refresh] done in 7ms @ http://localhost:3000/_next/static/chunks/node_modules_next_dist_1e8vcs8._.js:776
[  386376ms] [LOG] [Fast Refresh] done in 7ms @ http://localhost:3000/_next/static/chunks/node_modules_next_dist_1e8vcs8._.js:776
[  386431ms] [LOG] [Fast Refresh] done in 7ms @ http://localhost:3000/_next/static/chunks/node_modules_next_dist_1e8vcs8._.js:776
[  386495ms] [LOG] [Fast Refresh] done in 7ms @ http://localhost:3000/_next/static/chunks/node_modules_next_dist_1e8vcs8._.js:776
[  386543ms] [LOG] [Fast Refresh] done in 7ms @ http://localhost:3000/_next/static/chunks/node_modules_next_dist_1e8vcs8._.js:776
[  386592ms] [LOG] [Fast Refresh] done in 7ms @ http://localhost:3000/_next/static/chunks/node_modules_next_dist_1e8vcs8._.js:776
[  386640ms] [LOG] [Fast Refresh] done in 7ms @ http://localhost:3000/_next/static/chunks/node_modules_next_dist_1e8vcs8._.js:776
[  386696ms] [LOG] [Fast Refresh] done in 7ms @ http://localhost:3000/_next/static/chunks/node_modules_next_dist_1e8vcs8._.js:776
[  386745ms] [LOG] [Fast Refresh] done in 7ms @ http://localhost:3000/_next/static/chunks/node_modules_next_dist_1e8vcs8._.js:776
[  386793ms] [LOG] [Fast Refresh] done in 7ms @ http://localhost:3000/_next/static/chunks/node_modules_next_dist_1e8vcs8._.js:776
[  386834ms] [LOG] [Fast Refresh] done in 7ms @ http://localhost:3000/_next/static/chunks/node_modules_next_dist_1e8vcs8._.js:776
[  386891ms] [LOG] [Fast Refresh] done in 7ms @ http://localhost:3000/_next/static/chunks/node_modules_next_dist_1e8vcs8._.js:776
[  386946ms] [LOG] [Fast Refresh] done in 7ms @ http://localhost:3000/_next/static/chunks/node_modules_next_dist_1e8vcs8._.js:776
[  386987ms] [LOG] [Fast Refresh] done in 7ms @ http://localhost:3000/_next/static/chunks/node_modules_next_dist_1e8vcs8._.js:776
[  387035ms] [LOG] [Fast Refresh] done in 7ms @ http://localhost:3000/_next/static/chunks/node_modules_next_dist_1e8vcs8._.js:776
[  387077ms] [LOG] [Fast Refresh] done in 7ms @ http://localhost:3000/_next/static/chunks/node_modules_next_dist_1e8vcs8._.js:776
[  387125ms] [LOG] [Fast Refresh] done in 7ms @ http://localhost:3000/_next/static/chunks/node_modules_next_dist_1e8vcs8._.js:776
[  387181ms] [LOG] [Fast Refresh] done in 7ms @ http://localhost:3000/_next/static/chunks/node_modules_next_dist_1e8vcs8._.js:776
[  387245ms] [LOG] [Fast Refresh] done in 7ms @ http://localhost:3000/_next/static/chunks/node_modules_next_dist_1e8vcs8._.js:776
[  387294ms] [LOG] [Fast Refresh] done in 7ms @ http://localhost:3000/_next/static/chunks/node_modules_next_dist_1e8vcs8._.js:776
[  387341ms] [LOG] [Fast Refresh] done in 7ms @ http://localhost:3000/_next/static/chunks/node_modules_next_dist_1e8vcs8._.js:776
[  387384ms] [LOG] [Fast Refresh] done in 7ms @ http://localhost:3000/_next/static/chunks/node_modules_next_dist_1e8vcs8._.js:776
[  387432ms] [LOG] [Fast Refresh] done in 7ms @ http://localhost:3000/_next/static/chunks/node_modules_next_dist_1e8vcs8._.js:776
[  387480ms] [LOG] [Fast Refresh] done in 7ms @ http://localhost:3000/_next/static/chunks/node_modules_next_dist_1e8vcs8._.js:776
[  387529ms] [LOG] [Fast Refresh] done in 7ms @ http://localhost:3000/_next/static/chunks/node_modules_next_dist_1e8vcs8._.js:776
[  387584ms] [LOG] [Fast Refresh] done in 7ms @ http://localhost:3000/_next/static/chunks/node_modules_next_dist_1e8vcs8._.js:776
[  387641ms] [LOG] [Fast Refresh] done in 7ms @ http://localhost:3000/_next/static/chunks/node_modules_next_dist_1e8vcs8._.js:776
[  387690ms] [LOG] [Fast Refresh] done in 7ms @ http://localhost:3000/_next/static/chunks/node_modules_next_dist_1e8vcs8._.js:776
[  387744ms] [LOG] [Fast Refresh] done in 7ms @ http://localhost:3000/_next/static/chunks/node_modules_next_dist_1e8vcs8._.js:776
[  387793ms] [LOG] [Fast Refresh] done in 7ms @ http://localhost:3000/_next/static/chunks/node_modules_next_dist_1e8vcs8._.js:776
[  387842ms] [LOG] [Fast Refresh] done in 7ms @ http://localhost:3000/_next/static/chunks/node_modules_next_dist_1e8vcs8._.js:776
[  387891ms] [LOG] [Fast Refresh] done in 7ms @ http://localhost:3000/_next/static/chunks/node_modules_next_dist_1e8vcs8._.js:776
[  387946ms] [LOG] [Fast Refresh] done in 7ms @ http://localhost:3000/_next/static/chunks/node_modules_next_dist_1e8vcs8._.js:776
[  387995ms] [LOG] [Fast Refresh] done in 7ms @ http://localhost:3000/_next/static/chunks/node_modules_next_dist_1e8vcs8._.js:776
[  388043ms] [LOG] [Fast Refresh] done in 7ms @ http://localhost:3000/_next/static/chunks/node_modules_next_dist_1e8vcs8._.js:776
[  388092ms] [LOG] [Fast Refresh] done in 7ms @ http://localhost:3000/_next/static/chunks/node_modules_next_dist_1e8vcs8._.js:776
[  388140ms] [LOG] [Fast Refresh] done in 7ms @ http://localhost:3000/_next/static/chunks/node_modules_next_dist_1e8vcs8._.js:776
[  388196ms] [LOG] [Fast Refresh] done in 7ms @ http://localhost:3000/_next/static/chunks/node_modules_next_dist_1e8vcs8._.js:776
[  388251ms] [LOG] [Fast Refresh] done in 7ms @ http://localhost:3000/_next/static/chunks/node_modules_next_dist_1e8vcs8._.js:776
[  388294ms] [LOG] [Fast Refresh] done in 7ms @ http://localhost:3000/_next/static/chunks/node_modules_next_dist_1e8vcs8._.js:776
[  388341ms] [LOG] [Fast Refresh] done in 7ms @ http://localhost:3000/_next/static/chunks/node_modules_next_dist_1e8vcs8._.js:776
[  388390ms] [LOG] [Fast Refresh] done in 7ms @ http://localhost:3000/_next/static/chunks/node_modules_next_dist_1e8vcs8._.js:776
[  388446ms] [LOG] [Fast Refresh] done in 7ms @ http://localhost:3000/_next/static/chunks/node_modules_next_dist_1e8vcs8._.js:776
[  388495ms] [LOG] [Fast Refresh] done in 7ms @ http://localhost:3000/_next/static/chunks/node_modules_next_dist_1e8vcs8._.js:776
[  388542ms] [LOG] [Fast Refresh] done in 7ms @ http://localhost:3000/_next/static/chunks/node_modules_next_dist_1e8vcs8._.js:776
[  388584ms] [LOG] [Fast Refresh] done in 7ms @ http://localhost:3000/_next/static/chunks/node_modules_next_dist_1e8vcs8._.js:776
[  388641ms] [LOG] [Fast Refresh] done in 7ms @ http://localhost:3000/_next/static/chunks/node_modules_next_dist_1e8vcs8._.js:776
[  388696ms] [LOG] [Fast Refresh] done in 7ms @ http://localhost:3000/_next/static/chunks/node_modules_next_dist_1e8vcs8._.js:776
[  388751ms] [LOG] [Fast Refresh] done in 7ms @ http://localhost:3000/_next/static/chunks/node_modules_next_dist_1e8vcs8._.js:776
[  388793ms] [LOG] [Fast Refresh] done in 7ms @ http://localhost:3000/_next/static/chunks/node_modules_next_dist_1e8vcs8._.js:776
[  388842ms] [LOG] [Fast Refresh] done in 7ms @ http://localhost:3000/_next/static/chunks/node_modules_next_dist_1e8vcs8._.js:776
[  388891ms] [LOG] [Fast Refresh] done in 7ms @ http://localhost:3000/_next/static/chunks/node_modules_next_dist_1e8vcs8._.js:776
[  388945ms] [LOG] [Fast Refresh] done in 7ms @ http://localhost:3000/_next/static/chunks/node_modules_next_dist_1e8vcs8._.js:776
[  388995ms] [LOG] [Fast Refresh] done in 7ms @ http://localhost:3000/_next/static/chunks/node_modules_next_dist_1e8vcs8._.js:776
[  389043ms] [LOG] [Fast Refresh] done in 7ms @ http://localhost:3000/_next/static/chunks/node_modules_next_dist_1e8vcs8._.js:776
[  389098ms] [LOG] [Fast Refresh] done in 7ms @ http://localhost:3000/_next/static/chunks/node_modules_next_dist_1e8vcs8._.js:776
[  389141ms] [LOG] [Fast Refresh] done in 7ms @ http://localhost:3000/_next/static/chunks/node_modules_next_dist_1e8vcs8._.js:776
[  389191ms] [LOG] [Fast Refresh] done in 7ms @ http://localhost:3000/_next/static/chunks/node_modules_next_dist_1e8vcs8._.js:776
[  389245ms] [LOG] [Fast Refresh] done in 7ms @ http://localhost:3000/_next/static/chunks/node_modules_next_dist_1e8vcs8._.js:776
[  389285ms] [LOG] [Fast Refresh] done in 7ms @ http://localhost:3000/_next/static/chunks/node_modules_next_dist_1e8vcs8._.js:776
[  389327ms] [LOG] [Fast Refresh] done in 7ms @ http://localhost:3000/_next/static/chunks/node_modules_next_dist_1e8vcs8._.js:776
[  389391ms] [LOG] [Fast Refresh] done in 7ms @ http://localhost:3000/_next/static/chunks/node_modules_next_dist_1e8vcs8._.js:776
[  389446ms] [LOG] [Fast Refresh] done in 7ms @ http://localhost:3000/_next/static/chunks/node_modules_next_dist_1e8vcs8._.js:776
[  389495ms] [LOG] [Fast Refresh] done in 7ms @ http://localhost:3000/_next/static/chunks/node_modules_next_dist_1e8vcs8._.js:776
[  389543ms] [LOG] [Fast Refresh] done in 7ms @ http://localhost:3000/_next/static/chunks/node_modules_next_dist_1e8vcs8._.js:776
[  389593ms] [LOG] [Fast Refresh] done in 7ms @ http://localhost:3000/_next/static/chunks/node_modules_next_dist_1e8vcs8._.js:776
[  389654ms] [LOG] [Fast Refresh] done in 7ms @ http://localhost:3000/_next/static/chunks/node_modules_next_dist_1e8vcs8._.js:776
[  389696ms] [LOG] [Fast Refresh] done in 7ms @ http://localhost:3000/_next/static/chunks/node_modules_next_dist_1e8vcs8._.js:776
[  389750ms] [LOG] [Fast Refresh] done in 7ms @ http://localhost:3000/_next/static/chunks/node_modules_next_dist_1e8vcs8._.js:776
[  389793ms] [LOG] [Fast Refresh] done in 7ms @ http://localhost:3000/_next/static/chunks/node_modules_next_dist_1e8vcs8._.js:776
[  389841ms] [LOG] [Fast Refresh] done in 7ms @ http://localhost:3000/_next/static/chunks/node_modules_next_dist_1e8vcs8._.js:776
[  389890ms] [LOG] [Fast Refresh] done in 7ms @ http://localhost:3000/_next/static/chunks/node_modules_next_dist_1e8vcs8._.js:776
[  389946ms] [LOG] [Fast Refresh] done in 7ms @ http://localhost:3000/_next/static/chunks/node_modules_next_dist_1e8vcs8._.js:776
[  389995ms] [LOG] [Fast Refresh] done in 7ms @ http://localhost:3000/_next/static/chunks/node_modules_next_dist_1e8vcs8._.js:776
[  390045ms] [LOG] [Fast Refresh] done in 7ms @ http://localhost:3000/_next/static/chunks/node_modules_next_dist_1e8vcs8._.js:776
[  390092ms] [LOG] [Fast Refresh] done in 7ms @ http://localhost:3000/_next/static/chunks/node_modules_next_dist_1e8vcs8._.js:776
[  390140ms] [LOG] [Fast Refresh] done in 7ms @ http://localhost:3000/_next/static/chunks/node_modules_next_dist_1e8vcs8._.js:776
[  390196ms] [LOG] [Fast Refresh] done in 7ms @ http://localhost:3000/_next/static/chunks/node_modules_next_dist_1e8vcs8._.js:776
[  390251ms] [LOG] [Fast Refresh] done in 7ms @ http://localhost:3000/_next/static/chunks/node_modules_next_dist_1e8vcs8._.js:776
[  390302ms] [LOG] [Fast Refresh] done in 7ms @ http://localhost:3000/_next/static/chunks/node_modules_next_dist_1e8vcs8._.js:776
[  390355ms] [LOG] [Fast Refresh] done in 7ms @ http://localhost:3000/_next/static/chunks/node_modules_next_dist_1e8vcs8._.js:776
[  390397ms] [LOG] [Fast Refresh] done in 7ms @ http://localhost:3000/_next/static/chunks/node_modules_next_dist_1e8vcs8._.js:776
[  390451ms] [LOG] [Fast Refresh] done in 7ms @ http://localhost:3000/_next/static/chunks/node_modules_next_dist_1e8vcs8._.js:776
[  390495ms] [LOG] [Fast Refresh] done in 7ms @ http://localhost:3000/_next/static/chunks/node_modules_next_dist_1e8vcs8._.js:776
[  390543ms] [LOG] [Fast Refresh] done in 7ms @ http://localhost:3000/_next/static/chunks/node_modules_next_dist_1e8vcs8._.js:776
[  390592ms] [LOG] [Fast Refresh] done in 7ms @ http://localhost:3000/_next/static/chunks/node_modules_next_dist_1e8vcs8._.js:776
[  390641ms] [LOG] [Fast Refresh] done in 7ms @ http://localhost:3000/_next/static/chunks/node_modules_next_dist_1e8vcs8._.js:776
[  390695ms] [LOG] [Fast Refresh] done in 7ms @ http://localhost:3000/_next/static/chunks/node_modules_next_dist_1e8vcs8._.js:776
[  390745ms] [LOG] [Fast Refresh] done in 7ms @ http://localhost:3000/_next/static/chunks/node_modules_next_dist_1e8vcs8._.js:776
[  390793ms] [LOG] [Fast Refresh] done in 7ms @ http://localhost:3000/_next/static/chunks/node_modules_next_dist_1e8vcs8._.js:776
[  390842ms] [LOG] [Fast Refresh] done in 7ms @ http://localhost:3000/_next/static/chunks/node_modules_next_dist_1e8vcs8._.js:776
[  390883ms] [LOG] [Fast Refresh] done in 7ms @ http://localhost:3000/_next/static/chunks/node_modules_next_dist_1e8vcs8._.js:776
[  390932ms] [LOG] [Fast Refresh] done in 7ms @ http://localhost:3000/_next/static/chunks/node_modules_next_dist_1e8vcs8._.js:776
[  390981ms] [LOG] [Fast Refresh] done in 7ms @ http://localhost:3000/_next/static/chunks/node_modules_next_dist_1e8vcs8._.js:776
[  391023ms] [LOG] [Fast Refresh] done in 7ms @ http://localhost:3000/_next/static/chunks/node_modules_next_dist_1e8vcs8._.js:776
[  391063ms] [LOG] [Fast Refresh] done in 7ms @ http://localhost:3000/_next/static/chunks/node_modules_next_dist_1e8vcs8._.js:776
[  391105ms] [LOG] [Fast Refresh] done in 7ms @ http://localhost:3000/_next/static/chunks/node_modules_next_dist_1e8vcs8._.js:776
[  391147ms] [LOG] [Fast Refresh] done in 7ms @ http://localhost:3000/_next/static/chunks/node_modules_next_dist_1e8vcs8._.js:776
[  391189ms] [LOG] [Fast Refresh] done in 7ms @ http://localhost:3000/_next/static/chunks/node_modules_next_dist_1e8vcs8._.js:776
[  391237ms] [LOG] [Fast Refresh] done in 7ms @ http://localhost:3000/_next/static/chunks/node_modules_next_dist_1e8vcs8._.js:776
[  391285ms] [LOG] [Fast Refresh] done in 7ms @ http://localhost:3000/_next/static/chunks/node_modules_next_dist_1e8vcs8._.js:776
[  391327ms] [LOG] [Fast Refresh] done in 7ms @ http://localhost:3000/_next/static/chunks/node_modules_next_dist_1e8vcs8._.js:776
[  391369ms] [LOG] [Fast Refresh] done in 7ms @ http://localhost:3000/_next/static/chunks/node_modules_next_dist_1e8vcs8._.js:776
[  391411ms] [LOG] [Fast Refresh] done in 7ms @ http://localhost:3000/_next/static/chunks/node_modules_next_dist_1e8vcs8._.js:776
[  391460ms] [LOG] [Fast Refresh] done in 7ms @ http://localhost:3000/_next/static/chunks/node_modules_next_dist_1e8vcs8._.js:776
[  391501ms] [LOG] [Fast Refresh] done in 7ms @ http://localhost:3000/_next/static/chunks/node_modules_next_dist_1e8vcs8._.js:776
[  391542ms] [LOG] [Fast Refresh] done in 7ms @ http://localhost:3000/_next/static/chunks/node_modules_next_dist_1e8vcs8._.js:776
[  391584ms] [LOG] [Fast Refresh] done in 7ms @ http://localhost:3000/_next/static/chunks/node_modules_next_dist_1e8vcs8._.js:776
[  391633ms] [LOG] [Fast Refresh] done in 7ms @ http://localhost:3000/_next/static/chunks/node_modules_next_dist_1e8vcs8._.js:776
[  391696ms] [LOG] [Fast Refresh] done in 7ms @ http://localhost:3000/_next/static/chunks/node_modules_next_dist_1e8vcs8._.js:776
[  391744ms] [LOG] [Fast Refresh] done in 7ms @ http://localhost:3000/_next/static/chunks/node_modules_next_dist_1e8vcs8._.js:776
[  391792ms] [LOG] [Fast Refresh] done in 7ms @ http://localhost:3000/_next/static/chunks/node_modules_next_dist_1e8vcs8._.js:776
[  391849ms] [LOG] [Fast Refresh] done in 7ms @ http://localhost:3000/_next/static/chunks/node_modules_next_dist_1e8vcs8._.js:776
[  391891ms] [LOG] [Fast Refresh] done in 7ms @ http://localhost:3000/_next/static/chunks/node_modules_next_dist_1e8vcs8._.js:776
[  391938ms] [LOG] [Fast Refresh] done in 7ms @ http://localhost:3000/_next/static/chunks/node_modules_next_dist_1e8vcs8._.js:776
[  391979ms] [LOG] [Fast Refresh] done in 7ms @ http://localhost:3000/_next/static/chunks/node_modules_next_dist_1e8vcs8._.js:776
[  392030ms] [LOG] [Fast Refresh] done in 7ms @ http://localhost:3000/_next/static/chunks/node_modules_next_dist_1e8vcs8._.js:776
[  392074ms] [LOG] [Fast Refresh] done in 7ms @ http://localhost:3000/_next/static/chunks/node_modules_next_dist_1e8vcs8._.js:776
[  392126ms] [LOG] [Fast Refresh] done in 7ms @ http://localhost:3000/_next/static/chunks/node_modules_next_dist_1e8vcs8._.js:776
[  392189ms] [LOG] [Fast Refresh] done in 7ms @ http://localhost:3000/_next/static/chunks/node_modules_next_dist_1e8vcs8._.js:776
[  392244ms] [LOG] [Fast Refresh] done in 7ms @ http://localhost:3000/_next/static/chunks/node_modules_next_dist_1e8vcs8._.js:776
[  392288ms] [LOG] [Fast Refresh] done in 7ms @ http://localhost:3000/_next/static/chunks/node_modules_next_dist_1e8vcs8._.js:776
[  392342ms] [LOG] [Fast Refresh] done in 7ms @ http://localhost:3000/_next/static/chunks/node_modules_next_dist_1e8vcs8._.js:776
[  392391ms] [LOG] [Fast Refresh] done in 7ms @ http://localhost:3000/_next/static/chunks/node_modules_next_dist_1e8vcs8._.js:776
[  392449ms] [LOG] [Fast Refresh] done in 7ms @ http://localhost:3000/_next/static/chunks/node_modules_next_dist_1e8vcs8._.js:776
[  392494ms] [LOG] [Fast Refresh] done in 7ms @ http://localhost:3000/_next/static/chunks/node_modules_next_dist_1e8vcs8._.js:776
[  392535ms] [LOG] [Fast Refresh] done in 7ms @ http://localhost:3000/_next/static/chunks/node_modules_next_dist_1e8vcs8._.js:776
[  392583ms] [LOG] [Fast Refresh] done in 7ms @ http://localhost:3000/_next/static/chunks/node_modules_next_dist_1e8vcs8._.js:776
[  392640ms] [LOG] [Fast Refresh] done in 7ms @ http://localhost:3000/_next/static/chunks/node_modules_next_dist_1e8vcs8._.js:776
[  392688ms] [LOG] [Fast Refresh] done in 7ms @ http://localhost:3000/_next/static/chunks/node_modules_next_dist_1e8vcs8._.js:776
[  392745ms] [LOG] [Fast Refresh] done in 7ms @ http://localhost:3000/_next/static/chunks/node_modules_next_dist_1e8vcs8._.js:776
[  392792ms] [LOG] [Fast Refresh] done in 7ms @ http://localhost:3000/_next/static/chunks/node_modules_next_dist_1e8vcs8._.js:776
[  392848ms] [LOG] [Fast Refresh] done in 7ms @ http://localhost:3000/_next/static/chunks/node_modules_next_dist_1e8vcs8._.js:776
[  392897ms] [LOG] [Fast Refresh] done in 7ms @ http://localhost:3000/_next/static/chunks/node_modules_next_dist_1e8vcs8._.js:776
[  392946ms] [LOG] [Fast Refresh] done in 7ms @ http://localhost:3000/_next/static/chunks/node_modules_next_dist_1e8vcs8._.js:776
[  392987ms] [LOG] [Fast Refresh] done in 7ms @ http://localhost:3000/_next/static/chunks/node_modules_next_dist_1e8vcs8._.js:776
[  393043ms] [LOG] [Fast Refresh] done in 7ms @ http://localhost:3000/_next/static/chunks/node_modules_next_dist_1e8vcs8._.js:776
[  393092ms] [LOG] [Fast Refresh] done in 7ms @ http://localhost:3000/_next/static/chunks/node_modules_next_dist_1e8vcs8._.js:776
[  393140ms] [LOG] [Fast Refresh] done in 7ms @ http://localhost:3000/_next/static/chunks/node_modules_next_dist_1e8vcs8._.js:776
[  393188ms] [LOG] [Fast Refresh] done in 7ms @ http://localhost:3000/_next/static/chunks/node_modules_next_dist_1e8vcs8._.js:776
[  393245ms] [LOG] [Fast Refresh] done in 7ms @ http://localhost:3000/_next/static/chunks/node_modules_next_dist_1e8vcs8._.js:776
[  393300ms] [LOG] [Fast Refresh] done in 7ms @ http://localhost:3000/_next/static/chunks/node_modules_next_dist_1e8vcs8._.js:776
[  393348ms] [LOG] [Fast Refresh] done in 7ms @ http://localhost:3000/_next/static/chunks/node_modules_next_dist_1e8vcs8._.js:776
[  393397ms] [LOG] [Fast Refresh] done in 7ms @ http://localhost:3000/_next/static/chunks/node_modules_next_dist_1e8vcs8._.js:776
[  393448ms] [LOG] [Fast Refresh] done in 7ms @ http://localhost:3000/_next/static/chunks/node_modules_next_dist_1e8vcs8._.js:776
[  393502ms] [LOG] [Fast Refresh] done in 7ms @ http://localhost:3000/_next/static/chunks/node_modules_next_dist_1e8vcs8._.js:776
[  393564ms] [LOG] [Fast Refresh] done in 7ms @ http://localhost:3000/_next/static/chunks/node_modules_next_dist_1e8vcs8._.js:776
[  393626ms] [LOG] [Fast Refresh] done in 7ms @ http://localhost:3000/_next/static/chunks/node_modules_next_dist_1e8vcs8._.js:776
[  393682ms] [LOG] [Fast Refresh] done in 7ms @ http://localhost:3000/_next/static/chunks/node_modules_next_dist_1e8vcs8._.js:776
[  393744ms] [LOG] [Fast Refresh] done in 7ms @ http://localhost:3000/_next/static/chunks/node_modules_next_dist_1e8vcs8._.js:776
[  393787ms] [LOG] [Fast Refresh] done in 7ms @ http://localhost:3000/_next/static/chunks/node_modules_next_dist_1e8vcs8._.js:776
[  393850ms] [LOG] [Fast Refresh] done in 7ms @ http://localhost:3000/_next/static/chunks/node_modules_next_dist_1e8vcs8._.js:776
[  393904ms] [LOG] [Fast Refresh] done in 7ms @ http://localhost:3000/_next/static/chunks/node_modules_next_dist_1e8vcs8._.js:776
[  393946ms] [LOG] [Fast Refresh] done in 7ms @ http://localhost:3000/_next/static/chunks/node_modules_next_dist_1e8vcs8._.js:776
[  393987ms] [LOG] [Fast Refresh] done in 7ms @ http://localhost:3000/_next/static/chunks/node_modules_next_dist_1e8vcs8._.js:776
[  394029ms] [LOG] [Fast Refresh] done in 7ms @ http://localhost:3000/_next/static/chunks/node_modules_next_dist_1e8vcs8._.js:776
[  394084ms] [LOG] [Fast Refresh] done in 7ms @ http://localhost:3000/_next/static/chunks/node_modules_next_dist_1e8vcs8._.js:776
[  394126ms] [LOG] [Fast Refresh] done in 7ms @ http://localhost:3000/_next/static/chunks/node_modules_next_dist_1e8vcs8._.js:776
[  394182ms] [LOG] [Fast Refresh] done in 7ms @ http://localhost:3000/_next/static/chunks/node_modules_next_dist_1e8vcs8._.js:776
[  394232ms] [LOG] [Fast Refresh] done in 7ms @ http://localhost:3000/_next/static/chunks/node_modules_next_dist_1e8vcs8._.js:776
[  394278ms] [LOG] [Fast Refresh] done in 7ms @ http://localhost:3000/_next/static/chunks/node_modules_next_dist_1e8vcs8._.js:776
[  394328ms] [LOG] [Fast Refresh] done in 7ms @ http://localhost:3000/_next/static/chunks/node_modules_next_dist_1e8vcs8._.js:776
[  394376ms] [LOG] [Fast Refresh] done in 7ms @ http://localhost:3000/_next/static/chunks/node_modules_next_dist_1e8vcs8._.js:776
[  394417ms] [LOG] [Fast Refresh] done in 7ms @ http://localhost:3000/_next/static/chunks/node_modules_next_dist_1e8vcs8._.js:776
[  394480ms] [LOG] [Fast Refresh] done in 7ms @ http://localhost:3000/_next/static/chunks/node_modules_next_dist_1e8vcs8._.js:776
[  394544ms] [LOG] [Fast Refresh] done in 7ms @ http://localhost:3000/_next/static/chunks/node_modules_next_dist_1e8vcs8._.js:776
[  394594ms] [LOG] [Fast Refresh] done in 7ms @ http://localhost:3000/_next/static/chunks/node_modules_next_dist_1e8vcs8._.js:776
[  394647ms] [LOG] [Fast Refresh] done in 7ms @ http://localhost:3000/_next/static/chunks/node_modules_next_dist_1e8vcs8._.js:776
[  394696ms] [LOG] [Fast Refresh] done in 7ms @ http://localhost:3000/_next/static/chunks/node_modules_next_dist_1e8vcs8._.js:776
[  394744ms] [LOG] [Fast Refresh] done in 7ms @ http://localhost:3000/_next/static/chunks/node_modules_next_dist_1e8vcs8._.js:776
[  394786ms] [LOG] [Fast Refresh] done in 7ms @ http://localhost:3000/_next/static/chunks/node_modules_next_dist_1e8vcs8._.js:776
[  394843ms] [LOG] [Fast Refresh] done in 7ms @ http://localhost:3000/_next/static/chunks/node_modules_next_dist_1e8vcs8._.js:776
[  394883ms] [LOG] [Fast Refresh] done in 7ms @ http://localhost:3000/_next/static/chunks/node_modules_next_dist_1e8vcs8._.js:776
[  394939ms] [LOG] [Fast Refresh] done in 7ms @ http://localhost:3000/_next/static/chunks/node_modules_next_dist_1e8vcs8._.js:776
[  394987ms] [LOG] [Fast Refresh] done in 7ms @ http://localhost:3000/_next/static/chunks/node_modules_next_dist_1e8vcs8._.js:776
[  395029ms] [LOG] [Fast Refresh] done in 7ms @ http://localhost:3000/_next/static/chunks/node_modules_next_dist_1e8vcs8._.js:776
[  395093ms] [LOG] [Fast Refresh] done in 7ms @ http://localhost:3000/_next/static/chunks/node_modules_next_dist_1e8vcs8._.js:776
[  395147ms] [LOG] [Fast Refresh] done in 7ms @ http://localhost:3000/_next/static/chunks/node_modules_next_dist_1e8vcs8._.js:776
[  395196ms] [LOG] [Fast Refresh] done in 7ms @ http://localhost:3000/_next/static/chunks/node_modules_next_dist_1e8vcs8._.js:776
[  395245ms] [LOG] [Fast Refresh] done in 7ms @ http://localhost:3000/_next/static/chunks/node_modules_next_dist_1e8vcs8._.js:776
[  395293ms] [LOG] [Fast Refresh] done in 7ms @ http://localhost:3000/_next/static/chunks/node_modules_next_dist_1e8vcs8._.js:776
[  395349ms] [LOG] [Fast Refresh] done in 7ms @ http://localhost:3000/_next/static/chunks/node_modules_next_dist_1e8vcs8._.js:776
[  395397ms] [LOG] [Fast Refresh] done in 7ms @ http://localhost:3000/_next/static/chunks/node_modules_next_dist_1e8vcs8._.js:776
[  395446ms] [LOG] [Fast Refresh] done in 7ms @ http://localhost:3000/_next/static/chunks/node_modules_next_dist_1e8vcs8._.js:776
[  395494ms] [LOG] [Fast Refresh] done in 7ms @ http://localhost:3000/_next/static/chunks/node_modules_next_dist_1e8vcs8._.js:776
[  395544ms] [LOG] [Fast Refresh] done in 7ms @ http://localhost:3000/_next/static/chunks/node_modules_next_dist_1e8vcs8._.js:776
[  395592ms] [LOG] [Fast Refresh] done in 7ms @ http://localhost:3000/_next/static/chunks/node_modules_next_dist_1e8vcs8._.js:776
[  395633ms] [LOG] [Fast Refresh] done in 7ms @ http://localhost:3000/_next/static/chunks/node_modules_next_dist_1e8vcs8._.js:776
[  395689ms] [LOG] [Fast Refresh] done in 7ms @ http://localhost:3000/_next/static/chunks/node_modules_next_dist_1e8vcs8._.js:776
[  395737ms] [LOG] [Fast Refresh] done in 7ms @ http://localhost:3000/_next/static/chunks/node_modules_next_dist_1e8vcs8._.js:776
[  395794ms] [LOG] [Fast Refresh] done in 7ms @ http://localhost:3000/_next/static/chunks/node_modules_next_dist_1e8vcs8._.js:776
[  395848ms] [LOG] [Fast Refresh] done in 7ms @ http://localhost:3000/_next/static/chunks/node_modules_next_dist_1e8vcs8._.js:776
[  395897ms] [LOG] [Fast Refresh] done in 7ms @ http://localhost:3000/_next/static/chunks/node_modules_next_dist_1e8vcs8._.js:776
[  395946ms] [LOG] [Fast Refresh] done in 7ms @ http://localhost:3000/_next/static/chunks/node_modules_next_dist_1e8vcs8._.js:776
[  395987ms] [LOG] [Fast Refresh] done in 7ms @ http://localhost:3000/_next/static/chunks/node_modules_next_dist_1e8vcs8._.js:776
[  396036ms] [LOG] [Fast Refresh] done in 7ms @ http://localhost:3000/_next/static/chunks/node_modules_next_dist_1e8vcs8._.js:776
[  396077ms] [LOG] [Fast Refresh] done in 7ms @ http://localhost:3000/_next/static/chunks/node_modules_next_dist_1e8vcs8._.js:776
[  396126ms] [LOG] [Fast Refresh] done in 7ms @ http://localhost:3000/_next/static/chunks/node_modules_next_dist_1e8vcs8._.js:776
[  396181ms] [LOG] [Fast Refresh] done in 7ms @ http://localhost:3000/_next/static/chunks/node_modules_next_dist_1e8vcs8._.js:776
[  396230ms] [LOG] [Fast Refresh] done in 7ms @ http://localhost:3000/_next/static/chunks/node_modules_next_dist_1e8vcs8._.js:776
[  396294ms] [LOG] [Fast Refresh] done in 7ms @ http://localhost:3000/_next/static/chunks/node_modules_next_dist_1e8vcs8._.js:776
[  396342ms] [LOG] [Fast Refresh] done in 7ms @ http://localhost:3000/_next/static/chunks/node_modules_next_dist_1e8vcs8._.js:776
[  396383ms] [LOG] [Fast Refresh] done in 7ms @ http://localhost:3000/_next/static/chunks/node_modules_next_dist_1e8vcs8._.js:776
[  396432ms] [LOG] [Fast Refresh] done in 7ms @ http://localhost:3000/_next/static/chunks/node_modules_next_dist_1e8vcs8._.js:776
[  396480ms] [LOG] [Fast Refresh] done in 7ms @ http://localhost:3000/_next/static/chunks/node_modules_next_dist_1e8vcs8._.js:776
[  396529ms] [LOG] [Fast Refresh] done in 7ms @ http://localhost:3000/_next/static/chunks/node_modules_next_dist_1e8vcs8._.js:776
[  396585ms] [LOG] [Fast Refresh] done in 7ms @ http://localhost:3000/_next/static/chunks/node_modules_next_dist_1e8vcs8._.js:776
[  396640ms] [LOG] [Fast Refresh] done in 7ms @ http://localhost:3000/_next/static/chunks/node_modules_next_dist_1e8vcs8._.js:776
[  396696ms] [LOG] [Fast Refresh] done in 7ms @ http://localhost:3000/_next/static/chunks/node_modules_next_dist_1e8vcs8._.js:776
[  396737ms] [LOG] [Fast Refresh] done in 7ms @ http://localhost:3000/_next/static/chunks/node_modules_next_dist_1e8vcs8._.js:776
[  396793ms] [LOG] [Fast Refresh] done in 7ms @ http://localhost:3000/_next/static/chunks/node_modules_next_dist_1e8vcs8._.js:776
[  396842ms] [LOG] [Fast Refresh] done in 7ms @ http://localhost:3000/_next/static/chunks/node_modules_next_dist_1e8vcs8._.js:776
[  396897ms] [LOG] [Fast Refresh] done in 7ms @ http://localhost:3000/_next/static/chunks/node_modules_next_dist_1e8vcs8._.js:776
[  396946ms] [LOG] [Fast Refresh] done in 7ms @ http://localhost:3000/_next/static/chunks/node_modules_next_dist_1e8vcs8._.js:776
[  396994ms] [LOG] [Fast Refresh] done in 7ms @ http://localhost:3000/_next/static/chunks/node_modules_next_dist_1e8vcs8._.js:776
[  397043ms] [LOG] [Fast Refresh] done in 7ms @ http://localhost:3000/_next/static/chunks/node_modules_next_dist_1e8vcs8._.js:776
[  397092ms] [LOG] [Fast Refresh] done in 7ms @ http://localhost:3000/_next/static/chunks/node_modules_next_dist_1e8vcs8._.js:776
[  397140ms] [LOG] [Fast Refresh] done in 7ms @ http://localhost:3000/_next/static/chunks/node_modules_next_dist_1e8vcs8._.js:776
[  397196ms] [LOG] [Fast Refresh] done in 7ms @ http://localhost:3000/_next/static/chunks/node_modules_next_dist_1e8vcs8._.js:776
[  397244ms] [LOG] [Fast Refresh] done in 7ms @ http://localhost:3000/_next/static/chunks/node_modules_next_dist_1e8vcs8._.js:776
[  397294ms] [LOG] [Fast Refresh] done in 7ms @ http://localhost:3000/_next/static/chunks/node_modules_next_dist_1e8vcs8._.js:776
[  397341ms] [LOG] [Fast Refresh] done in 7ms @ http://localhost:3000/_next/static/chunks/node_modules_next_dist_1e8vcs8._.js:776
[  397390ms] [LOG] [Fast Refresh] done in 7ms @ http://localhost:3000/_next/static/chunks/node_modules_next_dist_1e8vcs8._.js:776
[  397431ms] [LOG] [Fast Refresh] done in 7ms @ http://localhost:3000/_next/static/chunks/node_modules_next_dist_1e8vcs8._.js:776
[  397473ms] [LOG] [Fast Refresh] done in 7ms @ http://localhost:3000/_next/static/chunks/node_modules_next_dist_1e8vcs8._.js:776
[  397522ms] [LOG] [Fast Refresh] done in 7ms @ http://localhost:3000/_next/static/chunks/node_modules_next_dist_1e8vcs8._.js:776
[  397563ms] [LOG] [Fast Refresh] done in 7ms @ http://localhost:3000/_next/static/chunks/node_modules_next_dist_1e8vcs8._.js:776
[  397612ms] [LOG] [Fast Refresh] done in 7ms @ http://localhost:3000/_next/static/chunks/node_modules_next_dist_1e8vcs8._.js:776
[  397656ms] [LOG] [Fast Refresh] done in 7ms @ http://localhost:3000/_next/static/chunks/node_modules_next_dist_1e8vcs8._.js:776
[  397703ms] [LOG] [Fast Refresh] done in 7ms @ http://localhost:3000/_next/static/chunks/node_modules_next_dist_1e8vcs8._.js:776
[  397744ms] [LOG] [Fast Refresh] done in 7ms @ http://localhost:3000/_next/static/chunks/node_modules_next_dist_1e8vcs8._.js:776
[  397786ms] [LOG] [Fast Refresh] done in 7ms @ http://localhost:3000/_next/static/chunks/node_modules_next_dist_1e8vcs8._.js:776
[  397827ms] [LOG] [Fast Refresh] done in 7ms @ http://localhost:3000/_next/static/chunks/node_modules_next_dist_1e8vcs8._.js:776
[  397875ms] [LOG] [Fast Refresh] done in 7ms @ http://localhost:3000/_next/static/chunks/node_modules_next_dist_1e8vcs8._.js:776
[  397918ms] [LOG] [Fast Refresh] done in 7ms @ http://localhost:3000/_next/static/chunks/node_modules_next_dist_1e8vcs8._.js:776
[  397960ms] [LOG] [Fast Refresh] done in 7ms @ http://localhost:3000/_next/static/chunks/node_modules_next_dist_1e8vcs8._.js:776
[  398008ms] [LOG] [Fast Refresh] done in 7ms @ http://localhost:3000/_next/static/chunks/node_modules_next_dist_1e8vcs8._.js:776
[  398049ms] [LOG] [Fast Refresh] done in 7ms @ http://localhost:3000/_next/static/chunks/node_modules_next_dist_1e8vcs8._.js:776
[  398091ms] [LOG] [Fast Refresh] done in 7ms @ http://localhost:3000/_next/static/chunks/node_modules_next_dist_1e8vcs8._.js:776
[  398139ms] [LOG] [Fast Refresh] done in 7ms @ http://localhost:3000/_next/static/chunks/node_modules_next_dist_1e8vcs8._.js:776
[  398197ms] [LOG] [Fast Refresh] done in 7ms @ http://localhost:3000/_next/static/chunks/node_modules_next_dist_1e8vcs8._.js:776
[  398251ms] [LOG] [Fast Refresh] done in 7ms @ http://localhost:3000/_next/static/chunks/node_modules_next_dist_1e8vcs8._.js:776
[  398293ms] [LOG] [Fast Refresh] done in 7ms @ http://localhost:3000/_next/static/chunks/node_modules_next_dist_1e8vcs8._.js:776
[  398342ms] [LOG] [Fast Refresh] done in 7ms @ http://localhost:3000/_next/static/chunks/node_modules_next_dist_1e8vcs8._.js:776
[  398383ms] [LOG] [Fast Refresh] done in 7ms @ http://localhost:3000/_next/static/chunks/node_modules_next_dist_1e8vcs8._.js:776
[  398431ms] [LOG] [Fast Refresh] done in 7ms @ http://localhost:3000/_next/static/chunks/node_modules_next_dist_1e8vcs8._.js:776
[  398495ms] [LOG] [Fast Refresh] done in 7ms @ http://localhost:3000/_next/static/chunks/node_modules_next_dist_1e8vcs8._.js:776
[  398543ms] [LOG] [Fast Refresh] done in 7ms @ http://localhost:3000/_next/static/chunks/node_modules_next_dist_1e8vcs8._.js:776
[  398593ms] [LOG] [Fast Refresh] done in 7ms @ http://localhost:3000/_next/static/chunks/node_modules_next_dist_1e8vcs8._.js:776
[  398641ms] [LOG] [Fast Refresh] done in 7ms @ http://localhost:3000/_next/static/chunks/node_modules_next_dist_1e8vcs8._.js:776
[  398697ms] [LOG] [Fast Refresh] done in 7ms @ http://localhost:3000/_next/static/chunks/node_modules_next_dist_1e8vcs8._.js:776
[  398751ms] [LOG] [Fast Refresh] done in 7ms @ http://localhost:3000/_next/static/chunks/node_modules_next_dist_1e8vcs8._.js:776
[  398794ms] [LOG] [Fast Refresh] done in 7ms @ http://localhost:3000/_next/static/chunks/node_modules_next_dist_1e8vcs8._.js:776
[  398834ms] [LOG] [Fast Refresh] done in 7ms @ http://localhost:3000/_next/static/chunks/node_modules_next_dist_1e8vcs8._.js:776
[  398876ms] [LOG] [Fast Refresh] done in 7ms @ http://localhost:3000/_next/static/chunks/node_modules_next_dist_1e8vcs8._.js:776
[  398932ms] [LOG] [Fast Refresh] done in 7ms @ http://localhost:3000/_next/static/chunks/node_modules_next_dist_1e8vcs8._.js:776
[  398995ms] [LOG] [Fast Refresh] done in 7ms @ http://localhost:3000/_next/static/chunks/node_modules_next_dist_1e8vcs8._.js:776
[  399043ms] [LOG] [Fast Refresh] done in 7ms @ http://localhost:3000/_next/static/chunks/node_modules_next_dist_1e8vcs8._.js:776
[  399092ms] [LOG] [Fast Refresh] done in 7ms @ http://localhost:3000/_next/static/chunks/node_modules_next_dist_1e8vcs8._.js:776
[  399141ms] [LOG] [Fast Refresh] done in 7ms @ http://localhost:3000/_next/static/chunks/node_modules_next_dist_1e8vcs8._.js:776
[  399196ms] [LOG] [Fast Refresh] done in 7ms @ http://localhost:3000/_next/static/chunks/node_modules_next_dist_1e8vcs8._.js:776
[  399244ms] [LOG] [Fast Refresh] done in 7ms @ http://localhost:3000/_next/static/chunks/node_modules_next_dist_1e8vcs8._.js:776
[  399299ms] [LOG] [Fast Refresh] done in 7ms @ http://localhost:3000/_next/static/chunks/node_modules_next_dist_1e8vcs8._.js:776
[  399342ms] [LOG] [Fast Refresh] done in 7ms @ http://localhost:3000/_next/static/chunks/node_modules_next_dist_1e8vcs8._.js:776
[  399383ms] [LOG] [Fast Refresh] done in 7ms @ http://localhost:3000/_next/static/chunks/node_modules_next_dist_1e8vcs8._.js:776
[  399432ms] [LOG] [Fast Refresh] done in 7ms @ http://localhost:3000/_next/static/chunks/node_modules_next_dist_1e8vcs8._.js:776
[  399489ms] [LOG] [Fast Refresh] done in 7ms @ http://localhost:3000/_next/static/chunks/node_modules_next_dist_1e8vcs8._.js:776
[  399530ms] [LOG] [Fast Refresh] done in 7ms @ http://localhost:3000/_next/static/chunks/node_modules_next_dist_1e8vcs8._.js:776
[  399585ms] [LOG] [Fast Refresh] done in 7ms @ http://localhost:3000/_next/static/chunks/node_modules_next_dist_1e8vcs8._.js:776
[  399633ms] [LOG] [Fast Refresh] done in 7ms @ http://localhost:3000/_next/static/chunks/node_modules_next_dist_1e8vcs8._.js:776
[  399674ms] [LOG] [Fast Refresh] done in 7ms @ http://localhost:3000/_next/static/chunks/node_modules_next_dist_1e8vcs8._.js:776
[  399716ms] [LOG] [Fast Refresh] done in 7ms @ http://localhost:3000/_next/static/chunks/node_modules_next_dist_1e8vcs8._.js:776
[  399758ms] [LOG] [Fast Refresh] done in 7ms @ http://localhost:3000/_next/static/chunks/node_modules_next_dist_1e8vcs8._.js:776
[  399799ms] [LOG] [Fast Refresh] done in 7ms @ http://localhost:3000/_next/static/chunks/node_modules_next_dist_1e8vcs8._.js:776
[  399842ms] [LOG] [Fast Refresh] done in 7ms @ http://localhost:3000/_next/static/chunks/node_modules_next_dist_1e8vcs8._.js:776
[  399883ms] [LOG] [Fast Refresh] done in 7ms @ http://localhost:3000/_next/static/chunks/node_modules_next_dist_1e8vcs8._.js:776
[  399924ms] [LOG] [Fast Refresh] done in 7ms @ http://localhost:3000/_next/static/chunks/node_modules_next_dist_1e8vcs8._.js:776
[  399966ms] [LOG] [Fast Refresh] done in 7ms @ http://localhost:3000/_next/static/chunks/node_modules_next_dist_1e8vcs8._.js:776
[  400008ms] [LOG] [Fast Refresh] done in 7ms @ http://localhost:3000/_next/static/chunks/node_modules_next_dist_1e8vcs8._.js:776
[  400050ms] [LOG] [Fast Refresh] done in 7ms @ http://localhost:3000/_next/static/chunks/node_modules_next_dist_1e8vcs8._.js:776
[  400098ms] [LOG] [Fast Refresh] done in 7ms @ http://localhost:3000/_next/static/chunks/node_modules_next_dist_1e8vcs8._.js:776
[  400140ms] [LOG] [Fast Refresh] done in 7ms @ http://localhost:3000/_next/static/chunks/node_modules_next_dist_1e8vcs8._.js:776
[  400182ms] [LOG] [Fast Refresh] done in 7ms @ http://localhost:3000/_next/static/chunks/node_modules_next_dist_1e8vcs8._.js:776
[  400237ms] [LOG] [Fast Refresh] done in 7ms @ http://localhost:3000/_next/static/chunks/node_modules_next_dist_1e8vcs8._.js:776
[  400279ms] [LOG] [Fast Refresh] done in 7ms @ http://localhost:3000/_next/static/chunks/node_modules_next_dist_1e8vcs8._.js:776
[  400334ms] [LOG] [Fast Refresh] done in 7ms @ http://localhost:3000/_next/static/chunks/node_modules_next_dist_1e8vcs8._.js:776
[  400390ms] [LOG] [Fast Refresh] done in 7ms @ http://localhost:3000/_next/static/chunks/node_modules_next_dist_1e8vcs8._.js:776
[  400433ms] [LOG] [Fast Refresh] done in 7ms @ http://localhost:3000/_next/static/chunks/node_modules_next_dist_1e8vcs8._.js:776
[  400495ms] [LOG] [Fast Refresh] done in 7ms @ http://localhost:3000/_next/static/chunks/node_modules_next_dist_1e8vcs8._.js:776
[  400544ms] [LOG] [Fast Refresh] done in 7ms @ http://localhost:3000/_next/static/chunks/node_modules_next_dist_1e8vcs8._.js:776
[  400598ms] [LOG] [Fast Refresh] done in 7ms @ http://localhost:3000/_next/static/chunks/node_modules_next_dist_1e8vcs8._.js:776
[  400641ms] [LOG] [Fast Refresh] done in 7ms @ http://localhost:3000/_next/static/chunks/node_modules_next_dist_1e8vcs8._.js:776
[  400697ms] [LOG] [Fast Refresh] done in 7ms @ http://localhost:3000/_next/static/chunks/node_modules_next_dist_1e8vcs8._.js:776
[  400745ms] [LOG] [Fast Refresh] done in 7ms @ http://localhost:3000/_next/static/chunks/node_modules_next_dist_1e8vcs8._.js:776
[  400794ms] [LOG] [Fast Refresh] done in 7ms @ http://localhost:3000/_next/static/chunks/node_modules_next_dist_1e8vcs8._.js:776
[  400842ms] [LOG] [Fast Refresh] done in 7ms @ http://localhost:3000/_next/static/chunks/node_modules_next_dist_1e8vcs8._.js:776
[  400891ms] [LOG] [Fast Refresh] done in 7ms @ http://localhost:3000/_next/static/chunks/node_modules_next_dist_1e8vcs8._.js:776
[  400947ms] [LOG] [Fast Refresh] done in 7ms @ http://localhost:3000/_next/static/chunks/node_modules_next_dist_1e8vcs8._.js:776
[  400987ms] [LOG] [Fast Refresh] done in 7ms @ http://localhost:3000/_next/static/chunks/node_modules_next_dist_1e8vcs8._.js:776
[  401043ms] [LOG] [Fast Refresh] done in 7ms @ http://localhost:3000/_next/static/chunks/node_modules_next_dist_1e8vcs8._.js:776
[  401084ms] [LOG] [Fast Refresh] done in 7ms @ http://localhost:3000/_next/static/chunks/node_modules_next_dist_1e8vcs8._.js:776
[  401126ms] [LOG] [Fast Refresh] done in 7ms @ http://localhost:3000/_next/static/chunks/node_modules_next_dist_1e8vcs8._.js:776
[  401182ms] [LOG] [Fast Refresh] done in 7ms @ http://localhost:3000/_next/static/chunks/node_modules_next_dist_1e8vcs8._.js:776
[  401244ms] [LOG] [Fast Refresh] done in 7ms @ http://localhost:3000/_next/static/chunks/node_modules_next_dist_1e8vcs8._.js:776
[  401293ms] [LOG] [Fast Refresh] done in 7ms @ http://localhost:3000/_next/static/chunks/node_modules_next_dist_1e8vcs8._.js:776
[  401342ms] [LOG] [Fast Refresh] done in 7ms @ http://localhost:3000/_next/static/chunks/node_modules_next_dist_1e8vcs8._.js:776
[  401391ms] [LOG] [Fast Refresh] done in 7ms @ http://localhost:3000/_next/static/chunks/node_modules_next_dist_1e8vcs8._.js:776
[  401447ms] [LOG] [Fast Refresh] done in 7ms @ http://localhost:3000/_next/static/chunks/node_modules_next_dist_1e8vcs8._.js:776
[  401487ms] [LOG] [Fast Refresh] done in 7ms @ http://localhost:3000/_next/static/chunks/node_modules_next_dist_1e8vcs8._.js:776
[  401543ms] [LOG] [Fast Refresh] done in 7ms @ http://localhost:3000/_next/static/chunks/node_modules_next_dist_1e8vcs8._.js:776
[  401599ms] [LOG] [Fast Refresh] done in 7ms @ http://localhost:3000/_next/static/chunks/node_modules_next_dist_1e8vcs8._.js:776
[  401641ms] [LOG] [Fast Refresh] done in 7ms @ http://localhost:3000/_next/static/chunks/node_modules_next_dist_1e8vcs8._.js:776
[  401696ms] [LOG] [Fast Refresh] done in 7ms @ http://localhost:3000/_next/static/chunks/node_modules_next_dist_1e8vcs8._.js:776
[  401745ms] [LOG] [Fast Refresh] done in 7ms @ http://localhost:3000/_next/static/chunks/node_modules_next_dist_1e8vcs8._.js:776
[  401793ms] [LOG] [Fast Refresh] done in 7ms @ http://localhost:3000/_next/static/chunks/node_modules_next_dist_1e8vcs8._.js:776
[  401842ms] [LOG] [Fast Refresh] done in 7ms @ http://localhost:3000/_next/static/chunks/node_modules_next_dist_1e8vcs8._.js:776
[  401890ms] [LOG] [Fast Refresh] done in 7ms @ http://localhost:3000/_next/static/chunks/node_modules_next_dist_1e8vcs8._.js:776
[  401946ms] [LOG] [Fast Refresh] done in 7ms @ http://localhost:3000/_next/static/chunks/node_modules_next_dist_1e8vcs8._.js:776
[  401995ms] [LOG] [Fast Refresh] done in 7ms @ http://localhost:3000/_next/static/chunks/node_modules_next_dist_1e8vcs8._.js:776
[  402037ms] [LOG] [Fast Refresh] done in 7ms @ http://localhost:3000/_next/static/chunks/node_modules_next_dist_1e8vcs8._.js:776
[  402085ms] [LOG] [Fast Refresh] done in 7ms @ http://localhost:3000/_next/static/chunks/node_modules_next_dist_1e8vcs8._.js:776
[  402126ms] [LOG] [Fast Refresh] done in 7ms @ http://localhost:3000/_next/static/chunks/node_modules_next_dist_1e8vcs8._.js:776
[  402168ms] [LOG] [Fast Refresh] done in 7ms @ http://localhost:3000/_next/static/chunks/node_modules_next_dist_1e8vcs8._.js:776
[  402209ms] [LOG] [Fast Refresh] done in 7ms @ http://localhost:3000/_next/static/chunks/node_modules_next_dist_1e8vcs8._.js:776
[  402251ms] [LOG] [Fast Refresh] done in 7ms @ http://localhost:3000/_next/static/chunks/node_modules_next_dist_1e8vcs8._.js:776
[  402293ms] [LOG] [Fast Refresh] done in 7ms @ http://localhost:3000/_next/static/chunks/node_modules_next_dist_1e8vcs8._.js:776
[  402343ms] [LOG] [Fast Refresh] done in 7ms @ http://localhost:3000/_next/static/chunks/node_modules_next_dist_1e8vcs8._.js:776
[  402391ms] [LOG] [Fast Refresh] done in 7ms @ http://localhost:3000/_next/static/chunks/node_modules_next_dist_1e8vcs8._.js:776
[  402446ms] [LOG] [Fast Refresh] done in 7ms @ http://localhost:3000/_next/static/chunks/node_modules_next_dist_1e8vcs8._.js:776
[  402495ms] [LOG] [Fast Refresh] done in 7ms @ http://localhost:3000/_next/static/chunks/node_modules_next_dist_1e8vcs8._.js:776
[  402535ms] [LOG] [Fast Refresh] done in 7ms @ http://localhost:3000/_next/static/chunks/node_modules_next_dist_1e8vcs8._.js:776
[  402577ms] [LOG] [Fast Refresh] done in 7ms @ http://localhost:3000/_next/static/chunks/node_modules_next_dist_1e8vcs8._.js:776
[  402626ms] [LOG] [Fast Refresh] done in 7ms @ http://localhost:3000/_next/static/chunks/node_modules_next_dist_1e8vcs8._.js:776
[  402682ms] [LOG] [Fast Refresh] done in 7ms @ http://localhost:3000/_next/static/chunks/node_modules_next_dist_1e8vcs8._.js:776
[  402737ms] [LOG] [Fast Refresh] done in 7ms @ http://localhost:3000/_next/static/chunks/node_modules_next_dist_1e8vcs8._.js:776
[  402793ms] [LOG] [Fast Refresh] done in 7ms @ http://localhost:3000/_next/static/chunks/node_modules_next_dist_1e8vcs8._.js:776
[  402842ms] [LOG] [Fast Refresh] done in 7ms @ http://localhost:3000/_next/static/chunks/node_modules_next_dist_1e8vcs8._.js:776
[  402891ms] [LOG] [Fast Refresh] done in 7ms @ http://localhost:3000/_next/static/chunks/node_modules_next_dist_1e8vcs8._.js:776
[  402946ms] [LOG] [Fast Refresh] done in 7ms @ http://localhost:3000/_next/static/chunks/node_modules_next_dist_1e8vcs8._.js:776
[  402995ms] [LOG] [Fast Refresh] done in 7ms @ http://localhost:3000/_next/static/chunks/node_modules_next_dist_1e8vcs8._.js:776
[  403043ms] [LOG] [Fast Refresh] done in 7ms @ http://localhost:3000/_next/static/chunks/node_modules_next_dist_1e8vcs8._.js:776
[  403092ms] [LOG] [Fast Refresh] done in 7ms @ http://localhost:3000/_next/static/chunks/node_modules_next_dist_1e8vcs8._.js:776
[  403143ms] [LOG] [Fast Refresh] done in 7ms @ http://localhost:3000/_next/static/chunks/node_modules_next_dist_1e8vcs8._.js:776
[  403196ms] [LOG] [Fast Refresh] done in 7ms @ http://localhost:3000/_next/static/chunks/node_modules_next_dist_1e8vcs8._.js:776
[  403244ms] [LOG] [Fast Refresh] done in 7ms @ http://localhost:3000/_next/static/chunks/node_modules_next_dist_1e8vcs8._.js:776
[  403286ms] [LOG] [Fast Refresh] done in 7ms @ http://localhost:3000/_next/static/chunks/node_modules_next_dist_1e8vcs8._.js:776
[  403335ms] [LOG] [Fast Refresh] done in 7ms @ http://localhost:3000/_next/static/chunks/node_modules_next_dist_1e8vcs8._.js:776
[  403376ms] [LOG] [Fast Refresh] done in 7ms @ http://localhost:3000/_next/static/chunks/node_modules_next_dist_1e8vcs8._.js:776
[  403431ms] [LOG] [Fast Refresh] done in 7ms @ http://localhost:3000/_next/static/chunks/node_modules_next_dist_1e8vcs8._.js:776
[  403495ms] [LOG] [Fast Refresh] done in 7ms @ http://localhost:3000/_next/static/chunks/node_modules_next_dist_1e8vcs8._.js:776
[  403543ms] [LOG] [Fast Refresh] done in 7ms @ http://localhost:3000/_next/static/chunks/node_modules_next_dist_1e8vcs8._.js:776
[  403592ms] [LOG] [Fast Refresh] done in 7ms @ http://localhost:3000/_next/static/chunks/node_modules_next_dist_1e8vcs8._.js:776
[  403633ms] [LOG] [Fast Refresh] done in 7ms @ http://localhost:3000/_next/static/chunks/node_modules_next_dist_1e8vcs8._.js:776
[  403696ms] [LOG] [Fast Refresh] done in 7ms @ http://localhost:3000/_next/static/chunks/node_modules_next_dist_1e8vcs8._.js:776
[  403747ms] [LOG] [Fast Refresh] done in 7ms @ http://localhost:3000/_next/static/chunks/node_modules_next_dist_1e8vcs8._.js:776
[  403793ms] [LOG] [Fast Refresh] done in 7ms @ http://localhost:3000/_next/static/chunks/node_modules_next_dist_1e8vcs8._.js:776
[  403835ms] [LOG] [Fast Refresh] done in 7ms @ http://localhost:3000/_next/static/chunks/node_modules_next_dist_1e8vcs8._.js:776
[  403890ms] [LOG] [Fast Refresh] done in 7ms @ http://localhost:3000/_next/static/chunks/node_modules_next_dist_1e8vcs8._.js:776
[  403946ms] [LOG] [Fast Refresh] done in 7ms @ http://localhost:3000/_next/static/chunks/node_modules_next_dist_1e8vcs8._.js:776
[  404001ms] [LOG] [Fast Refresh] done in 7ms @ http://localhost:3000/_next/static/chunks/node_modules_next_dist_1e8vcs8._.js:776
[  404044ms] [LOG] [Fast Refresh] done in 7ms @ http://localhost:3000/_next/static/chunks/node_modules_next_dist_1e8vcs8._.js:776
[  404085ms] [LOG] [Fast Refresh] done in 7ms @ http://localhost:3000/_next/static/chunks/node_modules_next_dist_1e8vcs8._.js:776
[  404133ms] [LOG] [Fast Refresh] done in 7ms @ http://localhost:3000/_next/static/chunks/node_modules_next_dist_1e8vcs8._.js:776
[  404182ms] [LOG] [Fast Refresh] done in 7ms @ http://localhost:3000/_next/static/chunks/node_modules_next_dist_1e8vcs8._.js:776
[  404238ms] [LOG] [Fast Refresh] done in 7ms @ http://localhost:3000/_next/static/chunks/node_modules_next_dist_1e8vcs8._.js:776
[  404300ms] [LOG] [Fast Refresh] done in 7ms @ http://localhost:3000/_next/static/chunks/node_modules_next_dist_1e8vcs8._.js:776
[  404342ms] [LOG] [Fast Refresh] done in 7ms @ http://localhost:3000/_next/static/chunks/node_modules_next_dist_1e8vcs8._.js:776
[  404391ms] [LOG] [Fast Refresh] done in 7ms @ http://localhost:3000/_next/static/chunks/node_modules_next_dist_1e8vcs8._.js:776
[  404447ms] [LOG] [Fast Refresh] done in 7ms @ http://localhost:3000/_next/static/chunks/node_modules_next_dist_1e8vcs8._.js:776
[  404495ms] [LOG] [Fast Refresh] done in 7ms @ http://localhost:3000/_next/static/chunks/node_modules_next_dist_1e8vcs8._.js:776
[  404545ms] [LOG] [Fast Refresh] done in 7ms @ http://localhost:3000/_next/static/chunks/node_modules_next_dist_1e8vcs8._.js:776
[  404599ms] [LOG] [Fast Refresh] done in 7ms @ http://localhost:3000/_next/static/chunks/node_modules_next_dist_1e8vcs8._.js:776
[  404640ms] [LOG] [Fast Refresh] done in 7ms @ http://localhost:3000/_next/static/chunks/node_modules_next_dist_1e8vcs8._.js:776
[  404688ms] [LOG] [Fast Refresh] done in 7ms @ http://localhost:3000/_next/static/chunks/node_modules_next_dist_1e8vcs8._.js:776
[  404737ms] [LOG] [Fast Refresh] done in 7ms @ http://localhost:3000/_next/static/chunks/node_modules_next_dist_1e8vcs8._.js:776
[  404779ms] [LOG] [Fast Refresh] done in 7ms @ http://localhost:3000/_next/static/chunks/node_modules_next_dist_1e8vcs8._.js:776
[  404827ms] [LOG] [Fast Refresh] done in 7ms @ http://localhost:3000/_next/static/chunks/node_modules_next_dist_1e8vcs8._.js:776
[  404891ms] [LOG] [Fast Refresh] done in 7ms @ http://localhost:3000/_next/static/chunks/node_modules_next_dist_1e8vcs8._.js:776
[  404939ms] [LOG] [Fast Refresh] done in 7ms @ http://localhost:3000/_next/static/chunks/node_modules_next_dist_1e8vcs8._.js:776
[  404987ms] [LOG] [Fast Refresh] done in 7ms @ http://localhost:3000/_next/static/chunks/node_modules_next_dist_1e8vcs8._.js:776
[  405043ms] [LOG] [Fast Refresh] done in 7ms @ http://localhost:3000/_next/static/chunks/node_modules_next_dist_1e8vcs8._.js:776
[  405084ms] [LOG] [Fast Refresh] done in 7ms @ http://localhost:3000/_next/static/chunks/node_modules_next_dist_1e8vcs8._.js:776
[  405141ms] [LOG] [Fast Refresh] done in 7ms @ http://localhost:3000/_next/static/chunks/node_modules_next_dist_1e8vcs8._.js:776
[  405188ms] [LOG] [Fast Refresh] done in 7ms @ http://localhost:3000/_next/static/chunks/node_modules_next_dist_1e8vcs8._.js:776
[  405230ms] [LOG] [Fast Refresh] done in 7ms @ http://localhost:3000/_next/static/chunks/node_modules_next_dist_1e8vcs8._.js:776
[  405285ms] [LOG] [Fast Refresh] done in 7ms @ http://localhost:3000/_next/static/chunks/node_modules_next_dist_1e8vcs8._.js:776
[  405334ms] [LOG] [Fast Refresh] done in 7ms @ http://localhost:3000/_next/static/chunks/node_modules_next_dist_1e8vcs8._.js:776
[  405379ms] [LOG] [Fast Refresh] done in 7ms @ http://localhost:3000/_next/static/chunks/node_modules_next_dist_1e8vcs8._.js:776
[  405431ms] [LOG] [Fast Refresh] done in 7ms @ http://localhost:3000/_next/static/chunks/node_modules_next_dist_1e8vcs8._.js:776
[  405495ms] [LOG] [Fast Refresh] done in 7ms @ http://localhost:3000/_next/static/chunks/node_modules_next_dist_1e8vcs8._.js:776
[  405536ms] [LOG] [Fast Refresh] done in 7ms @ http://localhost:3000/_next/static/chunks/node_modules_next_dist_1e8vcs8._.js:776
[  405584ms] [LOG] [Fast Refresh] done in 7ms @ http://localhost:3000/_next/static/chunks/node_modules_next_dist_1e8vcs8._.js:776
[  405626ms] [LOG] [Fast Refresh] done in 7ms @ http://localhost:3000/_next/static/chunks/node_modules_next_dist_1e8vcs8._.js:776
[  405675ms] [LOG] [Fast Refresh] done in 7ms @ http://localhost:3000/_next/static/chunks/node_modules_next_dist_1e8vcs8._.js:776
[  405717ms] [LOG] [Fast Refresh] done in 7ms @ http://localhost:3000/_next/static/chunks/node_modules_next_dist_1e8vcs8._.js:776
[  405761ms] [LOG] [Fast Refresh] done in 7ms @ http://localhost:3000/_next/static/chunks/node_modules_next_dist_1e8vcs8._.js:776
[  405814ms] [LOG] [Fast Refresh] done in 7ms @ http://localhost:3000/_next/static/chunks/node_modules_next_dist_1e8vcs8._.js:776
[  405876ms] [LOG] [Fast Refresh] done in 7ms @ http://localhost:3000/_next/static/chunks/node_modules_next_dist_1e8vcs8._.js:776
[  405918ms] [LOG] [Fast Refresh] done in 7ms @ http://localhost:3000/_next/static/chunks/node_modules_next_dist_1e8vcs8._.js:776
[  405966ms] [LOG] [Fast Refresh] done in 7ms @ http://localhost:3000/_next/static/chunks/node_modules_next_dist_1e8vcs8._.js:776
[  406014ms] [LOG] [Fast Refresh] done in 7ms @ http://localhost:3000/_next/static/chunks/node_modules_next_dist_1e8vcs8._.js:776
[  406065ms] [LOG] [Fast Refresh] done in 7ms @ http://localhost:3000/_next/static/chunks/node_modules_next_dist_1e8vcs8._.js:776
[  406113ms] [LOG] [Fast Refresh] done in 7ms @ http://localhost:3000/_next/static/chunks/node_modules_next_dist_1e8vcs8._.js:776
[  406161ms] [LOG] [Fast Refresh] done in 7ms @ http://localhost:3000/_next/static/chunks/node_modules_next_dist_1e8vcs8._.js:776
[  406210ms] [LOG] [Fast Refresh] done in 7ms @ http://localhost:3000/_next/static/chunks/node_modules_next_dist_1e8vcs8._.js:776
[  406258ms] [LOG] [Fast Refresh] done in 7ms @ http://localhost:3000/_next/static/chunks/node_modules_next_dist_1e8vcs8._.js:776
[  406300ms] [LOG] [Fast Refresh] done in 7ms @ http://localhost:3000/_next/static/chunks/node_modules_next_dist_1e8vcs8._.js:776
[  406349ms] [LOG] [Fast Refresh] done in 7ms @ http://localhost:3000/_next/static/chunks/node_modules_next_dist_1e8vcs8._.js:776
[  406397ms] [LOG] [Fast Refresh] done in 7ms @ http://localhost:3000/_next/static/chunks/node_modules_next_dist_1e8vcs8._.js:776
[  406447ms] [LOG] [Fast Refresh] done in 7ms @ http://localhost:3000/_next/static/chunks/node_modules_next_dist_1e8vcs8._.js:776
[  406497ms] [LOG] [Fast Refresh] done in 7ms @ http://localhost:3000/_next/static/chunks/node_modules_next_dist_1e8vcs8._.js:776
[  406543ms] [LOG] [Fast Refresh] done in 7ms @ http://localhost:3000/_next/static/chunks/node_modules_next_dist_1e8vcs8._.js:776
[  406599ms] [LOG] [Fast Refresh] done in 7ms @ http://localhost:3000/_next/static/chunks/node_modules_next_dist_1e8vcs8._.js:776
[  406641ms] [LOG] [Fast Refresh] done in 7ms @ http://localhost:3000/_next/static/chunks/node_modules_next_dist_1e8vcs8._.js:776
[  406697ms] [LOG] [Fast Refresh] done in 7ms @ http://localhost:3000/_next/static/chunks/node_modules_next_dist_1e8vcs8._.js:776
[  406751ms] [LOG] [Fast Refresh] done in 7ms @ http://localhost:3000/_next/static/chunks/node_modules_next_dist_1e8vcs8._.js:776
[  406800ms] [LOG] [Fast Refresh] done in 7ms @ http://localhost:3000/_next/static/chunks/node_modules_next_dist_1e8vcs8._.js:776
[  406842ms] [LOG] [Fast Refresh] done in 7ms @ http://localhost:3000/_next/static/chunks/node_modules_next_dist_1e8vcs8._.js:776
[  406891ms] [LOG] [Fast Refresh] done in 7ms @ http://localhost:3000/_next/static/chunks/node_modules_next_dist_1e8vcs8._.js:776
[  406947ms] [LOG] [Fast Refresh] done in 7ms @ http://localhost:3000/_next/static/chunks/node_modules_next_dist_1e8vcs8._.js:776
[  406995ms] [LOG] [Fast Refresh] done in 7ms @ http://localhost:3000/_next/static/chunks/node_modules_next_dist_1e8vcs8._.js:776
[  407052ms] [LOG] [Fast Refresh] done in 7ms @ http://localhost:3000/_next/static/chunks/node_modules_next_dist_1e8vcs8._.js:776
[  407102ms] [LOG] [Fast Refresh] done in 7ms @ http://localhost:3000/_next/static/chunks/node_modules_next_dist_1e8vcs8._.js:776
[  407154ms] [LOG] [Fast Refresh] done in 7ms @ http://localhost:3000/_next/static/chunks/node_modules_next_dist_1e8vcs8._.js:776
[  407203ms] [LOG] [Fast Refresh] done in 7ms @ http://localhost:3000/_next/static/chunks/node_modules_next_dist_1e8vcs8._.js:776
[  407252ms] [LOG] [Fast Refresh] done in 7ms @ http://localhost:3000/_next/static/chunks/node_modules_next_dist_1e8vcs8._.js:776
[  407300ms] [LOG] [Fast Refresh] done in 7ms @ http://localhost:3000/_next/static/chunks/node_modules_next_dist_1e8vcs8._.js:776
[  407351ms] [LOG] [Fast Refresh] done in 7ms @ http://localhost:3000/_next/static/chunks/node_modules_next_dist_1e8vcs8._.js:776
[  407404ms] [LOG] [Fast Refresh] done in 7ms @ http://localhost:3000/_next/static/chunks/node_modules_next_dist_1e8vcs8._.js:776
[  407447ms] [LOG] [Fast Refresh] done in 7ms @ http://localhost:3000/_next/static/chunks/node_modules_next_dist_1e8vcs8._.js:776
[  407489ms] [LOG] [Fast Refresh] done in 7ms @ http://localhost:3000/_next/static/chunks/node_modules_next_dist_1e8vcs8._.js:776
[  407543ms] [LOG] [Fast Refresh] done in 7ms @ http://localhost:3000/_next/static/chunks/node_modules_next_dist_1e8vcs8._.js:776
[  407593ms] [LOG] [Fast Refresh] done in 7ms @ http://localhost:3000/_next/static/chunks/node_modules_next_dist_1e8vcs8._.js:776
[  407641ms] [LOG] [Fast Refresh] done in 7ms @ http://localhost:3000/_next/static/chunks/node_modules_next_dist_1e8vcs8._.js:776
[  407689ms] [LOG] [Fast Refresh] done in 7ms @ http://localhost:3000/_next/static/chunks/node_modules_next_dist_1e8vcs8._.js:776
[  407730ms] [LOG] [Fast Refresh] done in 7ms @ http://localhost:3000/_next/static/chunks/node_modules_next_dist_1e8vcs8._.js:776
[  407779ms] [LOG] [Fast Refresh] done in 7ms @ http://localhost:3000/_next/static/chunks/node_modules_next_dist_1e8vcs8._.js:776
[  407820ms] [LOG] [Fast Refresh] done in 7ms @ http://localhost:3000/_next/static/chunks/node_modules_next_dist_1e8vcs8._.js:776
[  407862ms] [LOG] [Fast Refresh] done in 7ms @ http://localhost:3000/_next/static/chunks/node_modules_next_dist_1e8vcs8._.js:776
[  407904ms] [LOG] [Fast Refresh] done in 7ms @ http://localhost:3000/_next/static/chunks/node_modules_next_dist_1e8vcs8._.js:776
[  407953ms] [LOG] [Fast Refresh] done in 7ms @ http://localhost:3000/_next/static/chunks/node_modules_next_dist_1e8vcs8._.js:776
[  408008ms] [LOG] [Fast Refresh] done in 7ms @ http://localhost:3000/_next/static/chunks/node_modules_next_dist_1e8vcs8._.js:776
[  408050ms] [LOG] [Fast Refresh] done in 7ms @ http://localhost:3000/_next/static/chunks/node_modules_next_dist_1e8vcs8._.js:776
[  408099ms] [LOG] [Fast Refresh] done in 7ms @ http://localhost:3000/_next/static/chunks/node_modules_next_dist_1e8vcs8._.js:776
[  408140ms] [LOG] [Fast Refresh] done in 7ms @ http://localhost:3000/_next/static/chunks/node_modules_next_dist_1e8vcs8._.js:776
[  408181ms] [LOG] [Fast Refresh] done in 7ms @ http://localhost:3000/_next/static/chunks/node_modules_next_dist_1e8vcs8._.js:776
[  408245ms] [LOG] [Fast Refresh] done in 7ms @ http://localhost:3000/_next/static/chunks/node_modules_next_dist_1e8vcs8._.js:776
[  408294ms] [LOG] [Fast Refresh] done in 7ms @ http://localhost:3000/_next/static/chunks/node_modules_next_dist_1e8vcs8._.js:776
[  408351ms] [LOG] [Fast Refresh] done in 7ms @ http://localhost:3000/_next/static/chunks/node_modules_next_dist_1e8vcs8._.js:776
[  408404ms] [LOG] [Fast Refresh] done in 7ms @ http://localhost:3000/_next/static/chunks/node_modules_next_dist_1e8vcs8._.js:776
[  408446ms] [LOG] [Fast Refresh] done in 7ms @ http://localhost:3000/_next/static/chunks/node_modules_next_dist_1e8vcs8._.js:776
[  408495ms] [LOG] [Fast Refresh] done in 7ms @ http://localhost:3000/_next/static/chunks/node_modules_next_dist_1e8vcs8._.js:776
[  408536ms] [LOG] [Fast Refresh] done in 7ms @ http://localhost:3000/_next/static/chunks/node_modules_next_dist_1e8vcs8._.js:776
[  408593ms] [LOG] [Fast Refresh] done in 7ms @ http://localhost:3000/_next/static/chunks/node_modules_next_dist_1e8vcs8._.js:776
[  408640ms] [LOG] [Fast Refresh] done in 7ms @ http://localhost:3000/_next/static/chunks/node_modules_next_dist_1e8vcs8._.js:776
[  408697ms] [LOG] [Fast Refresh] done in 7ms @ http://localhost:3000/_next/static/chunks/node_modules_next_dist_1e8vcs8._.js:776
[  408745ms] [LOG] [Fast Refresh] done in 7ms @ http://localhost:3000/_next/static/chunks/node_modules_next_dist_1e8vcs8._.js:776
[  408800ms] [LOG] [Fast Refresh] done in 7ms @ http://localhost:3000/_next/static/chunks/node_modules_next_dist_1e8vcs8._.js:776
[  408843ms] [LOG] [Fast Refresh] done in 7ms @ http://localhost:3000/_next/static/chunks/node_modules_next_dist_1e8vcs8._.js:776
[  408890ms] [LOG] [Fast Refresh] done in 7ms @ http://localhost:3000/_next/static/chunks/node_modules_next_dist_1e8vcs8._.js:776
[  408932ms] [LOG] [Fast Refresh] done in 7ms @ http://localhost:3000/_next/static/chunks/node_modules_next_dist_1e8vcs8._.js:776
[  408974ms] [LOG] [Fast Refresh] done in 7ms @ http://localhost:3000/_next/static/chunks/node_modules_next_dist_1e8vcs8._.js:776
[  409023ms] [LOG] [Fast Refresh] done in 7ms @ http://localhost:3000/_next/static/chunks/node_modules_next_dist_1e8vcs8._.js:776
[  409063ms] [LOG] [Fast Refresh] done in 7ms @ http://localhost:3000/_next/static/chunks/node_modules_next_dist_1e8vcs8._.js:776
[  409106ms] [LOG] [Fast Refresh] done in 7ms @ http://localhost:3000/_next/static/chunks/node_modules_next_dist_1e8vcs8._.js:776
[  409154ms] [LOG] [Fast Refresh] done in 7ms @ http://localhost:3000/_next/static/chunks/node_modules_next_dist_1e8vcs8._.js:776
[  409196ms] [LOG] [Fast Refresh] done in 7ms @ http://localhost:3000/_next/static/chunks/node_modules_next_dist_1e8vcs8._.js:776
[  409244ms] [LOG] [Fast Refresh] done in 7ms @ http://localhost:3000/_next/static/chunks/node_modules_next_dist_1e8vcs8._.js:776
[  409293ms] [LOG] [Fast Refresh] done in 7ms @ http://localhost:3000/_next/static/chunks/node_modules_next_dist_1e8vcs8._.js:776
[  409334ms] [LOG] [Fast Refresh] done in 7ms @ http://localhost:3000/_next/static/chunks/node_modules_next_dist_1e8vcs8._.js:776
[  409377ms] [LOG] [Fast Refresh] done in 7ms @ http://localhost:3000/_next/static/chunks/node_modules_next_dist_1e8vcs8._.js:776
[  409424ms] [LOG] [Fast Refresh] done in 7ms @ http://localhost:3000/_next/static/chunks/node_modules_next_dist_1e8vcs8._.js:776
[  409474ms] [LOG] [Fast Refresh] done in 7ms @ http://localhost:3000/_next/static/chunks/node_modules_next_dist_1e8vcs8._.js:776
[  409515ms] [LOG] [Fast Refresh] done in 7ms @ http://localhost:3000/_next/static/chunks/node_modules_next_dist_1e8vcs8._.js:776
[  409556ms] [LOG] [Fast Refresh] done in 7ms @ http://localhost:3000/_next/static/chunks/node_modules_next_dist_1e8vcs8._.js:776
[  409605ms] [LOG] [Fast Refresh] done in 7ms @ http://localhost:3000/_next/static/chunks/node_modules_next_dist_1e8vcs8._.js:776
[  409654ms] [LOG] [Fast Refresh] done in 7ms @ http://localhost:3000/_next/static/chunks/node_modules_next_dist_1e8vcs8._.js:776
[  409703ms] [LOG] [Fast Refresh] done in 7ms @ http://localhost:3000/_next/static/chunks/node_modules_next_dist_1e8vcs8._.js:776
[  409751ms] [LOG] [Fast Refresh] done in 7ms @ http://localhost:3000/_next/static/chunks/node_modules_next_dist_1e8vcs8._.js:776
[  409814ms] [LOG] [Fast Refresh] done in 7ms @ http://localhost:3000/_next/static/chunks/node_modules_next_dist_1e8vcs8._.js:776
[  409857ms] [LOG] [Fast Refresh] done in 7ms @ http://localhost:3000/_next/static/chunks/node_modules_next_dist_1e8vcs8._.js:776
[  409911ms] [LOG] [Fast Refresh] done in 7ms @ http://localhost:3000/_next/static/chunks/node_modules_next_dist_1e8vcs8._.js:776
[  409959ms] [LOG] [Fast Refresh] done in 7ms @ http://localhost:3000/_next/static/chunks/node_modules_next_dist_1e8vcs8._.js:776
[  410001ms] [LOG] [Fast Refresh] done in 7ms @ http://localhost:3000/_next/static/chunks/node_modules_next_dist_1e8vcs8._.js:776
[  410043ms] [LOG] [Fast Refresh] done in 7ms @ http://localhost:3000/_next/static/chunks/node_modules_next_dist_1e8vcs8._.js:776
[  410085ms] [LOG] [Fast Refresh] done in 7ms @ http://localhost:3000/_next/static/chunks/node_modules_next_dist_1e8vcs8._.js:776
[  410126ms] [LOG] [Fast Refresh] done in 7ms @ http://localhost:3000/_next/static/chunks/node_modules_next_dist_1e8vcs8._.js:776
[  410174ms] [LOG] [Fast Refresh] done in 7ms @ http://localhost:3000/_next/static/chunks/node_modules_next_dist_1e8vcs8._.js:776
[  410223ms] [LOG] [Fast Refresh] done in 7ms @ http://localhost:3000/_next/static/chunks/node_modules_next_dist_1e8vcs8._.js:776
[  410273ms] [LOG] [Fast Refresh] done in 7ms @ http://localhost:3000/_next/static/chunks/node_modules_next_dist_1e8vcs8._.js:776
[  410315ms] [LOG] [Fast Refresh] done in 7ms @ http://localhost:3000/_next/static/chunks/node_modules_next_dist_1e8vcs8._.js:776
[  410362ms] [LOG] [Fast Refresh] done in 7ms @ http://localhost:3000/_next/static/chunks/node_modules_next_dist_1e8vcs8._.js:776
[  410405ms] [LOG] [Fast Refresh] done in 7ms @ http://localhost:3000/_next/static/chunks/node_modules_next_dist_1e8vcs8._.js:776
[  410453ms] [LOG] [Fast Refresh] done in 7ms @ http://localhost:3000/_next/static/chunks/node_modules_next_dist_1e8vcs8._.js:776
[  410494ms] [LOG] [Fast Refresh] done in 7ms @ http://localhost:3000/_next/static/chunks/node_modules_next_dist_1e8vcs8._.js:776
[  410536ms] [LOG] [Fast Refresh] done in 7ms @ http://localhost:3000/_next/static/chunks/node_modules_next_dist_1e8vcs8._.js:776
[  410577ms] [LOG] [Fast Refresh] done in 7ms @ http://localhost:3000/_next/static/chunks/node_modules_next_dist_1e8vcs8._.js:776
[  410626ms] [LOG] [Fast Refresh] done in 7ms @ http://localhost:3000/_next/static/chunks/node_modules_next_dist_1e8vcs8._.js:776
[  410682ms] [LOG] [Fast Refresh] done in 7ms @ http://localhost:3000/_next/static/chunks/node_modules_next_dist_1e8vcs8._.js:776
[  410731ms] [LOG] [Fast Refresh] done in 7ms @ http://localhost:3000/_next/static/chunks/node_modules_next_dist_1e8vcs8._.js:776
[  410786ms] [LOG] [Fast Refresh] done in 7ms @ http://localhost:3000/_next/static/chunks/node_modules_next_dist_1e8vcs8._.js:776
[  410834ms] [LOG] [Fast Refresh] done in 7ms @ http://localhost:3000/_next/static/chunks/node_modules_next_dist_1e8vcs8._.js:776
[  410876ms] [LOG] [Fast Refresh] done in 7ms @ http://localhost:3000/_next/static/chunks/node_modules_next_dist_1e8vcs8._.js:776
[  410918ms] [LOG] [Fast Refresh] done in 7ms @ http://localhost:3000/_next/static/chunks/node_modules_next_dist_1e8vcs8._.js:776
[  410961ms] [LOG] [Fast Refresh] done in 7ms @ http://localhost:3000/_next/static/chunks/node_modules_next_dist_1e8vcs8._.js:776
[  411015ms] [LOG] [Fast Refresh] done in 7ms @ http://localhost:3000/_next/static/chunks/node_modules_next_dist_1e8vcs8._.js:776
[  411077ms] [LOG] [Fast Refresh] done in 7ms @ http://localhost:3000/_next/static/chunks/node_modules_next_dist_1e8vcs8._.js:776
[  411126ms] [LOG] [Fast Refresh] done in 7ms @ http://localhost:3000/_next/static/chunks/node_modules_next_dist_1e8vcs8._.js:776
[  411181ms] [LOG] [Fast Refresh] done in 7ms @ http://localhost:3000/_next/static/chunks/node_modules_next_dist_1e8vcs8._.js:776
[  411230ms] [LOG] [Fast Refresh] done in 7ms @ http://localhost:3000/_next/static/chunks/node_modules_next_dist_1e8vcs8._.js:776
[  411286ms] [LOG] [Fast Refresh] done in 7ms @ http://localhost:3000/_next/static/chunks/node_modules_next_dist_1e8vcs8._.js:776
[  411327ms] [LOG] [Fast Refresh] done in 7ms @ http://localhost:3000/_next/static/chunks/node_modules_next_dist_1e8vcs8._.js:776
[  411376ms] [LOG] [Fast Refresh] done in 7ms @ http://localhost:3000/_next/static/chunks/node_modules_next_dist_1e8vcs8._.js:776
[  411431ms] [LOG] [Fast Refresh] done in 7ms @ http://localhost:3000/_next/static/chunks/node_modules_next_dist_1e8vcs8._.js:776
[  411473ms] [LOG] [Fast Refresh] done in 7ms @ http://localhost:3000/_next/static/chunks/node_modules_next_dist_1e8vcs8._.js:776
[  411516ms] [LOG] [Fast Refresh] done in 7ms @ http://localhost:3000/_next/static/chunks/node_modules_next_dist_1e8vcs8._.js:776
[  411563ms] [LOG] [Fast Refresh] done in 7ms @ http://localhost:3000/_next/static/chunks/node_modules_next_dist_1e8vcs8._.js:776
[  411605ms] [LOG] [Fast Refresh] done in 7ms @ http://localhost:3000/_next/static/chunks/node_modules_next_dist_1e8vcs8._.js:776
[  411649ms] [LOG] [Fast Refresh] done in 7ms @ http://localhost:3000/_next/static/chunks/node_modules_next_dist_1e8vcs8._.js:776
[  411696ms] [LOG] [Fast Refresh] done in 7ms @ http://localhost:3000/_next/static/chunks/node_modules_next_dist_1e8vcs8._.js:776
[  411746ms] [LOG] [Fast Refresh] done in 7ms @ http://localhost:3000/_next/static/chunks/node_modules_next_dist_1e8vcs8._.js:776
[  411788ms] [LOG] [Fast Refresh] done in 7ms @ http://localhost:3000/_next/static/chunks/node_modules_next_dist_1e8vcs8._.js:776
[  411844ms] [LOG] [Fast Refresh] done in 7ms @ http://localhost:3000/_next/static/chunks/node_modules_next_dist_1e8vcs8._.js:776
[  411891ms] [LOG] [Fast Refresh] done in 7ms @ http://localhost:3000/_next/static/chunks/node_modules_next_dist_1e8vcs8._.js:776
[  411939ms] [LOG] [Fast Refresh] done in 7ms @ http://localhost:3000/_next/static/chunks/node_modules_next_dist_1e8vcs8._.js:776
[  411994ms] [LOG] [Fast Refresh] done in 7ms @ http://localhost:3000/_next/static/chunks/node_modules_next_dist_1e8vcs8._.js:776
[  412035ms] [LOG] [Fast Refresh] done in 7ms @ http://localhost:3000/_next/static/chunks/node_modules_next_dist_1e8vcs8._.js:776
[  412077ms] [LOG] [Fast Refresh] done in 7ms @ http://localhost:3000/_next/static/chunks/node_modules_next_dist_1e8vcs8._.js:776
[  412126ms] [LOG] [Fast Refresh] done in 7ms @ http://localhost:3000/_next/static/chunks/node_modules_next_dist_1e8vcs8._.js:776
[  412175ms] [LOG] [Fast Refresh] done in 7ms @ http://localhost:3000/_next/static/chunks/node_modules_next_dist_1e8vcs8._.js:776
[  412223ms] [LOG] [Fast Refresh] done in 7ms @ http://localhost:3000/_next/static/chunks/node_modules_next_dist_1e8vcs8._.js:776
[  412265ms] [LOG] [Fast Refresh] done in 7ms @ http://localhost:3000/_next/static/chunks/node_modules_next_dist_1e8vcs8._.js:776
[  412306ms] [LOG] [Fast Refresh] done in 7ms @ http://localhost:3000/_next/static/chunks/node_modules_next_dist_1e8vcs8._.js:776
[  412349ms] [LOG] [Fast Refresh] done in 7ms @ http://localhost:3000/_next/static/chunks/node_modules_next_dist_1e8vcs8._.js:776
[  412411ms] [LOG] [Fast Refresh] done in 7ms @ http://localhost:3000/_next/static/chunks/node_modules_next_dist_1e8vcs8._.js:776
[  412457ms] [LOG] [Fast Refresh] done in 7ms @ http://localhost:3000/_next/static/chunks/node_modules_next_dist_1e8vcs8._.js:776
[  412502ms] [LOG] [Fast Refresh] done in 7ms @ http://localhost:3000/_next/static/chunks/node_modules_next_dist_1e8vcs8._.js:776
[  412543ms] [LOG] [Fast Refresh] done in 7ms @ http://localhost:3000/_next/static/chunks/node_modules_next_dist_1e8vcs8._.js:776
[  412584ms] [LOG] [Fast Refresh] done in 7ms @ http://localhost:3000/_next/static/chunks/node_modules_next_dist_1e8vcs8._.js:776
[  412626ms] [LOG] [Fast Refresh] done in 7ms @ http://localhost:3000/_next/static/chunks/node_modules_next_dist_1e8vcs8._.js:776
[  412675ms] [LOG] [Fast Refresh] done in 7ms @ http://localhost:3000/_next/static/chunks/node_modules_next_dist_1e8vcs8._.js:776
[  412716ms] [LOG] [Fast Refresh] done in 7ms @ http://localhost:3000/_next/static/chunks/node_modules_next_dist_1e8vcs8._.js:776
[  412765ms] [LOG] [Fast Refresh] done in 7ms @ http://localhost:3000/_next/static/chunks/node_modules_next_dist_1e8vcs8._.js:776
[  412807ms] [LOG] [Fast Refresh] done in 7ms @ http://localhost:3000/_next/static/chunks/node_modules_next_dist_1e8vcs8._.js:776
[  412855ms] [LOG] [Fast Refresh] done in 7ms @ http://localhost:3000/_next/static/chunks/node_modules_next_dist_1e8vcs8._.js:776
[  412905ms] [LOG] [Fast Refresh] done in 7ms @ http://localhost:3000/_next/static/chunks/node_modules_next_dist_1e8vcs8._.js:776
[  412946ms] [LOG] [Fast Refresh] done in 7ms @ http://localhost:3000/_next/static/chunks/node_modules_next_dist_1e8vcs8._.js:776
[  412994ms] [LOG] [Fast Refresh] done in 7ms @ http://localhost:3000/_next/static/chunks/node_modules_next_dist_1e8vcs8._.js:776
[  413043ms] [LOG] [Fast Refresh] done in 7ms @ http://localhost:3000/_next/static/chunks/node_modules_next_dist_1e8vcs8._.js:776
[  413105ms] [LOG] [Fast Refresh] done in 7ms @ http://localhost:3000/_next/static/chunks/node_modules_next_dist_1e8vcs8._.js:776
[  413147ms] [LOG] [Fast Refresh] done in 7ms @ http://localhost:3000/_next/static/chunks/node_modules_next_dist_1e8vcs8._.js:776
[  413196ms] [LOG] [Fast Refresh] done in 7ms @ http://localhost:3000/_next/static/chunks/node_modules_next_dist_1e8vcs8._.js:776
[  413239ms] [LOG] [Fast Refresh] done in 7ms @ http://localhost:3000/_next/static/chunks/node_modules_next_dist_1e8vcs8._.js:776
[  413297ms] [LOG] [Fast Refresh] done in 7ms @ http://localhost:3000/_next/static/chunks/node_modules_next_dist_1e8vcs8._.js:776
[  413342ms] [LOG] [Fast Refresh] done in 7ms @ http://localhost:3000/_next/static/chunks/node_modules_next_dist_1e8vcs8._.js:776
[  413391ms] [LOG] [Fast Refresh] done in 7ms @ http://localhost:3000/_next/static/chunks/node_modules_next_dist_1e8vcs8._.js:776
[  413432ms] [LOG] [Fast Refresh] done in 7ms @ http://localhost:3000/_next/static/chunks/node_modules_next_dist_1e8vcs8._.js:776
[  413481ms] [LOG] [Fast Refresh] done in 7ms @ http://localhost:3000/_next/static/chunks/node_modules_next_dist_1e8vcs8._.js:776
[  413522ms] [LOG] [Fast Refresh] done in 7ms @ http://localhost:3000/_next/static/chunks/node_modules_next_dist_1e8vcs8._.js:776
[  413571ms] [LOG] [Fast Refresh] done in 7ms @ http://localhost:3000/_next/static/chunks/node_modules_next_dist_1e8vcs8._.js:776
[  413614ms] [LOG] [Fast Refresh] done in 7ms @ http://localhost:3000/_next/static/chunks/node_modules_next_dist_1e8vcs8._.js:776
[  413661ms] [LOG] [Fast Refresh] done in 7ms @ http://localhost:3000/_next/static/chunks/node_modules_next_dist_1e8vcs8._.js:776
[  413709ms] [LOG] [Fast Refresh] done in 7ms @ http://localhost:3000/_next/static/chunks/node_modules_next_dist_1e8vcs8._.js:776
[  413758ms] [LOG] [Fast Refresh] done in 7ms @ http://localhost:3000/_next/static/chunks/node_modules_next_dist_1e8vcs8._.js:776
[  413806ms] [LOG] [Fast Refresh] done in 7ms @ http://localhost:3000/_next/static/chunks/node_modules_next_dist_1e8vcs8._.js:776
[  413862ms] [LOG] [Fast Refresh] done in 7ms @ http://localhost:3000/_next/static/chunks/node_modules_next_dist_1e8vcs8._.js:776
[  413918ms] [LOG] [Fast Refresh] done in 7ms @ http://localhost:3000/_next/static/chunks/node_modules_next_dist_1e8vcs8._.js:776
[  413961ms] [LOG] [Fast Refresh] done in 7ms @ http://localhost:3000/_next/static/chunks/node_modules_next_dist_1e8vcs8._.js:776
[  414008ms] [LOG] [Fast Refresh] done in 7ms @ http://localhost:3000/_next/static/chunks/node_modules_next_dist_1e8vcs8._.js:776
[  414057ms] [LOG] [Fast Refresh] done in 7ms @ http://localhost:3000/_next/static/chunks/node_modules_next_dist_1e8vcs8._.js:776
[  414105ms] [LOG] [Fast Refresh] done in 7ms @ http://localhost:3000/_next/static/chunks/node_modules_next_dist_1e8vcs8._.js:776
[  414154ms] [LOG] [Fast Refresh] done in 7ms @ http://localhost:3000/_next/static/chunks/node_modules_next_dist_1e8vcs8._.js:776
[  414204ms] [LOG] [Fast Refresh] done in 7ms @ http://localhost:3000/_next/static/chunks/node_modules_next_dist_1e8vcs8._.js:776
[  414259ms] [LOG] [Fast Refresh] done in 7ms @ http://localhost:3000/_next/static/chunks/node_modules_next_dist_1e8vcs8._.js:776
[  414313ms] [LOG] [Fast Refresh] done in 7ms @ http://localhost:3000/_next/static/chunks/node_modules_next_dist_1e8vcs8._.js:776
[  414356ms] [LOG] [Fast Refresh] done in 7ms @ http://localhost:3000/_next/static/chunks/node_modules_next_dist_1e8vcs8._.js:776
[  414397ms] [LOG] [Fast Refresh] done in 7ms @ http://localhost:3000/_next/static/chunks/node_modules_next_dist_1e8vcs8._.js:776
[  414439ms] [LOG] [Fast Refresh] done in 7ms @ http://localhost:3000/_next/static/chunks/node_modules_next_dist_1e8vcs8._.js:776
[  414487ms] [LOG] [Fast Refresh] done in 7ms @ http://localhost:3000/_next/static/chunks/node_modules_next_dist_1e8vcs8._.js:776
[  414543ms] [LOG] [Fast Refresh] done in 7ms @ http://localhost:3000/_next/static/chunks/node_modules_next_dist_1e8vcs8._.js:776
[  414605ms] [LOG] [Fast Refresh] done in 7ms @ http://localhost:3000/_next/static/chunks/node_modules_next_dist_1e8vcs8._.js:776
[  414647ms] [LOG] [Fast Refresh] done in 7ms @ http://localhost:3000/_next/static/chunks/node_modules_next_dist_1e8vcs8._.js:776
[  414696ms] [LOG] [Fast Refresh] done in 7ms @ http://localhost:3000/_next/static/chunks/node_modules_next_dist_1e8vcs8._.js:776
[  414751ms] [LOG] [Fast Refresh] done in 7ms @ http://localhost:3000/_next/static/chunks/node_modules_next_dist_1e8vcs8._.js:776
[  414800ms] [LOG] [Fast Refresh] done in 7ms @ http://localhost:3000/_next/static/chunks/node_modules_next_dist_1e8vcs8._.js:776
[  414841ms] [LOG] [Fast Refresh] done in 7ms @ http://localhost:3000/_next/static/chunks/node_modules_next_dist_1e8vcs8._.js:776
[  414890ms] [LOG] [Fast Refresh] done in 7ms @ http://localhost:3000/_next/static/chunks/node_modules_next_dist_1e8vcs8._.js:776
[  414932ms] [LOG] [Fast Refresh] done in 7ms @ http://localhost:3000/_next/static/chunks/node_modules_next_dist_1e8vcs8._.js:776
[  414973ms] [LOG] [Fast Refresh] done in 7ms @ http://localhost:3000/_next/static/chunks/node_modules_next_dist_1e8vcs8._.js:776
[  415023ms] [LOG] [Fast Refresh] done in 7ms @ http://localhost:3000/_next/static/chunks/node_modules_next_dist_1e8vcs8._.js:776
[  415070ms] [LOG] [Fast Refresh] done in 7ms @ http://localhost:3000/_next/static/chunks/node_modules_next_dist_1e8vcs8._.js:776
[  415116ms] [LOG] [Fast Refresh] done in 7ms @ http://localhost:3000/_next/static/chunks/node_modules_next_dist_1e8vcs8._.js:776
[  415161ms] [LOG] [Fast Refresh] done in 7ms @ http://localhost:3000/_next/static/chunks/node_modules_next_dist_1e8vcs8._.js:776
[  415202ms] [LOG] [Fast Refresh] done in 7ms @ http://localhost:3000/_next/static/chunks/node_modules_next_dist_1e8vcs8._.js:776
[  415245ms] [LOG] [Fast Refresh] done in 7ms @ http://localhost:3000/_next/static/chunks/node_modules_next_dist_1e8vcs8._.js:776
[  415300ms] [LOG] [Fast Refresh] done in 7ms @ http://localhost:3000/_next/static/chunks/node_modules_next_dist_1e8vcs8._.js:776
[  415342ms] [LOG] [Fast Refresh] done in 7ms @ http://localhost:3000/_next/static/chunks/node_modules_next_dist_1e8vcs8._.js:776
[  415391ms] [LOG] [Fast Refresh] done in 7ms @ http://localhost:3000/_next/static/chunks/node_modules_next_dist_1e8vcs8._.js:776
[  415447ms] [LOG] [Fast Refresh] done in 7ms @ http://localhost:3000/_next/static/chunks/node_modules_next_dist_1e8vcs8._.js:776
[  415496ms] [LOG] [Fast Refresh] done in 7ms @ http://localhost:3000/_next/static/chunks/node_modules_next_dist_1e8vcs8._.js:776
[  415544ms] [LOG] [Fast Refresh] done in 7ms @ http://localhost:3000/_next/static/chunks/node_modules_next_dist_1e8vcs8._.js:776
[  415640ms] [LOG] [Fast Refresh] done in 7ms @ http://localhost:3000/_next/static/chunks/node_modules_next_dist_1e8vcs8._.js:776
[  415682ms] [LOG] [Fast Refresh] done in 7ms @ http://localhost:3000/_next/static/chunks/node_modules_next_dist_1e8vcs8._.js:776
[  415731ms] [LOG] [Fast Refresh] done in 7ms @ http://localhost:3000/_next/static/chunks/node_modules_next_dist_1e8vcs8._.js:776
[  415787ms] [LOG] [Fast Refresh] done in 7ms @ http://localhost:3000/_next/static/chunks/node_modules_next_dist_1e8vcs8._.js:776
[  415834ms] [LOG] [Fast Refresh] done in 7ms @ http://localhost:3000/_next/static/chunks/node_modules_next_dist_1e8vcs8._.js:776
[  415877ms] [LOG] [Fast Refresh] done in 7ms @ http://localhost:3000/_next/static/chunks/node_modules_next_dist_1e8vcs8._.js:776
[  415918ms] [LOG] [Fast Refresh] done in 7ms @ http://localhost:3000/_next/static/chunks/node_modules_next_dist_1e8vcs8._.js:776
[  415960ms] [LOG] [Fast Refresh] done in 7ms @ http://localhost:3000/_next/static/chunks/node_modules_next_dist_1e8vcs8._.js:776
[  416009ms] [LOG] [Fast Refresh] done in 7ms @ http://localhost:3000/_next/static/chunks/node_modules_next_dist_1e8vcs8._.js:776
[  416051ms] [LOG] [Fast Refresh] done in 7ms @ http://localhost:3000/_next/static/chunks/node_modules_next_dist_1e8vcs8._.js:776
[  416092ms] [LOG] [Fast Refresh] done in 7ms @ http://localhost:3000/_next/static/chunks/node_modules_next_dist_1e8vcs8._.js:776
[  416140ms] [LOG] [Fast Refresh] done in 7ms @ http://localhost:3000/_next/static/chunks/node_modules_next_dist_1e8vcs8._.js:776
[  416182ms] [LOG] [Fast Refresh] done in 7ms @ http://localhost:3000/_next/static/chunks/node_modules_next_dist_1e8vcs8._.js:776
[  416231ms] [LOG] [Fast Refresh] done in 7ms @ http://localhost:3000/_next/static/chunks/node_modules_next_dist_1e8vcs8._.js:776
[  416279ms] [LOG] [Fast Refresh] done in 7ms @ http://localhost:3000/_next/static/chunks/node_modules_next_dist_1e8vcs8._.js:776
[  416326ms] [LOG] [Fast Refresh] done in 7ms @ http://localhost:3000/_next/static/chunks/node_modules_next_dist_1e8vcs8._.js:776
[  416383ms] [LOG] [Fast Refresh] done in 7ms @ http://localhost:3000/_next/static/chunks/node_modules_next_dist_1e8vcs8._.js:776
[  416432ms] [LOG] [Fast Refresh] done in 7ms @ http://localhost:3000/_next/static/chunks/node_modules_next_dist_1e8vcs8._.js:776
[  416481ms] [LOG] [Fast Refresh] done in 7ms @ http://localhost:3000/_next/static/chunks/node_modules_next_dist_1e8vcs8._.js:776
[  416523ms] [LOG] [Fast Refresh] done in 7ms @ http://localhost:3000/_next/static/chunks/node_modules_next_dist_1e8vcs8._.js:776
[  416571ms] [LOG] [Fast Refresh] done in 7ms @ http://localhost:3000/_next/static/chunks/node_modules_next_dist_1e8vcs8._.js:776
[  416626ms] [LOG] [Fast Refresh] done in 7ms @ http://localhost:3000/_next/static/chunks/node_modules_next_dist_1e8vcs8._.js:776
[  416675ms] [LOG] [Fast Refresh] done in 7ms @ http://localhost:3000/_next/static/chunks/node_modules_next_dist_1e8vcs8._.js:776
[  416724ms] [LOG] [Fast Refresh] done in 7ms @ http://localhost:3000/_next/static/chunks/node_modules_next_dist_1e8vcs8._.js:776
[  416772ms] [LOG] [Fast Refresh] done in 7ms @ http://localhost:3000/_next/static/chunks/node_modules_next_dist_1e8vcs8._.js:776
[  416822ms] [LOG] [Fast Refresh] done in 7ms @ http://localhost:3000/_next/static/chunks/node_modules_next_dist_1e8vcs8._.js:776
[  416877ms] [LOG] [Fast Refresh] done in 7ms @ http://localhost:3000/_next/static/chunks/node_modules_next_dist_1e8vcs8._.js:776
[  416925ms] [LOG] [Fast Refresh] done in 7ms @ http://localhost:3000/_next/static/chunks/node_modules_next_dist_1e8vcs8._.js:776
[  416973ms] [LOG] [Fast Refresh] done in 7ms @ http://localhost:3000/_next/static/chunks/node_modules_next_dist_1e8vcs8._.js:776
[  417022ms] [LOG] [Fast Refresh] done in 7ms @ http://localhost:3000/_next/static/chunks/node_modules_next_dist_1e8vcs8._.js:776
[  417064ms] [LOG] [Fast Refresh] done in 7ms @ http://localhost:3000/_next/static/chunks/node_modules_next_dist_1e8vcs8._.js:776
[  417112ms] [LOG] [Fast Refresh] done in 7ms @ http://localhost:3000/_next/static/chunks/node_modules_next_dist_1e8vcs8._.js:776
[  417161ms] [LOG] [Fast Refresh] done in 7ms @ http://localhost:3000/_next/static/chunks/node_modules_next_dist_1e8vcs8._.js:776
[  417210ms] [LOG] [Fast Refresh] done in 7ms @ http://localhost:3000/_next/static/chunks/node_modules_next_dist_1e8vcs8._.js:776
[  417258ms] [LOG] [Fast Refresh] done in 7ms @ http://localhost:3000/_next/static/chunks/node_modules_next_dist_1e8vcs8._.js:776
[  417307ms] [LOG] [Fast Refresh] done in 7ms @ http://localhost:3000/_next/static/chunks/node_modules_next_dist_1e8vcs8._.js:776
[  417356ms] [LOG] [Fast Refresh] done in 7ms @ http://localhost:3000/_next/static/chunks/node_modules_next_dist_1e8vcs8._.js:776
[  417411ms] [LOG] [Fast Refresh] done in 7ms @ http://localhost:3000/_next/static/chunks/node_modules_next_dist_1e8vcs8._.js:776
[  417460ms] [LOG] [Fast Refresh] done in 7ms @ http://localhost:3000/_next/static/chunks/node_modules_next_dist_1e8vcs8._.js:776
[  417508ms] [LOG] [Fast Refresh] done in 7ms @ http://localhost:3000/_next/static/chunks/node_modules_next_dist_1e8vcs8._.js:776
[  417556ms] [LOG] [Fast Refresh] done in 7ms @ http://localhost:3000/_next/static/chunks/node_modules_next_dist_1e8vcs8._.js:776
[  417605ms] [LOG] [Fast Refresh] done in 7ms @ http://localhost:3000/_next/static/chunks/node_modules_next_dist_1e8vcs8._.js:776
[  417661ms] [LOG] [Fast Refresh] done in 7ms @ http://localhost:3000/_next/static/chunks/node_modules_next_dist_1e8vcs8._.js:776
[  417703ms] [LOG] [Fast Refresh] done in 7ms @ http://localhost:3000/_next/static/chunks/node_modules_next_dist_1e8vcs8._.js:776
[  417744ms] [LOG] [Fast Refresh] done in 7ms @ http://localhost:3000/_next/static/chunks/node_modules_next_dist_1e8vcs8._.js:776
[  417808ms] [LOG] [Fast Refresh] done in 7ms @ http://localhost:3000/_next/static/chunks/node_modules_next_dist_1e8vcs8._.js:776
[  417855ms] [LOG] [Fast Refresh] done in 7ms @ http://localhost:3000/_next/static/chunks/node_modules_next_dist_1e8vcs8._.js:776
[  417898ms] [LOG] [Fast Refresh] done in 7ms @ http://localhost:3000/_next/static/chunks/node_modules_next_dist_1e8vcs8._.js:776
[  417962ms] [LOG] [Fast Refresh] done in 7ms @ http://localhost:3000/_next/static/chunks/node_modules_next_dist_1e8vcs8._.js:776
[  418015ms] [LOG] [Fast Refresh] done in 7ms @ http://localhost:3000/_next/static/chunks/node_modules_next_dist_1e8vcs8._.js:776
[  418064ms] [LOG] [Fast Refresh] done in 7ms @ http://localhost:3000/_next/static/chunks/node_modules_next_dist_1e8vcs8._.js:776
[  418112ms] [LOG] [Fast Refresh] done in 7ms @ http://localhost:3000/_next/static/chunks/node_modules_next_dist_1e8vcs8._.js:776
[  418161ms] [LOG] [Fast Refresh] done in 7ms @ http://localhost:3000/_next/static/chunks/node_modules_next_dist_1e8vcs8._.js:776
[  418217ms] [LOG] [Fast Refresh] done in 7ms @ http://localhost:3000/_next/static/chunks/node_modules_next_dist_1e8vcs8._.js:776
[  418265ms] [LOG] [Fast Refresh] done in 7ms @ http://localhost:3000/_next/static/chunks/node_modules_next_dist_1e8vcs8._.js:776
[  418314ms] [LOG] [Fast Refresh] done in 7ms @ http://localhost:3000/_next/static/chunks/node_modules_next_dist_1e8vcs8._.js:776
[  418357ms] [LOG] [Fast Refresh] done in 7ms @ http://localhost:3000/_next/static/chunks/node_modules_next_dist_1e8vcs8._.js:776
[  418398ms] [LOG] [Fast Refresh] done in 7ms @ http://localhost:3000/_next/static/chunks/node_modules_next_dist_1e8vcs8._.js:776
[  418446ms] [LOG] [Fast Refresh] done in 7ms @ http://localhost:3000/_next/static/chunks/node_modules_next_dist_1e8vcs8._.js:776
[  418509ms] [LOG] [Fast Refresh] done in 7ms @ http://localhost:3000/_next/static/chunks/node_modules_next_dist_1e8vcs8._.js:776
[  418557ms] [LOG] [Fast Refresh] done in 7ms @ http://localhost:3000/_next/static/chunks/node_modules_next_dist_1e8vcs8._.js:776
[  418608ms] [LOG] [Fast Refresh] done in 7ms @ http://localhost:3000/_next/static/chunks/node_modules_next_dist_1e8vcs8._.js:776
[  418648ms] [LOG] [Fast Refresh] done in 7ms @ http://localhost:3000/_next/static/chunks/node_modules_next_dist_1e8vcs8._.js:776
[  418710ms] [LOG] [Fast Refresh] done in 7ms @ http://localhost:3000/_next/static/chunks/node_modules_next_dist_1e8vcs8._.js:776
[  418758ms] [LOG] [Fast Refresh] done in 7ms @ http://localhost:3000/_next/static/chunks/node_modules_next_dist_1e8vcs8._.js:776
[  418814ms] [LOG] [Fast Refresh] done in 7ms @ http://localhost:3000/_next/static/chunks/node_modules_next_dist_1e8vcs8._.js:776
[  418856ms] [LOG] [Fast Refresh] done in 7ms @ http://localhost:3000/_next/static/chunks/node_modules_next_dist_1e8vcs8._.js:776
